Feature,Category / Metric,Overall Sample,Target (Y) Subgroup,Statistics
num__fe_영업이익_매출,Mean ± SD,-0.00 ± 1.00,-,"$r$=-0.26, $p$<0.001"
num__EBITDA대매출액,Mean ± SD,-0.00 ± 1.00,-,"$r$=-0.24, $p$<0.001"
num__총자본순이익율,Mean ± SD,-0.00 ± 1.00,-,"$r$=-0.20, $p$<0.001"
num__자기자본순이익율,Mean ± SD,0.00 ± 1.00,-,"$r$=-0.19, $p$<0.001"
num__EBITDA대매출액__lag1,Mean ± SD,0.02 ± 1.00,-,"$r$=-0.16, $p$<0.001"
num__EBITDA대매출액__diff1,Mean ± SD,-0.02 ± 0.57,-,"$r$=-0.14, $p$<0.001"
num__매출액순이익율,Mean ± SD,0.00 ± 1.00,-,"$r$=-0.13, $p$<0.001"
num__매출액총이익율,Mean ± SD,-0.00 ± 1.00,-,"$r$=-0.12, $p$<0.001"
num__fe_부채_자산,Mean ± SD,-0.00 ± 1.00,-,"$r$=0.09, $p$<0.001"
num__부채비율,Mean ± SD,0.00 ± 1.00,-,"$r$=0.09, $p$<0.001"
num__fe_영업현금흐름_자산,Mean ± SD,0.00 ± 1.00,-,"$r$=-0.09, $p$<0.001"
num__경매_거래대금_억원,-1.1627652792964307,"1,208 (21.96%)",-0.00 ± 0.05,"$F$=6.91, $p$<0.001"
num__경매_거래대금_억원,-1.127132880276532,608 (11.05%),-0.00 ± 0.06,
num__경매_거래대금_억원,-0.4808907344156417,614 (11.16%),0.00 ± 0.06,
num__경매_거래대금_억원,-0.312446666321575,614 (11.16%),0.01 ± 0.05,
num__경매_거래대금_억원,0.7192732507545834,614 (11.16%),-0.00 ± 0.06,
num__경매_거래대금_억원,0.84803578357649,614 (11.16%),0.00 ± 0.06,
num__경매_거래대금_억원,1.2246054550367833,614 (11.16%),-0.01 ± 0.06,
num__경매_거래대금_억원,1.4051969318876336,614 (11.16%),-0.01 ± 0.07,
num__경매_거래량_천톤,-1.2628065342310129,"1,208 (21.96%)",-0.00 ± 0.05,"$F$=6.91, $p$<0.001"
num__경매_거래량_천톤,-1.2051580989080553,608 (11.05%),-0.00 ± 0.06,
num__경매_거래량_천톤,-0.2813103634952576,614 (11.16%),0.01 ± 0.05,
num__경매_거래량_천톤,0.3967951366722319,614 (11.16%),0.00 ± 0.06,
num__경매_거래량_천톤,0.4098396731321712,614 (11.16%),-0.00 ± 0.06,
num__경매_거래량_천톤,0.4563371337393742,614 (11.16%),0.00 ± 0.06,
num__경매_거래량_천톤,1.0887867562970763,614 (11.16%),-0.01 ± 0.06,
num__경매_거래량_천톤,1.60741227845434,614 (11.16%),-0.01 ± 0.07,
num__경쟁_거래량_천톤,-0.6473011966844767,595 (10.82%),0.00 ± 0.06,"$F$=6.23, $p$<0.001"
num__경쟁_거래량_천톤,-0.548987523624449,608 (11.05%),-0.00 ± 0.06,
num__경쟁_거래량_천톤,-0.4231499331438366,614 (11.16%),-0.00 ± 0.06,
num__경쟁_거래량_천톤,-0.422954381332678,613 (11.15%),-0.00 ± 0.05,
num__경쟁_거래량_천톤,-0.4144478775472752,614 (11.16%),0.01 ± 0.05,
num__경쟁_거래량_천톤,-0.245833328375701,614 (11.16%),0.00 ± 0.06,
num__경쟁_거래량_천톤,-0.1035204978049696,614 (11.16%),-0.01 ± 0.07,
num__경쟁_거래량_천톤,0.01381058889024,614 (11.16%),-0.01 ± 0.06,
num__경쟁_거래량_천톤,2.7663001068542794,614 (11.16%),0.00 ± 0.06,
num__배출권_시장총수량,-1.5892019131077988,595 (10.82%),0.00 ± 0.06,"$F$=6.23, $p$<0.001"
num__배출권_시장총수량,-0.8449528992434414,614 (11.16%),0.00 ± 0.06,
num__배출권_시장총수량,-0.7353745169952625,608 (11.05%),-0.00 ± 0.06,
num__배출권_시장총수량,-0.6053014785205258,614 (11.16%),0.00 ± 0.06,
num__배출권_시장총수량,-0.0677025611125337,614 (11.16%),-0.01 ± 0.07,
num__배출권_시장총수량,0.1329308417755821,613 (11.15%),-0.00 ± 0.05,
num__배출권_시장총수량,0.849729513761983,614 (11.16%),-0.01 ± 0.06,
num__배출권_시장총수량,1.070417687813625,614 (11.16%),-0.00 ± 0.06,
num__배출권_시장총수량,1.7333084972745547,614 (11.16%),0.01 ± 0.05,
num__feature_year,-1.5600078437141789,595 (10.82%),0.00 ± 0.06,"$F$=6.23, $p$<0.001"
num__feature_year,-1.1717003156354264,608 (11.05%),-0.00 ± 0.06,
num__feature_year,-0.7833927875566739,613 (11.15%),-0.00 ± 0.05,
num__feature_year,-0.3950852594779214,614 (11.16%),0.01 ± 0.05,
num__feature_year,-0.0067777313991689,614 (11.16%),-0.00 ± 0.06,
num__feature_year,0.3815297966795835,614 (11.16%),0.00 ± 0.06,
num__feature_year,0.769837324758336,614 (11.16%),-0.01 ± 0.06,
num__feature_year,1.1581448528370883,614 (11.16%),-0.01 ± 0.07,
num__feature_year,1.5464523809158408,614 (11.16%),0.00 ± 0.06,
num__협의_거래량_천톤,-0.884915126384645,614 (11.16%),0.00 ± 0.06,"$F$=6.23, $p$<0.001"
num__협의_거래량_천톤,-0.8582102532208844,614 (11.16%),-0.01 ± 0.06,
num__협의_거래량_천톤,-0.8578960782424873,614 (11.16%),-0.01 ± 0.07,
num__협의_거래량_천톤,-0.8355896547762872,595 (10.82%),0.00 ± 0.06,
num__협의_거래량_천톤,-0.3391931889087377,608 (11.05%),-0.00 ± 0.06,
num__협의_거래량_천톤,0.1641151264835497,614 (11.16%),-0.00 ± 0.06,
num__협의_거래량_천톤,0.2102988483079357,614 (11.16%),0.00 ± 0.06,
num__협의_거래량_천톤,1.4139031905475443,614 (11.16%),0.01 ± 0.05,
num__협의_거래량_천톤,1.9615101778938349,613 (11.15%),-0.00 ± 0.05,
num__협의_평균가격_원_tCO2eq,-1.6134680606210572,595 (10.82%),0.00 ± 0.06,"$F$=6.23, $p$<0.001"
num__협의_평균가격_원_tCO2eq,-1.4052600258349368,614 (11.16%),0.00 ± 0.06,
num__협의_평균가격_원_tCO2eq,-0.50099885285872,608 (11.05%),-0.00 ± 0.06,
num__협의_평균가격_원_tCO2eq,-0.0445622607850106,614 (11.16%),-0.01 ± 0.07,
num__협의_평균가격_원_tCO2eq,0.0623279955163796,613 (11.15%),-0.00 ± 0.05,
num__협의_평균가격_원_tCO2eq,0.2418293263984932,614 (11.16%),0.01 ± 0.05,
num__협의_평균가격_원_tCO2eq,0.391104186699329,614 (11.16%),-0.01 ± 0.06,
num__협의_평균가격_원_tCO2eq,1.2764527076917294,614 (11.16%),-0.00 ± 0.06,
num__협의_평균가격_원_tCO2eq,1.5378525761823332,614 (11.16%),0.00 ± 0.06,
num__소계_거래대금_억원,-1.7945287650307282,595 (10.82%),0.00 ± 0.06,"$F$=6.23, $p$<0.001"
num__소계_거래대금_억원,-1.4613483532118463,608 (11.05%),-0.00 ± 0.06,
num__소계_거래대금_억원,-0.6473253569401678,613 (11.15%),-0.00 ± 0.05,
num__소계_거래대금_억원,0.1175552920695868,614 (11.16%),-0.01 ± 0.07,
num__소계_거래대금_억원,0.3366972425390278,614 (11.16%),0.00 ± 0.06,
num__소계_거래대금_억원,0.5297396688645761,614 (11.16%),0.01 ± 0.05,
num__소계_거래대금_억원,0.605451801966679,614 (11.16%),-0.00 ± 0.06,
num__소계_거래대금_억원,1.0369169083094087,614 (11.16%),-0.01 ± 0.06,
num__소계_거래대금_억원,1.205975988124353,614 (11.16%),0.00 ± 0.06,
num__소계_평균가격_원_tCO2eq,-1.5550663712068091,614 (11.16%),0.00 ± 0.06,"$F$=6.23, $p$<0.001"
num__소계_평균가격_원_tCO2eq,-1.517451542572008,595 (10.82%),0.00 ± 0.06,
num__소계_평균가격_원_tCO2eq,-0.5742714204138979,608 (11.05%),-0.00 ± 0.06,
num__소계_평균가격_원_tCO2eq,0.0336528847004225,613 (11.15%),-0.00 ± 0.05,
num__소계_평균가격_원_tCO2eq,0.2161082152982763,614 (11.16%),0.01 ± 0.05,
num__소계_평균가격_원_tCO2eq,0.2551277470771159,614 (11.16%),-0.01 ± 0.07,
num__소계_평균가격_원_tCO2eq,0.37671260809998,614 (11.16%),-0.01 ± 0.06,
num__소계_평균가격_원_tCO2eq,1.2025219786673405,614 (11.16%),-0.00 ± 0.06,
num__소계_평균가격_원_tCO2eq,1.5101519672117116,614 (11.16%),0.00 ± 0.06,
num__소계_거래량_천톤,-1.4623059579617514,595 (10.82%),0.00 ± 0.06,"$F$=6.23, $p$<0.001"
num__소계_거래량_천톤,-1.1925698746759648,608 (11.05%),-0.00 ± 0.06,
num__소계_거래량_천톤,-0.5811082015756924,613 (11.15%),-0.00 ± 0.05,
num__소계_거래량_천톤,-0.0755134498411543,614 (11.16%),-0.00 ± 0.06,
num__소계_거래량_천톤,-0.0303435633917743,614 (11.16%),-0.01 ± 0.07,
num__소계_거래량_천톤,0.178096641786094,614 (11.16%),0.00 ± 0.06,
num__소계_거래량_천톤,0.3275507925949329,614 (11.16%),0.01 ± 0.05,
num__소계_거래량_천톤,0.6359122617365813,614 (11.16%),-0.01 ± 0.06,
num__소계_거래량_천톤,2.1424306336562453,614 (11.16%),0.00 ± 0.06,
num__장외_평균가격_원_tCO2eq,-1.7598971648344002,595 (10.82%),0.00 ± 0.06,"$F$=6.23, $p$<0.001"
num__장외_평균가격_원_tCO2eq,-0.9695527401972502,614 (11.16%),0.00 ± 0.06,
num__장외_평균가격_원_tCO2eq,-0.8044342362407987,608 (11.05%),-0.00 ± 0.06,
num__장외_평균가격_원_tCO2eq,-0.0931413647931621,613 (11.15%),-0.00 ± 0.05,
num__장외_평균가격_원_tCO2eq,0.1340890738121929,614 (11.16%),0.01 ± 0.05,
num__장외_평균가격_원_tCO2eq,0.2867167479356694,614 (11.16%),-0.01 ± 0.06,
num__장외_평균가격_원_tCO2eq,0.305709653572111,614 (11.16%),-0.01 ± 0.07,
num__장외_평균가격_원_tCO2eq,1.1489262209269226,614 (11.16%),-0.00 ± 0.06,
num__장외_평균가격_원_tCO2eq,1.689111834388599,614 (11.16%),0.00 ± 0.06,
num__장외_거래대금_억원,-1.3724406743866322,595 (10.82%),0.00 ± 0.06,"$F$=6.23, $p$<0.001"
num__장외_거래대금_억원,-1.111693472155573,608 (11.05%),-0.00 ± 0.06,
num__장외_거래대금_억원,-0.8706025974773158,614 (11.16%),0.00 ± 0.06,
num__장외_거래대금_억원,-0.6094542457043622,613 (11.15%),-0.00 ± 0.05,
num__장외_거래대금_억원,-0.3467012957638328,614 (11.16%),-0.01 ± 0.07,
num__장외_거래대금_억원,0.8029932913041935,614 (11.16%),-0.00 ± 0.06,
num__장외_거래대금_억원,1.0561186522392685,614 (11.16%),0.01 ± 0.05,
num__장외_거래대금_억원,1.0858037183394198,614 (11.16%),-0.01 ± 0.06,
num__장외_거래대금_억원,1.3116509104257068,614 (11.16%),0.00 ± 0.06,
num__협의_거래대금_억원,-1.0017747939242898,614 (11.16%),0.00 ± 0.06,"$F$=6.23, $p$<0.001"
num__협의_거래대금_억원,-0.9950135723670314,595 (10.82%),0.00 ± 0.06,
num__협의_거래대금_억원,-0.8651981184676685,614 (11.16%),-0.01 ± 0.07,
num__협의_거래대금_억원,-0.827335277747021,614 (11.16%),-0.01 ± 0.06,
num__협의_거래대금_억원,-0.5109101088673239,608 (11.05%),-0.00 ± 0.06,
num__협의_거래대금_억원,0.4965119031641903,614 (11.16%),-0.00 ± 0.06,
num__협의_거래대금_억원,0.6466110217353287,614 (11.16%),0.00 ± 0.06,
num__협의_거래대금_억원,1.324085421772629,614 (11.16%),0.01 ± 0.05,
num__협의_거래대금_억원,1.7000093403562004,613 (11.15%),-0.00 ± 0.05,
num__경쟁_평균가격_원_tCO2eq,-1.7059666700215257,614 (11.16%),0.00 ± 0.06,"$F$=6.23, $p$<0.001"
num__경쟁_평균가격_원_tCO2eq,-1.343931889586209,595 (10.82%),0.00 ± 0.06,
num__경쟁_평균가격_원_tCO2eq,-0.4053534538457319,608 (11.05%),-0.00 ± 0.06,
num__경쟁_평균가격_원_tCO2eq,0.0452295445480426,614 (11.16%),-0.01 ± 0.07,
num__경쟁_평균가격_원_tCO2eq,0.089340280431407,614 (11.16%),-0.01 ± 0.06,
num__경쟁_평균가격_원_tCO2eq,0.1439068944500875,613 (11.15%),-0.00 ± 0.05,
num__경쟁_평균가격_원_tCO2eq,0.3000915740963705,614 (11.16%),0.01 ± 0.05,
num__경쟁_평균가격_원_tCO2eq,1.3643039205565035,614 (11.16%),0.00 ± 0.06,
num__경쟁_평균가격_원_tCO2eq,1.4670655978551566,614 (11.16%),-0.00 ± 0.06,
num__경쟁_거래대금_억원,-1.03843272845025,595 (10.82%),0.00 ± 0.06,"$F$=6.23, $p$<0.001"
num__경쟁_거래대금_억원,-0.8530445968517544,608 (11.05%),-0.00 ± 0.06,
num__경쟁_거래대금_억원,-0.537782911523543,613 (11.15%),-0.00 ± 0.05,
num__경쟁_거래대금_억원,-0.4955103430546552,614 (11.16%),0.01 ± 0.05,
num__경쟁_거래대금_억원,-0.3467923913327849,614 (11.16%),-0.00 ± 0.06,
num__경쟁_거래대금_억원,0.1370502598171356,614 (11.16%),-0.01 ± 0.07,
num__경쟁_거래대금_억원,0.169645975263025,614 (11.16%),0.00 ± 0.06,
num__경쟁_거래대금_억원,0.4090207605687752,614 (11.16%),-0.01 ± 0.06,
num__경쟁_거래대금_억원,2.5145002551516926,614 (11.16%),0.00 ± 0.06,
num__장외_거래량_천톤,-1.4019377442584036,595 (10.82%),0.00 ± 0.06,"$F$=6.23, $p$<0.001"
num__장외_거래량_천톤,-1.1234719538117823,608 (11.05%),-0.00 ± 0.06,
num__장외_거래량_천톤,-0.6353579432625204,614 (11.16%),0.00 ± 0.06,
num__장외_거래량_천톤,-0.5906208162727353,613 (11.15%),-0.00 ± 0.05,
num__장외_거래량_천톤,-0.399460898650567,614 (11.16%),-0.01 ± 0.07,
num__장외_거래량_천톤,0.5044116670614167,614 (11.16%),-0.00 ± 0.06,
num__장외_거래량_천톤,0.7251300435875501,614 (11.16%),0.00 ± 0.06,
num__장외_거래량_천톤,1.3855732933066471,614 (11.16%),-0.01 ± 0.06,
num__장외_거래량_천톤,1.4804114375120334,614 (11.16%),0.01 ± 0.05,
num__fe_유동자산_유동부채,Mean ± SD,0.00 ± 1.00,-,"$r$=-0.07, $p$<0.001"
num__당좌비율,Mean ± SD,0.00 ± 1.00,-,"$r$=-0.07, $p$<0.001"
num__유동비율,Mean ± SD,-0.00 ± 1.00,-,"$r$=-0.07, $p$<0.001"
num__당기순이익지배기업지분_연결,Mean ± SD,-0.00 ± 1.00,-,"$r$=-0.06, $p$<0.001"
num__종업원수증가율,Mean ± SD,-0.00 ± 1.00,-,"$r$=-0.06, $p$<0.001"
num__경매_평균가격_원_tCO2eq,-2.0868461608580757,614 (11.16%),0.00 ± 0.06,"$F$=6.06, $p$<0.001"
num__경매_평균가격_원_tCO2eq,-1.1317557740746618,608 (11.05%),-0.00 ± 0.06,
num__경매_평균가격_원_tCO2eq,-0.0510182468421779,614 (11.16%),0.01 ± 0.05,
num__경매_평균가격_원_tCO2eq,0.0768664454231088,"1,822 (33.13%)",-0.01 ± 0.06,
num__경매_평균가격_원_tCO2eq,0.6156000750198081,614 (11.16%),-0.01 ± 0.06,
num__경매_평균가격_원_tCO2eq,1.10872207143979,614 (11.16%),-0.00 ± 0.06,
num__경매_평균가격_원_tCO2eq,1.306142989378261,614 (11.16%),0.00 ± 0.06,
num__법인세비용차감전계속영업이익손실_연결,Mean ± SD,0.00 ± 1.00,-,"$r$=-0.06, $p$<0.001"
cat__NICS산업분류_N20107.무역회사와 판매업체,0.0,"5,446 (99.02%)",-0.00 ± 0.06,"$T$=-4.67, $p$<0.001"
cat__NICS산업분류_N20107.무역회사와 판매업체,1.0,54 (0.98%),0.01 ± 0.01,
num__영업이익손실_연결,Mean ± SD,0.00 ± 1.00,-,"$r$=-0.05, $p$<0.001"
num__KSIC중분류_EBITDA대매출액,Mean ± SD,-0.00 ± 1.00,-,"$r$=-0.05, $p$<0.001"
cat__Trucost산업_Food Products,0.0,"5,260 (95.64%)",-0.00 ± 0.06,"$T$=-3.65, $p$<0.001"
cat__Trucost산업_Food Products,1.0,240 (4.36%),0.00 ± 0.02,
num__노동생산성,Mean ± SD,-0.00 ± 1.00,-,"$r$=-0.05, $p$<0.001"
num__fe_현금_자산,Mean ± SD,0.00 ± 1.00,-,"$r$=-0.05, $p$<0.001"
num__부가가치(종업원1인당),Mean ± SD,0.00 ± 1.00,-,"$r$=-0.05, $p$<0.001"
num__노동생산성__lag1,Mean ± SD,-0.01 ± 0.92,-,"$r$=-0.05, $p$<0.001"
cat__Scope2사업장간접보고추정구분_반려됨,0.0,"5,263 (95.69%)",-0.00 ± 0.06,"$T$=3.41, $p$<0.001"
cat__Scope2사업장간접보고추정구분_반려됨,1.0,237 (4.31%),-0.01 ± 0.05,
num__fe_감가상각부담,Mean ± SD,-0.00 ± 1.00,-,"$r$=0.04, $p$<0.001"
cat__KSIC세분류_11차_J60220.유선_ 위성 및 기타 방송업,0.0,"5,482 (99.67%)",-0.00 ± 0.06,"$T$=3.78, $p$=0.00"
cat__KSIC세분류_11차_J60220.유선_ 위성 및 기타 방송업,1.0,18 (0.33%),-0.02 ± 0.02,
num__KSIC대분류_EBITDA대매출액,Mean ± SD,0.00 ± 1.00,-,"$r$=-0.04, $p$=0.00"
cat__NICS산업분류_N30202.식품,0.0,"5,242 (95.31%)",-0.00 ± 0.06,"$T$=-3.17, $p$=0.00"
cat__NICS산업분류_N30202.식품,1.0,258 (4.69%),0.00 ± 0.03,
cat__Scope2사업장간접자료출처_Exact Value from CDP,0.0,"5,355 (97.36%)",-0.00 ± 0.06,"$T$=-3.09, $p$=0.00"
cat__Scope2사업장간접자료출처_Exact Value from CDP,1.0,145 (2.64%),0.01 ± 0.05,
missing__missingindicator_EBITDA,0.0,"5,431 (98.75%)",-0.00 ± 0.06,"$T$=-3.12, $p$=0.00"
missing__missingindicator_EBITDA,1.0,69 (1.25%),0.02 ± 0.06,
cat__KSIC중분류_11차_C10000.식료품 제조업,0.0,"5,260 (95.64%)",-0.00 ± 0.06,"$T$=-2.98, $p$=0.00"
cat__KSIC중분류_11차_C10000.식료품 제조업,1.0,240 (4.36%),0.00 ± 0.02,
num__fe_자본집약도,Mean ± SD,0.00 ± 1.00,-,"$r$=0.04, $p$=0.00"
num__fe_signed_log1p_평균시가총액,Mean ± SD,-0.00 ± 1.00,-,"$r$=-0.04, $p$=0.00"
cat__Scope3자료출처_Estimate derived by applying revenue-based intensity factors to revenue data,0.0,693 (12.60%),0.00 ± 0.06,"$T$=2.85, $p$=0.00"
cat__Scope3자료출처_Estimate derived by applying revenue-based intensity factors to revenue data,1.0,"4,807 (87.40%)",-0.00 ± 0.06,
cat__Scope3보고추정구분_추정치,0.0,693 (12.60%),0.00 ± 0.06,"$T$=2.85, $p$=0.00"
cat__Scope3보고추정구분_추정치,1.0,"4,807 (87.40%)",-0.00 ± 0.06,
cat__KSIC세분류_11차_J62020.컴퓨터 시스템 통합 자문_ 구축 및 관리업,0.0,"5,473 (99.51%)",-0.00 ± 0.06,"$T$=3.05, $p$=0.01"
cat__KSIC세분류_11차_J62020.컴퓨터 시스템 통합 자문_ 구축 및 관리업,1.0,27 (0.49%),-0.07 ± 0.12,
num__fe_signed_log1p_Scope3협력사간접배출량_tCO2e,Mean ± SD,0.00 ± 1.00,-,"$r$=0.04, $p$=0.01"
num__영업이익이자보상비율,Mean ± SD,0.00 ± 1.00,-,"$r$=-0.04, $p$=0.01"
cat__시장구분_코스피,0.0,"2,606 (47.38%)",-0.00 ± 0.07,"$T$=-2.71, $p$=0.01"
cat__시장구분_코스피,1.0,"2,894 (52.62%)",0.00 ± 0.05,
cat__NICS산업분류_N20304.도로 및 선로,0.0,"5,473 (99.51%)",-0.00 ± 0.06,"$T$=-2.87, $p$=0.01"
cat__NICS산업분류_N20304.도로 및 선로,1.0,27 (0.49%),0.01 ± 0.01,
num__fe_판관비율__diff1,Mean ± SD,0.01 ± 0.41,-,"$r$=0.04, $p$=0.01"
cat__KSIC세분류_11차_G46740.방직용 섬유_ 실 및 직물 도매업,0.0,"5,491 (99.84%)",-0.00 ± 0.06,"$T$=-3.38, $p$=0.01"
cat__KSIC세분류_11차_G46740.방직용 섬유_ 실 및 직물 도매업,1.0,9 (0.16%),0.01 ± 0.01,
cat__Scope1보고추정구분_반려됨,0.0,"5,166 (93.93%)",-0.00 ± 0.06,"$T$=2.61, $p$=0.01"
cat__Scope1보고추정구분_반려됨,1.0,334 (6.07%),-0.01 ± 0.05,
missing__missingindicator_종업원수증가율,0.0,"5,323 (96.78%)",-0.00 ± 0.06,"$T$=-2.63, $p$=0.01"
missing__missingindicator_종업원수증가율,1.0,177 (3.22%),0.01 ± 0.05,
num__fe_판관비율__lag1,Mean ± SD,-0.01 ± 0.94,-,"$r$=-0.03, $p$=0.01"
cat__Trucost산업_Industrial Conglomerates,0.0,"5,473 (99.51%)",-0.00 ± 0.06,"$T$=-2.74, $p$=0.01"
cat__Trucost산업_Industrial Conglomerates,1.0,27 (0.49%),0.01 ± 0.02,
cat__KSIC중분류_11차_J62000.컴퓨터 프로그래밍_ 시스템 통합 및 관리업,0.0,"5,429 (98.71%)",-0.00 ± 0.06,"$T$=2.63, $p$=0.01"
cat__KSIC중분류_11차_J62000.컴퓨터 프로그래밍_ 시스템 통합 및 관리업,1.0,71 (1.29%),-0.03 ± 0.08,
cat__KSIC소분류_11차_J62000.컴퓨터 프로그래밍_ 시스템 통합 및 관리업,0.0,"5,429 (98.71%)",-0.00 ± 0.06,"$T$=2.63, $p$=0.01"
cat__KSIC소분류_11차_J62000.컴퓨터 프로그래밍_ 시스템 통합 및 관리업,1.0,71 (1.29%),-0.03 ± 0.08,
cat__KSIC중분류_11차_C12000.담배 제조업,0.0,"5,491 (99.84%)",-0.00 ± 0.06,"$T$=3.24, $p$=0.01"
cat__KSIC중분류_11차_C12000.담배 제조업,1.0,9 (0.16%),-0.02 ± 0.02,
cat__KSIC세분류_11차_C12000.담배 제조업,0.0,"5,491 (99.84%)",-0.00 ± 0.06,"$T$=3.24, $p$=0.01"
cat__KSIC세분류_11차_C12000.담배 제조업,1.0,9 (0.16%),-0.02 ± 0.02,
cat__NICS산업분류_N30203.담배,0.0,"5,491 (99.84%)",-0.00 ± 0.06,"$T$=3.24, $p$=0.01"
cat__NICS산업분류_N30203.담배,1.0,9 (0.16%),-0.02 ± 0.02,
cat__KSIC소분류_11차_C12000.담배 제조업,0.0,"5,491 (99.84%)",-0.00 ± 0.06,"$T$=3.24, $p$=0.01"
cat__KSIC소분류_11차_C12000.담배 제조업,1.0,9 (0.16%),-0.02 ± 0.02,
cat__Trucost산업_Tobacco,0.0,"5,491 (99.84%)",-0.00 ± 0.06,"$T$=3.24, $p$=0.01"
cat__Trucost산업_Tobacco,1.0,9 (0.16%),-0.02 ± 0.02,
cat__Trucost산업_Software,0.0,"5,392 (98.04%)",-0.00 ± 0.06,"$T$=2.56, $p$=0.01"
cat__Trucost산업_Software,1.0,108 (1.96%),-0.02 ± 0.08,
cat__Scope2사업장간접보고추정구분_보고값,0.0,"5,278 (95.96%)",-0.00 ± 0.06,"$T$=-2.50, $p$=0.01"
cat__Scope2사업장간접보고추정구분_보고값,1.0,222 (4.04%),0.01 ± 0.06,
missing__missingindicator_Scope1직접배출량_tCO2e,0.0,"4,888 (88.87%)",-0.00 ± 0.06,"$T$=-2.48, $p$=0.01"
missing__missingindicator_Scope1직접배출량_tCO2e,1.0,612 (11.13%),0.00 ± 0.06,
missing__missingindicator_Scope2사업장간접배출량_tCO2e,0.0,"4,888 (88.87%)",-0.00 ± 0.06,"$T$=-2.48, $p$=0.01"
missing__missingindicator_Scope2사업장간접배출량_tCO2e,1.0,612 (11.13%),0.00 ± 0.06,
missing__missingindicator_총매출_백만USD,0.0,"4,888 (88.87%)",-0.00 ± 0.06,"$T$=-2.48, $p$=0.01"
missing__missingindicator_총매출_백만USD,1.0,612 (11.13%),0.00 ± 0.06,
missing__missingindicator_매출대비온실가스직접외부비용비율_pct,0.0,"4,888 (88.87%)",-0.00 ± 0.06,"$T$=-2.48, $p$=0.01"
missing__missingindicator_매출대비온실가스직접외부비용비율_pct,1.0,612 (11.13%),0.00 ± 0.06,
missing__missingindicator_온실가스직접외부비용_백만USD,0.0,"4,888 (88.87%)",-0.00 ± 0.06,"$T$=-2.48, $p$=0.01"
missing__missingindicator_온실가스직접외부비용_백만USD,1.0,612 (11.13%),0.00 ± 0.06,
missing__missingindicator_Scope3협력사간접배출량_tCO2e,0.0,"4,888 (88.87%)",-0.00 ± 0.06,"$T$=-2.48, $p$=0.01"
missing__missingindicator_Scope3협력사간접배출량_tCO2e,1.0,612 (11.13%),0.00 ± 0.06,
missing__missingindicator_fe_signed_log1p_Scope1직접배출량_tCO2e,0.0,"4,888 (88.87%)",-0.00 ± 0.06,"$T$=-2.48, $p$=0.01"
missing__missingindicator_fe_signed_log1p_Scope1직접배출량_tCO2e,1.0,612 (11.13%),0.00 ± 0.06,
cat__Scope1자료출처_Missing,0.0,"4,888 (88.87%)",-0.00 ± 0.06,"$T$=-2.48, $p$=0.01"
cat__Scope1자료출처_Missing,1.0,612 (11.13%),0.00 ± 0.06,
missing__missingindicator_fe_Scope2_매출집약도,0.0,"4,888 (88.87%)",-0.00 ± 0.06,"$T$=-2.48, $p$=0.01"
missing__missingindicator_fe_Scope2_매출집약도,1.0,612 (11.13%),0.00 ± 0.06,
missing__missingindicator_fe_Scope3_매출집약도,0.0,"4,888 (88.87%)",-0.00 ± 0.06,"$T$=-2.48, $p$=0.01"
missing__missingindicator_fe_Scope3_매출집약도,1.0,612 (11.13%),0.00 ± 0.06,
missing__missingindicator_fe_signed_log1p_Scope3협력사간접배출량_tCO2e,0.0,"4,888 (88.87%)",-0.00 ± 0.06,"$T$=-2.48, $p$=0.01"
missing__missingindicator_fe_signed_log1p_Scope3협력사간접배출량_tCO2e,1.0,612 (11.13%),0.00 ± 0.06,
missing__missingindicator_fe_Scope1_2_tCO2e,0.0,"4,888 (88.87%)",-0.00 ± 0.06,"$T$=-2.48, $p$=0.01"
missing__missingindicator_fe_Scope1_2_tCO2e,1.0,612 (11.13%),0.00 ± 0.06,
missing__missingindicator_fe_Scope1_2_매출집약도,0.0,"4,888 (88.87%)",-0.00 ± 0.06,"$T$=-2.48, $p$=0.01"
missing__missingindicator_fe_Scope1_2_매출집약도,1.0,612 (11.13%),0.00 ± 0.06,
missing__missingindicator_fe_Scope1_매출집약도,0.0,"4,888 (88.87%)",-0.00 ± 0.06,"$T$=-2.48, $p$=0.01"
missing__missingindicator_fe_Scope1_매출집약도,1.0,612 (11.13%),0.00 ± 0.06,
cat__Scope2사업장간접자료출처_Missing,0.0,"4,888 (88.87%)",-0.00 ± 0.06,"$T$=-2.48, $p$=0.01"
cat__Scope2사업장간접자료출처_Missing,1.0,612 (11.13%),0.00 ± 0.06,
cat__Scope3자료출처_Missing,0.0,"4,888 (88.87%)",-0.00 ± 0.06,"$T$=-2.48, $p$=0.01"
cat__Scope3자료출처_Missing,1.0,612 (11.13%),0.00 ± 0.06,
missing__missingindicator_fe_signed_log1p_Scope2사업장간접배출량_tCO2e,0.0,"4,888 (88.87%)",-0.00 ± 0.06,"$T$=-2.48, $p$=0.01"
missing__missingindicator_fe_signed_log1p_Scope2사업장간접배출량_tCO2e,1.0,612 (11.13%),0.00 ± 0.06,
cat__KSIC세분류_11차_H52990.그 외 기타 운송관련 서비스업,0.0,"5,491 (99.84%)",-0.00 ± 0.06,"$T$=-2.98, $p$=0.01"
cat__KSIC세분류_11차_H52990.그 외 기타 운송관련 서비스업,1.0,9 (0.16%),0.01 ± 0.01,
num__기말종가수정,Mean ± SD,-0.00 ± 1.00,-,"$r$=-0.03, $p$=0.01"
cat__KSIC소분류_11차_G46300.음ㆍ식료품 및 담배 도매업,0.0,"5,473 (99.51%)",-0.00 ± 0.06,"$T$=-2.56, $p$=0.02"
cat__KSIC소분류_11차_G46300.음ㆍ식료품 및 담배 도매업,1.0,27 (0.49%),0.00 ± 0.01,
cat__Scope1자료출처_Value derived from fuel use provided in Environmental/CSR,0.0,"5,498 (99.96%)",-0.00 ± 0.06,"$T$=-7.01, $p$=0.02"
cat__Scope1자료출처_Value derived from fuel use provided in Environmental/CSR,1.0,2 (0.04%),0.01 ± 0.00,
missing__missingindicator_종업원1인당인건비증가율,0.0,"5,369 (97.62%)",-0.00 ± 0.06,"$T$=-2.42, $p$=0.02"
missing__missingindicator_종업원1인당인건비증가율,1.0,131 (2.38%),0.01 ± 0.06,
num__fe_signed_log1p_Scope2사업장간접배출량_tCO2e,Mean ± SD,0.00 ± 1.00,-,"$r$=0.03, $p$=0.02"
cat__KSIC세분류_11차_G46100.상품 중개업,0.0,"5,491 (99.84%)",-0.00 ± 0.06,"$T$=-2.81, $p$=0.02"
cat__KSIC세분류_11차_G46100.상품 중개업,1.0,9 (0.16%),0.01 ± 0.01,
cat__KSIC소분류_11차_G46100.상품 중개업,0.0,"5,491 (99.84%)",-0.00 ± 0.06,"$T$=-2.81, $p$=0.02"
cat__KSIC소분류_11차_G46100.상품 중개업,1.0,9 (0.16%),0.01 ± 0.01,
num__EBITDA대금융비용,Mean ± SD,0.00 ± 1.00,-,"$r$=-0.03, $p$=0.02"
cat__NICS산업분류_N45100.소프트웨어 및 IT서비스,0.0,"5,393 (98.05%)",-0.00 ± 0.06,"$T$=2.32, $p$=0.02"
cat__NICS산업분류_N45100.소프트웨어 및 IT서비스,1.0,107 (1.95%),-0.02 ± 0.10,
num__자본금_연결,Mean ± SD,0.00 ± 1.00,-,"$r$=0.03, $p$=0.02"
missing__missingindicator_fe_운영탄소집약도_변화,0.0,"4,262 (77.49%)",-0.00 ± 0.06,"$T$=-2.28, $p$=0.02"
missing__missingindicator_fe_운영탄소집약도_변화,1.0,"1,238 (22.51%)",0.00 ± 0.06,
cat__KSIC세분류_11차_C27110.방사선 장치 및 전기식 진단 기기 제조업,0.0,"5,482 (99.67%)",-0.00 ± 0.06,"$T$=2.48, $p$=0.02"
cat__KSIC세분류_11차_C27110.방사선 장치 및 전기식 진단 기기 제조업,1.0,18 (0.33%),-0.02 ± 0.04,
cat__Trucost산업_Consumer Staples Distribution and Retail,0.0,"5,447 (99.04%)",-0.00 ± 0.06,"$T$=-2.31, $p$=0.02"
cat__Trucost산업_Consumer Staples Distribution and Retail,1.0,53 (0.96%),0.00 ± 0.01,
cat__KSIC소분류_11차_J59100.영화_ 비디오물_ 방송 프로그램 제작 및 배급업,0.0,"5,446 (99.02%)",-0.00 ± 0.06,"$T$=-2.30, $p$=0.03"
cat__KSIC소분류_11차_J59100.영화_ 비디오물_ 방송 프로그램 제작 및 배급업,1.0,54 (0.98%),0.03 ± 0.10,
missing__missingindicator_자기자본순이익율,0.0,"5,461 (99.29%)",-0.00 ± 0.06,"$T$=-2.31, $p$=0.03"
missing__missingindicator_자기자본순이익율,1.0,39 (0.71%),0.02 ± 0.07,
missing__missingindicator_매입채무회전율,0.0,"5,322 (96.76%)",-0.00 ± 0.06,"$T$=2.22, $p$=0.03"
missing__missingindicator_매입채무회전율,1.0,178 (3.24%),-0.02 ± 0.09,
cat__주식업종_KGS11P.유통업,0.0,"5,240 (95.27%)",-0.00 ± 0.06,"$T$=-2.20, $p$=0.03"
cat__주식업종_KGS11P.유통업,1.0,260 (4.73%),0.00 ± 0.03,
num__기말종가,Mean ± SD,0.00 ± 1.00,-,"$r$=-0.03, $p$=0.03"
num__평균근속월수,Mean ± SD,0.00 ± 1.00,-,"$r$=0.03, $p$=0.03"
cat__KSIC소분류_11차_C28300.절연선 및 케이블 제조업,0.0,"5,482 (99.67%)",-0.00 ± 0.06,"$T$=-2.31, $p$=0.03"
cat__KSIC소분류_11차_C28300.절연선 및 케이블 제조업,1.0,18 (0.33%),0.00 ± 0.01,
cat__KSIC세분류_11차_C28300.절연선 및 케이블 제조업,0.0,"5,482 (99.67%)",-0.00 ± 0.06,"$T$=-2.31, $p$=0.03"
cat__KSIC세분류_11차_C28300.절연선 및 케이블 제조업,1.0,18 (0.33%),0.00 ± 0.01,
cat__KSIC세분류_11차_C10820.면류_ 마카로니 및 유사 식품 제조업,0.0,"5,473 (99.51%)",-0.00 ± 0.06,"$T$=-2.26, $p$=0.03"
cat__KSIC세분류_11차_C10820.면류_ 마카로니 및 유사 식품 제조업,1.0,27 (0.49%),0.01 ± 0.02,
cat__주식업종_Missing,0.0,"4,387 (79.76%)",-0.00 ± 0.06,"$T$=2.13, $p$=0.03"
cat__주식업종_Missing,1.0,"1,113 (20.24%)",-0.01 ± 0.07,
cat__KSIC세분류_11차_J59130.영화_ 비디오물 및 방송 프로그램 배급업,0.0,"5,482 (99.67%)",-0.00 ± 0.06,"$T$=-2.30, $p$=0.03"
cat__KSIC세분류_11차_J59130.영화_ 비디오물 및 방송 프로그램 배급업,1.0,18 (0.33%),0.06 ± 0.11,
cat__Scope1보고추정구분_보고값,0.0,"5,179 (94.16%)",-0.00 ± 0.06,"$T$=-2.10, $p$=0.04"
cat__Scope1보고추정구분_보고값,1.0,321 (5.84%),0.00 ± 0.06,
num__매입채무회전율,Mean ± SD,0.00 ± 1.00,-,"$r$=-0.03, $p$=0.04"
num__사회등급__diff1,Mean ± SD,0.00 ± 0.70,-,"$r$=0.03, $p$=0.04"
cat__KSIC중분류_11차_J59000.영상ㆍ오디오 기록물 제작 및 배급업,0.0,"5,419 (98.53%)",-0.00 ± 0.06,"$T$=-2.09, $p$=0.04"
cat__KSIC중분류_11차_J59000.영상ㆍ오디오 기록물 제작 및 배급업,1.0,81 (1.47%),0.02 ± 0.09,
cat__KSIC세분류_11차_J58210.게임 소프트웨어 개발 및 공급업,0.0,"5,374 (97.71%)",-0.00 ± 0.06,"$T$=2.08, $p$=0.04"
cat__KSIC세분류_11차_J58210.게임 소프트웨어 개발 및 공급업,1.0,126 (2.29%),-0.02 ± 0.09,
cat__KSIC세분류_11차_H49300.도로 화물 운송업,0.0,"5,473 (99.51%)",-0.00 ± 0.06,"$T$=-2.13, $p$=0.04"
cat__KSIC세분류_11차_H49300.도로 화물 운송업,1.0,27 (0.49%),0.00 ± 0.01,
cat__KSIC소분류_11차_H49300.도로 화물 운송업,0.0,"5,473 (99.51%)",-0.00 ± 0.06,"$T$=-2.13, $p$=0.04"
cat__KSIC소분류_11차_H49300.도로 화물 운송업,1.0,27 (0.49%),0.00 ± 0.01,
cat__KSIC중분류_11차_H49000.육상 운송 및 파이프라인 운송업,0.0,"5,473 (99.51%)",-0.00 ± 0.06,"$T$=-2.13, $p$=0.04"
cat__KSIC중분류_11차_H49000.육상 운송 및 파이프라인 운송업,1.0,27 (0.49%),0.00 ± 0.01,
cat__Scope1자료출처_Exact Value from CDP,0.0,"5,204 (94.62%)",-0.00 ± 0.06,"$T$=-2.03, $p$=0.04"
cat__Scope1자료출처_Exact Value from CDP,1.0,296 (5.38%),0.00 ± 0.05,
cat__KSIC소분류_11차_C21100.기초 의약 물질 제조업,0.0,"5,428 (98.69%)",-0.00 ± 0.06,"$T$=-2.05, $p$=0.04"
cat__KSIC소분류_11차_C21100.기초 의약 물질 제조업,1.0,72 (1.31%),0.02 ± 0.08,
cat__KSIC세분류_11차_C21100.기초 의약 물질 제조업,0.0,"5,428 (98.69%)",-0.00 ± 0.06,"$T$=-2.05, $p$=0.04"
cat__KSIC세분류_11차_C21100.기초 의약 물질 제조업,1.0,72 (1.31%),0.02 ± 0.08,
cat__Scope3자료출처_Exact Value from CDP,0.0,"5,487 (99.76%)",-0.00 ± 0.06,"$T$=-2.22, $p$=0.05"
cat__Scope3자료출처_Exact Value from CDP,1.0,13 (0.24%),0.05 ± 0.09,
cat__Scope3보고추정구분_보고값,0.0,"5,487 (99.76%)",-0.00 ± 0.06,"$T$=-2.22, $p$=0.05"
cat__Scope3보고추정구분_보고값,1.0,13 (0.24%),0.05 ± 0.09,
cat__KSIC세분류_11차_C10900.동물용 사료 및 조제식품 제조업,0.0,"5,455 (99.18%)",-0.00 ± 0.06,"$T$=-2.03, $p$=0.05"
cat__KSIC세분류_11차_C10900.동물용 사료 및 조제식품 제조업,1.0,45 (0.82%),0.01 ± 0.02,
cat__KSIC소분류_11차_C10900.동물용 사료 및 조제식품 제조업,0.0,"5,455 (99.18%)",-0.00 ± 0.06,"$T$=-2.03, $p$=0.05"
cat__KSIC소분류_11차_C10900.동물용 사료 및 조제식품 제조업,1.0,45 (0.82%),0.01 ± 0.02,
num__배출권_이월량,Mean ± SD,-0.00 ± 1.00,-,"$r$=-0.03, $p$=0.05"
num__fe_signed_log1p_Scope1직접배출량_tCO2e,Mean ± SD,-0.00 ± 1.00,-,"$r$=0.03, $p$=0.05"
num__fe_signed_log1p_수익_연결,Mean ± SD,0.00 ± 1.00,-,"$r$=0.03, $p$=0.05"
cat__KSIC소분류_11차_C10600.떡_ 빵 및 과자류 제조업,0.0,"5,466 (99.38%)",-0.00 ± 0.06,"$T$=-2.02, $p$=0.05"
cat__KSIC소분류_11차_C10600.떡_ 빵 및 과자류 제조업,1.0,34 (0.62%),0.01 ± 0.02,
cat__KSIC세분류_11차_C10600.떡_ 빵 및 과자류 제조업,0.0,"5,466 (99.38%)",-0.00 ± 0.06,"$T$=-2.02, $p$=0.05"
cat__KSIC세분류_11차_C10600.떡_ 빵 및 과자류 제조업,1.0,34 (0.62%),0.01 ± 0.02,
num__이자비용_연결,Mean ± SD,0.00 ± 1.00,-,"$r$=0.03, $p$=0.05"
missing__missingindicator_기말시가총액_보통주우선주,0.0,"5,407 (98.31%)",-0.00 ± 0.06,"$T$=-1.96, $p$=0.05"
missing__missingindicator_기말시가총액_보통주우선주,1.0,93 (1.69%),0.01 ± 0.07,
missing__missingindicator_기말종가,0.0,"5,407 (98.31%)",-0.00 ± 0.06,"$T$=-1.96, $p$=0.05"
missing__missingindicator_기말종가,1.0,93 (1.69%),0.01 ± 0.07,
missing__missingindicator_기말시가총액,0.0,"5,407 (98.31%)",-0.00 ± 0.06,"$T$=-1.96, $p$=0.05"
missing__missingindicator_기말시가총액,1.0,93 (1.69%),0.01 ± 0.07,
missing__missingindicator_상장주식수_보통주,0.0,"5,407 (98.31%)",-0.00 ± 0.06,"$T$=-1.96, $p$=0.05"
missing__missingindicator_상장주식수_보통주,1.0,93 (1.69%),0.01 ± 0.07,
missing__missingindicator_기말발행주식수_보통주,0.0,"5,407 (98.31%)",-0.00 ± 0.06,"$T$=-1.96, $p$=0.05"
missing__missingindicator_기말발행주식수_보통주,1.0,93 (1.69%),0.01 ± 0.07,
missing__missingindicator_기말종가수정,0.0,"5,407 (98.31%)",-0.00 ± 0.06,"$T$=-1.96, $p$=0.05"
missing__missingindicator_기말종가수정,1.0,93 (1.69%),0.01 ± 0.07,
cat__Scope1자료출처_Value derived from data provided in Annual Report/10K/Financial Accounts Disclosure,0.0,"5,480 (99.64%)",-0.00 ± 0.06,"$T$=-2.04, $p$=0.06"
cat__Scope1자료출처_Value derived from data provided in Annual Report/10K/Financial Accounts Disclosure,1.0,20 (0.36%),0.02 ± 0.05,
num__EBITDA,Mean ± SD,0.00 ± 1.00,-,"$r$=-0.03, $p$=0.06"
missing__missingindicator_자본집약도_종업원1인당,0.0,"5,391 (98.02%)",-0.00 ± 0.06,"$T$=-1.93, $p$=0.06"
missing__missingindicator_자본집약도_종업원1인당,1.0,109 (1.98%),0.01 ± 0.06,
missing__missingindicator_평균시가총액,0.0,"5,406 (98.29%)",-0.00 ± 0.06,"$T$=-1.92, $p$=0.06"
missing__missingindicator_평균시가총액,1.0,94 (1.71%),0.01 ± 0.07,
missing__missingindicator_fe_signed_log1p_평균시가총액,0.0,"5,406 (98.29%)",-0.00 ± 0.06,"$T$=-1.92, $p$=0.06"
missing__missingindicator_fe_signed_log1p_평균시가총액,1.0,94 (1.71%),0.01 ± 0.07,
missing__missingindicator_평균시가총액_보통주우선주,0.0,"5,406 (98.29%)",-0.00 ± 0.06,"$T$=-1.92, $p$=0.06"
missing__missingindicator_평균시가총액_보통주우선주,1.0,94 (1.71%),0.01 ± 0.07,
cat__Trucost산업_IT Services,0.0,"5,438 (98.87%)",-0.00 ± 0.06,"$T$=-1.90, $p$=0.06"
cat__Trucost산업_IT Services,1.0,62 (1.13%),0.01 ± 0.03,
cat__NICS산업분류_N55102.가스 유틸리티,0.0,"5,464 (99.35%)",-0.00 ± 0.06,"$T$=-1.89, $p$=0.07"
cat__NICS산업분류_N55102.가스 유틸리티,1.0,36 (0.65%),0.00 ± 0.02,
missing__missingindicator_종업원평균급여,0.0,"5,414 (98.44%)",-0.00 ± 0.06,"$T$=-1.85, $p$=0.07"
missing__missingindicator_종업원평균급여,1.0,86 (1.56%),0.01 ± 0.06,
missing__missingindicator_fe_signed_log1p_연간급여총액,0.0,"5,414 (98.44%)",-0.00 ± 0.06,"$T$=-1.85, $p$=0.07"
missing__missingindicator_fe_signed_log1p_연간급여총액,1.0,86 (1.56%),0.01 ± 0.06,
missing__missingindicator_연간급여총액,0.0,"5,414 (98.44%)",-0.00 ± 0.06,"$T$=-1.85, $p$=0.07"
missing__missingindicator_연간급여총액,1.0,86 (1.56%),0.01 ± 0.06,
missing__missingindicator_fe_signed_log1p_종업원평균급여,0.0,"5,414 (98.44%)",-0.00 ± 0.06,"$T$=-1.85, $p$=0.07"
missing__missingindicator_fe_signed_log1p_종업원평균급여,1.0,86 (1.56%),0.01 ± 0.06,
missing__missingindicator_평균근속월수,0.0,"5,414 (98.44%)",-0.00 ± 0.06,"$T$=-1.85, $p$=0.07"
missing__missingindicator_평균근속월수,1.0,86 (1.56%),0.01 ± 0.06,
num__종업원평균급여,Mean ± SD,-0.00 ± 1.00,-,"$r$=-0.02, $p$=0.07"
num__상장주식수_보통주,Mean ± SD,-0.00 ± 1.00,-,"$r$=0.02, $p$=0.08"
cat__주식업종_QGS20P.기타 제조,0.0,"5,491 (99.84%)",-0.00 ± 0.06,"$T$=2.03, $p$=0.08"
cat__주식업종_QGS20P.기타 제조,1.0,9 (0.16%),-0.03 ± 0.04,
cat__KSIC세분류_11차_C33990.그 외 기타 분류 안된 제품 제조업,0.0,"5,491 (99.84%)",-0.00 ± 0.06,"$T$=2.03, $p$=0.08"
cat__KSIC세분류_11차_C33990.그 외 기타 분류 안된 제품 제조업,1.0,9 (0.16%),-0.03 ± 0.04,
cat__KSIC소분류_11차_C33900.그 외 기타 제품 제조업,0.0,"5,491 (99.84%)",-0.00 ± 0.06,"$T$=2.03, $p$=0.08"
cat__KSIC소분류_11차_C33900.그 외 기타 제품 제조업,1.0,9 (0.16%),-0.03 ± 0.04,
cat__주식업종_KGS10P.운수장비,0.0,"5,311 (96.56%)",-0.00 ± 0.06,"$T$=-1.78, $p$=0.08"
cat__주식업종_KGS10P.운수장비,1.0,189 (3.44%),0.00 ± 0.05,
missing__missingindicator_부채비율,0.0,"5,470 (99.45%)",-0.00 ± 0.06,"$T$=-1.83, $p$=0.08"
missing__missingindicator_부채비율,1.0,30 (0.55%),0.02 ± 0.08,
num__fe_재고자산비중__lag1,Mean ± SD,-0.02 ± 0.98,-,"$r$=0.02, $p$=0.08"
cat__KSIC중분류_11차_J58000.출판업,0.0,"5,212 (94.76%)",-0.00 ± 0.06,"$T$=1.76, $p$=0.08"
cat__KSIC중분류_11차_J58000.출판업,1.0,288 (5.24%),-0.01 ± 0.08,
cat__KSIC대분류_11차_J00000.정보통신업(58~63),0.0,"4,925 (89.55%)",-0.00 ± 0.06,"$T$=1.75, $p$=0.08"
cat__KSIC대분류_11차_J00000.정보통신업(58~63),1.0,575 (10.45%),-0.01 ± 0.07,
cat__KSIC대분류_11차_N00000.사업시설 관리_ 사업 지원 및 임대 서비스업(74~76),0.0,"5,438 (98.87%)",-0.00 ± 0.06,"$T$=1.75, $p$=0.09"
cat__KSIC대분류_11차_N00000.사업시설 관리_ 사업 지원 및 임대 서비스업(74~76),1.0,62 (1.13%),-0.03 ± 0.11,
cat__KSIC세분류_11차_G46320.가공식품 도매업,0.0,"5,482 (99.67%)",-0.00 ± 0.06,"$T$=-1.80, $p$=0.09"
cat__KSIC세분류_11차_G46320.가공식품 도매업,1.0,18 (0.33%),0.00 ± 0.01,
cat__KSIC세분류_11차_G46310.신선 식품 및 단순 가공 식품 도매업,0.0,"5,491 (99.84%)",-0.00 ± 0.06,"$T$=-1.92, $p$=0.09"
cat__KSIC세분류_11차_G46310.신선 식품 및 단순 가공 식품 도매업,1.0,9 (0.16%),0.01 ± 0.01,
cat__Trucost산업_Gas Utilities,0.0,"5,465 (99.36%)",-0.00 ± 0.06,"$T$=-1.73, $p$=0.09"
cat__Trucost산업_Gas Utilities,1.0,35 (0.64%),0.01 ± 0.04,
cat__KSIC세분류_11차_D35200.연료용 가스 제조 및 배관공급업,0.0,"5,465 (99.36%)",-0.00 ± 0.06,"$T$=-1.73, $p$=0.09"
cat__KSIC세분류_11차_D35200.연료용 가스 제조 및 배관공급업,1.0,35 (0.64%),0.01 ± 0.04,
cat__KSIC소분류_11차_D35200.연료용 가스 제조 및 배관공급업,0.0,"5,465 (99.36%)",-0.00 ± 0.06,"$T$=-1.73, $p$=0.09"
cat__KSIC소분류_11차_D35200.연료용 가스 제조 및 배관공급업,1.0,35 (0.64%),0.01 ± 0.04,
cat__KSIC중분류_11차_G46000.도매 및 상품 중개업,0.0,"5,240 (95.27%)",-0.00 ± 0.06,"$T$=-1.69, $p$=0.09"
cat__KSIC중분류_11차_G46000.도매 및 상품 중개업,1.0,260 (4.73%),0.00 ± 0.04,
cat__KSIC소분류_11차_C10500.곡물 가공품_ 전분 및 전분제품 제조업,0.0,"5,482 (99.67%)",-0.00 ± 0.06,"$T$=-1.75, $p$=0.09"
cat__KSIC소분류_11차_C10500.곡물 가공품_ 전분 및 전분제품 제조업,1.0,18 (0.33%),0.00 ± 0.01,
cat__KSIC소분류_11차_J58200.소프트웨어 개발 및 공급업,0.0,"5,239 (95.25%)",-0.00 ± 0.06,"$T$=1.65, $p$=0.10"
cat__KSIC소분류_11차_J58200.소프트웨어 개발 및 공급업,1.0,261 (4.75%),-0.01 ± 0.08,
num__환경등급__lag1,Mean ± SD,0.05 ± 0.91,-,"$r$=0.02, $p$=0.10"
cat__KSIC소분류_11차_N75200.여행사 및 기타 여행 보조 서비스업,0.0,"5,482 (99.67%)",-0.00 ± 0.06,"$T$=1.73, $p$=0.10"
cat__KSIC소분류_11차_N75200.여행사 및 기타 여행 보조 서비스업,1.0,18 (0.33%),-0.06 ± 0.15,
cat__KSIC세분류_11차_N75210.여행사업,0.0,"5,482 (99.67%)",-0.00 ± 0.06,"$T$=1.73, $p$=0.10"
cat__KSIC세분류_11차_N75210.여행사업,1.0,18 (0.33%),-0.06 ± 0.15,
cat__Trucost산업_Media,0.0,"5,419 (98.53%)",-0.00 ± 0.06,"$T$=1.63, $p$=0.11"
cat__Trucost산업_Media,1.0,81 (1.47%),-0.01 ± 0.06,
cat__Scope2사업장간접자료출처_Estimate based on partial data disclosure in CDP,0.0,"5,493 (99.87%)",-0.00 ± 0.06,"$T$=-1.88, $p$=0.11"
cat__Scope2사업장간접자료출처_Estimate based on partial data disclosure in CDP,1.0,7 (0.13%),0.02 ± 0.03,
cat__KSIC중분류_11차_C30000.자동차 및 트레일러 제조업,0.0,"5,266 (95.75%)",-0.00 ± 0.06,"$T$=-1.61, $p$=0.11"
cat__KSIC중분류_11차_C30000.자동차 및 트레일러 제조업,1.0,234 (4.25%),0.00 ± 0.03,
num__노동소득분배율,Mean ± SD,-0.00 ± 1.00,-,"$r$=0.02, $p$=0.11"
cat__Trucost산업_Broadline Retail,0.0,"5,446 (99.02%)",-0.00 ± 0.06,"$T$=1.62, $p$=0.11"
cat__Trucost산업_Broadline Retail,1.0,54 (0.98%),-0.01 ± 0.03,
cat__NICS산업분류_N45103.소프트웨어,0.0,"5,329 (96.89%)",-0.00 ± 0.06,"$T$=1.60, $p$=0.11"
cat__NICS산업분류_N45103.소프트웨어,1.0,171 (3.11%),-0.01 ± 0.06,
num__fe_재고자산비중,Mean ± SD,0.00 ± 1.00,-,"$r$=0.02, $p$=0.11"
cat__KSIC중분류_11차_N75000.사업 지원 서비스업,0.0,"5,464 (99.35%)",-0.00 ± 0.06,"$T$=1.61, $p$=0.12"
cat__KSIC중분류_11차_N75000.사업 지원 서비스업,1.0,36 (0.65%),-0.03 ± 0.11,
cat__Scope1자료출처_Estimate derived by applying revenue-based intensity factors to revenue data,0.0,"1,928 (35.05%)",-0.00 ± 0.05,"$T$=1.57, $p$=0.12"
cat__Scope1자료출처_Estimate derived by applying revenue-based intensity factors to revenue data,1.0,"3,572 (64.95%)",-0.00 ± 0.06,
num__유동부채계_연결,Mean ± SD,0.00 ± 1.00,-,"$r$=0.02, $p$=0.12"
cat__KSIC세분류_11차_C10810.설탕 제조업,0.0,"5,473 (99.51%)",-0.00 ± 0.06,"$T$=-1.60, $p$=0.12"
cat__KSIC세분류_11차_C10810.설탕 제조업,1.0,27 (0.49%),0.00 ± 0.01,
num__fe_signed_log1p_기부금_원__lag1,Mean ± SD,-0.04 ± 1.02,-,"$r$=0.02, $p$=0.13"
num__기말발행주식수_보통주,Mean ± SD,0.00 ± 1.00,-,"$r$=0.02, $p$=0.13"
num__fe_운영탄소집약도_변화,Mean ± SD,-0.00 ± 1.00,-,"$r$=0.02, $p$=0.13"
num__배출권_할당취소량,Mean ± SD,0.00 ± 1.00,-,"$r$=0.02, $p$=0.13"
cat__Scope3자료출처_Value derived from data provided in CDP,0.0,"5,492 (99.85%)",-0.00 ± 0.06,"$T$=-1.71, $p$=0.13"
cat__Scope3자료출처_Value derived from data provided in CDP,1.0,8 (0.15%),0.02 ± 0.04,
cat__Scope1보고추정구분_추정치,0.0,"1,908 (34.69%)",-0.00 ± 0.06,"$T$=1.51, $p$=0.13"
cat__Scope1보고추정구분_추정치,1.0,"3,592 (65.31%)",-0.00 ± 0.06,
num__배출권_차입량,Mean ± SD,0.00 ± 1.00,-,"$r$=0.02, $p$=0.13"
cat__주식업종_KGS09P.전기_전자,0.0,"5,179 (94.16%)",-0.00 ± 0.06,"$T$=-1.51, $p$=0.13"
cat__주식업종_KGS09P.전기_전자,1.0,321 (5.84%),0.00 ± 0.05,
num__총자본회전율,Mean ± SD,0.00 ± 1.00,-,"$r$=0.02, $p$=0.14"
indicator__배출권_참여여부,0.0,"4,012 (72.95%)",-0.00 ± 0.06,"$T$=-1.49, $p$=0.14"
indicator__배출권_참여여부,1.0,"1,488 (27.05%)",0.00 ± 0.05,
missing__missingindicator_매입채무_연결,0.0,"5,198 (94.51%)",-0.00 ± 0.06,"$T$=1.48, $p$=0.14"
missing__missingindicator_매입채무_연결,1.0,302 (5.49%),-0.01 ± 0.08,
cat__KSIC세분류_11차_C21300.의료용품 및 기타 의약 관련제품 제조업,0.0,"5,419 (98.53%)",-0.00 ± 0.06,"$T$=1.48, $p$=0.14"
cat__KSIC세분류_11차_C21300.의료용품 및 기타 의약 관련제품 제조업,1.0,81 (1.47%),-0.02 ± 0.10,
cat__KSIC소분류_11차_C21300.의료용품 및 기타 의약 관련제품 제조업,0.0,"5,419 (98.53%)",-0.00 ± 0.06,"$T$=1.48, $p$=0.14"
cat__KSIC소분류_11차_C21300.의료용품 및 기타 의약 관련제품 제조업,1.0,81 (1.47%),-0.02 ± 0.10,
num__부채총계_연결,Mean ± SD,0.00 ± 1.00,-,"$r$=0.02, $p$=0.14"
cat__Scope2사업장간접자료출처_Estimate based on partial data disclosure in Environmental/CSR,0.0,"5,496 (99.93%)",-0.00 ± 0.06,"$T$=-1.95, $p$=0.14"
cat__Scope2사업장간접자료출처_Estimate based on partial data disclosure in Environmental/CSR,1.0,4 (0.07%),0.01 ± 0.01,
num__fe_signed_log1p_종업원평균급여,Mean ± SD,-0.00 ± 1.00,-,"$r$=-0.02, $p$=0.14"
cat__KSIC소분류_11차_G46700.기타 전문 도매업,0.0,"5,428 (98.69%)",-0.00 ± 0.06,"$T$=-1.47, $p$=0.14"
cat__KSIC소분류_11차_G46700.기타 전문 도매업,1.0,72 (1.31%),0.00 ± 0.03,
cat__KSIC소분류_11차_C10800.기타 식품 제조업,0.0,"5,410 (98.36%)",-0.00 ± 0.06,"$T$=-1.46, $p$=0.15"
cat__KSIC소분류_11차_C10800.기타 식품 제조업,1.0,90 (1.64%),0.00 ± 0.02,
cat__주식업종_KGS08P.기계,0.0,"5,420 (98.55%)",-0.00 ± 0.06,"$T$=-1.46, $p$=0.15"
cat__주식업종_KGS08P.기계,1.0,80 (1.45%),0.00 ± 0.04,
missing__missingindicator_기부금_원,0.0,"3,057 (55.58%)",-0.00 ± 0.06,"$T$=-1.44, $p$=0.15"
missing__missingindicator_기부금_원,1.0,"2,443 (44.42%)",-0.00 ± 0.06,
cat__기부금_출처_missing,0.0,"3,057 (55.58%)",-0.00 ± 0.06,"$T$=-1.44, $p$=0.15"
cat__기부금_출처_missing,1.0,"2,443 (44.42%)",-0.00 ± 0.06,
missing__missingindicator_fe_signed_log1p_기부금_원,0.0,"3,057 (55.58%)",-0.00 ± 0.06,"$T$=-1.44, $p$=0.15"
missing__missingindicator_fe_signed_log1p_기부금_원,1.0,"2,443 (44.42%)",-0.00 ± 0.06,
num__사회등급,-3.192874368065028,137 (2.49%),-0.01 ± 0.06,"$F$=1.63, $p$=0.15"
num__사회등급,-2.123071807945768,281 (5.11%),-0.01 ± 0.06,
num__사회등급,-1.0532692478265075,395 (7.18%),-0.01 ± 0.06,
num__사회등급,0.0165333122927523,"3,790 (68.91%)",-0.00 ± 0.06,
num__사회등급,1.0863358724120122,511 (9.29%),0.00 ± 0.06,
num__사회등급,2.156138432531272,386 (7.02%),-0.00 ± 0.05,
cat__NICS산업분류_N25301.호텔_ 레스토랑_ 레저,0.0,"5,410 (98.36%)",-0.00 ± 0.06,"$T$=1.45, $p$=0.15"
cat__NICS산업분류_N25301.호텔_ 레스토랑_ 레저,1.0,90 (1.64%),-0.02 ± 0.11,
cat__KSIC세분류_11차_G46730.화학 물질 및 화학제품 도매업,0.0,"5,491 (99.84%)",-0.00 ± 0.06,"$T$=-1.57, $p$=0.15"
cat__KSIC세분류_11차_G46730.화학 물질 및 화학제품 도매업,1.0,9 (0.16%),0.01 ± 0.02,
cat__Trucost산업_Hotels_ Restaurants and Leisure,0.0,"5,419 (98.53%)",-0.00 ± 0.06,"$T$=1.43, $p$=0.16"
cat__Trucost산업_Hotels_ Restaurants and Leisure,1.0,81 (1.47%),-0.02 ± 0.11,
cat__KSIC세분류_11차_C24220.비철금속 압연_ 압출 및 연신제품 제조업,0.0,"5,464 (99.35%)",-0.00 ± 0.06,"$T$=-1.45, $p$=0.16"
cat__KSIC세분류_11차_C24220.비철금속 압연_ 압출 및 연신제품 제조업,1.0,36 (0.65%),0.00 ± 0.02,
num__환경등급,-2.759244185642537,368 (6.69%),-0.01 ± 0.07,"$F$=1.59, $p$=0.16"
num__환경등급,-1.7435261600061036,340 (6.18%),-0.00 ± 0.05,
num__환경등급,-0.72780813436967,383 (6.96%),-0.00 ± 0.06,
num__환경등급,0.2879098912667636,"3,856 (70.11%)",-0.00 ± 0.06,
num__환경등급,1.3036279169031972,498 (9.05%),0.00 ± 0.04,
num__환경등급,2.3193459425396306,55 (1.00%),0.00 ± 0.06,
num__fe_배출권_부족비율__diff1,Mean ± SD,-0.02 ± 0.84,-,"$r$=0.02, $p$=0.16"
cat__NICS산업분류_N25102.자동차,0.0,"5,455 (99.18%)",-0.00 ± 0.06,"$T$=-1.41, $p$=0.16"
cat__NICS산업분류_N25102.자동차,1.0,45 (0.82%),0.00 ± 0.02,
cat__KSIC세분류_11차_C13990.그 외 기타 섬유제품 제조업,0.0,"5,482 (99.67%)",-0.00 ± 0.06,"$T$=-1.43, $p$=0.17"
cat__KSIC세분류_11차_C13990.그 외 기타 섬유제품 제조업,1.0,18 (0.33%),0.01 ± 0.02,
cat__KSIC소분류_11차_C13900.기타 섬유제품 제조업,0.0,"5,482 (99.67%)",-0.00 ± 0.06,"$T$=-1.43, $p$=0.17"
cat__KSIC소분류_11차_C13900.기타 섬유제품 제조업,1.0,18 (0.33%),0.01 ± 0.02,
cat__Trucost산업_Automobile Components,0.0,"5,221 (94.93%)",-0.00 ± 0.06,"$T$=-1.37, $p$=0.17"
cat__Trucost산업_Automobile Components,1.0,279 (5.07%),0.00 ± 0.03,
num__비유동부채계_연결,Mean ± SD,0.00 ± 1.00,-,"$r$=0.02, $p$=0.17"
cat__KSIC대분류_11차_G00000.도매 및 소매업(45~47),0.0,"5,115 (93.00%)",-0.00 ± 0.06,"$T$=-1.36, $p$=0.17"
cat__KSIC대분류_11차_G00000.도매 및 소매업(45~47),1.0,385 (7.00%),0.00 ± 0.04,
cat__Trucost산업_Trading Companies and Distributors,0.0,"5,428 (98.69%)",-0.00 ± 0.06,"$T$=-1.37, $p$=0.18"
cat__Trucost산업_Trading Companies and Distributors,1.0,72 (1.31%),0.00 ± 0.03,
cat__KSIC세분류_11차_C30320.자동차 차체용 신품 부품 제조업,0.0,"5,455 (99.18%)",-0.00 ± 0.06,"$T$=-1.35, $p$=0.18"
cat__KSIC세분류_11차_C30320.자동차 차체용 신품 부품 제조업,1.0,45 (0.82%),0.00 ± 0.02,
cat__KSIC세분류_11차_C26290.기타 전자 부품 제조업,0.0,"5,312 (96.58%)",-0.00 ± 0.06,"$T$=-1.34, $p$=0.18"
cat__KSIC세분류_11차_C26290.기타 전자 부품 제조업,1.0,188 (3.42%),0.00 ± 0.05,
missing__missingindicator_변동성,0.0,"5,395 (98.09%)",-0.00 ± 0.06,"$T$=-1.34, $p$=0.18"
missing__missingindicator_변동성,1.0,105 (1.91%),0.01 ± 0.07,
cat__KSIC세분류_11차_C29110.내연기관 및 터빈 제조업,0.0,"5,482 (99.67%)",-0.00 ± 0.06,"$T$=-1.38, $p$=0.19"
cat__KSIC세분류_11차_C29110.내연기관 및 터빈 제조업,1.0,18 (0.33%),0.01 ± 0.03,
num__fe_판관비율,Mean ± SD,0.00 ± 1.00,-,"$r$=-0.02, $p$=0.19"
cat__KSIC중분류_11차_C33000.기타 제품 제조업,0.0,"5,482 (99.67%)",-0.00 ± 0.06,"$T$=1.36, $p$=0.19"
cat__KSIC중분류_11차_C33000.기타 제품 제조업,1.0,18 (0.33%),-0.01 ± 0.04,
cat__Scope3보고추정구분_산출값,0.0,"5,488 (99.78%)",-0.00 ± 0.06,"$T$=-1.39, $p$=0.19"
cat__Scope3보고추정구분_산출값,1.0,12 (0.22%),0.01 ± 0.04,
cat__NICS산업분류_N35202.제약,0.0,"5,140 (93.45%)",-0.00 ± 0.06,"$T$=1.30, $p$=0.19"
cat__NICS산업분류_N35202.제약,1.0,360 (6.55%),-0.01 ± 0.07,
cat__KSIC소분류_11차_C30100.자동차용 엔진 및 자동차 제조업,0.0,"5,473 (99.51%)",-0.00 ± 0.06,"$T$=-1.32, $p$=0.20"
cat__KSIC소분류_11차_C30100.자동차용 엔진 및 자동차 제조업,1.0,27 (0.49%),0.01 ± 0.03,
cat__Trucost산업_Automobiles,0.0,"5,473 (99.51%)",-0.00 ± 0.06,"$T$=-1.32, $p$=0.20"
cat__Trucost산업_Automobiles,1.0,27 (0.49%),0.01 ± 0.03,
cat__KSIC세분류_11차_C30120.자동차 제조업,0.0,"5,473 (99.51%)",-0.00 ± 0.06,"$T$=-1.32, $p$=0.20"
cat__KSIC세분류_11차_C30120.자동차 제조업,1.0,27 (0.49%),0.01 ± 0.03,
cat__NICS산업분류_N20105.복합기업,0.0,"5,482 (99.67%)",-0.00 ± 0.06,"$T$=-1.33, $p$=0.20"
cat__NICS산업분류_N20105.복합기업,1.0,18 (0.33%),0.01 ± 0.03,
cat__KSIC소분류_11차_C30300.자동차 신품 부품 제조업,0.0,"5,302 (96.40%)",-0.00 ± 0.06,"$T$=-1.28, $p$=0.20"
cat__KSIC소분류_11차_C30300.자동차 신품 부품 제조업,1.0,198 (3.60%),0.00 ± 0.03,
cat__NICS산업분류_N20303.해운회사,0.0,"5,446 (99.02%)",-0.00 ± 0.06,"$T$=-1.29, $p$=0.20"
cat__NICS산업분류_N20303.해운회사,1.0,54 (0.98%),0.01 ± 0.08,
cat__KSIC세분류_11차_C21210.완제 의약품 제조업,0.0,"5,140 (93.45%)",-0.00 ± 0.06,"$T$=1.27, $p$=0.21"
cat__KSIC세분류_11차_C21210.완제 의약품 제조업,1.0,360 (6.55%),-0.01 ± 0.05,
num__fe_signed_log1p_기부금_원,Mean ± SD,0.00 ± 1.00,-,"$r$=0.02, $p$=0.21"
num__ESG등급,-3.3095260535173274,159 (2.89%),-0.00 ± 0.06,"$F$=1.43, $p$=0.21"
num__ESG등급,-2.1262462450049893,393 (7.15%),-0.00 ± 0.06,
num__ESG등급,-0.9429664364926508,457 (8.31%),-0.01 ± 0.06,
num__ESG등급,0.2403133720196878,"3,934 (71.53%)",-0.00 ± 0.06,
num__ESG등급,1.4235931805320263,511 (9.29%),0.00 ± 0.05,
num__ESG등급,2.6068729890443647,46 (0.84%),0.01 ± 0.05,
cat__NICS산업분류_N20103.건설 및 엔지니어링,0.0,"5,322 (96.76%)",-0.00 ± 0.06,"$T$=-1.26, $p$=0.21"
cat__NICS산업분류_N20103.건설 및 엔지니어링,1.0,178 (3.24%),0.00 ± 0.04,
cat__KSIC세분류_11차_C28520.가정용 비전기식 조리 및 난방 기구 제조업,0.0,"5,491 (99.84%)",-0.00 ± 0.06,"$T$=-1.36, $p$=0.21"
cat__KSIC세분류_11차_C28520.가정용 비전기식 조리 및 난방 기구 제조업,1.0,9 (0.16%),0.01 ± 0.02,
cat__KSIC세분류_11차_C10520.전분제품 및 당류 제조업,0.0,"5,491 (99.84%)",-0.00 ± 0.06,"$T$=-1.34, $p$=0.21"
cat__KSIC세분류_11차_C10520.전분제품 및 당류 제조업,1.0,9 (0.16%),0.00 ± 0.01,
cat__KSIC소분류_11차_C10400.동ㆍ식물성 유지 및 낙농제품 제조업,0.0,"5,465 (99.36%)",-0.00 ± 0.06,"$T$=-1.26, $p$=0.22"
cat__KSIC소분류_11차_C10400.동ㆍ식물성 유지 및 낙농제품 제조업,1.0,35 (0.64%),0.00 ± 0.02,
cat__KSIC세분류_11차_C10420.낙농제품 및 식용 빙과류 제조업,0.0,"5,465 (99.36%)",-0.00 ± 0.06,"$T$=-1.26, $p$=0.22"
cat__KSIC세분류_11차_C10420.낙농제품 및 식용 빙과류 제조업,1.0,35 (0.64%),0.00 ± 0.02,
cat__KSIC소분류_11차_C26200.전자 부품 제조업,0.0,"5,240 (95.27%)",-0.00 ± 0.06,"$T$=-1.24, $p$=0.22"
cat__KSIC소분류_11차_C26200.전자 부품 제조업,1.0,260 (4.73%),0.00 ± 0.06,
num__매출원가_연결,Mean ± SD,0.00 ± 1.00,-,"$r$=0.02, $p$=0.22"
cat__KSIC중분류_11차_C26000.전자 부품_ 컴퓨터_ 영상_ 음향 및 통신장비 제조업,0.0,"4,916 (89.38%)",-0.00 ± 0.06,"$T$=-1.23, $p$=0.22"
cat__KSIC중분류_11차_C26000.전자 부품_ 컴퓨터_ 영상_ 음향 및 통신장비 제조업,1.0,584 (10.62%),0.00 ± 0.06,
cat__NICS산업분류_N50101.다양한 전기통신 서비스,0.0,"5,491 (99.84%)",-0.00 ± 0.06,"$T$=1.32, $p$=0.22"
cat__NICS산업분류_N50101.다양한 전기통신 서비스,1.0,9 (0.16%),-0.01 ± 0.01,
missing__missingindicator_유형자산_투자부동산감가상각비_연결,0.0,"5,352 (97.31%)",-0.00 ± 0.06,"$T$=-1.23, $p$=0.22"
missing__missingindicator_유형자산_투자부동산감가상각비_연결,1.0,148 (2.69%),0.00 ± 0.07,
cat__KSIC소분류_11차_I56100.음식점업,0.0,"5,491 (99.84%)",-0.00 ± 0.06,"$T$=-1.31, $p$=0.22"
cat__KSIC소분류_11차_I56100.음식점업,1.0,9 (0.16%),0.00 ± 0.01,
cat__KSIC중분류_11차_I56000.음식점 및 주점업,0.0,"5,491 (99.84%)",-0.00 ± 0.06,"$T$=-1.31, $p$=0.22"
cat__KSIC중분류_11차_I56000.음식점 및 주점업,1.0,9 (0.16%),0.00 ± 0.01,
cat__KSIC세분류_11차_I56130.기관 구내식당업,0.0,"5,491 (99.84%)",-0.00 ± 0.06,"$T$=-1.31, $p$=0.22"
cat__KSIC세분류_11차_I56130.기관 구내식당업,1.0,9 (0.16%),0.00 ± 0.01,
cat__KSIC소분류_11차_H50100.해상 운송업,0.0,"5,455 (99.18%)",-0.00 ± 0.06,"$T$=-1.24, $p$=0.22"
cat__KSIC소분류_11차_H50100.해상 운송업,1.0,45 (0.82%),0.01 ± 0.09,
cat__KSIC세분류_11차_H50110.외항 운송업,0.0,"5,455 (99.18%)",-0.00 ± 0.06,"$T$=-1.24, $p$=0.22"
cat__KSIC세분류_11차_H50110.외항 운송업,1.0,45 (0.82%),0.01 ± 0.09,
cat__KSIC중분류_11차_H50000.수상 운송업,0.0,"5,455 (99.18%)",-0.00 ± 0.06,"$T$=-1.24, $p$=0.22"
cat__KSIC중분류_11차_H50000.수상 운송업,1.0,45 (0.82%),0.01 ± 0.09,
cat__Trucost산업_Marine Transportation,0.0,"5,455 (99.18%)",-0.00 ± 0.06,"$T$=-1.24, $p$=0.22"
cat__Trucost산업_Marine Transportation,1.0,45 (0.82%),0.01 ± 0.09,
cat__Scope1자료출처_Value split from data provided in Environmental/CSR,0.0,"5,489 (99.80%)",-0.00 ± 0.06,"$T$=-1.30, $p$=0.22"
cat__Scope1자료출처_Value split from data provided in Environmental/CSR,1.0,11 (0.20%),0.01 ± 0.04,
num__유형자산계_연결,Mean ± SD,0.00 ± 1.00,-,"$r$=0.02, $p$=0.22"
cat__NICS산업분류_N20104.전기장비,0.0,"5,332 (96.95%)",-0.00 ± 0.06,"$T$=-1.22, $p$=0.22"
cat__NICS산업분류_N20104.전기장비,1.0,168 (3.05%),0.00 ± 0.05,
missing__missingindicator_무형자산계_연결,0.0,"5,351 (97.29%)",-0.00 ± 0.06,"$T$=-1.22, $p$=0.23"
missing__missingindicator_무형자산계_연결,1.0,149 (2.71%),0.00 ± 0.07,
missing__missingindicator_당기순이익지배기업지분_연결,0.0,"5,351 (97.29%)",-0.00 ± 0.06,"$T$=-1.21, $p$=0.23"
missing__missingindicator_당기순이익지배기업지분_연결,1.0,149 (2.71%),0.00 ± 0.07,
missing__missingindicator_지배기업소유주지분_연결,0.0,"5,351 (97.29%)",-0.00 ± 0.06,"$T$=-1.21, $p$=0.23"
missing__missingindicator_지배기업소유주지분_연결,1.0,149 (2.71%),0.00 ± 0.07,
num__무형자산상각비_연결,Mean ± SD,0.00 ± 1.00,-,"$r$=0.02, $p$=0.23"
cat__Trucost산업_Electronic Equipment_ Instruments and Components,0.0,"5,141 (93.47%)",-0.00 ± 0.06,"$T$=-1.19, $p$=0.23"
cat__Trucost산업_Electronic Equipment_ Instruments and Components,1.0,359 (6.53%),0.00 ± 0.06,
cat__KSIC세분류_11차_J63110.자료 처리_ 호스팅 및 관련 서비스업,0.0,"5,491 (99.84%)",-0.00 ± 0.06,"$T$=-1.29, $p$=0.23"
cat__KSIC세분류_11차_J63110.자료 처리_ 호스팅 및 관련 서비스업,1.0,9 (0.16%),0.02 ± 0.05,
num__종업원1인당인건비증가율,Mean ± SD,0.00 ± 1.00,-,"$r$=0.02, $p$=0.23"
cat__KSIC대분류_11차_H00000.운수 및 창고업(49~52),0.0,"5,383 (97.87%)",-0.00 ± 0.06,"$T$=-1.19, $p$=0.24"
cat__KSIC대분류_11차_H00000.운수 및 창고업(49~52),1.0,117 (2.13%),0.01 ± 0.07,
missing__missingindicator_유동부채계_연결,0.0,"5,354 (97.35%)",-0.00 ± 0.06,"$T$=-1.19, $p$=0.24"
missing__missingindicator_유동부채계_연결,1.0,146 (2.65%),0.00 ± 0.07,
missing__missingindicator_자산총계_연결,0.0,"5,354 (97.35%)",-0.00 ± 0.06,"$T$=-1.19, $p$=0.24"
missing__missingindicator_자산총계_연결,1.0,146 (2.65%),0.00 ± 0.07,
missing__missingindicator_자본총계_연결,0.0,"5,354 (97.35%)",-0.00 ± 0.06,"$T$=-1.19, $p$=0.24"
missing__missingindicator_자본총계_연결,1.0,146 (2.65%),0.00 ± 0.07,
missing__missingindicator_영업이익손실_연결,0.0,"5,354 (97.35%)",-0.00 ± 0.06,"$T$=-1.19, $p$=0.24"
missing__missingindicator_영업이익손실_연결,1.0,146 (2.65%),0.00 ± 0.07,
missing__missingindicator_fe_현금_자산,0.0,"5,354 (97.35%)",-0.00 ± 0.06,"$T$=-1.19, $p$=0.24"
missing__missingindicator_fe_현금_자산,1.0,146 (2.65%),0.00 ± 0.07,
missing__missingindicator_fe_부채_자산,0.0,"5,354 (97.35%)",-0.00 ± 0.06,"$T$=-1.19, $p$=0.24"
missing__missingindicator_fe_부채_자산,1.0,146 (2.65%),0.00 ± 0.07,
missing__missingindicator_fe_유동자산_유동부채,0.0,"5,354 (97.35%)",-0.00 ± 0.06,"$T$=-1.19, $p$=0.24"
missing__missingindicator_fe_유동자산_유동부채,1.0,146 (2.65%),0.00 ± 0.07,
missing__missingindicator_자본금_연결,0.0,"5,354 (97.35%)",-0.00 ± 0.06,"$T$=-1.19, $p$=0.24"
missing__missingindicator_자본금_연결,1.0,146 (2.65%),0.00 ± 0.07,
missing__missingindicator_현금및현금성자산_연결,0.0,"5,354 (97.35%)",-0.00 ± 0.06,"$T$=-1.19, $p$=0.24"
missing__missingindicator_현금및현금성자산_연결,1.0,146 (2.65%),0.00 ± 0.07,
missing__missingindicator_fe_영업현금흐름_자산,0.0,"5,354 (97.35%)",-0.00 ± 0.06,"$T$=-1.19, $p$=0.24"
missing__missingindicator_fe_영업현금흐름_자산,1.0,146 (2.65%),0.00 ± 0.07,
missing__missingindicator_fe_자본집약도,0.0,"5,354 (97.35%)",-0.00 ± 0.06,"$T$=-1.19, $p$=0.24"
missing__missingindicator_fe_자본집약도,1.0,146 (2.65%),0.00 ± 0.07,
missing__missingindicator_fe_signed_log1p_자산총계_연결,0.0,"5,354 (97.35%)",-0.00 ± 0.06,"$T$=-1.19, $p$=0.24"
missing__missingindicator_fe_signed_log1p_자산총계_연결,1.0,146 (2.65%),0.00 ± 0.07,
missing__missingindicator_판매비와관리비_연결,0.0,"5,354 (97.35%)",-0.00 ± 0.06,"$T$=-1.19, $p$=0.24"
missing__missingindicator_판매비와관리비_연결,1.0,146 (2.65%),0.00 ± 0.07,
missing__missingindicator_유동자산계_연결,0.0,"5,354 (97.35%)",-0.00 ± 0.06,"$T$=-1.19, $p$=0.24"
missing__missingindicator_유동자산계_연결,1.0,146 (2.65%),0.00 ± 0.07,
missing__missingindicator_유형자산계_연결,0.0,"5,354 (97.35%)",-0.00 ± 0.06,"$T$=-1.19, $p$=0.24"
missing__missingindicator_유형자산계_연결,1.0,146 (2.65%),0.00 ± 0.07,
missing__missingindicator_부채총계_연결,0.0,"5,354 (97.35%)",-0.00 ± 0.06,"$T$=-1.19, $p$=0.24"
missing__missingindicator_부채총계_연결,1.0,146 (2.65%),0.00 ± 0.07,
missing__missingindicator_비유동자산계_연결,0.0,"5,354 (97.35%)",-0.00 ± 0.06,"$T$=-1.19, $p$=0.24"
missing__missingindicator_비유동자산계_연결,1.0,146 (2.65%),0.00 ± 0.07,
missing__missingindicator_법인세비용차감전계속영업이익손실_연결,0.0,"5,354 (97.35%)",-0.00 ± 0.06,"$T$=-1.19, $p$=0.24"
missing__missingindicator_법인세비용차감전계속영업이익손실_연결,1.0,146 (2.65%),0.00 ± 0.07,
missing__missingindicator_영업활동으로인한현금흐름_연결,0.0,"5,354 (97.35%)",-0.00 ± 0.06,"$T$=-1.19, $p$=0.24"
missing__missingindicator_영업활동으로인한현금흐름_연결,1.0,146 (2.65%),0.00 ± 0.07,
missing__missingindicator_fe_판관비율,0.0,"5,353 (97.33%)",-0.00 ± 0.06,"$T$=-1.19, $p$=0.24"
missing__missingindicator_fe_판관비율,1.0,147 (2.67%),0.00 ± 0.07,
missing__missingindicator_fe_signed_log1p_수익_연결,0.0,"5,353 (97.33%)",-0.00 ± 0.06,"$T$=-1.19, $p$=0.24"
missing__missingindicator_fe_signed_log1p_수익_연결,1.0,147 (2.67%),0.00 ± 0.07,
missing__missingindicator_총수익_연결,0.0,"5,353 (97.33%)",-0.00 ± 0.06,"$T$=-1.19, $p$=0.24"
missing__missingindicator_총수익_연결,1.0,147 (2.67%),0.00 ± 0.07,
missing__missingindicator_fe_유무형리스증가_자산,0.0,"5,353 (97.33%)",-0.00 ± 0.06,"$T$=-1.19, $p$=0.24"
missing__missingindicator_fe_유무형리스증가_자산,1.0,147 (2.67%),0.00 ± 0.07,
missing__missingindicator_fe_시장지배력,0.0,"5,353 (97.33%)",-0.00 ± 0.06,"$T$=-1.19, $p$=0.24"
missing__missingindicator_fe_시장지배력,1.0,147 (2.67%),0.00 ± 0.07,
missing__missingindicator_fe_영업이익_매출,0.0,"5,353 (97.33%)",-0.00 ± 0.06,"$T$=-1.19, $p$=0.24"
missing__missingindicator_fe_영업이익_매출,1.0,147 (2.67%),0.00 ± 0.07,
missing__missingindicator_수익_연결,0.0,"5,353 (97.33%)",-0.00 ± 0.06,"$T$=-1.19, $p$=0.24"
missing__missingindicator_수익_연결,1.0,147 (2.67%),0.00 ± 0.07,
missing__missingindicator_매출총이익손실_연결,0.0,"5,353 (97.33%)",-0.00 ± 0.06,"$T$=-1.19, $p$=0.24"
missing__missingindicator_매출총이익손실_연결,1.0,147 (2.67%),0.00 ± 0.07,
missing__missingindicator_유무형리스자산의증가_연결,0.0,"5,353 (97.33%)",-0.00 ± 0.06,"$T$=-1.19, $p$=0.24"
missing__missingindicator_유무형리스자산의증가_연결,1.0,147 (2.67%),0.00 ± 0.07,
cat__Trucost산업_Air Freight and Logistics,0.0,"5,464 (99.35%)",-0.00 ± 0.06,"$T$=-1.20, $p$=0.24"
cat__Trucost산업_Air Freight and Logistics,1.0,36 (0.65%),0.00 ± 0.02,
cat__NICS산업분류_N25203.섬유_ 의류_ 사치품,0.0,"5,356 (97.38%)",-0.00 ± 0.06,"$T$=-1.18, $p$=0.24"
cat__NICS산업분류_N25203.섬유_ 의류_ 사치품,1.0,144 (2.62%),0.00 ± 0.05,
cat__KSIC세분류_11차_C30310.자동차 엔진용 신품 부품 제조업,0.0,"5,473 (99.51%)",-0.00 ± 0.06,"$T$=-1.20, $p$=0.24"
cat__KSIC세분류_11차_C30310.자동차 엔진용 신품 부품 제조업,1.0,27 (0.49%),0.00 ± 0.02,
cat__KSIC중분류_11차_I55000.숙박업,0.0,"5,482 (99.67%)",-0.00 ± 0.06,"$T$=1.21, $p$=0.24"
cat__KSIC중분류_11차_I55000.숙박업,1.0,18 (0.33%),-0.03 ± 0.11,
cat__KSIC세분류_11차_I55100.일반 및 생활 숙박시설 운영업,0.0,"5,482 (99.67%)",-0.00 ± 0.06,"$T$=1.21, $p$=0.24"
cat__KSIC세분류_11차_I55100.일반 및 생활 숙박시설 운영업,1.0,18 (0.33%),-0.03 ± 0.11,
cat__KSIC소분류_11차_I55100.일반 및 생활 숙박시설 운영업,0.0,"5,482 (99.67%)",-0.00 ± 0.06,"$T$=1.21, $p$=0.24"
cat__KSIC소분류_11차_I55100.일반 및 생활 숙박시설 운영업,1.0,18 (0.33%),-0.03 ± 0.11,
cat__KSIC세분류_11차_N75310.경비 및 경호 서비스업,0.0,"5,491 (99.84%)",-0.00 ± 0.06,"$T$=1.25, $p$=0.24"
cat__KSIC세분류_11차_N75310.경비 및 경호 서비스업,1.0,9 (0.16%),-0.01 ± 0.01,
cat__KSIC소분류_11차_N75300.경비_ 경호 및 탐정업,0.0,"5,491 (99.84%)",-0.00 ± 0.06,"$T$=1.25, $p$=0.24"
cat__KSIC소분류_11차_N75300.경비_ 경호 및 탐정업,1.0,9 (0.16%),-0.01 ± 0.01,
cat__Trucost산업_Textiles_ Apparel and Luxury Goods,0.0,"5,311 (96.56%)",-0.00 ± 0.06,"$T$=-1.17, $p$=0.24"
cat__Trucost산업_Textiles_ Apparel and Luxury Goods,1.0,189 (3.44%),0.00 ± 0.04,
num__매입채무_연결,Mean ± SD,0.00 ± 1.00,-,"$r$=0.02, $p$=0.25"
num__변동성,Mean ± SD,-0.00 ± 1.00,-,"$r$=0.02, $p$=0.25"
cat__Scope3보고추정구분_반려됨,0.0,"5,498 (99.96%)",-0.00 ± 0.06,"$T$=-2.44, $p$=0.25"
cat__Scope3보고추정구분_반려됨,1.0,2 (0.04%),0.05 ± 0.03,
num__환경등급__diff1,Mean ± SD,-0.05 ± 0.81,-,"$r$=0.02, $p$=0.25"
num__매출채권_연결,Mean ± SD,0.00 ± 1.00,-,"$r$=0.02, $p$=0.25"
cat__Scope2사업장간접자료출처_Estimate derived by applying revenue-based intensity factors to revenue data,0.0,"1,962 (35.67%)",-0.00 ± 0.06,"$T$=1.14, $p$=0.25"
cat__Scope2사업장간접자료출처_Estimate derived by applying revenue-based intensity factors to revenue data,1.0,"3,538 (64.33%)",-0.00 ± 0.06,
cat__NICS산업분류_N25302.다각화된 소비자 서비스,0.0,"5,446 (99.02%)",-0.00 ± 0.06,"$T$=-1.14, $p$=0.26"
cat__NICS산업분류_N25302.다각화된 소비자 서비스,1.0,54 (0.98%),0.00 ± 0.04,
num__매출총이익손실_연결,Mean ± SD,0.00 ± 1.00,-,"$r$=-0.02, $p$=0.26"
missing__missingindicator_비유동부채계_연결,0.0,"5,335 (97.00%)",-0.00 ± 0.06,"$T$=-1.13, $p$=0.26"
missing__missingindicator_비유동부채계_연결,1.0,165 (3.00%),0.00 ± 0.06,
num__비유동자산계_연결,Mean ± SD,0.00 ± 1.00,-,"$r$=0.02, $p$=0.26"
cat__Scope1자료출처_Estimate based on partial data disclosure in CDP,0.0,"5,489 (99.80%)",-0.00 ± 0.06,"$T$=-1.17, $p$=0.27"
cat__Scope1자료출처_Estimate based on partial data disclosure in CDP,1.0,11 (0.20%),0.01 ± 0.03,
cat__NICS산업분류_N20000.산업재,0.0,"5,482 (99.67%)",-0.00 ± 0.06,"$T$=-1.14, $p$=0.27"
cat__NICS산업분류_N20000.산업재,1.0,18 (0.33%),0.01 ± 0.06,
cat__KSIC대분류_11차_I00000.숙박 및 음식점업(55~56),0.0,"5,473 (99.51%)",-0.00 ± 0.06,"$T$=1.12, $p$=0.27"
cat__KSIC대분류_11차_I00000.숙박 및 음식점업(55~56),1.0,27 (0.49%),-0.02 ± 0.09,
cat__KSIC소분류_11차_A03100.어로 어업,0.0,"5,491 (99.84%)",-0.00 ± 0.06,"$T$=-1.18, $p$=0.27"
cat__KSIC소분류_11차_A03100.어로 어업,1.0,9 (0.16%),0.01 ± 0.04,
cat__KSIC세분류_11차_A03110.해수면 어업,0.0,"5,491 (99.84%)",-0.00 ± 0.06,"$T$=-1.18, $p$=0.27"
cat__KSIC세분류_11차_A03110.해수면 어업,1.0,9 (0.16%),0.01 ± 0.04,
cat__KSIC중분류_11차_A03000.어업,0.0,"5,491 (99.84%)",-0.00 ± 0.06,"$T$=-1.18, $p$=0.27"
cat__KSIC중분류_11차_A03000.어업,1.0,9 (0.16%),0.01 ± 0.04,
cat__KSIC대분류_11차_C00000.제조업(10~34),0.0,"1,667 (30.31%)",-0.00 ± 0.07,"$T$=-1.09, $p$=0.28"
cat__KSIC대분류_11차_C00000.제조업(10~34),1.0,"3,833 (69.69%)",-0.00 ± 0.06,
missing__missingindicator_매출액총이익율,0.0,"5,474 (99.53%)",-0.00 ± 0.06,"$T$=-1.11, $p$=0.28"
missing__missingindicator_매출액총이익율,1.0,26 (0.47%),0.02 ± 0.08,
cat__KSIC소분류_11차_C21200.의약품 제조업,0.0,"5,131 (93.29%)",-0.00 ± 0.06,"$T$=1.09, $p$=0.28"
cat__KSIC소분류_11차_C21200.의약품 제조업,1.0,369 (6.71%),-0.00 ± 0.06,
cat__Trucost산업_Building Products,0.0,"5,428 (98.69%)",-0.00 ± 0.06,"$T$=-1.09, $p$=0.28"
cat__Trucost산업_Building Products,1.0,72 (1.31%),0.00 ± 0.04,
cat__주식업종_KGS13P.운수창고,0.0,"5,392 (98.04%)",-0.00 ± 0.06,"$T$=-1.09, $p$=0.28"
cat__주식업종_KGS13P.운수창고,1.0,108 (1.96%),0.01 ± 0.07,
cat__KSIC세분류_11차_C10510.곡물 가공품 제조업,0.0,"5,491 (99.84%)",-0.00 ± 0.06,"$T$=-1.14, $p$=0.28"
cat__KSIC세분류_11차_C10510.곡물 가공품 제조업,1.0,9 (0.16%),0.00 ± 0.01,
cat__기부금_출처_xml_table,0.0,"2,605 (47.36%)",-0.00 ± 0.06,"$T$=1.06, $p$=0.29"
cat__기부금_출처_xml_table,1.0,"2,895 (52.64%)",-0.00 ± 0.06,
cat__Scope2사업장간접보고추정구분_추정치,0.0,"1,951 (35.47%)",-0.00 ± 0.06,"$T$=1.05, $p$=0.29"
cat__Scope2사업장간접보고추정구분_추정치,1.0,"3,549 (64.53%)",-0.00 ± 0.06,
cat__KSIC중분류_11차_J60000.방송 및 영상ㆍ오디오물 제공 서비스업,0.0,"5,464 (99.35%)",-0.00 ± 0.06,"$T$=1.06, $p$=0.29"
cat__KSIC중분류_11차_J60000.방송 및 영상ㆍ오디오물 제공 서비스업,1.0,36 (0.65%),-0.01 ± 0.05,
cat__KSIC소분류_11차_J60200.텔레비전 방송업,0.0,"5,464 (99.35%)",-0.00 ± 0.06,"$T$=1.06, $p$=0.29"
cat__KSIC소분류_11차_J60200.텔레비전 방송업,1.0,36 (0.65%),-0.01 ± 0.05,
cat__KSIC세분류_11차_J59110.영화_ 비디오물 및 방송 프로그램 제작업,0.0,"5,473 (99.51%)",-0.00 ± 0.06,"$T$=-1.07, $p$=0.30"
cat__KSIC세분류_11차_J59110.영화_ 비디오물 및 방송 프로그램 제작업,1.0,27 (0.49%),0.01 ± 0.08,
cat__Trucost산업_Health Care Equipment and Supplies,0.0,"5,365 (97.55%)",-0.00 ± 0.06,"$T$=1.05, $p$=0.30"
cat__Trucost산업_Health Care Equipment and Supplies,1.0,135 (2.45%),-0.01 ± 0.07,
cat__KSIC소분류_11차_H52900.기타 운송관련 서비스업,0.0,"5,482 (99.67%)",-0.00 ± 0.06,"$T$=-1.07, $p$=0.30"
cat__KSIC소분류_11차_H52900.기타 운송관련 서비스업,1.0,18 (0.33%),0.01 ± 0.03,
cat__KSIC중분류_11차_H52000.창고 및 운송관련 서비스업,0.0,"5,482 (99.67%)",-0.00 ± 0.06,"$T$=-1.07, $p$=0.30"
cat__KSIC중분류_11차_H52000.창고 및 운송관련 서비스업,1.0,18 (0.33%),0.01 ± 0.03,
cat__Scope2사업장간접자료출처_Value split from data provided in Environmental/CSR,0.0,"5,488 (99.78%)",-0.00 ± 0.06,"$T$=-1.08, $p$=0.30"
cat__Scope2사업장간접자료출처_Value split from data provided in Environmental/CSR,1.0,12 (0.22%),0.01 ± 0.04,
missing__missingindicator_매출채권_연결,0.0,"5,344 (97.16%)",-0.00 ± 0.06,"$T$=-1.03, $p$=0.30"
missing__missingindicator_매출채권_연결,1.0,156 (2.84%),0.00 ± 0.07,
cat__KSIC세분류_11차_C22210.1차 플라스틱제품 제조업,0.0,"5,473 (99.51%)",-0.00 ± 0.06,"$T$=-1.04, $p$=0.31"
cat__KSIC세분류_11차_C22210.1차 플라스틱제품 제조업,1.0,27 (0.49%),0.01 ± 0.05,
cat__Trucost산업_Biotechnology,0.0,"5,401 (98.20%)",-0.00 ± 0.06,"$T$=1.02, $p$=0.31"
cat__Trucost산업_Biotechnology,1.0,99 (1.80%),-0.01 ± 0.10,
cat__NICS산업분류_N15103.용기와 포장지,0.0,"5,446 (99.02%)",-0.00 ± 0.06,"$T$=-1.02, $p$=0.31"
cat__NICS산업분류_N15103.용기와 포장지,1.0,54 (0.98%),0.01 ± 0.05,
num__fe_Scope3_매출집약도__lag1,Mean ± SD,0.03 ± 0.96,-,"$r$=0.01, $p$=0.32"
num__fe_유무형리스증가_자산,Mean ± SD,0.00 ± 1.00,-,"$r$=-0.01, $p$=0.32"
cat__KSIC세분류_11차_P85650.직원 훈련기관,0.0,"5,491 (99.84%)",-0.00 ± 0.06,"$T$=-1.05, $p$=0.32"
cat__KSIC세분류_11차_P85650.직원 훈련기관,1.0,9 (0.16%),0.01 ± 0.02,
cat__NICS산업분류_N45102.IT서비스,0.0,"5,455 (99.18%)",-0.00 ± 0.06,"$T$=1.00, $p$=0.32"
cat__NICS산업분류_N45102.IT서비스,1.0,45 (0.82%),-0.01 ± 0.06,
missing__missingindicator_이자수익_연결,0.0,"5,347 (97.22%)",-0.00 ± 0.06,"$T$=-0.98, $p$=0.33"
missing__missingindicator_이자수익_연결,1.0,153 (2.78%),0.00 ± 0.07,
num__사회등급__lag1,Mean ± SD,-0.00 ± 0.86,-,"$r$=0.01, $p$=0.33"
cat__주식업종_KGS02P.섬유_의복,0.0,"5,410 (98.36%)",-0.00 ± 0.06,"$T$=-0.98, $p$=0.33"
cat__주식업종_KGS02P.섬유_의복,1.0,90 (1.64%),0.00 ± 0.04,
num__fe_signed_log1p_연간급여총액,Mean ± SD,0.00 ± 1.00,-,"$r$=0.01, $p$=0.34"
cat__KSIC세분류_11차_J63990.그 외 기타 정보 서비스업,0.0,"5,482 (99.67%)",-0.00 ± 0.06,"$T$=0.99, $p$=0.34"
cat__KSIC세분류_11차_J63990.그 외 기타 정보 서비스업,1.0,18 (0.33%),-0.01 ± 0.03,
cat__KSIC소분류_11차_J63900.기타 정보 서비스업,0.0,"5,482 (99.67%)",-0.00 ± 0.06,"$T$=0.99, $p$=0.34"
cat__KSIC소분류_11차_J63900.기타 정보 서비스업,1.0,18 (0.33%),-0.01 ± 0.03,
cat__KSIC세분류_11차_E38220.지정 폐기물 처리업,0.0,"5,491 (99.84%)",-0.00 ± 0.06,"$T$=-1.01, $p$=0.34"
cat__KSIC세분류_11차_E38220.지정 폐기물 처리업,1.0,9 (0.16%),0.01 ± 0.03,
cat__주식업종_QGS16P.기계·장비,0.0,"5,177 (94.13%)",-0.00 ± 0.06,"$T$=0.95, $p$=0.34"
cat__주식업종_QGS16P.기계·장비,1.0,323 (5.87%),-0.01 ± 0.08,
num__자산총계_연결,Mean ± SD,0.00 ± 1.00,-,"$r$=0.01, $p$=0.34"
cat__KSIC세분류_11차_G46800.상품 종합 도매업,0.0,"5,419 (98.53%)",-0.00 ± 0.06,"$T$=-0.95, $p$=0.34"
cat__KSIC세분류_11차_G46800.상품 종합 도매업,1.0,81 (1.47%),0.00 ± 0.04,
cat__KSIC소분류_11차_G46800.상품 종합 도매업,0.0,"5,419 (98.53%)",-0.00 ± 0.06,"$T$=-0.95, $p$=0.34"
cat__KSIC소분류_11차_G46800.상품 종합 도매업,1.0,81 (1.47%),0.00 ± 0.04,
cat__KSIC소분류_11차_C28500.가정용 기기 제조업,0.0,"5,482 (99.67%)",-0.00 ± 0.06,"$T$=-0.97, $p$=0.34"
cat__KSIC소분류_11차_C28500.가정용 기기 제조업,1.0,18 (0.33%),0.01 ± 0.04,
cat__KSIC소분류_11차_C22200.플라스틱 제품 제조업,0.0,"5,401 (98.20%)",-0.00 ± 0.06,"$T$=-0.94, $p$=0.35"
cat__KSIC소분류_11차_C22200.플라스틱 제품 제조업,1.0,99 (1.80%),0.00 ± 0.04,
cat__KSIC세분류_11차_C31910.전투용 차량 제조업,0.0,"5,491 (99.84%)",-0.00 ± 0.06,"$T$=-0.99, $p$=0.35"
cat__KSIC세분류_11차_C31910.전투용 차량 제조업,1.0,9 (0.16%),0.02 ± 0.07,
num__유무형리스자산의증가_연결,Mean ± SD,-0.00 ± 1.00,-,"$r$=0.01, $p$=0.35"
cat__주식업종_KGS03P.종이_목재,0.0,"5,437 (98.85%)",-0.00 ± 0.06,"$T$=-0.93, $p$=0.35"
cat__주식업종_KGS03P.종이_목재,1.0,63 (1.15%),0.00 ± 0.04,
num__fe_배출권_부족량,Mean ± SD,-0.00 ± 1.00,-,"$r$=-0.01, $p$=0.36"
cat__Scope2사업장간접자료출처_Value derived from data provided in Annual Report/10K/Financial Accounts Disclosure,0.0,"5,489 (99.80%)",-0.00 ± 0.06,"$T$=-0.96, $p$=0.36"
cat__Scope2사업장간접자료출처_Value derived from data provided in Annual Report/10K/Financial Accounts Disclosure,1.0,11 (0.20%),0.02 ± 0.06,
num__연간급여총액,Mean ± SD,0.00 ± 1.00,-,"$r$=0.01, $p$=0.36"
cat__Trucost산업_Commercial Services and Supplies,0.0,"5,446 (99.02%)",-0.00 ± 0.06,"$T$=-0.92, $p$=0.36"
cat__Trucost산업_Commercial Services and Supplies,1.0,54 (0.98%),0.00 ± 0.03,
cat__Trucost산업_Machinery,0.0,"5,285 (96.09%)",-0.00 ± 0.06,"$T$=-0.92, $p$=0.36"
cat__Trucost산업_Machinery,1.0,215 (3.91%),0.00 ± 0.06,
cat__Trucost산업_Chemicals,0.0,"5,085 (92.45%)",-0.00 ± 0.06,"$T$=0.91, $p$=0.36"
cat__Trucost산업_Chemicals,1.0,415 (7.55%),-0.00 ± 0.05,
missing__missingindicator_EBITDA대매출액,0.0,"5,473 (99.51%)",-0.00 ± 0.06,"$T$=-0.92, $p$=0.36"
missing__missingindicator_EBITDA대매출액,1.0,27 (0.49%),0.01 ± 0.08,
cat__Trucost산업_Diversified Consumer Services,0.0,"5,446 (99.02%)",-0.00 ± 0.06,"$T$=-0.91, $p$=0.37"
cat__Trucost산업_Diversified Consumer Services,1.0,54 (0.98%),0.00 ± 0.04,
num__배출권_추가할당량,Mean ± SD,0.00 ± 1.00,-,"$r$=0.01, $p$=0.37"
cat__KSIC세분류_11차_C29270.반도체 및 디스플레이 제조용 기계 제조업,0.0,"5,276 (95.93%)",-0.00 ± 0.06,"$T$=0.90, $p$=0.37"
cat__KSIC세분류_11차_C29270.반도체 및 디스플레이 제조용 기계 제조업,1.0,224 (4.07%),-0.01 ± 0.09,
cat__Scope2사업장간접자료출처_Value summed up from data provided in Annual Report/10K/Financial Accounts Disclosure,0.0,"5,496 (99.93%)",-0.00 ± 0.06,"$T$=-1.04, $p$=0.37"
cat__Scope2사업장간접자료출처_Value summed up from data provided in Annual Report/10K/Financial Accounts Disclosure,1.0,4 (0.07%),0.01 ± 0.02,
cat__KSIC세분류_11차_N74100.사업시설 유지ㆍ관리 서비스업,0.0,"5,491 (99.84%)",-0.00 ± 0.06,"$T$=0.94, $p$=0.37"
cat__KSIC세분류_11차_N74100.사업시설 유지ㆍ관리 서비스업,1.0,9 (0.16%),-0.05 ± 0.14,
cat__KSIC중분류_11차_N74000.사업시설 관리 및 조경 서비스업,0.0,"5,491 (99.84%)",-0.00 ± 0.06,"$T$=0.94, $p$=0.37"
cat__KSIC중분류_11차_N74000.사업시설 관리 및 조경 서비스업,1.0,9 (0.16%),-0.05 ± 0.14,
cat__KSIC소분류_11차_N74100.사업시설 유지ㆍ관리 서비스업,0.0,"5,491 (99.84%)",-0.00 ± 0.06,"$T$=0.94, $p$=0.37"
cat__KSIC소분류_11차_N74100.사업시설 유지ㆍ관리 서비스업,1.0,9 (0.16%),-0.05 ± 0.14,
cat__Trucost산업_Independent Power and Renewable Electricity Producers,0.0,"5,491 (99.84%)",-0.00 ± 0.06,"$T$=0.94, $p$=0.37"
cat__Trucost산업_Independent Power and Renewable Electricity Producers,1.0,9 (0.16%),-0.05 ± 0.14,
cat__KSIC세분류_11차_C23310.시멘트_ 석회 및 플라스터 제조업,0.0,"5,466 (99.38%)",-0.00 ± 0.06,"$T$=-0.90, $p$=0.37"
cat__KSIC세분류_11차_C23310.시멘트_ 석회 및 플라스터 제조업,1.0,34 (0.62%),0.00 ± 0.04,
cat__NICS산업분류_N25501.판매업체,0.0,"5,428 (98.69%)",-0.00 ± 0.06,"$T$=-0.89, $p$=0.38"
cat__NICS산업분류_N25501.판매업체,1.0,72 (1.31%),0.00 ± 0.03,
cat__Trucost산업_Construction and Engineering,0.0,"5,322 (96.76%)",-0.00 ± 0.06,"$T$=-0.89, $p$=0.38"
cat__Trucost산업_Construction and Engineering,1.0,178 (3.24%),0.00 ± 0.04,
num__유형자산_투자부동산감가상각비_연결,Mean ± SD,0.00 ± 1.00,-,"$r$=0.01, $p$=0.38"
cat__주식업종_QGS15P.금속,0.0,"5,392 (98.04%)",-0.00 ± 0.06,"$T$=-0.88, $p$=0.38"
cat__주식업종_QGS15P.금속,1.0,108 (1.96%),0.00 ± 0.05,
cat__KSIC소분류_11차_C27100.의료용 기기 제조업,0.0,"5,383 (97.87%)",-0.00 ± 0.06,"$T$=0.87, $p$=0.38"
cat__KSIC소분류_11차_C27100.의료용 기기 제조업,1.0,117 (2.13%),-0.01 ± 0.08,
cat__KSIC소분류_11차_C29100.일반 목적용 기계 제조업,0.0,"5,410 (98.36%)",-0.00 ± 0.06,"$T$=-0.87, $p$=0.39"
cat__KSIC소분류_11차_C29100.일반 목적용 기계 제조업,1.0,90 (1.64%),0.00 ± 0.05,
num__fe_Scope3_매출집약도,Mean ± SD,0.00 ± 1.00,-,"$r$=0.01, $p$=0.39"
cat__KSIC소분류_11차_C29200.특수 목적용 기계 제조업,0.0,"5,178 (94.15%)",-0.00 ± 0.06,"$T$=0.86, $p$=0.39"
cat__KSIC소분류_11차_C29200.특수 목적용 기계 제조업,1.0,322 (5.85%),-0.01 ± 0.08,
cat__주식업종_QGS33P.제약,0.0,"5,230 (95.09%)",-0.00 ± 0.06,"$T$=0.85, $p$=0.40"
cat__주식업종_QGS33P.제약,1.0,270 (4.91%),-0.01 ± 0.08,
cat__NICS산업분류_N25101.자동차 부품,0.0,"5,266 (95.75%)",-0.00 ± 0.06,"$T$=-0.85, $p$=0.40"
cat__NICS산업분류_N25101.자동차 부품,1.0,234 (4.25%),0.00 ± 0.04,
cat__KSIC중분류_11차_C13000.섬유제품 제조업,0.0,"5,473 (99.51%)",-0.00 ± 0.06,"$T$=-0.86, $p$=0.40"
cat__KSIC중분류_11차_C13000.섬유제품 제조업,1.0,27 (0.49%),0.00 ± 0.03,
num__평균시가총액,Mean ± SD,0.00 ± 1.00,-,"$r$=-0.01, $p$=0.40"
cat__KSIC중분류_11차_E38000.폐기물 수집_ 운반_ 처리 및 원료 재생업,0.0,"5,482 (99.67%)",-0.00 ± 0.06,"$T$=-0.86, $p$=0.40"
cat__KSIC중분류_11차_E38000.폐기물 수집_ 운반_ 처리 및 원료 재생업,1.0,18 (0.33%),0.01 ± 0.04,
cat__KSIC소분류_11차_E38200.폐기물 처리업,0.0,"5,482 (99.67%)",-0.00 ± 0.06,"$T$=-0.86, $p$=0.40"
cat__KSIC소분류_11차_E38200.폐기물 처리업,1.0,18 (0.33%),0.01 ± 0.04,
cat__KSIC대분류_11차_E00000.수도_ 하수 및 폐기물 처리_ 원료 재생업(36~39),0.0,"5,482 (99.67%)",-0.00 ± 0.06,"$T$=-0.86, $p$=0.40"
cat__KSIC대분류_11차_E00000.수도_ 하수 및 폐기물 처리_ 원료 재생업(36~39),1.0,18 (0.33%),0.01 ± 0.04,
cat__KSIC세분류_11차_C24190.기타 1차 철강 제조업,0.0,"5,491 (99.84%)",-0.00 ± 0.06,"$T$=0.88, $p$=0.41"
cat__KSIC세분류_11차_C24190.기타 1차 철강 제조업,1.0,9 (0.16%),-0.01 ± 0.02,
cat__Scope1자료출처_Value derived from data provided in CDP,0.0,"5,428 (98.69%)",-0.00 ± 0.06,"$T$=0.84, $p$=0.41"
cat__Scope1자료출처_Value derived from data provided in CDP,1.0,72 (1.31%),-0.01 ± 0.06,
num__기부금_원,Mean ± SD,0.00 ± 1.00,-,"$r$=0.01, $p$=0.41"
num__fe_배출권_부족비율__lag1,Mean ± SD,0.02 ± 0.98,-,"$r$=-0.01, $p$=0.41"
missing__missingindicator_종업원1인당인건비,0.0,"1,783 (32.42%)",-0.00 ± 0.06,"$T$=-0.82, $p$=0.41"
missing__missingindicator_종업원1인당인건비,1.0,"3,717 (67.58%)",-0.00 ± 0.06,
cat__NICS산업분류_N25100.자동차 및 부품,0.0,"5,473 (99.51%)",-0.00 ± 0.06,"$T$=-0.83, $p$=0.41"
cat__NICS산업분류_N25100.자동차 및 부품,1.0,27 (0.49%),0.00 ± 0.02,
cat__KSIC세분류_11차_G46790.재생용 재료 및 기타 상품 전문 도매업,0.0,"5,482 (99.67%)",-0.00 ± 0.06,"$T$=-0.84, $p$=0.41"
cat__KSIC세분류_11차_G46790.재생용 재료 및 기타 상품 전문 도매업,1.0,18 (0.33%),0.00 ± 0.03,
cat__Scope3자료출처_Value derived from data provided in Environmental/CSR,0.0,"5,498 (99.96%)",-0.00 ± 0.06,"$T$=-1.31, $p$=0.41"
cat__Scope3자료출처_Value derived from data provided in Environmental/CSR,1.0,2 (0.04%),0.03 ± 0.03,
cat__Trucost산업_Professional Services,0.0,"5,482 (99.67%)",-0.00 ± 0.06,"$T$=-0.84, $p$=0.41"
cat__Trucost산업_Professional Services,1.0,18 (0.33%),0.01 ± 0.04,
num__매출채권회전율,Mean ± SD,0.00 ± 1.00,-,"$r$=-0.01, $p$=0.41"
missing__missingindicator_부가가치(종업원1인당),0.0,"1,885 (34.27%)",-0.00 ± 0.06,"$T$=-0.82, $p$=0.41"
missing__missingindicator_부가가치(종업원1인당),1.0,"3,615 (65.73%)",-0.00 ± 0.06,
num__수익_연결,Mean ± SD,0.00 ± 1.00,-,"$r$=0.01, $p$=0.42"
cat__KSIC중분류_11차_G45000.자동차 및 부품 판매업,0.0,"5,491 (99.84%)",-0.00 ± 0.06,"$T$=-0.86, $p$=0.42"
cat__KSIC중분류_11차_G45000.자동차 및 부품 판매업,1.0,9 (0.16%),0.00 ± 0.02,
cat__KSIC세분류_11차_G45110.자동차 신품 판매업,0.0,"5,491 (99.84%)",-0.00 ± 0.06,"$T$=-0.86, $p$=0.42"
cat__KSIC세분류_11차_G45110.자동차 신품 판매업,1.0,9 (0.16%),0.00 ± 0.02,
cat__KSIC소분류_11차_G45100.자동차 판매업,0.0,"5,491 (99.84%)",-0.00 ± 0.06,"$T$=-0.86, $p$=0.42"
cat__KSIC소분류_11차_G45100.자동차 판매업,1.0,9 (0.16%),0.00 ± 0.02,
cat__KSIC세분류_11차_F41220.토목 시설물 건설업,0.0,"5,473 (99.51%)",-0.00 ± 0.06,"$T$=-0.82, $p$=0.42"
cat__KSIC세분류_11차_F41220.토목 시설물 건설업,1.0,27 (0.49%),0.01 ± 0.04,
cat__KSIC소분류_11차_F41200.토목 건설업,0.0,"5,473 (99.51%)",-0.00 ± 0.06,"$T$=-0.82, $p$=0.42"
cat__KSIC소분류_11차_F41200.토목 건설업,1.0,27 (0.49%),0.01 ± 0.04,
num__영업활동으로인한현금흐름_연결,Mean ± SD,-0.00 ± 1.00,-,"$r$=-0.01, $p$=0.42"
missing__missingindicator_fe_재고자산비중,0.0,"5,169 (93.98%)",-0.00 ± 0.06,"$T$=-0.81, $p$=0.42"
missing__missingindicator_fe_재고자산비중,1.0,331 (6.02%),0.00 ± 0.07,
missing__missingindicator_재고자산계_연결,0.0,"5,169 (93.98%)",-0.00 ± 0.06,"$T$=-0.81, $p$=0.42"
missing__missingindicator_재고자산계_연결,1.0,331 (6.02%),0.00 ± 0.07,
num__fe_signed_log1p_자산총계_연결,Mean ± SD,0.00 ± 1.00,-,"$r$=0.01, $p$=0.42"
num__평균시가총액_보통주우선주,Mean ± SD,-0.00 ± 1.00,-,"$r$=-0.01, $p$=0.42"
num__총수익_연결,Mean ± SD,-0.00 ± 1.00,-,"$r$=0.01, $p$=0.42"
cat__KSIC중분류_11차_C21000.의료용 물질 및 의약품 제조업,0.0,"4,978 (90.51%)",-0.00 ± 0.06,"$T$=0.80, $p$=0.42"
cat__KSIC중분류_11차_C21000.의료용 물질 및 의약품 제조업,1.0,522 (9.49%),-0.00 ± 0.07,
num__fe_배출권_잠재탄소비용_원__lag1,Mean ± SD,0.01 ± 0.97,-,"$r$=-0.01, $p$=0.42"
cat__Trucost산업_Beverages,0.0,"5,464 (99.35%)",-0.00 ± 0.06,"$T$=0.80, $p$=0.43"
cat__Trucost산업_Beverages,1.0,36 (0.65%),-0.01 ± 0.04,
cat__KSIC세분류_11차_C24110.제철_ 제강 및 합금철 제조업,0.0,"5,464 (99.35%)",-0.00 ± 0.06,"$T$=0.80, $p$=0.43"
cat__KSIC세분류_11차_C24110.제철_ 제강 및 합금철 제조업,1.0,36 (0.65%),-0.01 ± 0.03,
missing__missingindicator_무형자산상각비_연결,0.0,"5,180 (94.18%)",-0.00 ± 0.06,"$T$=-0.78, $p$=0.43"
missing__missingindicator_무형자산상각비_연결,1.0,320 (5.82%),0.00 ± 0.06,
missing__missingindicator_fe_감가상각부담,0.0,"5,180 (94.18%)",-0.00 ± 0.06,"$T$=-0.78, $p$=0.43"
missing__missingindicator_fe_감가상각부담,1.0,320 (5.82%),0.00 ± 0.06,
cat__NICS산업분류_N45300.반도체 및 반도체장비,0.0,"5,473 (99.51%)",-0.00 ± 0.06,"$T$=-0.79, $p$=0.44"
cat__NICS산업분류_N45300.반도체 및 반도체장비,1.0,27 (0.49%),0.01 ± 0.07,
cat__KSIC소분류_11차_M73900.그 외 기타 전문_ 과학 및 기술 서비스업,0.0,"5,482 (99.67%)",-0.00 ± 0.06,"$T$=0.80, $p$=0.44"
cat__KSIC소분류_11차_M73900.그 외 기타 전문_ 과학 및 기술 서비스업,1.0,18 (0.33%),-0.01 ± 0.07,
cat__KSIC세분류_11차_M73900.그 외 기타 전문_ 과학 및 기술 서비스업,0.0,"5,482 (99.67%)",-0.00 ± 0.06,"$T$=0.80, $p$=0.44"
cat__KSIC세분류_11차_M73900.그 외 기타 전문_ 과학 및 기술 서비스업,1.0,18 (0.33%),-0.01 ± 0.07,
num__fe_배출권_할당충족률,Mean ± SD,0.00 ± 1.00,-,"$r$=0.01, $p$=0.44"
num__총매출_백만USD,Mean ± SD,0.00 ± 1.00,-,"$r$=0.01, $p$=0.44"
num__재고자산회전율2,Mean ± SD,0.00 ± 1.00,-,"$r$=-0.01, $p$=0.45"
cat__KSIC세분류_11차_G47120.음ㆍ식료품 위주 종합 소매업,0.0,"5,483 (99.69%)",-0.00 ± 0.06,"$T$=-0.77, $p$=0.45"
cat__KSIC세분류_11차_G47120.음ㆍ식료품 위주 종합 소매업,1.0,17 (0.31%),0.00 ± 0.02,
cat__KSIC세분류_11차_C26510.텔레비전_ 비디오 및 기타 영상 기기 제조업,0.0,"5,473 (99.51%)",-0.00 ± 0.06,"$T$=-0.77, $p$=0.45"
cat__KSIC세분류_11차_C26510.텔레비전_ 비디오 및 기타 영상 기기 제조업,1.0,27 (0.49%),0.00 ± 0.04,
missing__missingindicator_재고자산회전율2,0.0,"5,285 (96.09%)",-0.00 ± 0.06,"$T$=-0.76, $p$=0.45"
missing__missingindicator_재고자산회전율2,1.0,215 (3.91%),0.00 ± 0.08,
missing__missingindicator_총자본순이익율,0.0,"5,475 (99.55%)",-0.00 ± 0.06,"$T$=-0.77, $p$=0.45"
missing__missingindicator_총자본순이익율,1.0,25 (0.45%),0.01 ± 0.07,
cat__KSIC세분류_11차_C25990.그 외 기타 금속 가공제품 제조업,0.0,"5,491 (99.84%)",-0.00 ± 0.06,"$T$=-0.79, $p$=0.45"
cat__KSIC세분류_11차_C25990.그 외 기타 금속 가공제품 제조업,1.0,9 (0.16%),0.01 ± 0.05,
cat__KSIC세분류_11차_C17100.펄프_ 종이 및 판지 제조업,0.0,"5,464 (99.35%)",-0.00 ± 0.06,"$T$=-0.76, $p$=0.45"
cat__KSIC세분류_11차_C17100.펄프_ 종이 및 판지 제조업,1.0,36 (0.65%),0.00 ± 0.05,
cat__KSIC소분류_11차_C17100.펄프_ 종이 및 판지 제조업,0.0,"5,464 (99.35%)",-0.00 ± 0.06,"$T$=-0.76, $p$=0.45"
cat__KSIC소분류_11차_C17100.펄프_ 종이 및 판지 제조업,1.0,36 (0.65%),0.00 ± 0.05,
cat__KSIC세분류_11차_C11120.증류주 및 합성주 제조업,0.0,"5,473 (99.51%)",-0.00 ± 0.06,"$T$=0.76, $p$=0.45"
cat__KSIC세분류_11차_C11120.증류주 및 합성주 제조업,1.0,27 (0.49%),-0.01 ± 0.05,
cat__KSIC세분류_11차_C28110.전동기_ 발전기 및 전기 변환장치 제조업,0.0,"5,476 (99.56%)",-0.00 ± 0.06,"$T$=-0.76, $p$=0.46"
cat__KSIC세분류_11차_C28110.전동기_ 발전기 및 전기 변환장치 제조업,1.0,24 (0.44%),0.01 ± 0.05,
num__판매비와관리비_연결,Mean ± SD,0.00 ± 1.00,-,"$r$=0.01, $p$=0.46"
cat__KSIC소분류_11차_C28900.기타 전기장비 제조업,0.0,"5,482 (99.67%)",-0.00 ± 0.06,"$T$=0.75, $p$=0.46"
cat__KSIC소분류_11차_C28900.기타 전기장비 제조업,1.0,18 (0.33%),-0.01 ± 0.06,
cat__KSIC세분류_11차_C28900.기타 전기장비 제조업,0.0,"5,482 (99.67%)",-0.00 ± 0.06,"$T$=0.75, $p$=0.46"
cat__KSIC세분류_11차_C28900.기타 전기장비 제조업,1.0,18 (0.33%),-0.01 ± 0.06,
cat__KSIC세분류_11차_C20130.무기 안료_ 염료_ 유연제 및 기타 착색제 제조업,0.0,"5,491 (99.84%)",-0.00 ± 0.06,"$T$=-0.77, $p$=0.46"
cat__KSIC세분류_11차_C20130.무기 안료_ 염료_ 유연제 및 기타 착색제 제조업,1.0,9 (0.16%),0.01 ± 0.04,
cat__KSIC중분류_11차_C14000.의복_ 의복 액세서리 및 모피제품 제조업,0.0,"5,428 (98.69%)",-0.00 ± 0.06,"$T$=-0.73, $p$=0.47"
cat__KSIC중분류_11차_C14000.의복_ 의복 액세서리 및 모피제품 제조업,1.0,72 (1.31%),0.00 ± 0.04,
cat__KSIC소분류_11차_C14100.봉제의복 제조업,0.0,"5,428 (98.69%)",-0.00 ± 0.06,"$T$=-0.73, $p$=0.47"
cat__KSIC소분류_11차_C14100.봉제의복 제조업,1.0,72 (1.31%),0.00 ± 0.04,
cat__Trucost산업_Household Products,0.0,"5,482 (99.67%)",-0.00 ± 0.06,"$T$=-0.73, $p$=0.47"
cat__Trucost산업_Household Products,1.0,18 (0.33%),0.00 ± 0.03,
cat__Trucost산업_Specialty Retail,0.0,"5,465 (99.36%)",-0.00 ± 0.06,"$T$=-0.73, $p$=0.47"
cat__Trucost산업_Specialty Retail,1.0,35 (0.64%),0.00 ± 0.05,
missing__missingindicator_이자비용_연결,0.0,"5,224 (94.98%)",-0.00 ± 0.06,"$T$=-0.72, $p$=0.47"
missing__missingindicator_이자비용_연결,1.0,276 (5.02%),0.00 ± 0.07,
cat__KSIC세분류_11차_M71310.광고 대행업,0.0,"5,446 (99.02%)",-0.00 ± 0.06,"$T$=0.72, $p$=0.47"
cat__KSIC세분류_11차_M71310.광고 대행업,1.0,54 (0.98%),-0.01 ± 0.05,
cat__KSIC소분류_11차_M71300.광고업,0.0,"5,446 (99.02%)",-0.00 ± 0.06,"$T$=0.72, $p$=0.47"
cat__KSIC소분류_11차_M71300.광고업,1.0,54 (0.98%),-0.01 ± 0.05,
cat__KSIC중분류_11차_M71000.전문 서비스업,0.0,"5,446 (99.02%)",-0.00 ± 0.06,"$T$=0.72, $p$=0.47"
cat__KSIC중분류_11차_M71000.전문 서비스업,1.0,54 (0.98%),-0.01 ± 0.05,
num__무형자산계_연결,Mean ± SD,0.00 ± 1.00,-,"$r$=0.01, $p$=0.48"
cat__KSIC세분류_11차_C24210.비철금속 제련_ 정련 및 합금 제조업,0.0,"5,473 (99.51%)",-0.00 ± 0.06,"$T$=0.70, $p$=0.49"
cat__KSIC세분류_11차_C24210.비철금속 제련_ 정련 및 합금 제조업,1.0,27 (0.49%),-0.01 ± 0.03,
num__fe_배출권_부족여부,-0.3340063268174458,"4,948 (89.96%)",-0.00 ± 0.06,"$T$=-0.69, $p$=0.49"
num__fe_배출권_부족여부,2.9939552628491337,552 (10.04%),-0.00 ± 0.05,
cat__Trucost산업_Ground Transportation,0.0,"5,491 (99.84%)",-0.00 ± 0.06,"$T$=-0.72, $p$=0.49"
cat__Trucost산업_Ground Transportation,1.0,9 (0.16%),0.00 ± 0.01,
cat__KSIC세분류_11차_C31310.항공기_ 우주선 및 보조장치 제조업,0.0,"5,482 (99.67%)",-0.00 ± 0.06,"$T$=0.71, $p$=0.49"
cat__KSIC세분류_11차_C31310.항공기_ 우주선 및 보조장치 제조업,1.0,18 (0.33%),-0.02 ± 0.09,
cat__KSIC중분류_11차_C17000.펄프_ 종이 및 종이제품 제조업,0.0,"5,428 (98.69%)",-0.00 ± 0.06,"$T$=-0.69, $p$=0.49"
cat__KSIC중분류_11차_C17000.펄프_ 종이 및 종이제품 제조업,1.0,72 (1.31%),0.00 ± 0.05,
cat__KSIC소분류_11차_C20100.기초 화학물질 제조업,0.0,"5,305 (96.45%)",-0.00 ± 0.06,"$T$=0.68, $p$=0.49"
cat__KSIC소분류_11차_C20100.기초 화학물질 제조업,1.0,195 (3.55%),-0.00 ± 0.05,
cat__Scope3자료출처_Value summed up from data provided in CDP,0.0,"5,498 (99.96%)",-0.00 ± 0.06,"$T$=1.01, $p$=0.50"
cat__Scope3자료출처_Value summed up from data provided in CDP,1.0,2 (0.04%),-0.03 ± 0.04,
cat__Trucost산업_Paper and Forest Products,0.0,"5,428 (98.69%)",-0.00 ± 0.06,"$T$=-0.68, $p$=0.50"
cat__Trucost산업_Paper and Forest Products,1.0,72 (1.31%),0.00 ± 0.04,
num__유동자산계_연결,Mean ± SD,-0.00 ± 1.00,-,"$r$=0.01, $p$=0.50"
missing__missingindicator_매출채권회전율,0.0,"5,476 (99.56%)",-0.00 ± 0.06,"$T$=-0.68, $p$=0.50"
missing__missingindicator_매출채권회전율,1.0,24 (0.44%),0.01 ± 0.07,
missing__missingindicator_당좌비율,0.0,"5,476 (99.56%)",-0.00 ± 0.06,"$T$=-0.68, $p$=0.50"
missing__missingindicator_당좌비율,1.0,24 (0.44%),0.01 ± 0.07,
missing__missingindicator_유동비율,0.0,"5,476 (99.56%)",-0.00 ± 0.06,"$T$=-0.68, $p$=0.50"
missing__missingindicator_유동비율,1.0,24 (0.44%),0.01 ± 0.07,
missing__missingindicator_총자본회전율,0.0,"5,476 (99.56%)",-0.00 ± 0.06,"$T$=-0.68, $p$=0.50"
missing__missingindicator_총자본회전율,1.0,24 (0.44%),0.01 ± 0.07,
cat__KSIC소분류_11차_N75900.기타 사업 지원 서비스업,0.0,"5,491 (99.84%)",-0.00 ± 0.06,"$T$=-0.70, $p$=0.51"
cat__KSIC소분류_11차_N75900.기타 사업 지원 서비스업,1.0,9 (0.16%),0.01 ± 0.03,
cat__KSIC세분류_11차_N75990.그 외 기타 사업 지원 서비스업,0.0,"5,491 (99.84%)",-0.00 ± 0.06,"$T$=-0.70, $p$=0.51"
cat__KSIC세분류_11차_N75990.그 외 기타 사업 지원 서비스업,1.0,9 (0.16%),0.01 ± 0.03,
cat__NICS산업분류_N10102.석유_ 가스_ 소모 연료,0.0,"5,447 (99.04%)",-0.00 ± 0.06,"$T$=-0.66, $p$=0.51"
cat__NICS산업분류_N10102.석유_ 가스_ 소모 연료,1.0,53 (0.96%),0.00 ± 0.05,
cat__Trucost산업_Semiconductors and Semiconductor Equipment,0.0,"4,953 (90.05%)",-0.00 ± 0.06,"$T$=0.66, $p$=0.51"
cat__Trucost산업_Semiconductors and Semiconductor Equipment,1.0,547 (9.95%),-0.00 ± 0.08,
cat__KSIC세분류_11차_C29190.기타 일반 목적용 기계 제조업,0.0,"5,491 (99.84%)",-0.00 ± 0.06,"$T$=-0.69, $p$=0.51"
cat__KSIC세분류_11차_C29190.기타 일반 목적용 기계 제조업,1.0,9 (0.16%),0.01 ± 0.04,
cat__KSIC세분류_11차_C20120.기초 무기화학 물질 제조업,0.0,"5,428 (98.69%)",-0.00 ± 0.06,"$T$=0.66, $p$=0.51"
cat__KSIC세분류_11차_C20120.기초 무기화학 물질 제조업,1.0,72 (1.31%),-0.01 ± 0.05,
cat__Scope3자료출처_Extrapolated from prior year,0.0,"5,446 (99.02%)",-0.00 ± 0.06,"$T$=0.66, $p$=0.51"
cat__Scope3자료출처_Extrapolated from prior year,1.0,54 (0.98%),-0.01 ± 0.05,
cat__Scope3보고추정구분_외삽값,0.0,"5,446 (99.02%)",-0.00 ± 0.06,"$T$=0.66, $p$=0.51"
cat__Scope3보고추정구분_외삽값,1.0,54 (0.98%),-0.01 ± 0.05,
num__fe_배출권_잠재탄소비용_원,Mean ± SD,0.00 ± 1.00,-,"$r$=-0.01, $p$=0.51"
cat__KSIC중분류_11차_M73000.기타 전문_ 과학 및 기술 서비스업,0.0,"5,473 (99.51%)",-0.00 ± 0.06,"$T$=0.66, $p$=0.51"
cat__KSIC중분류_11차_M73000.기타 전문_ 과학 및 기술 서비스업,1.0,27 (0.49%),-0.01 ± 0.06,
cat__KSIC소분류_11차_C11100.알코올 음료 제조업,0.0,"5,464 (99.35%)",-0.00 ± 0.06,"$T$=0.66, $p$=0.52"
cat__KSIC소분류_11차_C11100.알코올 음료 제조업,1.0,36 (0.65%),-0.01 ± 0.05,
cat__KSIC세분류_11차_G47410.의복 소매업,0.0,"5,491 (99.84%)",-0.00 ± 0.06,"$T$=-0.68, $p$=0.52"
cat__KSIC세분류_11차_G47410.의복 소매업,1.0,9 (0.16%),0.00 ± 0.02,
cat__NICS산업분류_N25300.소비자서비스,0.0,"5,491 (99.84%)",-0.00 ± 0.06,"$T$=-0.68, $p$=0.52"
cat__NICS산업분류_N25300.소비자서비스,1.0,9 (0.16%),0.02 ± 0.08,
num__현금및현금성자산_연결,Mean ± SD,0.00 ± 1.00,-,"$r$=0.01, $p$=0.52"
cat__KSIC소분류_11차_C25200.무기 및 총포탄 제조업,0.0,"5,491 (99.84%)",-0.00 ± 0.06,"$T$=-0.67, $p$=0.52"
cat__KSIC소분류_11차_C25200.무기 및 총포탄 제조업,1.0,9 (0.16%),0.00 ± 0.02,
cat__KSIC세분류_11차_C25200.무기 및 총포탄 제조업,0.0,"5,491 (99.84%)",-0.00 ± 0.06,"$T$=-0.67, $p$=0.52"
cat__KSIC세분류_11차_C25200.무기 및 총포탄 제조업,1.0,9 (0.16%),0.00 ± 0.02,
cat__Trucost산업_Communications Equipment,0.0,"5,419 (98.53%)",-0.00 ± 0.06,"$T$=0.64, $p$=0.52"
cat__Trucost산업_Communications Equipment,1.0,81 (1.47%),-0.01 ± 0.06,
cat__KSIC중분류_11차_F41000.종합 건설업,0.0,"5,394 (98.07%)",-0.00 ± 0.06,"$T$=-0.64, $p$=0.53"
cat__KSIC중분류_11차_F41000.종합 건설업,1.0,106 (1.93%),0.00 ± 0.04,
cat__KSIC세분류_11차_C29180.사무용 기계 및 장비 제조업,0.0,"5,491 (99.84%)",-0.00 ± 0.06,"$T$=-0.66, $p$=0.53"
cat__KSIC세분류_11차_C29180.사무용 기계 및 장비 제조업,1.0,9 (0.16%),0.01 ± 0.04,
cat__NICS산업분류_N45204.사무용 전자제품,0.0,"5,491 (99.84%)",-0.00 ± 0.06,"$T$=-0.66, $p$=0.53"
cat__NICS산업분류_N45204.사무용 전자제품,1.0,9 (0.16%),0.01 ± 0.04,
cat__KSIC세분류_11차_C14120.속옷 및 잠옷 제조업,0.0,"5,491 (99.84%)",-0.00 ± 0.06,"$T$=-0.66, $p$=0.53"
cat__KSIC세분류_11차_C14120.속옷 및 잠옷 제조업,1.0,9 (0.16%),0.00 ± 0.03,
cat__Scope1자료출처_Value summed up from data provided in Environmental/CSR,0.0,"5,440 (98.91%)",-0.00 ± 0.06,"$T$=0.63, $p$=0.53"
cat__Scope1자료출처_Value summed up from data provided in Environmental/CSR,1.0,60 (1.09%),-0.01 ± 0.08,
cat__KSIC중분류_11차_C11000.음료 제조업,0.0,"5,455 (99.18%)",-0.00 ± 0.06,"$T$=0.63, $p$=0.53"
cat__KSIC중분류_11차_C11000.음료 제조업,1.0,45 (0.82%),-0.01 ± 0.04,
cat__NICS산업분류_N30201.음료,0.0,"5,455 (99.18%)",-0.00 ± 0.06,"$T$=0.63, $p$=0.53"
cat__NICS산업분류_N30201.음료,1.0,45 (0.82%),-0.01 ± 0.04,
cat__NICS산업분류_N15105.종이와 임산물,0.0,"5,437 (98.85%)",-0.00 ± 0.06,"$T$=-0.62, $p$=0.54"
cat__NICS산업분류_N15105.종이와 임산물,1.0,63 (1.15%),0.00 ± 0.05,
missing__missingindicator_지배구조등급,0.0,"3,113 (56.60%)",-0.00 ± 0.05,"$T$=0.62, $p$=0.54"
missing__missingindicator_지배구조등급,1.0,"2,387 (43.40%)",-0.00 ± 0.07,
cat__KSIC세분류_11차_C14110.겉옷 제조업,0.0,"5,473 (99.51%)",-0.00 ± 0.06,"$T$=-0.62, $p$=0.54"
cat__KSIC세분류_11차_C14110.겉옷 제조업,1.0,27 (0.49%),0.00 ± 0.02,
cat__KSIC소분류_11차_J61200.전기 통신업,0.0,"5,464 (99.35%)",-0.00 ± 0.06,"$T$=0.61, $p$=0.54"
cat__KSIC소분류_11차_J61200.전기 통신업,1.0,36 (0.65%),-0.01 ± 0.05,
cat__KSIC중분류_11차_J61000.우편 및 통신업,0.0,"5,464 (99.35%)",-0.00 ± 0.06,"$T$=0.61, $p$=0.54"
cat__KSIC중분류_11차_J61000.우편 및 통신업,1.0,36 (0.65%),-0.01 ± 0.05,
cat__주식업종_KGS21P.통신업,0.0,"5,464 (99.35%)",-0.00 ± 0.06,"$T$=0.61, $p$=0.54"
cat__주식업종_KGS21P.통신업,1.0,36 (0.65%),-0.01 ± 0.05,
cat__Trucost산업_Transportation Infrastructure,0.0,"5,491 (99.84%)",-0.00 ± 0.06,"$T$=-0.62, $p$=0.55"
cat__Trucost산업_Transportation Infrastructure,1.0,9 (0.16%),0.01 ± 0.05,
cat__NICS산업분류_N20305.운송인프라,0.0,"5,491 (99.84%)",-0.00 ± 0.06,"$T$=-0.62, $p$=0.55"
cat__NICS산업분류_N20305.운송인프라,1.0,9 (0.16%),0.01 ± 0.05,
cat__KSIC세분류_11차_H52940.화물 취급업,0.0,"5,491 (99.84%)",-0.00 ± 0.06,"$T$=-0.62, $p$=0.55"
cat__KSIC세분류_11차_H52940.화물 취급업,1.0,9 (0.16%),0.01 ± 0.05,
cat__NICS산업분류_N15104.금속과 채광,0.0,"5,221 (94.93%)",-0.00 ± 0.06,"$T$=-0.60, $p$=0.55"
cat__NICS산업분류_N15104.금속과 채광,1.0,279 (5.07%),-0.00 ± 0.05,
cat__KSIC중분류_11차_C22000.고무 및 플라스틱제품 제조업,0.0,"5,356 (97.38%)",-0.00 ± 0.06,"$T$=-0.60, $p$=0.55"
cat__KSIC중분류_11차_C22000.고무 및 플라스틱제품 제조업,1.0,144 (2.62%),0.00 ± 0.04,
cat__KSIC세분류_11차_C27210.측정_ 시험_ 항해_ 제어 및 기타 정밀 기기 제조업,0.0,"5,455 (99.18%)",-0.00 ± 0.06,"$T$=-0.60, $p$=0.55"
cat__KSIC세분류_11차_C27210.측정_ 시험_ 항해_ 제어 및 기타 정밀 기기 제조업,1.0,45 (0.82%),0.00 ± 0.07,
cat__KSIC소분류_11차_C27200.측정_ 시험_ 항해_ 제어 및 기타 정밀 기기 제조업,0.0,"5,455 (99.18%)",-0.00 ± 0.06,"$T$=-0.60, $p$=0.55"
cat__KSIC소분류_11차_C27200.측정_ 시험_ 항해_ 제어 및 기타 정밀 기기 제조업,1.0,45 (0.82%),0.00 ± 0.07,
cat__KSIC세분류_11차_C20490.그 외 기타 화학제품 제조업,0.0,"5,428 (98.69%)",-0.00 ± 0.06,"$T$=-0.60, $p$=0.55"
cat__KSIC세분류_11차_C20490.그 외 기타 화학제품 제조업,1.0,72 (1.31%),0.00 ± 0.06,
cat__NICS산업분류_N35000.헬스케어,0.0,"5,482 (99.67%)",-0.00 ± 0.06,"$T$=0.60, $p$=0.56"
cat__NICS산업분류_N35000.헬스케어,1.0,18 (0.33%),-0.02 ± 0.13,
cat__Scope2사업장간접자료출처_Exact Value from Annual Report/10K/Financial Accounts Disclosure,0.0,"5,483 (99.69%)",-0.00 ± 0.06,"$T$=-0.60, $p$=0.56"
cat__Scope2사업장간접자료출처_Exact Value from Annual Report/10K/Financial Accounts Disclosure,1.0,17 (0.31%),0.00 ± 0.03,
cat__Scope1자료출처_Value derived from fuel use provided in Annual Report/10K/Financial Accounts Disclosure,0.0,"5,493 (99.87%)",-0.00 ± 0.06,"$T$=-0.62, $p$=0.56"
cat__Scope1자료출처_Value derived from fuel use provided in Annual Report/10K/Financial Accounts Disclosure,1.0,7 (0.13%),0.00 ± 0.02,
cat__KSIC중분류_11차_P85000.교육 서비스업,0.0,"5,455 (99.18%)",-0.00 ± 0.06,"$T$=-0.59, $p$=0.56"
cat__KSIC중분류_11차_P85000.교육 서비스업,1.0,45 (0.82%),0.00 ± 0.04,
cat__KSIC대분류_11차_P00000.교육 서비스업(85),0.0,"5,455 (99.18%)",-0.00 ± 0.06,"$T$=-0.59, $p$=0.56"
cat__KSIC대분류_11차_P00000.교육 서비스업(85),1.0,45 (0.82%),0.00 ± 0.04,
cat__Scope1자료출처_Exact Value from Environmental/CSR,0.0,"5,477 (99.58%)",-0.00 ± 0.06,"$T$=-0.59, $p$=0.56"
cat__Scope1자료출처_Exact Value from Environmental/CSR,1.0,23 (0.42%),0.01 ± 0.09,
cat__KSIC세분류_11차_C24120.철강 압연_ 압출 및 연신제품 제조업,0.0,"5,446 (99.02%)",-0.00 ± 0.06,"$T$=-0.58, $p$=0.56"
cat__KSIC세분류_11차_C24120.철강 압연_ 압출 및 연신제품 제조업,1.0,54 (0.98%),0.00 ± 0.03,
cat__NICS산업분류_N30301.가정용품,0.0,"5,491 (99.84%)",-0.00 ± 0.06,"$T$=0.60, $p$=0.57"
cat__NICS산업분류_N30301.가정용품,1.0,9 (0.16%),-0.01 ± 0.02,
cat__KSIC대분류_11차_F00000.건설업(41~42),0.0,"5,322 (96.76%)",-0.00 ± 0.06,"$T$=-0.57, $p$=0.57"
cat__KSIC대분류_11차_F00000.건설업(41~42),1.0,178 (3.24%),-0.00 ± 0.04,
cat__KSIC세분류_11차_C10110.도축업,0.0,"5,491 (99.84%)",-0.00 ± 0.06,"$T$=-0.60, $p$=0.57"
cat__KSIC세분류_11차_C10110.도축업,1.0,9 (0.16%),0.00 ± 0.03,
cat__KSIC소분류_11차_C10100.도축_ 육류 가공 및 저장 처리업,0.0,"5,491 (99.84%)",-0.00 ± 0.06,"$T$=-0.60, $p$=0.57"
cat__KSIC소분류_11차_C10100.도축_ 육류 가공 및 저장 처리업,1.0,9 (0.16%),0.00 ± 0.03,
cat__Trucost산업_Life Sciences Tools and Services,0.0,"5,464 (99.35%)",-0.00 ± 0.06,"$T$=-0.57, $p$=0.57"
cat__Trucost산업_Life Sciences Tools and Services,1.0,36 (0.65%),0.01 ± 0.10,
missing__missingindicator_노동소득분배율,0.0,"1,781 (32.38%)",-0.00 ± 0.06,"$T$=-0.57, $p$=0.57"
missing__missingindicator_노동소득분배율,1.0,"3,719 (67.62%)",-0.00 ± 0.06,
missing__missingindicator_노동생산성,0.0,"1,778 (32.33%)",-0.00 ± 0.06,"$T$=-0.57, $p$=0.57"
missing__missingindicator_노동생산성,1.0,"3,722 (67.67%)",-0.00 ± 0.06,
cat__KSIC대분류_11차_M00000.전문_ 과학 및 기술 서비스업(70~73),0.0,"5,365 (97.55%)",-0.00 ± 0.06,"$T$=0.57, $p$=0.57"
cat__KSIC대분류_11차_M00000.전문_ 과학 및 기술 서비스업(70~73),1.0,135 (2.45%),-0.00 ± 0.06,
cat__KSIC세분류_11차_C29120.유압 기기 제조업,0.0,"5,491 (99.84%)",-0.00 ± 0.06,"$T$=-0.59, $p$=0.57"
cat__KSIC세분류_11차_C29120.유압 기기 제조업,1.0,9 (0.16%),0.00 ± 0.03,
cat__KSIC세분류_11차_J58110.서적 출판업,0.0,"5,473 (99.51%)",-0.00 ± 0.06,"$T$=0.57, $p$=0.57"
cat__KSIC세분류_11차_J58110.서적 출판업,1.0,27 (0.49%),-0.01 ± 0.10,
cat__KSIC소분류_11차_J58100.서적_ 잡지 및 기타 인쇄물 출판업,0.0,"5,473 (99.51%)",-0.00 ± 0.06,"$T$=0.57, $p$=0.57"
cat__KSIC소분류_11차_J58100.서적_ 잡지 및 기타 인쇄물 출판업,1.0,27 (0.49%),-0.01 ± 0.10,
cat__NICS산업분류_N35101.헬스케어 장비와 용품,0.0,"5,365 (97.55%)",-0.00 ± 0.06,"$T$=0.56, $p$=0.57"
cat__NICS산업분류_N35101.헬스케어 장비와 용품,1.0,135 (2.45%),-0.01 ± 0.07,
cat__KSIC세분류_11차_C30390.자동차용 기타 신품 부품 제조업,0.0,"5,401 (98.20%)",-0.00 ± 0.06,"$T$=-0.56, $p$=0.58"
cat__KSIC세분류_11차_C30390.자동차용 기타 신품 부품 제조업,1.0,99 (1.80%),0.00 ± 0.04,
cat__주식업종_QGS11P.종이·목재,0.0,"5,473 (99.51%)",-0.00 ± 0.06,"$T$=0.56, $p$=0.58"
cat__주식업종_QGS11P.종이·목재,1.0,27 (0.49%),-0.01 ± 0.04,
cat__NICS산업분류_N50000.통신서비스,0.0,"5,491 (99.84%)",-0.00 ± 0.06,"$T$=0.57, $p$=0.58"
cat__NICS산업분류_N50000.통신서비스,1.0,9 (0.16%),-0.01 ± 0.03,
cat__NICS산업분류_N25202.레저용 제품,0.0,"5,473 (99.51%)",-0.00 ± 0.06,"$T$=-0.55, $p$=0.59"
cat__NICS산업분류_N25202.레저용 제품,1.0,27 (0.49%),0.00 ± 0.03,
cat__주식업종_QGS17P.일반전기전자,0.0,"5,024 (91.35%)",-0.00 ± 0.06,"$T$=-0.54, $p$=0.59"
cat__주식업종_QGS17P.일반전기전자,1.0,476 (8.65%),-0.00 ± 0.06,
cat__Trucost산업_Pharmaceuticals,0.0,"5,140 (93.45%)",-0.00 ± 0.06,"$T$=0.53, $p$=0.59"
cat__Trucost산업_Pharmaceuticals,1.0,360 (6.55%),-0.00 ± 0.05,
missing__missingindicator_매출액순이익율,0.0,"5,472 (99.49%)",-0.00 ± 0.06,"$T$=-0.54, $p$=0.59"
missing__missingindicator_매출액순이익율,1.0,28 (0.51%),0.01 ± 0.09,
cat__KSIC세분류_11차_J61290.기타 전기 통신업,0.0,"5,491 (99.84%)",-0.00 ± 0.06,"$T$=0.55, $p$=0.59"
cat__KSIC세분류_11차_J61290.기타 전기 통신업,1.0,9 (0.16%),-0.02 ± 0.11,
cat__주식업종_QGS10P.섬유·의류,0.0,"5,473 (99.51%)",-0.00 ± 0.06,"$T$=-0.53, $p$=0.60"
cat__주식업종_QGS10P.섬유·의류,1.0,27 (0.49%),0.00 ± 0.06,
cat__KSIC세분류_11차_C26220.인쇄회로기판 및 전자부품 실장기판 제조업,0.0,"5,446 (99.02%)",-0.00 ± 0.06,"$T$=-0.52, $p$=0.60"
cat__KSIC세분류_11차_C26220.인쇄회로기판 및 전자부품 실장기판 제조업,1.0,54 (0.98%),0.00 ± 0.07,
cat__KSIC중분류_11차_C29000.기타 기계 및 장비 제조업,0.0,"5,088 (92.51%)",-0.00 ± 0.06,"$T$=0.51, $p$=0.61"
cat__KSIC중분류_11차_C29000.기타 기계 및 장비 제조업,1.0,412 (7.49%),-0.00 ± 0.07,
cat__NICS산업분류_N25400.미디어,0.0,"5,482 (99.67%)",-0.00 ± 0.06,"$T$=-0.51, $p$=0.61"
cat__NICS산업분류_N25400.미디어,1.0,18 (0.33%),0.00 ± 0.05,
cat__NICS산업분류_N35200.제약_ 생명공학 및 생명과학,0.0,"5,428 (98.69%)",-0.00 ± 0.06,"$T$=-0.50, $p$=0.62"
cat__NICS산업분류_N35200.제약_ 생명공학 및 생명과학,1.0,72 (1.31%),0.00 ± 0.05,
num__이자수익_연결,Mean ± SD,0.00 ± 1.00,-,"$r$=0.01, $p$=0.62"
cat__KSIC소분류_11차_C24200.1차 비철금속 제조업,0.0,"5,437 (98.85%)",-0.00 ± 0.06,"$T$=-0.49, $p$=0.62"
cat__KSIC소분류_11차_C24200.1차 비철금속 제조업,1.0,63 (1.15%),-0.00 ± 0.02,
num__종업원1인당인건비,Mean ± SD,0.00 ± 1.00,-,"$r$=0.01, $p$=0.63"
cat__NICS산업분류_N20302.항공사,0.0,"5,464 (99.35%)",-0.00 ± 0.06,"$T$=0.49, $p$=0.63"
cat__NICS산업분류_N20302.항공사,1.0,36 (0.65%),-0.01 ± 0.09,
cat__Scope2사업장간접자료출처_Value derived from data provided in Environmental/CSR,0.0,"5,176 (94.11%)",-0.00 ± 0.06,"$T$=0.48, $p$=0.63"
cat__Scope2사업장간접자료출처_Value derived from data provided in Environmental/CSR,1.0,324 (5.89%),-0.00 ± 0.05,
cat__Trucost산업_Electrical Equipment,0.0,"5,368 (97.60%)",-0.00 ± 0.06,"$T$=-0.48, $p$=0.63"
cat__Trucost산업_Electrical Equipment,1.0,132 (2.40%),0.00 ± 0.05,
cat__NICS산업분류_N25502.인터넷과 카탈로그 소매,0.0,"5,491 (99.84%)",-0.00 ± 0.06,"$T$=-0.50, $p$=0.63"
cat__NICS산업분류_N25502.인터넷과 카탈로그 소매,1.0,9 (0.16%),0.01 ± 0.06,
cat__NICS산업분류_N25500.소매,0.0,"5,473 (99.51%)",-0.00 ± 0.06,"$T$=-0.48, $p$=0.64"
cat__NICS산업분류_N25500.소매,1.0,27 (0.49%),0.00 ± 0.02,
cat__KSIC소분류_11차_C26400.통신 및 방송장비 제조업,0.0,"5,365 (97.55%)",-0.00 ± 0.06,"$T$=-0.47, $p$=0.64"
cat__KSIC소분류_11차_C26400.통신 및 방송장비 제조업,1.0,135 (2.45%),0.00 ± 0.06,
cat__KSIC세분류_11차_M73200.전문 디자인업,0.0,"5,491 (99.84%)",-0.00 ± 0.06,"$T$=-0.49, $p$=0.64"
cat__KSIC세분류_11차_M73200.전문 디자인업,1.0,9 (0.16%),0.00 ± 0.02,
cat__KSIC소분류_11차_M73200.전문 디자인업,0.0,"5,491 (99.84%)",-0.00 ± 0.06,"$T$=-0.49, $p$=0.64"
cat__KSIC소분류_11차_M73200.전문 디자인업,1.0,9 (0.16%),0.00 ± 0.02,
cat__Trucost산업_Construction Materials,0.0,"5,412 (98.40%)",-0.00 ± 0.06,"$T$=-0.47, $p$=0.64"
cat__Trucost산업_Construction Materials,1.0,88 (1.60%),0.00 ± 0.04,
cat__KSIC세분류_11차_F41120.비주거용 건물 건설업,0.0,"5,491 (99.84%)",-0.00 ± 0.06,"$T$=0.48, $p$=0.64"
cat__KSIC세분류_11차_F41120.비주거용 건물 건설업,1.0,9 (0.16%),-0.01 ± 0.04,
missing__missingindicator_매출원가_연결,0.0,"5,243 (95.33%)",-0.00 ± 0.06,"$T$=-0.47, $p$=0.64"
missing__missingindicator_매출원가_연결,1.0,257 (4.67%),0.00 ± 0.07,
cat__NICS산업분류_N50102.무선 전기통신 서비스,0.0,"5,473 (99.51%)",-0.00 ± 0.06,"$T$=0.47, $p$=0.64"
cat__NICS산업분류_N50102.무선 전기통신 서비스,1.0,27 (0.49%),-0.01 ± 0.06,
cat__NICS산업분류_N45301.반도체 및 반도체장비,0.0,"5,123 (93.15%)",-0.00 ± 0.06,"$T$=0.46, $p$=0.64"
cat__NICS산업분류_N45301.반도체 및 반도체장비,1.0,377 (6.85%),-0.00 ± 0.07,
cat__Scope2사업장간접자료출처_Value derived from data provided in CDP,0.0,"5,256 (95.56%)",-0.00 ± 0.06,"$T$=0.46, $p$=0.64"
cat__Scope2사업장간접자료출처_Value derived from data provided in CDP,1.0,244 (4.44%),-0.00 ± 0.06,
cat__KSIC소분류_11차_F41100.건물 건설업,0.0,"5,448 (99.05%)",-0.00 ± 0.06,"$T$=-0.46, $p$=0.65"
cat__KSIC소분류_11차_F41100.건물 건설업,1.0,52 (0.95%),0.00 ± 0.03,
cat__KSIC세분류_11차_C24130.철강관 제조업,0.0,"5,446 (99.02%)",-0.00 ± 0.06,"$T$=-0.46, $p$=0.65"
cat__KSIC세분류_11차_C24130.철강관 제조업,1.0,54 (0.98%),0.00 ± 0.06,
cat__KSIC세분류_11차_C30330.자동차용 신품 동력 전달장치 및 전기장치 제조업,0.0,"5,473 (99.51%)",-0.00 ± 0.06,"$T$=-0.46, $p$=0.65"
cat__KSIC세분류_11차_C30330.자동차용 신품 동력 전달장치 및 전기장치 제조업,1.0,27 (0.49%),0.00 ± 0.06,
cat__주식업종_KGS12P.건설업,0.0,"5,385 (97.91%)",-0.00 ± 0.06,"$T$=-0.46, $p$=0.65"
cat__주식업종_KGS12P.건설업,1.0,115 (2.09%),0.00 ± 0.04,
cat__KSIC중분류_11차_D35000.전기_ 가스_ 증기 및 공기 조절 공급업,0.0,"5,438 (98.87%)",-0.00 ± 0.06,"$T$=-0.45, $p$=0.65"
cat__KSIC중분류_11차_D35000.전기_ 가스_ 증기 및 공기 조절 공급업,1.0,62 (1.13%),0.00 ± 0.08,
cat__KSIC대분류_11차_D00000.전기_ 가스_ 증기 및 공기 조절 공급업(35),0.0,"5,438 (98.87%)",-0.00 ± 0.06,"$T$=-0.45, $p$=0.65"
cat__KSIC대분류_11차_D00000.전기_ 가스_ 증기 및 공기 조절 공급업(35),1.0,62 (1.13%),0.00 ± 0.08,
cat__주식업종_KGS20P.전기가스업,0.0,"5,438 (98.87%)",-0.00 ± 0.06,"$T$=-0.45, $p$=0.65"
cat__주식업종_KGS20P.전기가스업,1.0,62 (1.13%),0.00 ± 0.08,
missing__missingindicator_영업이익이자보상비율,0.0,"5,340 (97.09%)",-0.00 ± 0.06,"$T$=-0.45, $p$=0.65"
missing__missingindicator_영업이익이자보상비율,1.0,160 (2.91%),0.00 ± 0.07,
missing__missingindicator_EBITDA대금융비용,0.0,"5,340 (97.09%)",-0.00 ± 0.06,"$T$=-0.45, $p$=0.65"
missing__missingindicator_EBITDA대금융비용,1.0,160 (2.91%),0.00 ± 0.07,
cat__NICS산업분류_N30302.개인용품,0.0,"5,428 (98.69%)",-0.00 ± 0.06,"$T$=0.45, $p$=0.66"
cat__NICS산업분류_N30302.개인용품,1.0,72 (1.31%),-0.00 ± 0.06,
missing__missingindicator_KSIC중분류_EBITDA대매출액,0.0,"3,684 (66.98%)",-0.00 ± 0.06,"$T$=-0.45, $p$=0.66"
missing__missingindicator_KSIC중분류_EBITDA대매출액,1.0,"1,816 (33.02%)",-0.00 ± 0.06,
missing__missingindicator_KSIC대분류_EBITDA대매출액,0.0,"3,684 (66.98%)",-0.00 ± 0.06,"$T$=-0.45, $p$=0.66"
missing__missingindicator_KSIC대분류_EBITDA대매출액,1.0,"1,816 (33.02%)",-0.00 ± 0.06,
cat__주식업종_KGS06P.비금속광물,0.0,"5,421 (98.56%)",-0.00 ± 0.06,"$T$=-0.44, $p$=0.66"
cat__주식업종_KGS06P.비금속광물,1.0,79 (1.44%),-0.00 ± 0.03,
cat__Trucost산업_Household Durables,0.0,"5,410 (98.36%)",-0.00 ± 0.06,"$T$=-0.44, $p$=0.66"
cat__Trucost산업_Household Durables,1.0,90 (1.64%),0.00 ± 0.05,
cat__KSIC소분류_11차_J63100.자료 처리_ 호스팅_ 포털 및 기타 인터넷 정보 매개 서비스업,0.0,"5,455 (99.18%)",-0.00 ± 0.06,"$T$=-0.44, $p$=0.67"
cat__KSIC소분류_11차_J63100.자료 처리_ 호스팅_ 포털 및 기타 인터넷 정보 매개 서비스업,1.0,45 (0.82%),0.00 ± 0.05,
cat__KSIC세분류_11차_C28510.가정용 전기 기기 제조업,0.0,"5,491 (99.84%)",-0.00 ± 0.06,"$T$=-0.45, $p$=0.67"
cat__KSIC세분류_11차_C28510.가정용 전기 기기 제조업,1.0,9 (0.16%),0.01 ± 0.05,
cat__KSIC세분류_11차_M72110.건축 및 조경 설계 서비스업,0.0,"5,491 (99.84%)",-0.00 ± 0.06,"$T$=-0.45, $p$=0.67"
cat__KSIC세분류_11차_M72110.건축 및 조경 설계 서비스업,1.0,9 (0.16%),0.00 ± 0.04,
cat__KSIC세분류_11차_C20110.기초 유기화학 물질 제조업,0.0,"5,393 (98.05%)",-0.00 ± 0.06,"$T$=0.43, $p$=0.67"
cat__KSIC세분류_11차_C20110.기초 유기화학 물질 제조업,1.0,107 (1.95%),-0.00 ± 0.04,
cat__주식업종_QGS18P.의료·정밀기기,0.0,"5,338 (97.05%)",-0.00 ± 0.06,"$T$=0.43, $p$=0.67"
cat__주식업종_QGS18P.의료·정밀기기,1.0,162 (2.95%),-0.00 ± 0.08,
cat__KSIC소분류_11차_P85600.기타 교육기관,0.0,"5,482 (99.67%)",-0.00 ± 0.06,"$T$=-0.44, $p$=0.67"
cat__KSIC소분류_11차_P85600.기타 교육기관,1.0,18 (0.33%),0.00 ± 0.04,
cat__KSIC중분류_11차_C27000.의료_ 정밀_ 광학 기기 및 시계 제조업,0.0,"5,320 (96.73%)",-0.00 ± 0.06,"$T$=0.42, $p$=0.67"
cat__KSIC중분류_11차_C27000.의료_ 정밀_ 광학 기기 및 시계 제조업,1.0,180 (3.27%),-0.00 ± 0.08,
num__fe_Scope1_2_매출집약도__diff1,Mean ± SD,0.02 ± 0.44,-,"$r$=-0.01, $p$=0.67"
cat__KSIC세분류_11차_C23320.콘크리트_ 레미콘 및 기타 시멘트_ 플라스터 제품 제조업,0.0,"5,473 (99.51%)",-0.00 ± 0.06,"$T$=0.43, $p$=0.67"
cat__KSIC세분류_11차_C23320.콘크리트_ 레미콘 및 기타 시멘트_ 플라스터 제품 제조업,1.0,27 (0.49%),-0.00 ± 0.03,
cat__KSIC세분류_11차_C14190.기타 봉제의복 제조업,0.0,"5,464 (99.35%)",-0.00 ± 0.06,"$T$=-0.42, $p$=0.68"
cat__KSIC세분류_11차_C14190.기타 봉제의복 제조업,1.0,36 (0.65%),0.00 ± 0.06,
cat__KSIC소분류_11차_C25900.기타 금속 가공제품 제조업,0.0,"5,482 (99.67%)",-0.00 ± 0.06,"$T$=-0.42, $p$=0.68"
cat__KSIC소분류_11차_C25900.기타 금속 가공제품 제조업,1.0,18 (0.33%),0.00 ± 0.06,
cat__KSIC소분류_11차_C32000.가구 제조업,0.0,"5,482 (99.67%)",-0.00 ± 0.06,"$T$=-0.42, $p$=0.68"
cat__KSIC소분류_11차_C32000.가구 제조업,1.0,18 (0.33%),0.00 ± 0.03,
cat__KSIC세분류_11차_C32020.목재 가구 제조업,0.0,"5,482 (99.67%)",-0.00 ± 0.06,"$T$=-0.42, $p$=0.68"
cat__KSIC세분류_11차_C32020.목재 가구 제조업,1.0,18 (0.33%),0.00 ± 0.03,
cat__KSIC중분류_11차_C32000.가구 제조업,0.0,"5,482 (99.67%)",-0.00 ± 0.06,"$T$=-0.42, $p$=0.68"
cat__KSIC중분류_11차_C32000.가구 제조업,1.0,18 (0.33%),0.00 ± 0.03,
num__기말시가총액,Mean ± SD,0.00 ± 1.00,-,"$r$=-0.01, $p$=0.68"
cat__KSIC소분류_11차_C20400.기타 화학제품 제조업,0.0,"5,275 (95.91%)",-0.00 ± 0.06,"$T$=-0.41, $p$=0.68"
cat__KSIC소분류_11차_C20400.기타 화학제품 제조업,1.0,225 (4.09%),-0.00 ± 0.05,
cat__KSIC소분류_11차_C23300.시멘트_ 석회_ 플라스터 및 그 제품 제조업,0.0,"5,439 (98.89%)",-0.00 ± 0.06,"$T$=-0.41, $p$=0.68"
cat__KSIC소분류_11차_C23300.시멘트_ 석회_ 플라스터 및 그 제품 제조업,1.0,61 (1.11%),0.00 ± 0.04,
num__기말시가총액_보통주우선주,Mean ± SD,0.00 ± 1.00,-,"$r$=-0.01, $p$=0.68"
num__fe_signed_log1p_기부금_원__diff1,Mean ± SD,0.04 ± 0.73,-,"$r$=-0.01, $p$=0.68"
cat__KSIC세분류_11차_C27190.기타 의료용 기기 제조업,0.0,"5,401 (98.20%)",-0.00 ± 0.06,"$T$=0.41, $p$=0.68"
cat__KSIC세분류_11차_C27190.기타 의료용 기기 제조업,1.0,99 (1.80%),-0.01 ± 0.08,
cat__NICS산업분류_N20201.상업서비스와 공급품,0.0,"5,455 (99.18%)",-0.00 ± 0.06,"$T$=0.41, $p$=0.69"
cat__NICS산업분류_N20201.상업서비스와 공급품,1.0,45 (0.82%),-0.01 ± 0.07,
num__노동생산성__diff1,Mean ± SD,0.01 ± 0.91,-,"$r$=-0.01, $p$=0.69"
cat__KSIC중분류_11차_C24000.1차 금속 제조업,0.0,"5,284 (96.07%)",-0.00 ± 0.06,"$T$=-0.40, $p$=0.69"
cat__KSIC중분류_11차_C24000.1차 금속 제조업,1.0,216 (3.93%),-0.00 ± 0.04,
cat__Scope2사업장간접보고추정구분_산출값,0.0,"4,788 (87.05%)",-0.00 ± 0.06,"$T$=0.39, $p$=0.70"
cat__Scope2사업장간접보고추정구분_산출값,1.0,712 (12.95%),-0.00 ± 0.06,
cat__KSIC세분류_11차_C21230.동물용 의약품 제조업,0.0,"5,491 (99.84%)",-0.00 ± 0.06,"$T$=-0.40, $p$=0.70"
cat__KSIC세분류_11차_C21230.동물용 의약품 제조업,1.0,9 (0.16%),0.01 ± 0.11,
cat__KSIC세분류_11차_C29210.농업 및 임업용 기계 제조업,0.0,"5,491 (99.84%)",-0.00 ± 0.06,"$T$=-0.40, $p$=0.70"
cat__KSIC세분류_11차_C29210.농업 및 임업용 기계 제조업,1.0,9 (0.16%),0.00 ± 0.03,
cat__KSIC세분류_11차_P85500.일반 교습학원,0.0,"5,473 (99.51%)",-0.00 ± 0.06,"$T$=-0.39, $p$=0.70"
cat__KSIC세분류_11차_P85500.일반 교습학원,1.0,27 (0.49%),0.00 ± 0.03,
cat__KSIC소분류_11차_P85500.일반 교습학원,0.0,"5,473 (99.51%)",-0.00 ± 0.06,"$T$=-0.39, $p$=0.70"
cat__KSIC소분류_11차_P85500.일반 교습학원,1.0,27 (0.49%),0.00 ± 0.03,
cat__KSIC세분류_11차_N76320.컴퓨터 및 사무용 기계ㆍ장비 임대업,0.0,"5,491 (99.84%)",-0.00 ± 0.06,"$T$=0.40, $p$=0.70"
cat__KSIC세분류_11차_N76320.컴퓨터 및 사무용 기계ㆍ장비 임대업,1.0,9 (0.16%),-0.01 ± 0.09,
cat__KSIC소분류_11차_N76300.산업용 기계 및 장비 임대업,0.0,"5,491 (99.84%)",-0.00 ± 0.06,"$T$=0.40, $p$=0.70"
cat__KSIC소분류_11차_N76300.산업용 기계 및 장비 임대업,1.0,9 (0.16%),-0.01 ± 0.09,
num__fe_재고자산비중__diff1,Mean ± SD,0.02 ± 0.40,-,"$r$=-0.01, $p$=0.70"
cat__KSIC세분류_11차_C20200.합성고무 및 플라스틱 물질 제조업,0.0,"5,429 (98.71%)",-0.00 ± 0.06,"$T$=0.38, $p$=0.71"
cat__KSIC세분류_11차_C20200.합성고무 및 플라스틱 물질 제조업,1.0,71 (1.29%),-0.00 ± 0.06,
cat__KSIC소분류_11차_C20200.합성고무 및 플라스틱 물질 제조업,0.0,"5,429 (98.71%)",-0.00 ± 0.06,"$T$=0.38, $p$=0.71"
cat__KSIC소분류_11차_C20200.합성고무 및 플라스틱 물질 제조업,1.0,71 (1.29%),-0.00 ± 0.06,
cat__KSIC세분류_11차_G46410.생활용 섬유제품_ 의복_ 의복 액세서리 및 모피제품 도매업,0.0,"5,464 (99.35%)",-0.00 ± 0.06,"$T$=-0.38, $p$=0.71"
cat__KSIC세분류_11차_G46410.생활용 섬유제품_ 의복_ 의복 액세서리 및 모피제품 도매업,1.0,36 (0.65%),0.00 ± 0.05,
cat__Trucost산업_Technology Hardware_ Storage and Peripherals,0.0,"5,455 (99.18%)",-0.00 ± 0.06,"$T$=0.38, $p$=0.71"
cat__Trucost산업_Technology Hardware_ Storage and Peripherals,1.0,45 (0.82%),-0.01 ± 0.08,
cat__Trucost산업_Health Care Providers and Services,0.0,"5,491 (99.84%)",-0.00 ± 0.06,"$T$=0.39, $p$=0.71"
cat__Trucost산업_Health Care Providers and Services,1.0,9 (0.16%),-0.01 ± 0.05,
num__Scope2사업장간접배출량_tCO2e,Mean ± SD,-0.00 ± 1.00,-,"$r$=0.01, $p$=0.71"
missing__missingindicator_환경등급,0.0,"2,379 (43.25%)",-0.00 ± 0.05,"$T$=0.37, $p$=0.71"
missing__missingindicator_환경등급,1.0,"3,121 (56.75%)",-0.00 ± 0.06,
cat__KSIC세분류_11차_Missing,0.0,"5,385 (97.91%)",-0.00 ± 0.06,"$T$=-0.37, $p$=0.71"
cat__KSIC세분류_11차_Missing,1.0,115 (2.09%),-0.00 ± 0.04,
cat__NICS산업분류_N45201.통신장비,0.0,"5,347 (97.22%)",-0.00 ± 0.06,"$T$=0.37, $p$=0.71"
cat__NICS산업분류_N45201.통신장비,1.0,153 (2.78%),-0.00 ± 0.07,
cat__KSIC소분류_11차_G46400.생활용품 도매업,0.0,"5,455 (99.18%)",-0.00 ± 0.06,"$T$=-0.37, $p$=0.72"
cat__KSIC소분류_11차_G46400.생활용품 도매업,1.0,45 (0.82%),0.00 ± 0.04,
num__fe_배출권_부족비율,Mean ± SD,0.00 ± 1.00,-,"$r$=0.00, $p$=0.72"
cat__KSIC중분류_11차_C28000.전기장비 제조업,0.0,"5,305 (96.45%)",-0.00 ± 0.06,"$T$=-0.36, $p$=0.72"
cat__KSIC중분류_11차_C28000.전기장비 제조업,1.0,195 (3.55%),-0.00 ± 0.05,
cat__KSIC세분류_11차_E38230.건설 폐기물 처리업,0.0,"5,491 (99.84%)",-0.00 ± 0.06,"$T$=-0.37, $p$=0.72"
cat__KSIC세분류_11차_E38230.건설 폐기물 처리업,1.0,9 (0.16%),0.00 ± 0.05,
cat__KSIC중분류_11차_C15000.가죽_ 가방 및 신발 제조업,0.0,"5,482 (99.67%)",-0.00 ± 0.06,"$T$=-0.36, $p$=0.72"
cat__KSIC중분류_11차_C15000.가죽_ 가방 및 신발 제조업,1.0,18 (0.33%),0.00 ± 0.05,
cat__주식업종_QGS19P.운송장비·부품,0.0,"5,383 (97.87%)",-0.00 ± 0.06,"$T$=0.35, $p$=0.73"
cat__주식업종_QGS19P.운송장비·부품,1.0,117 (2.13%),-0.00 ± 0.07,
cat__KSIC세분류_11차_C20410.잉크_ 페인트_ 코팅제 및 유사제품 제조업,0.0,"5,464 (99.35%)",-0.00 ± 0.06,"$T$=-0.35, $p$=0.73"
cat__KSIC세분류_11차_C20410.잉크_ 페인트_ 코팅제 및 유사제품 제조업,1.0,36 (0.65%),-0.00 ± 0.02,
cat__KSIC소분류_11차_F42400.실내건축 및 건축마무리 공사업,0.0,"5,491 (99.84%)",-0.00 ± 0.06,"$T$=-0.35, $p$=0.73"
cat__KSIC소분류_11차_F42400.실내건축 및 건축마무리 공사업,1.0,9 (0.16%),0.00 ± 0.03,
cat__KSIC세분류_11차_F42410.도장_ 도배 및 내장 공사업,0.0,"5,491 (99.84%)",-0.00 ± 0.06,"$T$=-0.35, $p$=0.73"
cat__KSIC세분류_11차_F42410.도장_ 도배 및 내장 공사업,1.0,9 (0.16%),0.00 ± 0.03,
cat__KSIC세분류_11차_C17210.골판지 및 골판지 가공제품 제조업,0.0,"5,473 (99.51%)",-0.00 ± 0.06,"$T$=-0.34, $p$=0.73"
cat__KSIC세분류_11차_C17210.골판지 및 골판지 가공제품 제조업,1.0,27 (0.49%),0.00 ± 0.04,
cat__KSIC중분류_11차_C25000.금속 가공제품 제조업,0.0,"5,428 (98.69%)",-0.00 ± 0.06,"$T$=-0.34, $p$=0.73"
cat__KSIC중분류_11차_C25000.금속 가공제품 제조업,1.0,72 (1.31%),0.00 ± 0.07,
cat__Scope2사업장간접자료출처_Value summed up from data provided in Environmental/CSR,0.0,"5,428 (98.69%)",-0.00 ± 0.06,"$T$=0.34, $p$=0.74"
cat__Scope2사업장간접자료출처_Value summed up from data provided in Environmental/CSR,1.0,72 (1.31%),-0.00 ± 0.07,
cat__Scope2사업장간접자료출처_Exact Value from Environmental/CSR,0.0,"5,440 (98.91%)",-0.00 ± 0.06,"$T$=-0.34, $p$=0.74"
cat__Scope2사업장간접자료출처_Exact Value from Environmental/CSR,1.0,60 (1.09%),0.00 ± 0.08,
cat__KSIC세분류_11차_C17220.종이 포대_ 판지 상자 및 종이 용기 제조업,0.0,"5,491 (99.84%)",-0.00 ± 0.06,"$T$=0.34, $p$=0.74"
cat__KSIC세분류_11차_C17220.종이 포대_ 판지 상자 및 종이 용기 제조업,1.0,9 (0.16%),-0.01 ± 0.04,
cat__KSIC세분류_11차_G47110.대형 종합 소매업,0.0,"5,455 (99.18%)",-0.00 ± 0.06,"$T$=0.33, $p$=0.74"
cat__KSIC세분류_11차_G47110.대형 종합 소매업,1.0,45 (0.82%),-0.00 ± 0.03,
cat__KSIC중분류_11차_C16000.목재 및 나무제품 제조업,0.0,"5,482 (99.67%)",-0.00 ± 0.06,"$T$=0.33, $p$=0.74"
cat__KSIC중분류_11차_C16000.목재 및 나무제품 제조업,1.0,18 (0.33%),-0.00 ± 0.03,
cat__KSIC소분류_11차_C16200.나무제품 제조업,0.0,"5,482 (99.67%)",-0.00 ± 0.06,"$T$=0.33, $p$=0.74"
cat__KSIC소분류_11차_C16200.나무제품 제조업,1.0,18 (0.33%),-0.00 ± 0.03,
cat__KSIC세분류_11차_C16210.박판_ 합판 및 강화 목제품 제조업,0.0,"5,482 (99.67%)",-0.00 ± 0.06,"$T$=0.33, $p$=0.74"
cat__KSIC세분류_11차_C16210.박판_ 합판 및 강화 목제품 제조업,1.0,18 (0.33%),-0.00 ± 0.03,
cat__KSIC세분류_11차_C23220.비내화 일반 도자기 제조업,0.0,"5,491 (99.84%)",-0.00 ± 0.06,"$T$=-0.34, $p$=0.74"
cat__KSIC세분류_11차_C23220.비내화 일반 도자기 제조업,1.0,9 (0.16%),-0.00 ± 0.01,
cat__KSIC중분류_11차_C20000.화학 물질 및 화학제품 제조업,0.0,"4,968 (90.33%)",-0.00 ± 0.06,"$T$=0.32, $p$=0.75"
cat__KSIC중분류_11차_C20000.화학 물질 및 화학제품 제조업,1.0,532 (9.67%),-0.00 ± 0.05,
num__fe_Scope1_2_tCO2e,Mean ± SD,-0.00 ± 1.00,-,"$r$=0.00, $p$=0.75"
num__자본집약도_종업원1인당,Mean ± SD,0.00 ± 1.00,-,"$r$=0.00, $p$=0.75"
cat__Scope1자료출처_Estimate based on partial data disclosure in Environmental/CSR,0.0,"5,491 (99.84%)",-0.00 ± 0.06,"$T$=-0.33, $p$=0.75"
cat__Scope1자료출처_Estimate based on partial data disclosure in Environmental/CSR,1.0,9 (0.16%),0.00 ± 0.02,
cat__NICS산업분류_N35201.생물공학,0.0,"5,446 (99.02%)",-0.00 ± 0.06,"$T$=-0.32, $p$=0.75"
cat__NICS산업분류_N35201.생물공학,1.0,54 (0.98%),0.00 ± 0.09,
cat__NICS산업분류_N45203.전자장비와 기기_ 부품,0.0,"5,186 (94.29%)",-0.00 ± 0.06,"$T$=-0.32, $p$=0.75"
cat__NICS산업분류_N45203.전자장비와 기기_ 부품,1.0,314 (5.71%),-0.00 ± 0.07,
cat__KSIC소분류_11차_C15200.신발 및 신발 부분품 제조업,0.0,"5,491 (99.84%)",-0.00 ± 0.06,"$T$=-0.33, $p$=0.75"
cat__KSIC소분류_11차_C15200.신발 및 신발 부분품 제조업,1.0,9 (0.16%),0.00 ± 0.02,
cat__KSIC세분류_11차_C15220.신발 부분품 제조업,0.0,"5,491 (99.84%)",-0.00 ± 0.06,"$T$=-0.33, $p$=0.75"
cat__KSIC세분류_11차_C15220.신발 부분품 제조업,1.0,9 (0.16%),0.00 ± 0.02,
cat__KSIC세분류_11차_C26410.유선 통신장비 제조업,0.0,"5,473 (99.51%)",-0.00 ± 0.06,"$T$=-0.31, $p$=0.76"
cat__KSIC세분류_11차_C26410.유선 통신장비 제조업,1.0,27 (0.49%),0.00 ± 0.08,
cat__KSIC소분류_11차_C31300.항공기_ 우주선 및 부품 제조업,0.0,"5,455 (99.18%)",-0.00 ± 0.06,"$T$=0.31, $p$=0.76"
cat__KSIC소분류_11차_C31300.항공기_ 우주선 및 부품 제조업,1.0,45 (0.82%),-0.01 ± 0.09,
cat__KSIC세분류_11차_G46710.연료_ 연료용 광물 및 관련제품 도매업,0.0,"5,464 (99.35%)",-0.00 ± 0.06,"$T$=-0.31, $p$=0.76"
cat__KSIC세분류_11차_G46710.연료_ 연료용 광물 및 관련제품 도매업,1.0,36 (0.65%),-0.00 ± 0.03,
cat__KSIC세분류_11차_J59140.영화 및 비디오물 상영업,0.0,"5,491 (99.84%)",-0.00 ± 0.06,"$T$=-0.31, $p$=0.76"
cat__KSIC세분류_11차_J59140.영화 및 비디오물 상영업,1.0,9 (0.16%),0.01 ± 0.12,
cat__NICS산업분류_N45202.기술하드웨어_ 스토리지 & 주변기기,0.0,"5,473 (99.51%)",-0.00 ± 0.06,"$T$=-0.30, $p$=0.76"
cat__NICS산업분류_N45202.기술하드웨어_ 스토리지 & 주변기기,1.0,27 (0.49%),0.00 ± 0.03,
cat__Scope1자료출처_Value summed up from data provided in Annual Report/10K/Financial Accounts Disclosure,0.0,"5,497 (99.95%)",-0.00 ± 0.06,"$T$=-0.34, $p$=0.77"
cat__Scope1자료출처_Value summed up from data provided in Annual Report/10K/Financial Accounts Disclosure,1.0,3 (0.05%),0.00 ± 0.02,
cat__KSIC세분류_11차_N76290.기타 개인 및 가정용품 임대업,0.0,"5,492 (99.85%)",-0.00 ± 0.06,"$T$=-0.31, $p$=0.77"
cat__KSIC세분류_11차_N76290.기타 개인 및 가정용품 임대업,1.0,8 (0.15%),0.01 ± 0.09,
cat__KSIC소분류_11차_N76200.개인 및 가정용품 임대업,0.0,"5,492 (99.85%)",-0.00 ± 0.06,"$T$=-0.31, $p$=0.77"
cat__KSIC소분류_11차_N76200.개인 및 가정용품 임대업,1.0,8 (0.15%),0.01 ± 0.09,
cat__NICS산업분류_N30300.가정 및 개인용품,0.0,"5,492 (99.85%)",-0.00 ± 0.06,"$T$=-0.31, $p$=0.77"
cat__NICS산업분류_N30300.가정 및 개인용품,1.0,8 (0.15%),0.01 ± 0.09,
cat__KSIC소분류_11차_C31900.그 외 기타 운송장비 제조업,0.0,"5,482 (99.67%)",-0.00 ± 0.06,"$T$=-0.30, $p$=0.77"
cat__KSIC소분류_11차_C31900.그 외 기타 운송장비 제조업,1.0,18 (0.33%),0.01 ± 0.12,
cat__KSIC소분류_11차_G47200.음ㆍ식료품 및 담배 소매업,0.0,"5,491 (99.84%)",-0.00 ± 0.06,"$T$=0.30, $p$=0.77"
cat__KSIC소분류_11차_G47200.음ㆍ식료품 및 담배 소매업,1.0,9 (0.16%),-0.01 ± 0.11,
cat__KSIC세분류_11차_G47220.가공식품 소매업,0.0,"5,491 (99.84%)",-0.00 ± 0.06,"$T$=0.30, $p$=0.77"
cat__KSIC세분류_11차_G47220.가공식품 소매업,1.0,9 (0.16%),-0.01 ± 0.11,
cat__Scope2사업장간접자료출처_Value split from data provided in Annual Report/10K/Financial Accounts Disclosure,0.0,"5,459 (99.25%)",-0.00 ± 0.06,"$T$=-0.29, $p$=0.77"
cat__Scope2사업장간접자료출처_Value split from data provided in Annual Report/10K/Financial Accounts Disclosure,1.0,41 (0.75%),0.00 ± 0.06,
cat__Scope1자료출처_Value split from data provided in Annual Report/10K/Financial Accounts Disclosure,0.0,"5,459 (99.25%)",-0.00 ± 0.06,"$T$=-0.29, $p$=0.77"
cat__Scope1자료출처_Value split from data provided in Annual Report/10K/Financial Accounts Disclosure,1.0,41 (0.75%),0.00 ± 0.06,
cat__NICS산업분류_N25401.미디어,0.0,"5,329 (96.89%)",-0.00 ± 0.06,"$T$=-0.28, $p$=0.78"
cat__NICS산업분류_N25401.미디어,1.0,171 (3.11%),-0.00 ± 0.08,
num__Scope1직접배출량_tCO2e,Mean ± SD,0.00 ± 1.00,-,"$r$=0.00, $p$=0.78"
cat__Trucost산업_Entertainment,0.0,"5,275 (95.91%)",-0.00 ± 0.06,"$T$=0.28, $p$=0.78"
cat__Trucost산업_Entertainment,1.0,225 (4.09%),-0.00 ± 0.09,
num__재고자산계_연결,Mean ± SD,0.00 ± 1.00,-,"$r$=0.00, $p$=0.78"
cat__NICS산업분류_N15101.화학,0.0,"5,040 (91.64%)",-0.00 ± 0.06,"$T$=0.28, $p$=0.78"
cat__NICS산업분류_N15101.화학,1.0,460 (8.36%),-0.00 ± 0.05,
cat__KSIC소분류_11차_C30400.자동차 재제조 부품 제조업,0.0,"5,491 (99.84%)",-0.00 ± 0.06,"$T$=-0.28, $p$=0.78"
cat__KSIC소분류_11차_C30400.자동차 재제조 부품 제조업,1.0,9 (0.16%),-0.00 ± 0.01,
cat__KSIC세분류_11차_C30400.자동차 재제조 부품 제조업,0.0,"5,491 (99.84%)",-0.00 ± 0.06,"$T$=-0.28, $p$=0.78"
cat__KSIC세분류_11차_C30400.자동차 재제조 부품 제조업,1.0,9 (0.16%),-0.00 ± 0.01,
cat__KSIC세분류_11차_D35120.송전 및 배전업,0.0,"5,491 (99.84%)",-0.00 ± 0.06,"$T$=0.28, $p$=0.78"
cat__KSIC세분류_11차_D35120.송전 및 배전업,1.0,9 (0.16%),-0.02 ± 0.15,
cat__NICS산업분류_N55101.전기 유틸리티,0.0,"5,491 (99.84%)",-0.00 ± 0.06,"$T$=0.28, $p$=0.78"
cat__NICS산업분류_N55101.전기 유틸리티,1.0,9 (0.16%),-0.02 ± 0.15,
cat__Trucost산업_Oil_ Gas and Consumable Fuels,0.0,"5,446 (99.02%)",-0.00 ± 0.06,"$T$=-0.27, $p$=0.79"
cat__Trucost산업_Oil_ Gas and Consumable Fuels,1.0,54 (0.98%),-0.00 ± 0.04,
cat__KSIC대분류_11차_S00000.협회 및 단체_ 수리 및 기타 개인 서비스업(94~96),0.0,"5,491 (99.84%)",-0.00 ± 0.06,"$T$=0.28, $p$=0.79"
cat__KSIC대분류_11차_S00000.협회 및 단체_ 수리 및 기타 개인 서비스업(94~96),1.0,9 (0.16%),-0.01 ± 0.05,
cat__KSIC소분류_11차_S96900.그 외 기타 개인 서비스업,0.0,"5,491 (99.84%)",-0.00 ± 0.06,"$T$=0.28, $p$=0.79"
cat__KSIC소분류_11차_S96900.그 외 기타 개인 서비스업,1.0,9 (0.16%),-0.01 ± 0.05,
cat__KSIC세분류_11차_S96990.그 외 기타 분류 안된 개인 서비스업,0.0,"5,491 (99.84%)",-0.00 ± 0.06,"$T$=0.28, $p$=0.79"
cat__KSIC세분류_11차_S96990.그 외 기타 분류 안된 개인 서비스업,1.0,9 (0.16%),-0.01 ± 0.05,
cat__KSIC중분류_11차_S96000.기타 개인 서비스업,0.0,"5,491 (99.84%)",-0.00 ± 0.06,"$T$=0.28, $p$=0.79"
cat__KSIC중분류_11차_S96000.기타 개인 서비스업,1.0,9 (0.16%),-0.01 ± 0.05,
num__Scope3협력사간접배출량_tCO2e,Mean ± SD,0.00 ± 1.00,-,"$r$=0.00, $p$=0.79"
cat__KSIC소분류_11차_C26500.영상 및 음향 기기 제조업,0.0,"5,455 (99.18%)",-0.00 ± 0.06,"$T$=-0.27, $p$=0.79"
cat__KSIC소분류_11차_C26500.영상 및 음향 기기 제조업,1.0,45 (0.82%),0.00 ± 0.07,
cat__KSIC세분류_11차_C26420.방송 및 무선 통신장비 제조업,0.0,"5,401 (98.20%)",-0.00 ± 0.06,"$T$=-0.27, $p$=0.79"
cat__KSIC세분류_11차_C26420.방송 및 무선 통신장비 제조업,1.0,99 (1.80%),-0.00 ± 0.06,
num__자본총계_연결,Mean ± SD,0.00 ± 1.00,-,"$r$=0.00, $p$=0.80"
cat__KSIC세분류_11차_C22290.기타 플라스틱 제품 제조업,0.0,"5,464 (99.35%)",-0.00 ± 0.06,"$T$=-0.26, $p$=0.80"
cat__KSIC세분류_11차_C22290.기타 플라스틱 제품 제조업,1.0,36 (0.65%),-0.00 ± 0.04,
cat__NICS산업분류_N45200.기술 하드웨어 및 장비,0.0,"5,491 (99.84%)",-0.00 ± 0.06,"$T$=-0.27, $p$=0.80"
cat__NICS산업분류_N45200.기술 하드웨어 및 장비,1.0,9 (0.16%),0.01 ± 0.10,
cat__KSIC세분류_11차_J60210.지상파 방송업,0.0,"5,491 (99.84%)",-0.00 ± 0.06,"$T$=0.26, $p$=0.80"
cat__KSIC세분류_11차_J60210.지상파 방송업,1.0,9 (0.16%),-0.01 ± 0.06,
cat__KSIC소분류_11차_M72100.건축 기술_ 엔지니어링 및 관련 기술 서비스업,0.0,"5,455 (99.18%)",-0.00 ± 0.06,"$T$=-0.26, $p$=0.80"
cat__KSIC소분류_11차_M72100.건축 기술_ 엔지니어링 및 관련 기술 서비스업,1.0,45 (0.82%),0.00 ± 0.07,
cat__KSIC중분류_11차_M72000.건축 기술_ 엔지니어링 및 기타 과학기술 서비스업,0.0,"5,455 (99.18%)",-0.00 ± 0.06,"$T$=-0.26, $p$=0.80"
cat__KSIC중분류_11차_M72000.건축 기술_ 엔지니어링 및 기타 과학기술 서비스업,1.0,45 (0.82%),0.00 ± 0.07,
cat__주식업종_KGS04P.화학,0.0,"4,995 (90.82%)",-0.00 ± 0.06,"$T$=0.25, $p$=0.80"
cat__주식업종_KGS04P.화학,1.0,505 (9.18%),-0.00 ± 0.05,
cat__KSIC세분류_11차_F41110.주거용 건물 건설업,0.0,"5,484 (99.71%)",-0.00 ± 0.06,"$T$=-0.26, $p$=0.80"
cat__KSIC세분류_11차_F41110.주거용 건물 건설업,1.0,16 (0.29%),0.00 ± 0.04,
cat__주식업종_QGS14P.비금속,0.0,"5,464 (99.35%)",-0.00 ± 0.06,"$T$=0.25, $p$=0.80"
cat__주식업종_QGS14P.비금속,1.0,36 (0.65%),-0.00 ± 0.05,
cat__KSIC소분류_11차_C15100.가죽_ 가방 및 유사 제품 제조업,0.0,"5,491 (99.84%)",-0.00 ± 0.06,"$T$=-0.26, $p$=0.80"
cat__KSIC소분류_11차_C15100.가죽_ 가방 및 유사 제품 제조업,1.0,9 (0.16%),0.00 ± 0.07,
cat__KSIC세분류_11차_C15110.모피 및 가죽 제조업,0.0,"5,491 (99.84%)",-0.00 ± 0.06,"$T$=-0.26, $p$=0.80"
cat__KSIC세분류_11차_C15110.모피 및 가죽 제조업,1.0,9 (0.16%),0.00 ± 0.07,
cat__KSIC세분류_11차_C28200.일차전지 및 이차전지 제조업,0.0,"5,428 (98.69%)",-0.00 ± 0.06,"$T$=-0.25, $p$=0.80"
cat__KSIC세분류_11차_C28200.일차전지 및 이차전지 제조업,1.0,72 (1.31%),-0.00 ± 0.05,
cat__KSIC소분류_11차_C28200.일차전지 및 이차전지 제조업,0.0,"5,428 (98.69%)",-0.00 ± 0.06,"$T$=-0.25, $p$=0.80"
cat__KSIC소분류_11차_C28200.일차전지 및 이차전지 제조업,1.0,72 (1.31%),-0.00 ± 0.05,
num__매출대비온실가스직접외부비용비율_pct__lag1,Mean ± SD,-0.03 ± 0.96,-,"$r$=0.00, $p$=0.80"
cat__Trucost산업_Containers and Packaging,0.0,"5,464 (99.35%)",-0.00 ± 0.06,"$T$=0.25, $p$=0.81"
cat__Trucost산업_Containers and Packaging,1.0,36 (0.65%),-0.00 ± 0.03,
cat__KSIC세분류_11차_C28120.전기 공급 및 제어장치 제조업,0.0,"5,455 (99.18%)",-0.00 ± 0.06,"$T$=0.25, $p$=0.81"
cat__KSIC세분류_11차_C28120.전기 공급 및 제어장치 제조업,1.0,45 (0.82%),-0.00 ± 0.06,
cat__KSIC소분류_11차_C24100.1차 철강 제조업,0.0,"5,347 (97.22%)",-0.00 ± 0.06,"$T$=-0.24, $p$=0.81"
cat__KSIC소분류_11차_C24100.1차 철강 제조업,1.0,153 (2.78%),-0.00 ± 0.04,
cat__KSIC소분류_11차_D35100.전기업,0.0,"5,482 (99.67%)",-0.00 ± 0.06,"$T$=0.25, $p$=0.81"
cat__KSIC소분류_11차_D35100.전기업,1.0,18 (0.33%),-0.01 ± 0.11,
num__fe_Scope3_매출집약도__diff1,Mean ± SD,-0.03 ± 0.45,-,"$r$=-0.00, $p$=0.81"
cat__KSIC중분류_11차_H51000.항공 운송업,0.0,"5,473 (99.51%)",-0.00 ± 0.06,"$T$=0.24, $p$=0.81"
cat__KSIC중분류_11차_H51000.항공 운송업,1.0,27 (0.49%),-0.01 ± 0.10,
cat__KSIC소분류_11차_H51100.항공 여객 운송업,0.0,"5,473 (99.51%)",-0.00 ± 0.06,"$T$=0.24, $p$=0.81"
cat__KSIC소분류_11차_H51100.항공 여객 운송업,1.0,27 (0.49%),-0.01 ± 0.10,
cat__KSIC세분류_11차_H51100.항공 여객 운송업,0.0,"5,473 (99.51%)",-0.00 ± 0.06,"$T$=0.24, $p$=0.81"
cat__KSIC세분류_11차_H51100.항공 여객 운송업,1.0,27 (0.49%),-0.01 ± 0.10,
cat__Trucost산업_Passenger Airlines,0.0,"5,473 (99.51%)",-0.00 ± 0.06,"$T$=0.24, $p$=0.81"
cat__Trucost산업_Passenger Airlines,1.0,27 (0.49%),-0.01 ± 0.10,
num__온실가스직접외부비용_백만USD,Mean ± SD,0.00 ± 1.00,-,"$r$=0.00, $p$=0.81"
cat__KSIC세분류_11차_C22240.기계장비 조립용 플라스틱제품 제조업,0.0,"5,491 (99.84%)",-0.00 ± 0.06,"$T$=-0.24, $p$=0.82"
cat__KSIC세분류_11차_C22240.기계장비 조립용 플라스틱제품 제조업,1.0,9 (0.16%),-0.00 ± 0.02,
cat__KSIC세분류_11차_C23990.그 외 기타 비금속 광물제품 제조업,0.0,"5,473 (99.51%)",-0.00 ± 0.06,"$T$=0.23, $p$=0.82"
cat__KSIC세분류_11차_C23990.그 외 기타 비금속 광물제품 제조업,1.0,27 (0.49%),-0.00 ± 0.05,
cat__KSIC소분류_11차_C23900.기타 비금속 광물제품 제조업,0.0,"5,473 (99.51%)",-0.00 ± 0.06,"$T$=0.23, $p$=0.82"
cat__KSIC소분류_11차_C23900.기타 비금속 광물제품 제조업,1.0,27 (0.49%),-0.00 ± 0.05,
cat__NICS산업분류_N25201.가정용 내구재,0.0,"5,428 (98.69%)",-0.00 ± 0.06,"$T$=-0.23, $p$=0.82"
cat__NICS산업분류_N25201.가정용 내구재,1.0,72 (1.31%),-0.00 ± 0.06,
cat__KSIC세분류_11차_J61220.무선 및 위성 통신업,0.0,"5,473 (99.51%)",-0.00 ± 0.06,"$T$=0.23, $p$=0.82"
cat__KSIC세분류_11차_J61220.무선 및 위성 통신업,1.0,27 (0.49%),-0.00 ± 0.01,
cat__KSIC소분류_11차_C26100.반도체 제조업,0.0,"5,356 (97.38%)",-0.00 ± 0.06,"$T$=-0.22, $p$=0.82"
cat__KSIC소분류_11차_C26100.반도체 제조업,1.0,144 (2.62%),-0.00 ± 0.07,
cat__KSIC세분류_11차_C10890.기타 식료품 제조업,0.0,"5,473 (99.51%)",-0.00 ± 0.06,"$T$=0.22, $p$=0.83"
cat__KSIC세분류_11차_C10890.기타 식료품 제조업,1.0,27 (0.49%),-0.00 ± 0.03,
cat__Trucost산업_Diversified Telecommunication Services,0.0,"5,464 (99.35%)",-0.00 ± 0.06,"$T$=0.22, $p$=0.83"
cat__Trucost산업_Diversified Telecommunication Services,1.0,36 (0.65%),-0.00 ± 0.03,
cat__KSIC세분류_11차_C22110.고무 타이어 및 튜브 제조업,0.0,"5,464 (99.35%)",-0.00 ± 0.06,"$T$=0.21, $p$=0.84"
cat__KSIC세분류_11차_C22110.고무 타이어 및 튜브 제조업,1.0,36 (0.65%),-0.00 ± 0.05,
cat__Trucost산업_Electric Utilities,0.0,"5,473 (99.51%)",-0.00 ± 0.06,"$T$=0.21, $p$=0.84"
cat__Trucost산업_Electric Utilities,1.0,27 (0.49%),-0.01 ± 0.11,
num__매출대비온실가스직접외부비용비율_pct__diff1,Mean ± SD,0.03 ± 0.41,-,"$r$=-0.00, $p$=0.84"
cat__KSIC세분류_11차_G47130.면세점,0.0,"5,491 (99.84%)",-0.00 ± 0.06,"$T$=-0.21, $p$=0.84"
cat__KSIC세분류_11차_G47130.면세점,1.0,9 (0.16%),0.00 ± 0.04,
cat__KSIC세분류_11차_C26110.전자집적회로 제조업,0.0,"5,455 (99.18%)",-0.00 ± 0.06,"$T$=-0.20, $p$=0.84"
cat__KSIC세분류_11차_C26110.전자집적회로 제조업,1.0,45 (0.82%),-0.00 ± 0.06,
cat__KSIC소분류_11차_F42300.전기 및 통신 공사업,0.0,"5,473 (99.51%)",-0.00 ± 0.06,"$T$=0.20, $p$=0.84"
cat__KSIC소분류_11차_F42300.전기 및 통신 공사업,1.0,27 (0.49%),-0.00 ± 0.03,
cat__KSIC세분류_11차_F42310.전기 공사업,0.0,"5,473 (99.51%)",-0.00 ± 0.06,"$T$=0.20, $p$=0.84"
cat__KSIC세분류_11차_F42310.전기 공사업,1.0,27 (0.49%),-0.00 ± 0.03,
cat__KSIC소분류_11차_C23200.내화_ 비내화 요업제품 제조업,0.0,"5,482 (99.67%)",-0.00 ± 0.06,"$T$=-0.20, $p$=0.85"
cat__KSIC소분류_11차_C23200.내화_ 비내화 요업제품 제조업,1.0,18 (0.33%),-0.00 ± 0.02,
cat__Scope1자료출처_Value derived from data provided in Environmental/CSR,0.0,"5,258 (95.60%)",-0.00 ± 0.06,"$T$=-0.19, $p$=0.85"
cat__Scope1자료출처_Value derived from data provided in Environmental/CSR,1.0,242 (4.40%),-0.00 ± 0.05,
cat__Trucost산업_Interactive Media and Services,0.0,"5,473 (99.51%)",-0.00 ± 0.06,"$T$=-0.19, $p$=0.85"
cat__Trucost산업_Interactive Media and Services,1.0,27 (0.49%),0.00 ± 0.05,
missing__missingindicator_사회등급,0.0,"2,447 (44.49%)",-0.00 ± 0.05,"$T$=-0.19, $p$=0.85"
missing__missingindicator_사회등급,1.0,"3,053 (55.51%)",-0.00 ± 0.06,
cat__NICS산업분류_N25503.복합소매,0.0,"5,456 (99.20%)",-0.00 ± 0.06,"$T$=0.19, $p$=0.85"
cat__NICS산업분류_N25503.복합소매,1.0,44 (0.80%),-0.00 ± 0.02,
num__지배기업소유주지분_연결,Mean ± SD,0.00 ± 1.00,-,"$r$=0.00, $p$=0.85"
cat__KSIC중분류_11차_G47000.소매업,0.0,"5,384 (97.89%)",-0.00 ± 0.06,"$T$=0.18, $p$=0.86"
cat__KSIC중분류_11차_G47000.소매업,1.0,116 (2.11%),-0.00 ± 0.04,
cat__KSIC소분류_11차_C28100.전동기_ 발전기 및 전기 변환ㆍ공급ㆍ제어 장치 제조업,0.0,"5,431 (98.75%)",-0.00 ± 0.06,"$T$=-0.17, $p$=0.86"
cat__KSIC소분류_11차_C28100.전동기_ 발전기 및 전기 변환ㆍ공급ㆍ제어 장치 제조업,1.0,69 (1.25%),-0.00 ± 0.05,
cat__KSIC소분류_11차_C22100.고무제품 제조업,0.0,"5,455 (99.18%)",-0.00 ± 0.06,"$T$=0.17, $p$=0.86"
cat__KSIC소분류_11차_C22100.고무제품 제조업,1.0,45 (0.82%),-0.00 ± 0.05,
cat__KSIC세분류_11차_J62010.컴퓨터 프로그래밍 서비스업,0.0,"5,456 (99.20%)",-0.00 ± 0.06,"$T$=-0.17, $p$=0.87"
cat__KSIC세분류_11차_J62010.컴퓨터 프로그래밍 서비스업,1.0,44 (0.80%),-0.00 ± 0.03,
cat__KSIC세분류_11차_C31110.선박 및 수상 부유 구조물 건조업,0.0,"5,491 (99.84%)",-0.00 ± 0.06,"$T$=-0.17, $p$=0.87"
cat__KSIC세분류_11차_C31110.선박 및 수상 부유 구조물 건조업,1.0,9 (0.16%),0.01 ± 0.14,
cat__KSIC소분류_11차_C31100.선박 및 보트 건조업,0.0,"5,491 (99.84%)",-0.00 ± 0.06,"$T$=-0.17, $p$=0.87"
cat__KSIC소분류_11차_C31100.선박 및 보트 건조업,1.0,9 (0.16%),0.01 ± 0.14,
cat__KSIC세분류_11차_C29150.산업용 오븐_ 노 및 노용 버너 제조업,0.0,"5,491 (99.84%)",-0.00 ± 0.06,"$T$=-0.17, $p$=0.87"
cat__KSIC세분류_11차_C29150.산업용 오븐_ 노 및 노용 버너 제조업,1.0,9 (0.16%),-0.00 ± 0.03,
cat__KSIC세분류_11차_C26210.표시장치 제조업,0.0,"5,482 (99.67%)",-0.00 ± 0.06,"$T$=0.17, $p$=0.87"
cat__KSIC세분류_11차_C26210.표시장치 제조업,1.0,18 (0.33%),-0.00 ± 0.08,
num__fe_배출권_잠재탄소비용_원__diff1,Mean ± SD,-0.01 ± 0.77,-,"$r$=0.00, $p$=0.87"
cat__KSIC소분류_11차_C17200.골판지_ 종이 상자 및 종이 용기 제조업,0.0,"5,464 (99.35%)",-0.00 ± 0.06,"$T$=-0.16, $p$=0.87"
cat__KSIC소분류_11차_C17200.골판지_ 종이 상자 및 종이 용기 제조업,1.0,36 (0.65%),-0.00 ± 0.04,
num__fe_Scope1_2_매출집약도__lag1,Mean ± SD,-0.02 ± 0.97,-,"$r$=0.00, $p$=0.88"
cat__KSIC세분류_11차_C25930.날붙이_ 수공구 및 일반 철물 제조업,0.0,"5,491 (99.84%)",-0.00 ± 0.06,"$T$=0.16, $p$=0.88"
cat__KSIC세분류_11차_C25930.날붙이_ 수공구 및 일반 철물 제조업,1.0,9 (0.16%),-0.00 ± 0.06,
num__매출대비온실가스직접외부비용비율_pct,Mean ± SD,0.00 ± 1.00,-,"$r$=0.00, $p$=0.88"
cat__KSIC중분류_11차_C23000.비금속 광물제품 제조업,0.0,"5,385 (97.91%)",-0.00 ± 0.06,"$T$=-0.15, $p$=0.88"
cat__KSIC중분류_11차_C23000.비금속 광물제품 제조업,1.0,115 (2.09%),-0.00 ± 0.04,
cat__Scope2사업장간접자료출처_Extrapolated from prior year,0.0,"5,332 (96.95%)",-0.00 ± 0.06,"$T$=-0.15, $p$=0.88"
cat__Scope2사업장간접자료출처_Extrapolated from prior year,1.0,168 (3.05%),-0.00 ± 0.05,
cat__Scope2사업장간접보고추정구분_외삽값,0.0,"5,332 (96.95%)",-0.00 ± 0.06,"$T$=-0.15, $p$=0.88"
cat__Scope2사업장간접보고추정구분_외삽값,1.0,168 (3.05%),-0.00 ± 0.05,
cat__KSIC세분류_11차_C22220.건축용 플라스틱제품 제조업,0.0,"5,491 (99.84%)",-0.00 ± 0.06,"$T$=-0.15, $p$=0.88"
cat__KSIC세분류_11차_C22220.건축용 플라스틱제품 제조업,1.0,9 (0.16%),-0.00 ± 0.02,
cat__KSIC세분류_11차_C26120.다이오드_ 트랜지스터 및 유사 반도체 소자 제조업,0.0,"5,401 (98.20%)",-0.00 ± 0.06,"$T$=-0.15, $p$=0.88"
cat__KSIC세분류_11차_C26120.다이오드_ 트랜지스터 및 유사 반도체 소자 제조업,1.0,99 (1.80%),-0.00 ± 0.08,
cat__Scope1자료출처_Exact Value from Annual Report/10K/Financial Accounts Disclosure,0.0,"5,498 (99.96%)",-0.00 ± 0.06,"$T$=0.19, $p$=0.88"
cat__Scope1자료출처_Exact Value from Annual Report/10K/Financial Accounts Disclosure,1.0,2 (0.04%),-0.00 ± 0.02,
cat__Scope1자료출처_Value split from data provided in CDP,0.0,"5,497 (99.95%)",-0.00 ± 0.06,"$T$=-0.17, $p$=0.88"
cat__Scope1자료출처_Value split from data provided in CDP,1.0,3 (0.05%),0.00 ± 0.05,
cat__Scope2사업장간접자료출처_Value split from data provided in CDP,0.0,"5,497 (99.95%)",-0.00 ± 0.06,"$T$=-0.17, $p$=0.88"
cat__Scope2사업장간접자료출처_Value split from data provided in CDP,1.0,3 (0.05%),0.00 ± 0.05,
cat__KSIC소분류_11차_C20500.화학섬유 제조업,0.0,"5,459 (99.25%)",-0.00 ± 0.06,"$T$=0.15, $p$=0.88"
cat__KSIC소분류_11차_C20500.화학섬유 제조업,1.0,41 (0.75%),-0.00 ± 0.05,
cat__KSIC세분류_11차_C20500.화학섬유 제조업,0.0,"5,459 (99.25%)",-0.00 ± 0.06,"$T$=0.15, $p$=0.88"
cat__KSIC세분류_11차_C20500.화학섬유 제조업,1.0,41 (0.75%),-0.00 ± 0.05,
num__fe_Scope2_매출집약도,Mean ± SD,0.00 ± 1.00,-,"$r$=-0.00, $p$=0.88"
cat__Scope1보고추정구분_외삽값,0.0,"5,322 (96.76%)",-0.00 ± 0.06,"$T$=-0.14, $p$=0.89"
cat__Scope1보고추정구분_외삽값,1.0,178 (3.24%),-0.00 ± 0.04,
cat__Scope1자료출처_Extrapolated from prior year,0.0,"5,322 (96.76%)",-0.00 ± 0.06,"$T$=-0.14, $p$=0.89"
cat__Scope1자료출처_Extrapolated from prior year,1.0,178 (3.24%),-0.00 ± 0.04,
cat__Trucost산업_Distributors,0.0,"5,482 (99.67%)",-0.00 ± 0.06,"$T$=-0.15, $p$=0.89"
cat__Trucost산업_Distributors,1.0,18 (0.33%),0.00 ± 0.05,
cat__Trucost산업_Leisure Products,0.0,"5,473 (99.51%)",-0.00 ± 0.06,"$T$=0.14, $p$=0.89"
cat__Trucost산업_Leisure Products,1.0,27 (0.49%),-0.00 ± 0.04,
cat__KSIC소분류_11차_G47100.종합 소매업,0.0,"5,429 (98.71%)",-0.00 ± 0.06,"$T$=-0.14, $p$=0.89"
cat__KSIC소분류_11차_G47100.종합 소매업,1.0,71 (1.29%),-0.00 ± 0.03,
cat__KSIC세분류_11차_M72120.엔지니어링 서비스업,0.0,"5,464 (99.35%)",-0.00 ± 0.06,"$T$=-0.13, $p$=0.89"
cat__KSIC세분류_11차_M72120.엔지니어링 서비스업,1.0,36 (0.65%),-0.00 ± 0.07,
cat__KSIC소분류_11차_Missing,0.0,"5,473 (99.51%)",-0.00 ± 0.06,"$T$=0.13, $p$=0.90"
cat__KSIC소분류_11차_Missing,1.0,27 (0.49%),-0.00 ± 0.05,
cat__KSIC세분류_11차_C31320.항공기용 엔진 및 부품 제조업,0.0,"5,473 (99.51%)",-0.00 ± 0.06,"$T$=-0.13, $p$=0.90"
cat__KSIC세분류_11차_C31320.항공기용 엔진 및 부품 제조업,1.0,27 (0.49%),0.00 ± 0.10,
cat__KSIC세분류_11차_C22190.기타 고무제품 제조업,0.0,"5,491 (99.84%)",-0.00 ± 0.06,"$T$=-0.14, $p$=0.90"
cat__KSIC세분류_11차_C22190.기타 고무제품 제조업,1.0,9 (0.16%),-0.00 ± 0.02,
cat__주식업종_KGS07P.철강및금속,0.0,"5,320 (96.73%)",-0.00 ± 0.06,"$T$=0.13, $p$=0.90"
cat__주식업종_KGS07P.철강및금속,1.0,180 (3.27%),-0.00 ± 0.04,
cat__KSIC세분류_11차_M70110.자연과학 연구개발업,0.0,"5,491 (99.84%)",-0.00 ± 0.06,"$T$=0.13, $p$=0.90"
cat__KSIC세분류_11차_M70110.자연과학 연구개발업,1.0,9 (0.16%),-0.01 ± 0.13,
cat__KSIC소분류_11차_M70100.자연과학 및 공학 연구개발업,0.0,"5,491 (99.84%)",-0.00 ± 0.06,"$T$=0.13, $p$=0.90"
cat__KSIC소분류_11차_M70100.자연과학 및 공학 연구개발업,1.0,9 (0.16%),-0.01 ± 0.13,
cat__KSIC중분류_11차_M70000.연구개발업,0.0,"5,491 (99.84%)",-0.00 ± 0.06,"$T$=0.13, $p$=0.90"
cat__KSIC중분류_11차_M70000.연구개발업,1.0,9 (0.16%),-0.01 ± 0.13,
cat__KSIC세분류_11차_J63120.포털 및 기타 인터넷 정보 매개 서비스업,0.0,"5,464 (99.35%)",-0.00 ± 0.06,"$T$=0.13, $p$=0.90"
cat__KSIC세분류_11차_J63120.포털 및 기타 인터넷 정보 매개 서비스업,1.0,36 (0.65%),-0.00 ± 0.06,
cat__NICS산업분류_N20101.우주항공과 국방,0.0,"5,482 (99.67%)",-0.00 ± 0.06,"$T$=-0.13, $p$=0.90"
cat__NICS산업분류_N20101.우주항공과 국방,1.0,18 (0.33%),0.00 ± 0.10,
cat__KSIC세분류_11차_C29160.산업용 트럭_ 승강기 및 물품 취급장비 제조업,0.0,"5,482 (99.67%)",-0.00 ± 0.06,"$T$=-0.13, $p$=0.90"
cat__KSIC세분류_11차_C29160.산업용 트럭_ 승강기 및 물품 취급장비 제조업,1.0,18 (0.33%),0.00 ± 0.10,
cat__KSIC세분류_11차_C11200.비알코올 음료 및 얼음 제조업,0.0,"5,491 (99.84%)",-0.00 ± 0.06,"$T$=-0.13, $p$=0.90"
cat__KSIC세분류_11차_C11200.비알코올 음료 및 얼음 제조업,1.0,9 (0.16%),-0.00 ± 0.02,
cat__KSIC소분류_11차_C11200.비알코올 음료 및 얼음 제조업,0.0,"5,491 (99.84%)",-0.00 ± 0.06,"$T$=-0.13, $p$=0.90"
cat__KSIC소분류_11차_C11200.비알코올 음료 및 얼음 제조업,1.0,9 (0.16%),-0.00 ± 0.02,
cat__KSIC소분류_11차_J59200.오디오물 출판 및 원판 녹음업,0.0,"5,473 (99.51%)",-0.00 ± 0.06,"$T$=0.12, $p$=0.91"
cat__KSIC소분류_11차_J59200.오디오물 출판 및 원판 녹음업,1.0,27 (0.49%),-0.00 ± 0.05,
cat__KSIC세분류_11차_J59200.오디오물 출판 및 원판 녹음업,0.0,"5,473 (99.51%)",-0.00 ± 0.06,"$T$=0.12, $p$=0.91"
cat__KSIC세분류_11차_J59200.오디오물 출판 및 원판 녹음업,1.0,27 (0.49%),-0.00 ± 0.05,
cat__KSIC세분류_11차_F42200.건물설비 설치 공사업,0.0,"5,482 (99.67%)",-0.00 ± 0.06,"$T$=-0.12, $p$=0.91"
cat__KSIC세분류_11차_F42200.건물설비 설치 공사업,1.0,18 (0.33%),-0.00 ± 0.02,
cat__KSIC소분류_11차_F42200.건물설비 설치 공사업,0.0,"5,482 (99.67%)",-0.00 ± 0.06,"$T$=-0.12, $p$=0.91"
cat__KSIC소분류_11차_F42200.건물설비 설치 공사업,1.0,18 (0.33%),-0.00 ± 0.02,
cat__KSIC중분류_11차_F42000.전문직별 공사업,0.0,"5,428 (98.69%)",-0.00 ± 0.06,"$T$=-0.12, $p$=0.91"
cat__KSIC중분류_11차_F42000.전문직별 공사업,1.0,72 (1.31%),-0.00 ± 0.04,
cat__주식업종_QGS13P.화학,0.0,"5,302 (96.40%)",-0.00 ± 0.06,"$T$=-0.11, $p$=0.91"
cat__주식업종_QGS13P.화학,1.0,198 (3.60%),-0.00 ± 0.06,
num__fe_배출권_총할당량,Mean ± SD,0.00 ± 1.00,-,"$r$=0.00, $p$=0.91"
cat__KSIC세분류_11차_C29290.기타 특수 목적용 기계 제조업,0.0,"5,428 (98.69%)",-0.00 ± 0.06,"$T$=0.11, $p$=0.91"
cat__KSIC세분류_11차_C29290.기타 특수 목적용 기계 제조업,1.0,72 (1.31%),-0.00 ± 0.06,
cat__KSIC세분류_11차_F42120.기반조성 관련 전문공사업,0.0,"5,482 (99.67%)",-0.00 ± 0.06,"$T$=-0.11, $p$=0.91"
cat__KSIC세분류_11차_F42120.기반조성 관련 전문공사업,1.0,18 (0.33%),-0.00 ± 0.06,
cat__KSIC소분류_11차_F42100.기반조성 및 시설물 축조관련 전문공사업,0.0,"5,482 (99.67%)",-0.00 ± 0.06,"$T$=-0.11, $p$=0.91"
cat__KSIC소분류_11차_F42100.기반조성 및 시설물 축조관련 전문공사업,1.0,18 (0.33%),-0.00 ± 0.06,
cat__KSIC소분류_11차_C23100.유리 및 유리제품 제조업,0.0,"5,491 (99.84%)",-0.00 ± 0.06,"$T$=0.12, $p$=0.91"
cat__KSIC소분류_11차_C23100.유리 및 유리제품 제조업,1.0,9 (0.16%),-0.00 ± 0.02,
cat__KSIC세분류_11차_C23120.산업용 유리 제조업,0.0,"5,491 (99.84%)",-0.00 ± 0.06,"$T$=0.12, $p$=0.91"
cat__KSIC세분류_11차_C23120.산업용 유리 제조업,1.0,9 (0.16%),-0.00 ± 0.02,
missing__missingindicator_ESG등급,0.0,"2,297 (41.76%)",-0.00 ± 0.06,"$T$=-0.11, $p$=0.92"
missing__missingindicator_ESG등급,1.0,"3,203 (58.24%)",-0.00 ± 0.06,
cat__NICS산업분류_N15102.건축자재,0.0,"5,448 (99.05%)",-0.00 ± 0.06,"$T$=-0.11, $p$=0.92"
cat__NICS산업분류_N15102.건축자재,1.0,52 (0.95%),-0.00 ± 0.04,
cat__KSIC세분류_11차_R91240.사행시설 관리 및 운영업,0.0,"5,473 (99.51%)",-0.00 ± 0.06,"$T$=-0.11, $p$=0.92"
cat__KSIC세분류_11차_R91240.사행시설 관리 및 운영업,1.0,27 (0.49%),0.00 ± 0.12,
cat__KSIC대분류_11차_R00000.예술_ 스포츠 및 여가관련 서비스업(90~91),0.0,"5,473 (99.51%)",-0.00 ± 0.06,"$T$=-0.11, $p$=0.92"
cat__KSIC대분류_11차_R00000.예술_ 스포츠 및 여가관련 서비스업(90~91),1.0,27 (0.49%),0.00 ± 0.12,
cat__KSIC중분류_11차_R91000.스포츠 및 오락관련 서비스업,0.0,"5,473 (99.51%)",-0.00 ± 0.06,"$T$=-0.11, $p$=0.92"
cat__KSIC중분류_11차_R91000.스포츠 및 오락관련 서비스업,1.0,27 (0.49%),0.00 ± 0.12,
cat__KSIC소분류_11차_R91200.유원지 및 기타 오락관련 서비스업,0.0,"5,473 (99.51%)",-0.00 ± 0.06,"$T$=-0.11, $p$=0.92"
cat__KSIC소분류_11차_R91200.유원지 및 기타 오락관련 서비스업,1.0,27 (0.49%),0.00 ± 0.12,
cat__KSIC세분류_11차_G46590.기타 기계 및 장비 도매업,0.0,"5,474 (99.53%)",-0.00 ± 0.06,"$T$=-0.10, $p$=0.92"
cat__KSIC세분류_11차_G46590.기타 기계 및 장비 도매업,1.0,26 (0.47%),-0.00 ± 0.07,
cat__KSIC소분류_11차_G46500.기계장비 및 관련 물품 도매업,0.0,"5,474 (99.53%)",-0.00 ± 0.06,"$T$=-0.10, $p$=0.92"
cat__KSIC소분류_11차_G46500.기계장비 및 관련 물품 도매업,1.0,26 (0.47%),-0.00 ± 0.07,
cat__KSIC세분류_11차_C26520.오디오_ 스피커 및 기타 음향 기기 제조업,0.0,"5,482 (99.67%)",-0.00 ± 0.06,"$T$=0.10, $p$=0.92"
cat__KSIC세분류_11차_C26520.오디오_ 스피커 및 기타 음향 기기 제조업,1.0,18 (0.33%),-0.00 ± 0.10,
num__배출권_인증배출량_tCO2eq,Mean ± SD,0.00 ± 1.00,-,"$r$=0.00, $p$=0.92"
cat__KSIC소분류_11차_C25100.구조용 금속제품_ 탱크 및 증기발생기 제조업,0.0,"5,455 (99.18%)",-0.00 ± 0.06,"$T$=-0.09, $p$=0.93"
cat__KSIC소분류_11차_C25100.구조용 금속제품_ 탱크 및 증기발생기 제조업,1.0,45 (0.82%),-0.00 ± 0.08,
cat__KSIC세분류_11차_C25110.구조용 금속제품 제조업,0.0,"5,455 (99.18%)",-0.00 ± 0.06,"$T$=-0.09, $p$=0.93"
cat__KSIC세분류_11차_C25110.구조용 금속제품 제조업,1.0,45 (0.82%),-0.00 ± 0.08,
cat__주식업종_QGS09P.음식료·담배,0.0,"5,420 (98.55%)",-0.00 ± 0.06,"$T$=-0.09, $p$=0.93"
cat__주식업종_QGS09P.음식료·담배,1.0,80 (1.45%),-0.00 ± 0.03,
cat__KSIC세분류_11차_C31990.그 외 기타 분류 안된 운송장비 제조업,0.0,"5,491 (99.84%)",-0.00 ± 0.06,"$T$=0.09, $p$=0.93"
cat__KSIC세분류_11차_C31990.그 외 기타 분류 안된 운송장비 제조업,1.0,9 (0.16%),-0.01 ± 0.16,
cat__KSIC중분류_11차_C19000.코크스_ 연탄 및 석유정제품 제조업,0.0,"5,482 (99.67%)",-0.00 ± 0.06,"$T$=-0.09, $p$=0.93"
cat__KSIC중분류_11차_C19000.코크스_ 연탄 및 석유정제품 제조업,1.0,18 (0.33%),-0.00 ± 0.05,
cat__KSIC소분류_11차_C19200.석유 정제품 제조업,0.0,"5,482 (99.67%)",-0.00 ± 0.06,"$T$=-0.09, $p$=0.93"
cat__KSIC소분류_11차_C19200.석유 정제품 제조업,1.0,18 (0.33%),-0.00 ± 0.05,
cat__NICS산업분류_N30200.음식료 및 담배,0.0,"5,482 (99.67%)",-0.00 ± 0.06,"$T$=0.09, $p$=0.93"
cat__NICS산업분류_N30200.음식료 및 담배,1.0,18 (0.33%),-0.00 ± 0.08,
cat__KSIC세분류_11차_C29170.냉각_ 공기 조화_ 여과_ 증류 및 가스 발생기 제조업,0.0,"5,482 (99.67%)",-0.00 ± 0.06,"$T$=0.09, $p$=0.93"
cat__KSIC세분류_11차_C29170.냉각_ 공기 조화_ 여과_ 증류 및 가스 발생기 제조업,1.0,18 (0.33%),-0.00 ± 0.05,
num__fe_Scope1_매출집약도,Mean ± SD,0.00 ± 1.00,-,"$r$=0.00, $p$=0.94"
cat__NICS산업분류_N45101.인터넷소프트웨어 및 서비스,0.0,"5,437 (98.85%)",-0.00 ± 0.06,"$T$=-0.08, $p$=0.94"
cat__NICS산업분류_N45101.인터넷소프트웨어 및 서비스,1.0,63 (1.15%),-0.00 ± 0.05,
cat__Trucost산업_Health Care Technology,0.0,"5,473 (99.51%)",-0.00 ± 0.06,"$T$=-0.08, $p$=0.94"
cat__Trucost산업_Health Care Technology,1.0,27 (0.49%),-0.00 ± 0.06,
num__지배구조등급,-2.396100471181411,243 (4.42%),-0.00 ± 0.06,"$F$=0.25, $p$=0.94"
num__지배구조등급,-1.2795578471453386,583 (10.60%),0.00 ± 0.05,
num__지배구조등급,-0.1630152231092664,"3,308 (60.15%)",-0.00 ± 0.06,
num__지배구조등급,0.9535274009268058,905 (16.45%),-0.00 ± 0.06,
num__지배구조등급,2.070070024962878,416 (7.56%),-0.00 ± 0.06,
num__지배구조등급,3.18661264899895,45 (0.82%),0.00 ± 0.04,
cat__NICS산업분류_N20102.건축 제품,0.0,"5,419 (98.53%)",-0.00 ± 0.06,"$T$=-0.08, $p$=0.94"
cat__NICS산업분류_N20102.건축 제품,1.0,81 (1.47%),-0.00 ± 0.02,
missing__missingindicator_경매_평균가격_원_tCO2eq,0.0,"4,292 (78.04%)",-0.00 ± 0.06,"$T$=-0.08, $p$=0.94"
missing__missingindicator_경매_평균가격_원_tCO2eq,1.0,"1,208 (21.96%)",-0.00 ± 0.05,
cat__KSIC세분류_11차_C22230.포장용 플라스틱제품 제조업,0.0,"5,482 (99.67%)",-0.00 ± 0.06,"$T$=0.08, $p$=0.94"
cat__KSIC세분류_11차_C22230.포장용 플라스틱제품 제조업,1.0,18 (0.33%),-0.00 ± 0.02,
cat__Trucost산업_Wireless Telecommunication Services,0.0,"5,491 (99.84%)",-0.00 ± 0.06,"$T$=-0.08, $p$=0.94"
cat__Trucost산업_Wireless Telecommunication Services,1.0,9 (0.16%),-0.00 ± 0.02,
num__fe_시장지배력__diff1,Mean ± SD,-0.00 ± 0.29,-,"$r$=-0.00, $p$=0.94"
cat__Scope1보고추정구분_산출값,0.0,"5,037 (91.58%)",-0.00 ± 0.06,"$T$=-0.07, $p$=0.94"
cat__Scope1보고추정구분_산출값,1.0,463 (8.42%),-0.00 ± 0.05,
cat__KSIC중분류_11차_N76000.임대업,0.0,"5,483 (99.69%)",-0.00 ± 0.06,"$T$=0.07, $p$=0.94"
cat__KSIC중분류_11차_N76000.임대업,1.0,17 (0.31%),-0.00 ± 0.09,
num__fe_배출권_조정후할당량,Mean ± SD,0.00 ± 1.00,-,"$r$=0.00, $p$=0.94"
cat__KSIC세분류_11차_C13100.방적 및 가공사 제조업,0.0,"5,491 (99.84%)",-0.00 ± 0.06,"$T$=-0.07, $p$=0.94"
cat__KSIC세분류_11차_C13100.방적 및 가공사 제조업,1.0,9 (0.16%),-0.00 ± 0.05,
cat__KSIC소분류_11차_C13100.방적 및 가공사 제조업,0.0,"5,491 (99.84%)",-0.00 ± 0.06,"$T$=-0.07, $p$=0.94"
cat__KSIC소분류_11차_C13100.방적 및 가공사 제조업,1.0,9 (0.16%),-0.00 ± 0.05,
cat__KSIC세분류_11차_C10830.조미료 및 식품 첨가물 제조업,0.0,"5,491 (99.84%)",-0.00 ± 0.06,"$T$=0.06, $p$=0.95"
cat__KSIC세분류_11차_C10830.조미료 및 식품 첨가물 제조업,1.0,9 (0.16%),-0.00 ± 0.04,
cat__KSIC세분류_11차_C23210.내화 요업제품 제조업,0.0,"5,491 (99.84%)",-0.00 ± 0.06,"$T$=-0.06, $p$=0.95"
cat__KSIC세분류_11차_C23210.내화 요업제품 제조업,1.0,9 (0.16%),-0.00 ± 0.03,
num__배출권_에너지사용량_TJ,Mean ± SD,0.00 ± 1.00,-,"$r$=0.00, $p$=0.96"
cat__KSIC세분류_11차_J58220.시스템ㆍ응용 소프트웨어 개발 및 공급업,0.0,"5,365 (97.55%)",-0.00 ± 0.06,"$T$=-0.05, $p$=0.96"
cat__KSIC세분류_11차_J58220.시스템ㆍ응용 소프트웨어 개발 및 공급업,1.0,135 (2.45%),-0.00 ± 0.06,
num__fe_시장지배력,Mean ± SD,-0.00 ± 1.00,-,"$r$=-0.00, $p$=0.96"
cat__Trucost산업_Personal Care Products,0.0,"5,338 (97.05%)",-0.00 ± 0.06,"$T$=-0.05, $p$=0.96"
cat__Trucost산업_Personal Care Products,1.0,162 (2.95%),-0.00 ± 0.06,
cat__KSIC세분류_11차_P85630.외국어학원 및 기타 교습학원,0.0,"5,491 (99.84%)",-0.00 ± 0.06,"$T$=-0.05, $p$=0.96"
cat__KSIC세분류_11차_P85630.외국어학원 및 기타 교습학원,1.0,9 (0.16%),-0.00 ± 0.05,
cat__NICS산업분류_N20106.기계,0.0,"5,223 (94.96%)",-0.00 ± 0.06,"$T$=0.05, $p$=0.96"
cat__NICS산업분류_N20106.기계,1.0,277 (5.04%),-0.00 ± 0.07,
cat__KSIC중분류_11차_J63000.정보서비스업,0.0,"5,437 (98.85%)",-0.00 ± 0.06,"$T$=-0.05, $p$=0.96"
cat__KSIC중분류_11차_J63000.정보서비스업,1.0,63 (1.15%),-0.00 ± 0.05,
cat__KSIC중분류_11차_C31000.기타 운송장비 제조업,0.0,"5,428 (98.69%)",-0.00 ± 0.06,"$T$=-0.04, $p$=0.97"
cat__KSIC중분류_11차_C31000.기타 운송장비 제조업,1.0,72 (1.31%),-0.00 ± 0.10,
cat__KSIC세분류_11차_C20420.세제_ 화장품 및 광택제 제조업,0.0,"5,383 (97.87%)",-0.00 ± 0.06,"$T$=0.04, $p$=0.97"
cat__KSIC세분류_11차_C20420.세제_ 화장품 및 광택제 제조업,1.0,117 (2.13%),-0.00 ± 0.05,
num__fe_Scope1_2_매출집약도,Mean ± SD,0.00 ± 1.00,-,"$r$=-0.00, $p$=0.97"
num__fe_배출권_확장가용량,Mean ± SD,0.00 ± 1.00,-,"$r$=0.00, $p$=0.97"
cat__KSIC세분류_11차_C19210.원유 정제처리업,0.0,"5,491 (99.84%)",-0.00 ± 0.06,"$T$=-0.04, $p$=0.97"
cat__KSIC세분류_11차_C19210.원유 정제처리업,1.0,9 (0.16%),-0.00 ± 0.06,
num__fe_시장지배력__lag1,Mean ± SD,0.00 ± 0.95,-,"$r$=-0.00, $p$=0.98"
cat__NICS산업분류_N10101.에너지장비 및 서비스,0.0,"5,491 (99.84%)",-0.00 ± 0.06,"$T$=-0.03, $p$=0.98"
cat__NICS산업분류_N10101.에너지장비 및 서비스,1.0,9 (0.16%),-0.00 ± 0.07,
cat__NICS산업분류_N25200.내구소비재 및 의류,0.0,"5,473 (99.51%)",-0.00 ± 0.06,"$T$=-0.03, $p$=0.98"
cat__NICS산업분류_N25200.내구소비재 및 의류,1.0,27 (0.49%),-0.00 ± 0.03,
cat__KSIC소분류_11차_C10200.수산물 가공 및 저장 처리업,0.0,"5,491 (99.84%)",-0.00 ± 0.06,"$T$=0.03, $p$=0.98"
cat__KSIC소분류_11차_C10200.수산물 가공 및 저장 처리업,1.0,9 (0.16%),-0.00 ± 0.05,
cat__KSIC세분류_11차_C10210.수산동물 가공 및 저장 처리업,0.0,"5,491 (99.84%)",-0.00 ± 0.06,"$T$=0.03, $p$=0.98"
cat__KSIC세분류_11차_C10210.수산동물 가공 및 저장 처리업,1.0,9 (0.16%),-0.00 ± 0.05,
num__fe_배출권_부담,Mean ± SD,-0.00 ± 1.00,-,"$r$=-0.00, $p$=0.98"
num__배출권_사전할당량,Mean ± SD,0.00 ± 1.00,-,"$r$=0.00, $p$=0.98"
cat__KSIC세분류_11차_C29240.건설 및 광업용 기계장비 제조업,0.0,"5,483 (99.69%)",-0.00 ± 0.06,"$T$=0.02, $p$=0.98"
cat__KSIC세분류_11차_C29240.건설 및 광업용 기계장비 제조업,1.0,17 (0.31%),-0.00 ± 0.02,
cat__NICS산업분류_N40401.부동산,0.0,"5,491 (99.84%)",-0.00 ± 0.06,"$T$=-0.02, $p$=0.99"
cat__NICS산업분류_N40401.부동산,1.0,9 (0.16%),-0.00 ± 0.13,
cat__KSIC세분류_11차_L68120.부동산 개발 및 공급업,0.0,"5,491 (99.84%)",-0.00 ± 0.06,"$T$=-0.02, $p$=0.99"
cat__KSIC세분류_11차_L68120.부동산 개발 및 공급업,1.0,9 (0.16%),-0.00 ± 0.13,
cat__KSIC소분류_11차_L68100.부동산 임대 및 공급업,0.0,"5,491 (99.84%)",-0.00 ± 0.06,"$T$=-0.02, $p$=0.99"
cat__KSIC소분류_11차_L68100.부동산 임대 및 공급업,1.0,9 (0.16%),-0.00 ± 0.13,
cat__Trucost산업_Real Estate Management and Development,0.0,"5,491 (99.84%)",-0.00 ± 0.06,"$T$=-0.02, $p$=0.99"
cat__Trucost산업_Real Estate Management and Development,1.0,9 (0.16%),-0.00 ± 0.13,
cat__KSIC중분류_11차_L68000.부동산업,0.0,"5,491 (99.84%)",-0.00 ± 0.06,"$T$=-0.02, $p$=0.99"
cat__KSIC중분류_11차_L68000.부동산업,1.0,9 (0.16%),-0.00 ± 0.13,
cat__KSIC대분류_11차_L00000.부동산업(68),0.0,"5,491 (99.84%)",-0.00 ± 0.06,"$T$=-0.02, $p$=0.99"
cat__KSIC대분류_11차_L00000.부동산업(68),1.0,9 (0.16%),-0.00 ± 0.13,
cat__KSIC세분류_11차_D35300.증기_ 냉ㆍ온수 및 공기 조절 공급업,0.0,"5,491 (99.84%)",-0.00 ± 0.06,"$T$=-0.02, $p$=0.99"
cat__KSIC세분류_11차_D35300.증기_ 냉ㆍ온수 및 공기 조절 공급업,1.0,9 (0.16%),-0.00 ± 0.10,
cat__NICS산업분류_N55103.복합 유틸리티,0.0,"5,491 (99.84%)",-0.00 ± 0.06,"$T$=-0.02, $p$=0.99"
cat__NICS산업분류_N55103.복합 유틸리티,1.0,9 (0.16%),-0.00 ± 0.10,
cat__KSIC소분류_11차_D35300.증기_ 냉ㆍ온수 및 공기 조절 공급업,0.0,"5,491 (99.84%)",-0.00 ± 0.06,"$T$=-0.02, $p$=0.99"
cat__KSIC소분류_11차_D35300.증기_ 냉ㆍ온수 및 공기 조절 공급업,1.0,9 (0.16%),-0.00 ± 0.10,
cat__KSIC세분류_11차_G46430.생활용 가구_ 조명기구 및 비전기식 생활용기기 도매업,0.0,"5,491 (99.84%)",-0.00 ± 0.06,"$T$=0.01, $p$=0.99"
cat__KSIC세분류_11차_G46430.생활용 가구_ 조명기구 및 비전기식 생활용기기 도매업,1.0,9 (0.16%),-0.00 ± 0.02,
cat__주식업종_KGS19P.의료정밀,0.0,"5,482 (99.67%)",-0.00 ± 0.06,"$T$=0.01, $p$=0.99"
cat__주식업종_KGS19P.의료정밀,1.0,18 (0.33%),-0.00 ± 0.05,
cat__KSIC세분류_11차_G47910.통신 판매업,0.0,"5,482 (99.67%)",-0.00 ± 0.06,"$T$=0.01, $p$=0.99"
cat__KSIC세분류_11차_G47910.통신 판매업,1.0,18 (0.33%),-0.00 ± 0.02,
cat__KSIC소분류_11차_G47900.무점포 소매업,0.0,"5,482 (99.67%)",-0.00 ± 0.06,"$T$=0.01, $p$=0.99"
cat__KSIC소분류_11차_G47900.무점포 소매업,1.0,18 (0.33%),-0.00 ± 0.02,
cat__주식업종_KGS05P.의약품,0.0,"5,266 (95.75%)",-0.00 ± 0.06,"$T$=0.01, $p$=0.99"
cat__주식업종_KGS05P.의약품,1.0,234 (4.25%),-0.00 ± 0.05,
cat__KSIC소분류_11차_G47400.섬유_ 의복_ 신발 및 가죽제품 소매업,0.0,"5,482 (99.67%)",-0.00 ± 0.06,"$T$=0.01, $p$=0.99"
cat__KSIC소분류_11차_G47400.섬유_ 의복_ 신발 및 가죽제품 소매업,1.0,18 (0.33%),-0.00 ± 0.03,
cat__KSIC세분류_11차_C27300.사진장비 및 광학기기 제조업,0.0,"5,482 (99.67%)",-0.00 ± 0.06,"$T$=0.01, $p$=0.99"
cat__KSIC세분류_11차_C27300.사진장비 및 광학기기 제조업,1.0,18 (0.33%),-0.00 ± 0.10,
cat__KSIC소분류_11차_C27300.사진장비 및 광학 기기 제조업,0.0,"5,482 (99.67%)",-0.00 ± 0.06,"$T$=0.01, $p$=0.99"
cat__KSIC소분류_11차_C27300.사진장비 및 광학 기기 제조업,1.0,18 (0.33%),-0.00 ± 0.10,
cat__KSIC소분류_11차_C33200.악기 제조업,0.0,"5,491 (99.84%)",-0.00 ± 0.06,"$T$=-0.01, $p$=0.99"
cat__KSIC소분류_11차_C33200.악기 제조업,1.0,9 (0.16%),-0.00 ± 0.04,
cat__KSIC세분류_11차_C33200.악기 제조업,0.0,"5,491 (99.84%)",-0.00 ± 0.06,"$T$=-0.01, $p$=0.99"
cat__KSIC세분류_11차_C33200.악기 제조업,1.0,9 (0.16%),-0.00 ± 0.04,
cat__Trucost산업_Metals and Mining,0.0,"5,320 (96.73%)",-0.00 ± 0.06,"$T$=-0.01, $p$=0.99"
cat__Trucost산업_Metals and Mining,1.0,180 (3.27%),-0.00 ± 0.04,
cat__Scope1자료출처_Value summed up from data provided in CDP,0.0,"5,499 (99.98%)",-0.00 ± 0.06,"$T$=N/A, $p$N/A"
cat__Scope1자료출처_Value summed up from data provided in CDP,1.0,1 (0.02%),-0.03 ± 0.00,
cat__Scope1자료출처_Value derived from fuel use provided in CDP,0.0,"5,499 (99.98%)",-0.00 ± 0.06,"$T$=N/A, $p$N/A"
cat__Scope1자료출처_Value derived from fuel use provided in CDP,1.0,1 (0.02%),-0.06 ± 0.00,
cat__Scope2사업장간접자료출처_Value summed up from data provided in CDP,0.0,"5,499 (99.98%)",-0.00 ± 0.06,"$T$=N/A, $p$N/A"
cat__Scope2사업장간접자료출처_Value summed up from data provided in CDP,1.0,1 (0.02%),-0.00 ± 0.00,
