Feature,Importance,Importance Percentage,Contribution Range,"Ground Truth Correlation (Y, X)","Prediction Correlation (Y_hat, X)","Total Contribution Correlation (Y_shap, X)","Total Contribution Spearman Correlation (Y_shap, X)","Pure Main Effect Correlation (Y_pure, X)"
num__fe_영업이익_매출,0.00563555286831337,11.289402342062129,0.011265279769521767,-0.2633155807713799,-0.538996159059098,-0.860746585591457,-0.9207412971930182,
num__EBITDA대매출액,0.004112229594948108,8.237810114662008,0.008230076361807809,-0.23847148616433345,-0.4884634481194351,-0.8039307907844032,-0.9334880679418049,
num__경매_거래량_천톤,0.0012922938071120405,2.5887832256304204,0.002540862178506468,-0.0415887594665124,-0.08260625232088012,-0.688772331101503,-0.750357878474506,
num__fe_Scope3_매출집약도__diff1,0.0011960259758666218,2.3959350162492283,0.0023832095475240897,-0.0028375854597325104,0.013861043956159266,-0.17231907460565016,-0.19068870951608213,
num__노동생산성,0.001050790449991047,2.1049924371831485,0.0025098534213862716,-0.054907642745358566,-0.12186591312582602,-0.23559033009875158,-0.6283768072939491,
num__fe_signed_log1p_연간급여총액,0.0009181714653079269,1.839323901856001,0.0038314185116999876,0.012419459793173089,0.02699668660967847,0.5998693108060995,0.594180602134163,
num__EBITDA대매출액__lag1,0.0008932758103393913,1.7894517647158745,0.0017947816748276673,-0.14147324314666024,-0.28679578091581576,-0.4944348997074056,-0.6234648490337227,
num__부채총계_연결,0.0008871373020471919,1.7771548186113724,0.002027515697640639,0.03126396999073256,0.052588211860620876,0.3188357489188454,0.6302531431997913,
num__경쟁_평균가격_원_tCO2eq,0.0008844788809743259,1.771829345532245,0.001838773337135419,0.0030008319670687456,0.003735543709304777,0.6792358441185284,0.734542998578104,
num__총자본회전율,0.000809090059393815,1.6208069420868412,0.0012891355678230209,0.02377238651580825,0.06395548993973244,0.34978801907867146,0.05385216279025127,
num__fe_판관비율,0.0007894940424314073,1.5815512869701314,0.0016942032731072953,-0.012078538425304014,-0.03082625277612069,0.6038443943811738,0.8084673801879372,
num__EBITDA대매출액__diff1,0.000774141212921018,1.5507957828551033,0.0019533874647244508,-0.15282544441212714,-0.3173645139755869,-0.70879380389318,-0.510751572121506,
num__fe_영업현금흐름_자산,0.0007719940116352486,1.5464944090962414,0.0015211257523901423,-0.07849515580301508,-0.20241087869787439,0.7300432055692756,0.8951573141639716,
num__영업이익손실_연결,0.0007511535421340759,1.50474580861392,0.0014653372574774052,-0.06986129895473488,-0.11785910279333457,-0.576854217309093,-0.8163752832620946,
num__fe_판관비율__diff1,0.0007257471471456748,1.453850533245622,0.001459276965732663,0.061145756162464794,0.13627874106030904,0.27652278186576956,0.6385416009410108,
num__종업원수증가율,0.000715798464931744,1.433920869038604,0.0015017219200401319,-0.06237638852165495,-0.12303228853829379,-0.5604631335842993,-0.7205506730446446,
num__fe_운영탄소집약도_변화,0.0006786880823435344,1.3595796198487016,0.0014744095284325613,0.02387339571629726,0.0359522654437479,0.3292778817191387,0.6119677224981106,
cat__Trucost산업_Semiconductors_and_Semiconductor_Equipment,0.000677853343419086,1.3579074319039013,0.0033545660437322403,-0.01572498820549825,-0.045575449565321974,0.8671141865634252,0.5180013751322006,
num__배출권_이월량,0.0006471917079637447,1.2964846137333421,0.0012877588928670457,-0.01885418517800884,-0.013422079702081325,-0.5417992929167583,-0.6781539099568814,
num__KSIC중분류_EBITDA대매출액,0.0006305305046295379,1.2631081141532643,0.0017004809523912686,-0.0372049626290215,-0.08234086693434253,0.06359607384198948,0.018522502415147944,
num__당기순이익지배기업지분_연결,0.0005857657142179644,1.1734331982180712,0.0011795038381906297,-0.08679035209228138,-0.16019829720418594,-0.6270105775729509,-0.8807580952013733,
num__fe_재고자산비중__diff1,0.0004904724861279332,0.9825373593322176,0.001126723207086301,0.004176273990213325,0.005613280199959317,0.15681193601721125,-0.3556097692643042,
num__경쟁_거래량_천톤,0.0004693455078669955,0.940214811139868,0.0010008353908159172,-0.0015577976037973596,0.0049681593524651055,-0.3178635252557017,-0.5918418948730068,
num__변동성,0.00045592454877629683,0.9133293199499685,0.0008803706054317398,0.010666429744130469,0.04028199239590135,-0.5538274013571372,-0.8553450466055672,
num__기말종가,0.0004549498427046749,0.9113767432880295,0.0008960687731679715,-0.027802832515541765,-0.050678784411703204,0.4647132016186253,0.7930283457154484,
num__매출액순이익율,0.00045333977927388216,0.9081513891318012,0.000904762930064548,-0.1441989630721077,-0.3229544731113398,-0.09711121625805479,-0.7365341814894059,
cat__NICS산업분류_N35202.제약,0.0004366301268879577,0.8746778341517096,0.0031452057856246507,-0.01981954231424153,-0.014668719049623611,-0.8727417612253338,-0.36064287735720546,
num__fe_signed_log1p_수익_연결,0.00042706498117375905,0.855516488148694,0.0008096338759821416,0.026479392284632836,0.05934347003833674,0.3681881081635302,0.2929068465466485,
num__fe_현금_자산,0.0003665318900659444,0.7342537768418355,0.0006272482124729775,-0.05092622666633387,-0.10340696782655515,-0.4536140864942919,0.08418417131207195,
num__사회등급,0.0003623071035770356,0.7257904875076562,0.0008246129339542388,0.03828951496430036,0.05182781540546883,0.5484779025333179,0.6301391945501925,
num__총자본순이익율,0.00035446115575840117,0.710073118910616,0.0007155606981650705,-0.1979969151776921,-0.4214670847854265,-0.4222202810945095,-0.06777036866804671,
num__fe_signed_log1p_Scope2사업장간접배출량_tCO2e,0.00034281545399024113,0.6867439059853595,0.0008243524688648153,0.033285710711359134,0.06402003100019055,0.675826428204743,0.6848644572270824,
num__배출권_시장총수량,0.0003290692841439636,0.6592069374423966,0.0006067408599800991,0.004506642285568003,0.0014344516936959802,0.33061740495437925,-0.19190063691125325,
num__협의_거래량_천톤,0.00032882125642321,0.658710076744431,0.0006673323142949231,0.03700082865012062,0.07404162131068723,0.5550672143716784,0.7562284148880781,
num__fe_signed_log1p_Scope1직접배출량_tCO2e,0.000328486228898355,0.6580389339813101,0.0006608495731844424,0.030926052322159135,0.059976368879724073,-0.04292423725097968,0.28778559988331337,
num__매출원가_연결,0.0003263572155391061,0.6537739951251196,0.000737077258789628,0.030535382674880384,0.058355901595136095,0.3483275173418327,0.7115676620751281,
num__fe_signed_log1p_Scope3협력사간접배출량_tCO2e,0.0003259796803290543,0.6530176989844988,0.0012264233991759303,0.03944249247249527,0.08579794698086302,0.5002159578440387,0.3646429142108577,
num__자산총계_연결,0.0003247337789239015,0.650521851182166,0.0008938708696089852,0.019532229848363697,0.031109734730024877,-0.2916244416127408,-0.47402212003911515,
num__매출총이익손실_연결,0.0003073409414775408,0.6156797080259762,0.0010272004686515072,-0.013669225591407833,-0.02517914326179483,0.14833482710748758,-0.025286926525609946,
num__매출채권회전율,0.0003067293596907386,0.614454558867123,0.0005464216649016091,-0.010260835776753319,-0.028039685903466057,0.21560762419713134,0.3174992591791122,
num__경매_거래대금_억원,0.00030448071051685064,0.6099499599673588,0.0006562174884078905,-0.03840755169159954,-0.07795583068176468,0.7279925938004316,0.7077720801286744,
num__fe_판관비율__lag1,0.0002972369282420356,0.5954388774720649,0.0005980522923647376,-0.03080416518011633,-0.0726311815427131,-0.09217841450578122,-0.4164071466718878,
num__매출액총이익율,0.00029642603357585566,0.5938144554574992,0.0006011561065524478,-0.10884432650440777,-0.23329053444238718,-0.39029414032105236,-0.6241846214137584,
num__배출권_차입량,0.0002935568590873506,0.5880667913068464,0.0006656822094318382,0.013363965121594715,0.007649363074215192,0.27709877423724777,0.4080490298055858,
num__사회등급__diff1,0.0002904585311727592,0.5818600763255826,0.0006590301244365754,0.03235417427906071,0.0394949971380101,0.4810931985662302,0.4670966086655499,
num__노동소득분배율,0.0002747226838957441,0.550337293156904,0.0005330905878336874,0.029917699752541136,0.057987038023861646,-0.4353975377771375,-0.7402994451063484,
num__fe_signed_log1p_자산총계_연결,0.00024202323497611922,0.484832232013216,0.0005452304973236811,0.00991166711295169,0.024490921718978785,0.2322292409188408,0.4707251117701546,
num__fe_Scope1_2_매출집약도__lag1,0.00023937472453941549,0.4795266123826708,0.00048673236750367455,0.003762690354539489,-0.00458118674195144,-0.11854175643264708,0.319419488728301,
num__영업이익이자보상비율,0.00023626666178844683,0.47330039612315356,0.0005070997534160966,-0.04069984795000034,-0.10403172211953655,-0.06655844331524587,-0.39059218424175,
cat__KSIC소분류_11차_C21100.기초_의약_물질_제조업,0.00022930065232261434,0.45934576107384517,0.01751602205242193,0.023894677018323627,0.03373963070653886,0.8326700128215634,0.9999229856504861,
num__KSIC대분류_EBITDA대매출액,0.0002281005486430973,0.4569416574114636,0.0008343199201903393,-0.024700896699595482,-0.061448886352626124,0.6582138995413808,0.41070263152228387,
num__매입채무회전율,0.00022602689226010222,0.4527876122318958,0.00043185454264603956,-0.02892138312389207,-0.057016119715890476,0.21623960969684117,0.6827881442275399,
num__fe_자본집약도,0.00022456442813120062,0.44985793588109174,0.0005379805479211616,0.030864869420010283,0.057879032385608466,0.3288501481732616,0.11766367005776386,
num__평균시가총액_보통주우선주,0.00022108355155714618,0.44288488158352457,0.0004985291774535171,-0.017647790209545815,-0.0357481474240216,0.20313454956157317,0.5447192497683938,
num__fe_배출권_부담,0.0002207767908070637,0.4422703641419607,0.0004676191810167549,0.0014595413334572494,-0.018805647939212057,0.1554223602077985,0.43800726183412897,
num__법인세비용차감전계속영업이익손실_연결,0.00021082893551922484,0.4223423564718571,0.00041875869642148784,-0.07856484298607434,-0.14267981478301686,-0.5708845584431413,-0.762607623363245,
num__fe_Scope1_2_매출집약도,0.00021019073540970505,0.42106388424748536,0.00042817089410292566,0.002434065676097827,-0.0023521954840393187,0.13866430630325827,0.4968273102365238,
num__EBITDA,0.00020875471960232723,0.41818719040787966,0.0006304943693804412,-0.03645722712604463,-0.06114900251723116,-0.7461798500992882,-0.45199169696002156,
num__평균시가총액,0.0002033362496492193,0.4073326586860758,0.00040831376104435676,-0.017571841149660875,-0.030274272561556292,-0.22647161687496842,-0.6430578697613282,
cat__NICS산업분류_N25301.호텔__레스토랑__레저,0.00019398852204220555,0.38860685477552476,0.013172060138668278,-0.03250963173527049,-0.04550432732312738,-0.9015048310111634,-0.949384698123105,
num__자기자본순이익율,0.00019079127141906945,0.3822019732108532,0.0006573210688602968,-0.19246953787195586,-0.4025018316902083,-0.5099824202958871,-0.3469703707169437,
num__fe_Scope3_매출집약도,0.0001905989848592563,0.38181677580619267,0.0003898738620123593,0.01446871245978363,0.04641267118531714,-0.6028444562489308,-0.6037893330109072,
num__경매_평균가격_원_tCO2eq,0.00017797186800472357,0.3565215464077472,0.0003669256564464594,-0.00495357514073443,-0.012345386830332502,-0.29093272199192105,-0.6409955781244724,
num__노동생산성__diff1,0.0001716812872380055,0.3439199616297887,0.0013823244762806708,-0.01220848810098706,-0.04716428583719965,0.5398576400299302,0.3065498197091208,
num__노동생산성__lag1,0.0001695210054020575,0.33959238430274563,0.0003196610192007865,-0.04494788255633703,-0.07994246567437248,-0.2666816567129259,-0.16660359821584073,
num__상장주식수_보통주,0.00016063645768294002,0.32179444394585105,0.0003288442751246388,0.02352294620664295,0.05832458885411325,0.016379975463652056,-0.35236252692244663,
num__유형자산계_연결,0.00015828807243252311,0.31709004908599847,0.00032707309959194053,0.0227392650290933,0.03667507359623743,0.49948331220189635,0.7610355248761826,
num__fe_Scope1_2_매출집약도__diff1,0.0001563168821948821,0.31314126886771715,0.00031697079501733936,-0.0022131842370414316,0.003811739994872978,0.16306835808745024,0.64449094347694,
num__비유동자산계_연결,0.00015456413724629651,0.30963008844053014,0.0005164243730289254,0.021543332226742803,0.03234427457136316,0.6728077617438797,0.6869746428673448,
cat__NICS산업분류_N45203.전자장비와_기기__부품,0.00015444727348011835,0.30939598149371894,0.006741746064608341,-0.00183706314662809,0.008778726827196853,-0.689981868071685,-0.6443832989526728,
num__기부금_원,0.00015357400731527194,0.30764661398408344,0.0003071094752507996,0.004808150074852702,-0.007148020761866516,0.29093871164904656,0.07588562162315328,
num__유무형리스자산의증가_연결,0.00015320557880174648,0.3069085608026709,0.0003331358336127012,0.01561290498819676,0.019224459407299218,0.37858530048474537,0.22627711617644172,
num__평균근속월수,0.0001505990434693403,0.30168702765872923,0.00034713069276021385,0.03134391061008769,0.08022597579794545,-0.22648398308586387,-0.35330130115255987,
num__자본집약도_종업원1인당,0.00015046096293288324,0.3014104182881675,0.0004276418004133144,0.007214303441749718,0.005839799694108648,0.032049459794368566,0.0837311710905158,
missing__missingindicator_기부금_원,0.0001491500133349558,0.2987842629122892,0.0002921087071852443,0.011911444940520982,0.02528997898097949,0.27598931251737296,0.664104804542736,
num__당좌비율,0.00014907104426940194,0.29862606839713757,0.00033578563430842264,-0.0692076102017682,-0.14690283388569125,-0.2319496776740638,-0.07560732614852902,
num__fe_Scope1_2_tCO2e,0.0001458985983229546,0.292270876717673,0.00029158373257619414,0.012198324837110341,0.021283206555605783,0.4651416962897402,0.786158734533246,
num__종업원평균급여,0.00014581940636107204,0.29211223568620004,0.0002999421395036207,-0.016536038291993075,-0.02636729396105668,-0.2829797489864288,-0.46026982630726554,
cat__KSIC중분류_11차_C31000.기타_운송장비_제조업,0.00014576718785431862,0.29200762913805534,0.011619123669547137,-0.013772515938246098,-0.007529760658758162,-0.8948492290796703,-0.9792071497846689,
num__fe_시장지배력__diff1,0.0001416045248347719,0.28366878843507554,0.0002882085284876374,-0.003145837789437867,-0.009623429231120435,-0.0017557947929177132,0.5415346492922484,
num__종업원1인당인건비증가율,0.00014130330850523686,0.28306537783533825,0.00027839701035780733,0.012008066129119097,0.014456896666476982,-0.09895589436765853,-0.5846341769070005,
missing__missingindicator_종업원수증가율,0.00014102619612889425,0.282510253398819,0.002149378220431084,0.028188913043342735,0.024366592134316863,0.9172974434235039,0.3056045205424721,
num__Scope2사업장간접배출량_tCO2e,0.00013761291980369437,0.27567261907256185,0.0002955275959105499,0.006417393183198549,0.01729899815778671,0.00472516638296428,0.3412053170208437,
num__현금및현금성자산_연결,0.00013702588283699175,0.2744966392420766,0.0002824629938320806,0.009291430585753884,0.00865106382443004,-0.2152699417065283,-0.626810283978349,
num__영업활동으로인한현금흐름_연결,0.0001350573338712098,0.2705531501427695,0.0002787269826876166,-0.012804713177826294,-0.03057259459001584,0.18088896926425183,0.6474289773836308,
num__fe_부채_자산,0.00013352497915474206,0.2674834657073295,0.00025775126057322675,0.08279692948085453,0.17399498152301068,0.1475676285152626,0.09051210803113059,
num__ESG등급,0.00012553701146538742,0.25148159628160516,0.00024829339905923,0.03215681704115692,0.049135564259083116,0.301870139996063,0.6955264791957887,
num__장외_거래대금_억원,0.00012547948536881058,0.2513663573219858,0.00028536701933410053,0.019733305892576165,0.025863255824545968,0.6384220186237932,0.6795698799864867,
missing__missingindicator_매입채무회전율,0.00012313283898663489,0.24666544584409303,0.0029021036322277147,-0.04447378588712147,-0.06160363647541558,-0.9056721769613719,-0.33749710058446514,
num__fe_감가상각부담,0.00012103584630956137,0.24246465231184708,0.00027433192239934847,0.038919680313355576,0.07531187390323149,0.2919868460855631,0.4267248348210439,
num__총수익_연결,0.00012002794436918864,0.2404455761374063,0.0002460782006193697,0.021910846485550223,0.04218099593119834,-0.38806015891766205,-0.6943827062418404,
num__fe_재고자산비중__lag1,0.00011901515493710023,0.23841670911161325,0.0002479421062577486,0.018017314998376475,0.04166835608472807,-0.4017221874822906,-0.7204081502045886,
cat__KSIC세분류_11차_J62020.컴퓨터_시스템_통합_자문__구축_및_관리업,0.00011691675606690353,0.23421309862771958,0.007637301672837321,-0.05012162374985925,-0.08563524447373663,-0.9087536926017079,-0.12107859523647792,
num__fe_유동자산_유동부채,0.00011443681540256012,0.22924516582708332,0.00030540043400754523,-0.06767020728461623,-0.14256643860287455,-0.5772399364085415,-0.572425083155286,
num__종업원1인당인건비,0.00011338009066493856,0.22712828554814982,0.00024851247898002523,0.003050427802597047,0.016997595215972418,-0.008354332497021815,-0.22145375982185808,
num__배출권_할당취소량,0.00011233301430234393,0.2250307333440603,0.0002682839568848822,0.019485567388835136,0.018892902750515278,0.3457271318500365,0.4049208518408301,
num__fe_재고자산비중,0.00011200687589646282,0.22437739767864712,0.00022320660485279815,0.019361336802258735,0.04312436303682125,0.3346655175585656,0.544608439092166,
num__매출대비온실가스직접외부비용비율_pct__diff1,0.00011171648049617606,0.2237956640690567,0.0002483758743697314,0.000935174773485832,0.005871372421176862,0.1781560318815402,-0.2410721506392471,
cat__NICS산업분류_N45301.반도체_및_반도체장비,0.00011141713351185632,0.22319599822883898,0.001401372451239819,-0.01047722820306484,-0.040760173015799886,0.8457190535379046,0.43199322391795103,
cat__주식업종_QGS33P.제약,0.00010956398850553752,0.2194836917234477,0.005067460862470895,-0.01786013312879266,-0.03415168060984559,0.21867595777786863,-0.031442458717325227,
cat__주식업종_QGS16P.기계·장비,0.00010924233190516748,0.21883933421986101,0.002791459630121673,-0.018541965983319433,-0.035486276906521605,-0.7836622629537834,-0.8288020722639747,
num__배출권_추가할당량,0.00010829428803385185,0.2169401685210728,0.00025080664884969707,0.008259368979453433,0.005309528950671324,0.22799941650603472,0.5598827387406572,
num__연간급여총액,0.00010741792368898057,0.2151845945927156,0.0002149935475051197,0.0164670625866365,0.03523280336840213,-0.2777560593625031,-0.5578240634409042,
cat__NICS산업분류_N45100.소프트웨어_및_IT서비스,0.00010720232521989537,0.21475269768415836,0.004678686052111523,-0.0332128058014842,-0.06428607667942327,-0.4014305054902077,-0.2965172429952524,
num__유동부채계_연결,0.00010653409854386108,0.21341407484133731,0.00024776307151331775,0.03431328968455428,0.059460627309981105,0.41438873816246374,0.7697728344056568,
num__장외_거래량_천톤,0.00010314989257088237,0.2066346756004602,0.00023258622239136011,0.020639889569188708,0.025573633942782784,0.3723262420285552,0.43935040628067057,
cat__KSIC소분류_11차_C21200.의약품_제조업,0.00010306927008668111,0.2064731688799604,0.002126670187082014,-0.015049307855926572,-0.004351191240825629,0.8525999383528974,0.7732146415012598,
num__feature_year,0.00010127090345826036,0.20287059697598042,0.00024168480712825194,-0.03276320079701659,-0.059399587438310905,-0.45000059008018145,-0.6404967030666996,
missing__missingindicator_fe_운영탄소집약도_변화,9.957022070433236e-05,0.19946370996525745,0.00035086637414239916,0.02798668087595172,0.03492160460559936,0.808582927684179,0.6948073301598717,
num__fe_배출권_부족여부,9.619137606439584e-05,0.19269505079677737,0.00017395235007916236,0.012141989289000895,0.014735898681313368,0.2017728248516895,0.6828504905560243,
num__소계_거래대금_억원,9.551985417694084e-05,0.19134982683275317,0.00020880115480273839,0.003180347976733993,0.0011145196239243696,0.18078426289739521,0.37001197900451965,
num__fe_Scope2_매출집약도,9.549110198352498e-05,0.19129222909793045,0.0001969873746436297,-0.004425709121016999,-0.023981258904341697,0.07782673924876216,0.38829915719094654,
num__사회등급__lag1,9.53625819457565e-05,0.1910347717642333,0.00016651577209467438,0.01762679943890448,0.02759047036218251,0.390971173104395,0.21492602779199346,
num__기말종가수정,9.47888902000856e-05,0.1898855257029259,0.0001900894112740846,-0.031211493181298528,-0.06538327685599943,0.028665184299453247,0.41837134212505867,
missing__missingindicator_부가가치(종업원1인당),9.376445247728404e-05,0.1878333242779122,0.00019931498195071567,0.011628991511426432,0.000921216903687204,0.6792863599539247,0.8444908124186953,
num__EBITDA대금융비용,9.31679961315772e-05,0.18663847510809584,0.0002362164625693368,-0.03328107421323649,-0.09476226388541678,-0.03697038226497338,0.002932395331401003,
cat__Scope1보고추정구분_보고값,9.284306291307353e-05,0.1859875537302458,0.001251714118864486,0.023614103476863803,0.030214414794660038,0.37064318881913755,0.25835134012061767,
num__매출대비온실가스직접외부비용비율_pct__lag1,9.237717552258652e-05,0.1850542663811245,0.00019261476019192029,0.004706309743547425,-0.00040141852437273844,0.387265384668076,0.34885607340200914,
num__협의_거래대금_억원,9.22795433597476e-05,0.18485868507906422,0.0001888257350899764,0.03866054548093983,0.07622240564696733,0.5051077802393689,0.5873255945778071,
num__이자수익_연결,9.196117626732189e-05,0.18422091727121076,0.0003008042777751519,0.008951047484453438,0.021286893264039496,0.10519080630922284,0.5984185366146828,
cat__Scope2사업장간접보고추정구분_반려됨,8.916844490647167e-05,0.1786263875591031,0.0005274723507817591,-0.03579099776151604,-0.047961972461281206,-0.8784261703567698,-0.44895108631540226,
num__부가가치(종업원1인당),8.872608687854002e-05,0.17774023532643737,0.00017672183060424884,-0.05419401066751974,-0.12633755092968985,0.10543112351637166,0.05899318176263403,
num__fe_signed_log1p_기부금_원__lag1,8.860938593968453e-05,0.17750645456291303,0.00017688165912770477,0.014285323252198362,0.025918427243241466,-0.03768447900617889,-0.6077853132040008,
missing__missingindicator_Scope1직접배출량_tCO2e,8.826093194170183e-05,0.17680841526262622,0.003337959854935308,0.033154414845012165,0.04767235012639698,0.4537769300630955,-0.04904432099086535,
num__Scope1직접배출량_tCO2e,8.713517901723148e-05,0.17455325450039522,0.00018399704138042045,0.01292222276153972,0.020105304844518144,0.24778985771467787,0.24843347113911815,
cat__Scope3자료출처_Estimate_derived_by_applying_revenue-based_intensity_factors_to_revenue_data,8.61224921073896e-05,0.17252459285194788,0.00017290271519486498,-0.036673112900452595,-0.056797995044406406,-0.4197085486843945,-0.820627157913999,
num__유동비율,8.527503730582992e-05,0.17082693186906317,0.00016796502849731183,-0.0676619520512647,-0.14349047841387294,-0.09135225086753286,0.16982060687530426,
missing__missingindicator_재고자산회전율2,8.405020528171048e-05,0.1683732912334701,0.0023465793352761806,0.012031847591955257,0.0052139502954891455,0.8372691208387523,0.9583571879480935,
num__fe_배출권_부족량,8.321736144988279e-05,0.16670489962659277,0.0003532238540505224,-0.006267736629766456,-0.011960599771312891,-0.06279195106247741,0.02148181143523291,
num__소계_거래량_천톤,8.276800921396507e-05,0.16580473627028688,0.00016450478837361384,0.003358289947244084,0.007362765548044476,0.23848558392291055,0.6586234924665735,
num__fe_signed_log1p_기부금_원__diff1,8.235183760536019e-05,0.1649710418941236,0.00016787809117801286,-0.0077346535759611566,-0.02277855301315674,0.4263649917755695,0.8180374220812952,
num__fe_signed_log1p_기부금_원,7.956611613640937e-05,0.15939055472440278,0.00015504233496567562,0.007441600695923329,0.006525481225608168,0.2346155585992797,0.4587141665832287,
num__기말발행주식수_보통주,7.897925950140852e-05,0.15821493614279303,0.00020527172939323535,0.02041634554182303,0.0561410761562479,-0.2830476324329279,-0.6365549566011179,
num__매출채권_연결,7.819924045528759e-05,0.15665236561033588,0.0001488278570031912,0.026448206300559374,0.03982391821522064,0.058708517525602466,-0.01966964125386879,
num__재고자산회전율2,7.734239800711389e-05,0.15493589885592401,0.00018747357464642938,-0.003528935919230186,0.00019616446183076834,-0.02797424191287975,0.36535210120051353,
num__무형자산상각비_연결,7.243075814326592e-05,0.1450966728069479,0.0001435968653920341,0.02019327342140472,0.03355294414545117,-0.013816117901709491,-0.10397797781626096,
cat__KSIC세분류_11차_C21100.기초_의약_물질_제조업,7.186091998990958e-05,0.1439551464414925,0.005728044347021778,0.023894677018323627,0.03373963070653886,0.8214937124982379,0.9791346461435972,
num__fe_Scope1_매출집약도,7.183099773438297e-05,0.1438952047836791,0.00014342448600449293,0.004837507517009782,0.0029387390698089057,0.08156419388092238,0.4938760712246323,
num__fe_signed_log1p_종업원평균급여,7.10498142626098e-05,0.14233030161944782,0.00014435661816389615,-0.01766405080300936,-0.02605267438704939,0.1744516585833392,0.24235639899621755,
num__경쟁_거래대금_억원,6.964376968163948e-05,0.13951364753840806,0.0001398574740819806,-0.00921671871194777,-0.010696674748682473,-0.03705642323782918,-0.3420039704592838,
num__유형자산_투자부동산감가상각비_연결,6.873662993502095e-05,0.1376964228899384,0.0004090231366730573,0.016408457151266036,0.027442382646085887,0.14460684977469654,0.4499710444062587,
num__fe_배출권_잠재탄소비용_원__diff1,6.750871596694618e-05,0.13523660836047544,0.0006400579506638595,-0.0018470823802601928,0.0006151635150421901,-0.3962595192273527,0.22179958078956324,
num__비유동부채계_연결,6.608731470655845e-05,0.13238919106300734,0.000133889366515788,0.026806696809082257,0.04309256709246129,0.30479117427605745,0.658846136382994,
num__매출대비온실가스직접외부비용비율_pct,6.595360471776086e-05,0.13212133697735481,0.00013336742584829517,0.0048682991786114255,0.0022560218734823637,0.015843827354770378,-0.02780650777452235,
num__fe_시장지배력__lag1,6.58934708904097e-05,0.13200087408982653,0.00011318488635900448,0.0008804982972201886,-0.006534770294360714,0.19745179751705635,0.6157417635724657,
num__fe_signed_log1p_평균시가총액,6.530401684963277e-05,0.13082005226382587,0.0001651453072471239,-0.04602151240715771,-0.09349346283564891,-0.14833945178383298,-0.4835030596962086,
num__배출권_인증배출량_tCO2eq,6.411472106874561e-05,0.1284375994880487,0.00022791988919518104,0.004433825796307686,0.010495962558948307,0.40839834514403117,0.2406098580730224,
missing__missingindicator_기말종가,6.405854199483324e-05,0.12832505894705454,0.0015220327939743188,0.023124230850986107,0.015574318724032213,0.8319938847216783,0.22330206785537682,
num__지배기업소유주지분_연결,6.261630140299872e-05,0.12543589532890778,0.0006578275932119817,0.0022401263424158767,0.0019737030078296833,0.5494566447127389,0.18373387640625535,
num__fe_배출권_부족비율__diff1,6.133978521108721e-05,0.1228787185578984,0.0008425117840370031,0.016432551925836463,0.013865108984656148,0.6116943484509657,-0.2701669744999587,
missing__missingindicator_매출원가_연결,5.923869825395887e-05,0.11866972317289375,0.001513091877306873,0.005183559662944382,-0.010575256690663278,0.6391924399897034,0.05621050637370285,
num__fe_유무형리스증가_자산,5.844052745657352e-05,0.11707079020572514,0.0001155921009026557,-0.020472401423351636,-0.0402226800937221,0.09126171599527845,0.424401922898695,
cat__KSIC세분류_11차_C29270.반도체_및_디스플레이_제조용_기계_제조업,5.8407590909190785e-05,0.11700481017788214,0.002315483708375787,-0.018240789865644348,-0.043532436300588576,0.6434584950155642,0.4181185361043325,
num__협의_평균가격_원_tCO2eq,5.8130046121701836e-05,0.11644881951518737,0.00011591379755094224,0.003705465458956024,0.005000975436028674,0.31996454798913576,0.6348986560025837,
num__환경등급,5.774752097573486e-05,0.11568252730221595,0.00011457539128327491,0.0318071105301897,0.04487282778892342,0.49267703501514837,0.7166091498233129,
num__자본금_연결,5.7029526886449074e-05,0.11424420805606975,0.00011846096213245784,0.03750395028884524,0.07199321278093004,-0.1875044157428581,-0.3529463189446011,
num__매입채무_연결,5.555273330783251e-05,0.11128582628328622,0.0001581568053697423,0.030140133012384066,0.06056940900428763,-0.02275746350109741,-0.4197448279327923,
num__배출권_에너지사용량_TJ,5.472386131401327e-05,0.10962539124754975,0.00014971039989461696,0.0027408733426919503,0.013662333262747321,-0.5409352369440668,-0.544456485710599,
num__이자비용_연결,5.415238179664402e-05,0.10848057682515223,0.00010846871113768226,0.03890131112087455,0.0667871805030388,0.28472795146302626,-0.10987756449784938,
num__온실가스직접외부비용_백만USD,5.382263236396339e-05,0.10782000738243977,0.00011589299852945576,0.01182688056630384,0.018202664527223588,-0.20277519512215111,0.3952784681940913,
num__부채비율,5.3063615625881195e-05,0.10629950965297139,0.0001090057732494537,0.08173646101528143,0.1665851098321741,0.18533219295863235,0.5501852168917254,
num__fe_배출권_확장가용량,4.851315601947891e-05,0.0971838167407777,0.00024048535890727022,0.004418456652464251,0.008383588066652693,0.6647579893608307,0.4129927210432275,
num__기말시가총액,4.818111471956819e-05,0.09651865612273963,0.00010393593512021691,-0.010342911520916771,-0.027723641059541185,0.3071748244872969,0.6224999819558884,
num__소계_평균가격_원_tCO2eq,4.8163422496063484e-05,0.09648321423546831,9.91987439672832e-05,-0.002482185197535349,-0.007296530497749752,-0.14247181584397559,-0.20768435372857197,
cat__Trucost산업_Life_Sciences_Tools_and_Services,4.585704412799466e-05,0.09186296952149223,0.0120101782239986,0.0014860677700374223,0.0033642821262320306,-0.8727641052893171,-0.7648009854327922,
cat__Trucost산업_Hotels__Restaurants_and_Leisure,4.5824416538790405e-05,0.09179760841308184,0.00336045721284463,-0.03614956534701895,-0.060698055985882876,-0.9430972223186967,-0.9627445266518858,
num__fe_Scope3_매출집약도__lag1,4.573362111698051e-05,0.0916157227895093,9.167464734125019e-05,0.016287980717074445,0.041492714408049525,-0.008697359914619474,-0.6072696762773085,
cat__KSIC대분류_11차_N00000.사업시설_관리__사업_지원_및_임대_서비스업(74~76),4.514937256838577e-05,0.09044532884822667,0.00400518627622777,-0.03860917789225028,-0.05713196917141528,-0.9017180922412268,-0.9999567922868097,
cat__시장구분_코스피,4.3228045057412764e-05,0.08659643596955181,8.749674965281005e-05,0.03433130743473728,0.06416955357113369,0.10177417327875969,0.5622409649159691,
num__판매비와관리비_연결,4.2697186242724586e-05,0.08553299483327184,0.00012355140553157534,0.013567550557721783,0.015029355325226245,0.20537544815170689,0.6527039999549021,
num__수익_연결,4.177468984528813e-05,0.08368500702566568,9.17685232810356e-05,0.02254626183735338,0.04334780907895351,0.2297373488959135,0.20745363091116645,
num__환경등급__lag1,4.1142769047341244e-05,0.08241911381109729,0.00020044356697174718,0.02046185372630901,0.04410256875313999,0.15397145034801807,-0.02417671187884774,
cat__KSIC대분류_11차_C00000.제조업(10~34),4.074776710697016e-05,0.08162782750167101,8.97550191294573e-05,-0.0007426419230981308,0.003980112647890584,0.4913680109337778,0.5138156641691062,
cat__Scope3보고추정구분_추정치,4.005361702975769e-05,0.08023727369256968,9.585031677443433e-05,-0.036673112900452595,-0.056797995044406406,-0.3592783626594932,-0.6815834388932249,
num__fe_배출권_부족비율,3.9488044649258336e-05,0.07910429272225257,8.20158606724896e-05,0.0063625024847809115,0.004822380316393193,0.24895714590569418,0.5561144527666948,
missing__missingindicator_종업원1인당인건비증가율,3.8835967979506524e-05,0.07779802232523589,0.0007043289784283288,0.027691561107849844,0.027097875539875617,0.8770582457996038,0.26455747273626107,
cat__KSIC소분류_11차_J58200.소프트웨어_개발_및_공급업,3.8500275255943913e-05,0.07712554700503982,0.0007538057165124841,-0.022425010897716258,-0.04962358645063041,0.7146299808332718,0.4132744222046385,
num__지배구조등급,3.5148664548938905e-05,0.07041144412117013,6.880382913611741e-05,-0.003734933825207202,0.006516392675675618,-0.015586636369235022,0.13015904503377812,
num__무형자산계_연결,3.491696096998416e-05,0.06994728470539684,7.211057918424284e-05,0.011861879214365045,0.007844491532038728,0.05191951665540378,0.2942224004315689,
num__자본총계_연결,3.4157048063723315e-05,0.06842499173003665,0.00012019337684247559,0.0033853837537379233,0.0032371099997812896,0.3527822136160758,0.3446312614264275,
missing__missingindicator_사회등급,3.348913817013986e-05,0.06708700348059551,6.925443557880923e-05,-0.002876482420621828,-0.007045290790770956,0.28206604126875795,0.699167327649477,
missing__missingindicator_재고자산계_연결,3.2977881662562334e-05,0.06606283060015058,9.547942573102244e-05,0.010245604795789566,0.008728639172092422,0.17775973239304574,-0.06894003454064415,
num__기말시가총액_보통주우선주,3.1798674364418646e-05,0.06370058754352137,9.524921386207907e-05,-0.010328377782332336,-0.027291016534286245,-0.08164629290077133,-0.6207106535595474,
missing__missingindicator_ESG등급,3.168763472699648e-05,0.06347814776306542,0.00022269161143103017,-0.003085577553830947,-0.0035250091348901047,0.1434093016870151,0.7149289937071998,
missing__missingindicator_기말종가수정,3.149076428118916e-05,0.06308376770419373,0.0008068810927566095,0.023124230850986107,0.015574318724032213,0.8683438924552335,0.2254034801950884,
cat__KSIC소분류_11차_J59100.영화__비디오물__방송_프로그램_제작_및_배급업,3.052274468084347e-05,0.0611445856933655,0.003997026089158073,0.043193313245078226,0.0809895819273632,0.8611678969323703,0.8828715497394083,
cat__NICS산업분류_N25401.미디어,2.977093480789666e-05,0.059638525092256936,0.0010916009429562108,0.00399439400770935,0.03297686790432357,-0.8137114041676533,-0.9380177602106854,
num__fe_배출권_총할당량,2.9558641522395604e-05,0.05921324928160573,8.386054968678635e-05,0.005314335009130215,0.009567515477316081,0.8048901733741006,0.5814007732697178,
cat__기부금_출처_xml_table,2.9179182314381283e-05,0.0584530988985332,0.00018135088713774937,-0.016626971412217712,-0.027101572950781343,-0.016512885848233346,-0.0070379091196516,
cat__Trucost산업_Marine_Transportation,2.865987041838605e-05,0.05741278908831507,0.0018237164169767472,0.0214978392732967,0.01579352811950018,0.9604392064765678,0.1740110484678676,
missing__missingindicator_fe_signed_log1p_기부금_원,2.8256832799663925e-05,0.0566054053332404,0.00011871768411740275,0.011911444940520982,0.02528997898097949,0.021442181753139455,0.23923426932767156,
cat__KSIC중분류_11차_J59000.영상ㆍ오디오_기록물_제작_및_배급업,2.8229192904922952e-05,0.05655003580699967,0.00246445334884248,0.03283303883787098,0.053656468128373935,0.7772237035183908,0.8833155855565844,
missing__missingindicator_매입채무_연결,2.8159597130597514e-05,0.05641061830599725,6.137770592494054e-05,-0.02884211630673551,-0.039476130668884425,-0.6919317855756985,-0.20619838100843327,
missing__missingindicator_종업원1인당인건비,2.7157850400756105e-05,0.054403872536365375,0.00015458016041979908,0.01078036067561662,0.008986194645044552,0.08384064181533052,0.7835175623080677,
num__fe_배출권_잠재탄소비용_원__lag1,2.6030760478236512e-05,0.05214603343728591,9.592310336921096e-05,-0.001968843141009446,-0.0008887669098177538,-0.28950660341307566,0.03402495812482422,
num__장외_평균가격_원_tCO2eq,2.5991388468428072e-05,0.05206716159096853,5.980034921221899e-05,-0.0013313698757998317,-0.0037982013977838234,-0.11610738202635461,-0.11556367725327431,
cat__Scope2사업장간접보고추정구분_추정치,2.5984189723798985e-05,0.05205274072998567,0.0002946347217902187,-0.018492981914852057,-0.022313705842853204,0.06954684374019798,0.5093526943677469,
num__배출권_사전할당량,2.3999994577879552e-05,0.048077908472905766,6.71236226372117e-05,0.004708290057919977,0.009039853320561,0.2543675588881258,0.3415803888113781,
missing__missingindicator_KSIC중분류_EBITDA대매출액,2.321812202212775e-05,0.046511624903510344,0.00024894971112411114,0.0006437437256771592,0.010841573005196486,-0.44490704187393393,0.06372983302444882,
cat__KSIC중분류_11차_J58000.출판업,2.227111534668789e-05,0.044614536963874185,0.00040709729723458626,-0.022832027819699143,-0.04746590223043235,0.6381999632048886,0.41777355109686926,
missing__missingindicator_Scope2사업장간접배출량_tCO2e,2.1655162276209697e-05,0.04338063104568909,0.0007923058042738093,0.033154414845012165,0.04767235012639698,0.4537649870417345,0.08990870303836157,
cat__KSIC소분류_11차_C20100.기초_화학물질_제조업,2.087815038157303e-05,0.041824084579335626,0.001021653897570533,-0.003302781046855012,-0.035397898293765134,0.7332617263683945,0.7185722788853771,
cat__KSIC대분류_11차_H00000.운수_및_창고업(49~52),2.0009632275003436e-05,0.04008422860148466,0.0005757204573200182,0.018889023167540427,0.01918726669293912,0.8353139751639509,0.2405811567235091,
cat__KSIC대분류_11차_J00000.정보통신업(58~63),1.905168751728923e-05,0.03816522898529589,0.00011256175366026489,-0.018076933349778775,-0.04645436402316528,-0.2944999938434967,-0.407356667012681,
num__재고자산계_연결,1.8864525088415817e-05,0.0377902964787179,0.00012963265505164094,0.011126954715234654,0.021141721445487156,-0.10893309756822565,-0.42136066741144484,
missing__missingindicator_영업이익이자보상비율,1.83814355234716e-05,0.036822548931432574,0.0008567618252465576,0.008178583805034832,-0.01082051126879575,0.6643299377360793,0.8620337830876587,
missing__missingindicator_이자비용_연결,1.7428424280502038e-05,0.03491343236207421,0.0005260682010778487,0.010185464503575338,-0.003262990332691269,0.6035414707907341,0.0992412254980652,
num__fe_시장지배력,1.681334833851148e-05,0.03368128354858389,3.669794782602255e-05,-9.064108537730923e-05,-0.009042447355321349,0.16696423569301397,0.7871364601044983,
cat__KSIC소분류_11차_C21300.의료용품_및_기타_의약_관련제품_제조업,1.652432081059405e-05,0.03310229012471987,0.003924876703272627,-0.029231984375666747,-0.07190501071394406,0.5101827298246572,0.17602596050557343,
cat__KSIC세분류_11차_C21210.완제_의약품_제조업,1.6388491966116174e-05,0.03283019144854739,0.00035378685519664606,-0.01588675025488826,-0.006452062294529261,0.8279043073920006,0.7416102436471088,
cat__Scope1자료출처_Exact_Value_from_CDP,1.6329189290816778e-05,0.03271139356357325,4.176711285960181e-05,0.023285307313698524,0.0354837117485916,-0.22346309655566998,-0.11170415811985597,
cat__KSIC중분류_11차_N75000.사업_지원_서비스업,1.6192737041750328e-05,0.032438046054254,0.0024738903813785224,-0.03425468042737621,-0.04630816017063206,-0.9494514812696503,-0.9999825360774793,
missing__missingindicator_자산총계_연결,1.583033648136938e-05,0.03171206834971802,0.00022339028038887132,0.01227859212802316,0.015521049662203927,0.4972788023357999,0.30934818187259494,
cat__KSIC중분류_11차_C21000.의료용_물질_및_의약품_제조업,1.554247017904497e-05,0.031135401147120274,0.00017637379176515272,-0.015396817757843488,-0.017084244554476647,-0.7371820427155583,-0.45230359885580895,
num__fe_배출권_조정후할당량,1.4696672849223953e-05,0.02944106048892519,0.00024053222417001483,0.004724770295531732,0.009165607156603573,0.8301667478934459,0.43766181913449226,
cat__KSIC중분류_11차_H50000.수상_운송업,1.3694031667836015e-05,0.027432522912239018,0.00043304902518641585,0.0214978392732967,0.01579352811950018,0.8829587255864423,0.1714706781901072,
cat__주식업종_QGS18P.의료·정밀기기,1.3562282854347215e-05,0.027168597544432203,0.0007104052923705684,-0.019402854099514377,-0.04339528495266402,-0.7838741283586459,-0.8092412185935572,
cat__Scope2사업장간접자료출처_Estimate_derived_by_applying_revenue-based_intensity_factors_to_revenue_data,1.328145155730119e-05,0.026606023192513366,2.7071363263035835e-05,-0.01911687986891744,-0.022582644853340265,-0.37079573302971847,-0.7140656460379263,
num__fe_배출권_할당충족률,1.2494921723588558e-05,0.025030409946696263,0.0001623283045266125,0.010535273330397917,0.0301285951362887,-0.3984282546583384,-0.12331838688495432,
cat__Trucost산업_Entertainment,1.2441887100821152e-05,0.024924168516889583,0.00026162018158135743,-0.0019982218636991275,0.011533929860416707,-0.534793614997988,-0.48017753290959825,
missing__missingindicator_기말시가총액,1.2271009360847379e-05,0.024581858258616102,0.000245934999092247,0.023124230850986107,0.015574318724032213,0.7144329020079575,0.14872360901352452,
missing__missingindicator_매출채권_연결,1.161167691587452e-05,0.023261052754274904,0.0002715220122763393,0.010430128536524745,0.0176911564577991,-0.8092788211114185,-0.3026711275853486,
cat__NICS산업분류_N20302.항공사,1.1047784963395153e-05,0.022131438095740825,0.002531784054111389,-0.014230568536217783,7.093455907525753e-05,-0.888442655420472,-0.8173816374511604,
num__fe_배출권_부족비율__lag1,1.0994140118417162e-05,0.022023974240341783,2.7718655502732994e-05,-0.007483730208252133,-0.006861356227450893,0.16874966701721814,0.6909533895779227,
cat__KSIC소분류_11차_C29200.특수_목적용_기계_제조업,1.0224647373900311e-05,0.020482490486193584,0.0019297389842636,-0.015660993192886535,-0.04149123033497681,-0.05353317704028442,0.24536830505325058,
cat__NICS산업분류_N25302.다각화된_소비자_서비스,1.0124350817165001e-05,0.020281571746015522,0.0016873918028608335,0.012070250022215111,-0.007424902922745582,0.8383720359852684,0.7832220013677713,
cat__KSIC중분류_11차_C27000.의료__정밀__광학_기기_및_시계_제조업,9.798551511895225e-06,0.01962891538276227,0.0002994001850856874,-0.01803079803871955,-0.04979586743887375,0.7215619452605408,0.999395624702804,
missing__missingindicator_fe_재고자산비중,9.406194519038426e-06,0.01884292755555417,0.00014576164003968304,0.010245604795789566,0.008728639172092422,0.5533041150758605,0.07290097112077279,
missing__missingindicator_EBITDA대금융비용,8.274428381285937e-06,0.016575720844026417,0.000640976846437643,0.008178583805034832,-0.01082051126879575,0.6712768056690793,0.6715564020333749,
missing__missingindicator_비유동부채계_연결,8.273162773128081e-06,0.016573185518737966,0.00018972102723793433,0.012086905993875794,0.009458801097702493,0.8245683397241641,0.42899100048581457,
cat__KSIC중분류_11차_C26000.전자_부품__컴퓨터__영상__음향_및_통신장비_제조업,8.150963931654016e-06,0.016328391100271716,0.00015897270079467054,0.012813344253349653,0.01919794672584199,0.7134904050395451,0.7138922392374752,
cat__NICS산업분류_N30302.개인용품,7.995499313163402e-06,0.016016957125805073,0.002094059343923748,-0.00852221684005367,0.004178565248039428,-0.6697512475603052,-0.5425761125393646,
num__환경등급__diff1,7.165093179984349e-06,0.014353448830552385,1.6943188125896463e-05,0.016260190295887447,0.006383685734017425,0.08301452105757014,-0.3238337179286124,
cat__Scope1자료출처_Estimate_derived_by_applying_revenue-based_intensity_factors_to_revenue_data,7.038205908990092e-06,0.014099262331407864,0.00016261004452601551,-0.0229835688769293,-0.026307812790205415,-0.038784249049492535,0.0005547269678069221,
cat__Trucost산업_Biotechnology,6.764897887584417e-06,0.013551758956129438,0.0007751445496190477,-0.01814500101928626,-0.04789907261829537,0.05881573126389969,0.004432147154497733,
num__Scope3협력사간접배출량_tCO2e,6.762983529654525e-06,0.013547924025040639,1.3753488350010704e-05,0.012932097253075517,0.03529859340465964,-0.10216450959197919,0.035336675053851276,
cat__Trucost산업_Chemicals,6.6398759518876374e-06,0.0133013091836501,6.995549773397382e-05,-0.0036925847155050073,-0.019905167200349936,0.2532923165945985,0.2601069635693992,
cat__KSIC소분류_11차_C26500.영상_및_음향_기기_제조업,6.558811827906699e-06,0.013138917749746026,0.0008016325567441521,0.008022394098137813,0.03462007694355222,-0.9270178186688365,-0.9999727502827833,
missing__missingindicator_노동생산성,6.247973624135341e-06,0.012516232162784443,0.00030182960774156957,0.008214512409524621,0.007136530948723383,0.024912629920449382,-0.05794272475230227,
cat__Scope2사업장간접자료출처_Value_derived_from_data_provided_in_CDP,6.013506219982945e-06,0.01204653612347331,0.00017136934823785594,-0.005101478837265252,-0.025936050754806258,0.7146851801668904,0.8934447505262755,
cat__Scope2사업장간접자료출처_Exact_Value_from_Environmental/CSR,6.012898058424157e-06,0.01204531782587473,0.001377955805055536,0.011819785937020036,0.011537608613554852,0.8411483005612159,0.6345291340812381,
missing__missingindicator_현금및현금성자산_연결,5.683692257272287e-06,0.011385837411195084,7.43909130221497e-05,0.01227859212802316,0.015521049662203927,0.46199134290595173,0.38232709574648505,
cat__NICS산업분류_N15101.화학,5.351773876715366e-06,0.010720923030939392,6.615483352929859e-05,0.0021437424532487004,-0.00940919756032528,-0.4295128979103001,-0.51671886329584,
cat__KSIC세분류_11차_C21300.의료용품_및_기타_의약_관련제품_제조업,5.258629750354555e-06,0.010534332372869356,0.0010712023565537054,-0.029231984375666747,-0.07190501071394406,0.671282480683305,0.5801969571727306,
missing__missingindicator_지배구조등급,4.608161695452362e-06,0.00923128442814354,4.501259316342568e-05,-0.011663989321533551,-0.028778446442132392,-0.1578354946552171,-0.19298814459584024,
cat__Scope1보고추정구분_추정치,4.358002845818273e-06,0.008730154553410972,2.1593354964137624e-05,-0.02258502555786097,-0.02640070111054616,0.08011496012782893,-0.6076824247499903,
cat__NICS산업분류_N35101.헬스케어_장비와_용품,4.331272348063058e-06,0.008676606773625431,0.0001804696811692941,-0.01385111800257016,-0.056884421645304425,0.8467187528129271,0.9889624561004743,
cat__기부금_출처_missing,4.316190267219839e-06,0.008646393645867912,1.8060197885496546e-05,0.011911444940520982,0.02528997898097949,0.21845709089008067,0.8730057606535029,
cat__Trucost산업_Machinery,4.201501689498077e-06,0.008416644138021075,0.0001290964206270359,0.0054050431706841135,0.01911445605880085,-0.7252927405875205,-0.9151633102859537,
num__총매출_백만USD,4.038931944133777e-06,0.00809097684202542,4.1156426342661055e-05,0.02252287642346361,0.043381852578947784,0.021192379142110043,0.6553418262713608,
cat__KSIC중분류_11차_J62000.컴퓨터_프로그래밍__시스템_통합_및_관리업,3.988170162933401e-06,0.007989288474448755,0.00022799099820777524,-0.029286724032933448,-0.058327964827576836,-0.5682246442485415,-0.2651022911205266,
cat__Scope2사업장간접자료출처_Exact_Value_from_CDP,3.77444951951144e-06,0.007561153313839924,0.00024718536848289174,0.026067782847776798,0.03983900872344181,0.5759044289270219,0.5615824060012976,
cat__Scope1자료출처_Exact_Value_from_Environmental/CSR,3.6399635502179577e-06,0.0072917447478671,0.000870426066356468,0.005375779349532882,-0.010257764755490145,0.8983880526757503,0.9999977152148628,
num__유동자산계_연결,3.0810459626280325e-06,0.006172094969078697,0.0002026267752816609,0.01502798024421449,0.027709019314374833,-0.06531042690467344,-0.13883526920408298,
cat__NICS산업분류_N35201.생물공학,3.0021354168738138e-06,0.006014017683519011,0.00045865957757794374,-0.0027066997932368433,0.019936170519719278,-0.8637960297720193,-0.8178291035439282,
cat__KSIC소분류_11차_H50100.해상_운송업,2.931010162078149e-06,0.0058715362559052815,0.00038382275931975765,0.0214978392732967,0.01579352811950018,0.8678867481350567,0.9663329531405112,
cat__KSIC세분류_11차_C28200.일차전지_및_이차전지_제조업,2.279466304316884e-06,0.004566333212717859,0.00024582479752436985,0.0037646386113311804,-0.012770599449973103,0.8723587918850133,0.8432103576085506,
missing__missingindicator_환경등급,2.1015143627829968e-06,0.004209851583945839,0.0001124225605437625,-0.009159804311910427,-0.011600512437920527,0.10479724768413046,0.15286592411828054,
missing__missingindicator_KSIC대분류_EBITDA대매출액,1.7593884272685466e-06,0.0035244889535296013,6.94933616802673e-05,0.0006437437256771592,0.010841573005196486,-0.19657403730824327,-0.17486371121358923,
cat__NICS산업분류_N45300.반도체_및_반도체장비,1.7437185076150019e-06,0.0034930982396510534,0.00035520191821787075,0.013603574858088623,-0.01532438359782055,0.9796806148223595,0.9999947068292415,
missing__missingindicator_자본집약도_종업원1인당,1.4227395759900733e-06,0.002850098273700318,8.067080070046809e-05,0.021242885208396983,0.016953740655497117,-0.6598758590007293,-0.9442429084114996,
cat__주식업종_Missing,1.2457832113299909e-06,0.0024956110309545636,0.00016611825818929285,-0.02345591826730094,-0.05082388797195076,0.16174320967951095,0.1231160508009632,
cat__KSIC중분류_11차_C20000.화학_물질_및_화학제품_제조업,1.2372506380382798e-06,0.0024785181821863666,1.4704154326929698e-05,0.0008510284030359531,-0.0064976901995077,-0.21190702340955783,-0.7601719710921978,
cat__KSIC중분류_11차_C29000.기타_기계_및_장비_제조업,8.356529885416156e-07,0.001674019040622785,2.837093479616596e-05,-0.010971882106837397,-0.03112262553869902,0.3238402847033905,0.6415213756924134,
cat__KSIC세분류_11차_C11200.비알코올_음료_및_얼음_제조업,0.0,0.0,0.0,0.0005263385867252015,0.0020634129266630706,,,
cat__KSIC세분류_11차_C27210.측정__시험__항해__제어_및_기타_정밀_기기_제조업,0.0,0.0,0.0,0.0063993097257221705,-0.007266800982434579,,,
cat__KSIC세분류_11차_C11120.증류주_및_합성주_제조업,0.0,0.0,0.0,-0.008015080798542028,-0.025894118934761488,,,
cat__KSIC세분류_11차_C27190.기타_의료용_기기_제조업,0.0,0.0,0.0,-0.01535394092138724,-0.054999298697853846,,,
cat__KSIC세분류_11차_C27110.방사선_장치_및_전기식_진단_기기_제조업,0.0,0.0,0.0,-0.020547469511318885,-0.025415920877369626,,,
cat__KSIC세분류_11차_C26220.인쇄회로기판_및_전자부품_실장기판_제조업,0.0,0.0,0.0,0.004831161236324676,0.03409296955772,,,
cat__KSIC세분류_11차_C22230.포장용_플라스틱제품_제조업,0.0,0.0,0.0,-0.0005054458306430785,0.00035577039800260184,,,
cat__KSIC세분류_11차_C22110.고무_타이어_및_튜브_제조업,0.0,0.0,0.0,-0.0046904323448987125,-0.00287520449530983,,,
cat__KSIC세분류_11차_C26520.오디오__스피커_및_기타_음향_기기_제조업,0.0,0.0,0.0,0.00262498579914047,0.032528204717566366,,,
cat__KSIC세분류_11차_C26510.텔레비전__비디오_및_기타_영상_기기_제조업,0.0,0.0,0.0,0.007964170852070771,0.019242098831450703,,,
cat__KSIC세분류_11차_C26420.방송_및_무선_통신장비_제조업,0.0,0.0,0.0,0.0027880071841506872,-0.004295705821676168,,,
cat__KSIC세분류_11차_C22190.기타_고무제품_제조업,0.0,0.0,0.0,0.0013963027168465796,0.003922299868504433,,,
cat__KSIC세분류_11차_C22210.1차_플라스틱제품_제조업,0.0,0.0,0.0,0.010302218332921798,-0.0009169659523024852,,,
cat__KSIC세분류_11차_C22220.건축용_플라스틱제품_제조업,0.0,0.0,0.0,0.0005937101819256794,0.01139955320769146,,,
cat__KSIC세분류_11차_C26410.유선_통신장비_제조업,0.0,0.0,0.0,0.002856079807528298,0.004789105060754038,,,
cat__KSIC세분류_11차_C21230.동물용_의약품_제조업,0.0,0.0,0.0,0.005243772777665221,0.015085583092809381,,,
cat__KSIC세분류_11차_C25110.구조용_금속제품_제조업,0.0,0.0,0.0,2.2267182210328672e-05,0.016416054755599336,,,
cat__KSIC세분류_11차_C24220.비철금속_압연__압출_및_연신제품_제조업,0.0,0.0,0.0,0.0063990918253494546,0.012004233406922344,,,
cat__KSIC세분류_11차_C24210.비철금속_제련__정련_및_합금_제조업,0.0,0.0,0.0,-0.0036042841747663187,0.016893363363855298,,,
cat__KSIC세분류_11차_C25200.무기_및_총포탄_제조업,0.0,0.0,0.0,0.0038451958437385326,0.008822133269307851,,,
cat__KSIC세분류_11차_C24190.기타_1차_철강_제조업,0.0,0.0,0.0,-0.0031246135972465413,0.0024998564289002863,,,
cat__KSIC세분류_11차_C24130.철강관_제조업,0.0,0.0,0.0,0.005398893033373179,0.019338178932256835,,,
cat__KSIC세분류_11차_C24120.철강_압연__압출_및_연신제품_제조업,0.0,0.0,0.0,0.0038512592195950554,0.014733371355471012,,,
cat__KSIC세분류_11차_C20120.기초_무기화학_물질_제조업,0.0,0.0,0.0,-0.00861831076933891,-0.048631393115397166,,,
cat__KSIC세분류_11차_C20130.무기_안료__염료__유연제_및_기타_착색제_제조업,0.0,0.0,0.0,0.006032669586471127,0.0035783914332686725,,,
cat__KSIC세분류_11차_C24110.제철__제강_및_합금철_제조업,0.0,0.0,0.0,-0.0060382884207516255,-0.0014761327108108286,,,
cat__KSIC세분류_11차_C23990.그_외_기타_비금속_광물제품_제조업,0.0,0.0,0.0,-0.007738179081825525,0.005335058820250723,,,
cat__KSIC세분류_11차_C20200.합성고무_및_플라스틱_물질_제조업,0.0,0.0,0.0,-0.0019408000796122943,0.019462355020857587,,,
cat__KSIC세분류_11차_C12000.담배_제조업,0.0,0.0,0.0,-0.011579182052673566,-0.030738585059682032,,,
cat__KSIC세분류_11차_C20410.잉크__페인트__코팅제_및_유사제품_제조업,0.0,0.0,0.0,0.0018827902627740565,0.01253167502638855,,,
cat__KSIC세분류_11차_C23310.시멘트__석회_및_플라스터_제조업,0.0,0.0,0.0,0.006541901847456985,-0.006563891354139414,,,
cat__KSIC세분류_11차_C20420.세제__화장품_및_광택제_제조업,0.0,0.0,0.0,-0.0011017489974400518,0.0036546818332628167,,,
cat__KSIC세분류_11차_C23220.비내화_일반_도자기_제조업,0.0,0.0,0.0,0.0004586483230182544,0.003340809260013586,,,
cat__KSIC세분류_11차_C20490.그_외_기타_화학제품_제조업,0.0,0.0,0.0,0.009826610894396322,-0.005669041526550071,,,
cat__KSIC세분류_11차_C23210.내화_요업제품_제조업,0.0,0.0,0.0,0.000745849943614531,0.006196380476463279,,,
cat__KSIC세분류_11차_C20500.화학섬유_제조업,0.0,0.0,0.0,-2.1251171097350413e-05,0.012118912598457939,,,
cat__KSIC세분류_11차_C13100.방적_및_가공사_제조업,0.0,0.0,0.0,-2.2426447436366768e-05,0.0058373166244486225,,,
cat__KSIC세분류_11차_C23120.산업용_유리_제조업,0.0,0.0,0.0,-0.00035743521143263585,-0.015092990301342183,,,
cat__KSIC세분류_11차_C22290.기타_플라스틱_제품_제조업,0.0,0.0,0.0,0.0019033986758736786,0.003629252933451767,,,
cat__KSIC세분류_11차_C22240.기계장비_조립용_플라스틱제품_제조업,0.0,0.0,0.0,0.00097736625178375,-0.0025938093422141245,,,
cat__KSIC세분류_11차_C28110.전동기__발전기_및_전기_변환장치_제조업,0.0,0.0,0.0,0.008005957306896553,0.02440904885609621,,,
cat__KSIC세분류_11차_C27300.사진장비_및_광학기기_제조업,0.0,0.0,0.0,-0.008734528776042973,0.007529801971989167,,,
cat__KSIC세분류_11차_C23320.콘크리트__레미콘_및_기타_시멘트__플라스터_제품_제조업,0.0,0.0,0.0,-0.0017918689005279654,-0.010204087646415092,,,
cat__KSIC소분류_11차_J59200.오디오물_출판_및_원판_녹음업,0.0,0.0,0.0,-0.0005367776835900366,-0.013255117535839366,,,
cat__KSIC소분류_11차_J58100.서적__잡지_및_기타_인쇄물_출판업,0.0,0.0,0.0,-0.004862372715964108,-0.0019834846407034193,,,
cat__KSIC소분류_11차_I56100.음식점업,0.0,0.0,0.0,0.002635860476723257,-0.0031198835642328414,,,
cat__KSIC소분류_11차_I55100.일반_및_생활_숙박시설_운영업,0.0,0.0,0.0,-0.027502823068048573,-0.04070678414194559,,,
cat__KSIC소분류_11차_H52900.기타_운송관련_서비스업,0.0,0.0,0.0,0.010438806884325913,0.0015995635826131982,,,
cat__KSIC소분류_11차_H51100.항공_여객_운송업,0.0,0.0,0.0,-0.0069522196917136,0.0024328557936806774,,,
cat__KSIC소분류_11차_H49300.도로_화물_운송업,0.0,0.0,0.0,0.007575120845201681,0.014035414822522777,,,
cat__KSIC소분류_11차_G47900.무점포_소매업,0.0,0.0,0.0,-0.0007606416278354883,0.009458741300412937,,,
cat__KSIC세분류_11차_C26290.기타_전자_부품_제조업,0.0,0.0,0.0,0.013530957732283683,9.696132839330866e-05,,,
cat__KSIC소분류_11차_G47200.음ㆍ식료품_및_담배_소매업,0.0,0.0,0.0,-0.010907800851754162,0.020407618692024895,,,
cat__KSIC소분류_11차_G47100.종합_소매업,0.0,0.0,0.0,0.0005096484982920342,-0.009115697992654295,,,
cat__KSIC소분류_11차_N76300.산업용_기계_및_장비_임대업,0.0,0.0,0.0,-0.007659929125900159,-0.018872256459984242,,,
cat__KSIC소분류_11차_N76200.개인_및_가정용품_임대업,0.0,0.0,0.0,0.006836268950141126,-0.019395338238601845,,,
cat__KSIC소분류_11차_N75900.기타_사업_지원_서비스업,0.0,0.0,0.0,0.005854245144395733,-0.005829132900293894,,,
cat__KSIC소분류_11차_N75300.경비__경호_및_탐정업,0.0,0.0,0.0,-0.0026246692393741234,-0.012358795609671236,,,
cat__KSIC소분류_11차_N75200.여행사_및_기타_여행_보조_서비스업,0.0,0.0,0.0,-0.052699687975919,-0.05407340516474847,,,
cat__KSIC소분류_11차_N74100.사업시설_유지ㆍ관리_서비스업,0.0,0.0,0.0,-0.033999687114536464,-0.019321435078659948,,,
cat__KSIC소분류_11차_G47400.섬유__의복__신발_및_가죽제품_소매업,0.0,0.0,0.0,0.0002559938314531083,-0.00647065234148744,,,
cat__KSIC소분류_11차_C28300.절연선_및_케이블_제조업,0.0,0.0,0.0,0.0058351344546257525,0.013771609902493124,,,
cat__KSIC소분류_11차_G46800.상품_종합_도매업,0.0,0.0,0.0,0.006271836675691115,0.034357219365752874,,,
cat__KSIC소분류_11차_G46700.기타_전문_도매업,0.0,0.0,0.0,0.0084212062165972,0.013636578486350906,,,
cat__KSIC소분류_11차_G46500.기계장비_및_관련_물품_도매업,0.0,0.0,0.0,-0.0009453970224202678,-0.0018565029484498023,,,
cat__KSIC소분류_11차_G46400.생활용품_도매업,0.0,0.0,0.0,0.0035500276248434403,0.012121098915268299,,,
cat__KSIC소분류_11차_G46300.음ㆍ식료품_및_담배_도매업,0.0,0.0,0.0,0.007932864317638738,-0.001513493012614152,,,
cat__KSIC소분류_11차_G46100.상품_중개업,0.0,0.0,0.0,0.006248427752369602,0.011015993993280062,,,
cat__KSIC소분류_11차_G45100.자동차_판매업,0.0,0.0,0.0,0.003542174200029011,0.007620438764569727,,,
cat__KSIC소분류_11차_J60200.텔레비전_방송업,0.0,0.0,0.0,-0.009359479892593005,-0.008489766614914095,,,
cat__KSIC소분류_11차_F42300.전기_및_통신_공사업,0.0,0.0,0.0,-0.0002921862473400091,0.002823392958691978,,,
cat__KSIC소분류_11차_F42200.건물설비_설치_공사업,0.0,0.0,0.0,4.860612757662166e-05,0.006501130890695976,,,
cat__KSIC소분류_11차_F42100.기반조성_및_시설물_축조관련_전문공사업,0.0,0.0,0.0,0.002375878135899005,0.007216930981592974,,,
cat__KSIC소분류_11차_F41200.토목_건설업,0.0,0.0,0.0,0.006788967486535533,0.03245787162216558,,,
cat__KSIC소분류_11차_F41100.건물_건설업,0.0,0.0,0.0,0.002115013531971999,-0.0018069119677910463,,,
cat__KSIC소분류_11차_E38200.폐기물_처리업,0.0,0.0,0.0,0.00743773754643263,-0.02127628553061467,,,
cat__KSIC소분류_11차_D35300.증기__냉ㆍ온수_및_공기_조절_공급업,0.0,0.0,0.0,-8.64588609140335e-06,0.0065533066149457446,,,
cat__KSIC소분류_11차_D35200.연료용_가스_제조_및_배관공급업,0.0,0.0,0.0,0.013904808661179578,0.026741347046575492,,,
cat__KSIC소분류_11차_J61200.전기_통신업,0.0,0.0,0.0,-0.008816243073153983,-0.024123806668112504,,,
cat__KSIC소분류_11차_F42400.실내건축_및_건축마무리_공사업,0.0,0.0,0.0,0.001776745719511912,0.009565034740541144,,,
cat__KSIC세분류_11차_C10110.도축업,0.0,0.0,0.0,0.003814807901396656,0.006511839850390224,,,
cat__KSIC세분류_11차_A03110.해수면_어업,0.0,0.0,0.0,0.009339643032369609,0.008557088943141713,,,
cat__KSIC소분류_11차_S96900.그_외_기타_개인_서비스업,0.0,0.0,0.0,-0.002661558388660889,-0.01604509954353709,,,
cat__KSIC소분류_11차_R91200.유원지_및_기타_오락관련_서비스업,0.0,0.0,0.0,0.0014021795158409179,-0.006576236107322319,,,
cat__KSIC소분류_11차_P85600.기타_교육기관,0.0,0.0,0.0,0.00476850685267746,0.0025093182050211,,,
cat__KSIC소분류_11차_P85500.일반_교습학원,0.0,0.0,0.0,0.0037955728674891167,0.009832251617635734,,,
cat__KSIC세분류_11차_C20110.기초_유기화학_물질_제조업,0.0,0.0,0.0,0.0004289358091955798,-0.01041073312786924,,,
cat__KSIC세분류_11차_C19210.원유_정제처리업,0.0,0.0,0.0,0.0011386592879301216,0.00618263050598685,,,
cat__KSIC소분류_11차_Missing,0.0,0.0,0.0,0.0015184517046323521,0.007132888616643515,,,
cat__KSIC세분류_11차_C17210.골판지_및_골판지_가공제품_제조업,0.0,0.0,0.0,0.00478019878209063,0.007905854079794182,,,
cat__KSIC세분류_11차_C17100.펄프__종이_및_판지_제조업,0.0,0.0,0.0,0.005198624210486034,0.016982477114585146,,,
cat__KSIC세분류_11차_C16210.박판__합판_및_강화_목제품_제조업,0.0,0.0,0.0,-0.0024028941693530026,0.00011537646933577459,,,
cat__KSIC세분류_11차_C15220.신발_부분품_제조업,0.0,0.0,0.0,0.0011911518002356068,-0.0033030186065384068,,,
cat__KSIC세분류_11차_C15110.모피_및_가죽_제조업,0.0,0.0,0.0,0.0050627860318005966,-0.016374814141936155,,,
cat__KSIC세분류_11차_C14190.기타_봉제의복_제조업,0.0,0.0,0.0,0.004659472989070079,0.024411819790965135,,,
cat__KSIC세분류_11차_C14120.속옷_및_잠옷_제조업,0.0,0.0,0.0,0.00538923261851968,-0.009568876582093537,,,
cat__KSIC세분류_11차_C14110.겉옷_제조업,0.0,0.0,0.0,0.0026229308792176317,0.0006781168305098418,,,
cat__KSIC세분류_11차_C13990.그_외_기타_섬유제품_제조업,0.0,0.0,0.0,0.007308973035427426,0.0022179248399963824,,,
cat__KSIC세분류_11차_C17220.종이_포대__판지_상자_및_종이_용기_제조업,0.0,0.0,0.0,-0.0026863472555522547,0.00011720202895920281,,,
cat__KSIC소분류_11차_M73900.그_외_기타_전문__과학_및_기술_서비스업,0.0,0.0,0.0,-0.009400367972380112,-0.0182101881289475,,,
cat__KSIC소분류_11차_M73200.전문_디자인업,0.0,0.0,0.0,0.002978733869526033,-0.006433515275774481,,,
cat__KSIC소분류_11차_M72100.건축_기술__엔지니어링_및_관련_기술_서비스업,0.0,0.0,0.0,0.0033426661525078403,0.01883950066539945,,,
cat__KSIC소분류_11차_M71300.광고업,0.0,0.0,0.0,-0.007813045752157455,-0.025717335006825374,,,
cat__KSIC소분류_11차_M70100.자연과학_및_공학_연구개발업,0.0,0.0,0.0,-0.006423774838797048,0.007271698192413001,,,
cat__KSIC소분류_11차_L68100.부동산_임대_및_공급업,0.0,0.0,0.0,0.0036717983387316044,-0.02091959457011527,,,
cat__KSIC소분류_11차_J63900.기타_정보_서비스업,0.0,0.0,0.0,-0.007114202841094019,-0.02152263527697838,,,
cat__KSIC소분류_11차_J63100.자료_처리__호스팅__포털_및_기타_인터넷_정보_매개_서비스업,0.0,0.0,0.0,0.00566700417490123,-0.007332671372527121,,,
cat__KSIC세분류_11차_C10210.수산동물_가공_및_저장_처리업,0.0,0.0,0.0,-0.0018356440949693852,0.003624752163709888,,,
cat__KSIC세분류_11차_C10900.동물용_사료_및_조제식품_제조업,0.0,0.0,0.0,0.010388437421893654,0.018986137675134483,,,
cat__KSIC세분류_11차_C10890.기타_식료품_제조업,0.0,0.0,0.0,-0.0018603575902282543,0.005298397377026893,,,
cat__KSIC세분류_11차_C10830.조미료_및_식품_첨가물_제조업,0.0,0.0,0.0,-0.0009105156935664128,0.0056628449224353,,,
cat__KSIC세분류_11차_C10820.면류__마카로니_및_유사_식품_제조업,0.0,0.0,0.0,0.012277722907467956,0.0004591080494513351,,,
cat__KSIC세분류_11차_C10810.설탕_제조업,0.0,0.0,0.0,0.004779596184345637,0.010545729898968148,,,
cat__KSIC세분류_11차_C10600.떡__빵_및_과자류_제조업,0.0,0.0,0.0,0.008659981352039053,0.009397235071374759,,,
cat__KSIC세분류_11차_C10520.전분제품_및_당류_제조업,0.0,0.0,0.0,0.0029168928835548768,0.00400299027250807,,,
cat__KSIC세분류_11차_C10510.곡물_가공품_제조업,0.0,0.0,0.0,0.0018461007851450347,0.007994314754922382,,,
cat__KSIC세분류_11차_C10420.낙농제품_및_식용_빙과류_제조업,0.0,0.0,0.0,0.007890639676586434,0.01898922122122083,,,
cat__KSIC소분류_11차_J62000.컴퓨터_프로그래밍__시스템_통합_및_관리업,0.0,0.0,0.0,-0.029286724032933448,-0.058327964827576836,,,
cat__KSIC세분류_11차_J61290.기타_전기_통신업,0.0,0.0,0.0,-0.011479450641111305,-0.03060556638609317,,,
cat__KSIC세분류_11차_J61220.무선_및_위성_통신업,0.0,0.0,0.0,-0.0003132000941788717,-0.001767242936075756,,,
cat__Scope1자료출처_Extrapolated_from_prior_year,0.0,0.0,0.0,0.007068114931859247,0.012638778870926404,,,
cat__Scope1자료출처_Exact_Value_from_Annual_Report/10K/Financial_Accounts_Disclosure,0.0,0.0,0.0,-0.0005533591210260559,-0.002420827019498706,,,
cat__Scope1자료출처_Estimate_based_on_partial_data_disclosure_in_Environmental/CSR,0.0,0.0,0.0,0.0031462578673484153,-0.0020679401780477114,,,
cat__Scope1자료출처_Estimate_based_on_partial_data_disclosure_in_CDP,0.0,0.0,0.0,0.0050300694159768145,0.0023033322155393884,,,
cat__KSIC세분류_11차_S96990.그_외_기타_분류_안된_개인_서비스업,0.0,0.0,0.0,-0.002661558388660889,-0.01604509954353709,,,
cat__KSIC세분류_11차_R91240.사행시설_관리_및_운영업,0.0,0.0,0.0,0.0014021795158409179,-0.006576236107322319,,,
cat__KSIC소분류_11차_C28200.일차전지_및_이차전지_제조업,0.0,0.0,0.0,0.0037646386113311804,-0.012770599449973103,,,
cat__KSIC세분류_11차_P85630.외국어학원_및_기타_교습학원,0.0,0.0,0.0,0.0010027911854396914,-0.0036922721937301638,,,
cat__KSIC세분류_11차_P85500.일반_교습학원,0.0,0.0,0.0,0.0037955728674891167,0.009832251617635734,,,
cat__KSIC세분류_11차_N76320.컴퓨터_및_사무용_기계ㆍ장비_임대업,0.0,0.0,0.0,-0.007659929125900159,-0.018872256459984242,,,
cat__KSIC세분류_11차_N76290.기타_개인_및_가정용품_임대업,0.0,0.0,0.0,0.006836268950141126,-0.019395338238601845,,,
cat__KSIC세분류_11차_N75990.그_외_기타_사업_지원_서비스업,0.0,0.0,0.0,0.005854245144395733,-0.005829132900293894,,,
cat__KSIC세분류_11차_N75310.경비_및_경호_서비스업,0.0,0.0,0.0,-0.0026246692393741234,-0.012358795609671236,,,
cat__Scope1보고추정구분_외삽값,0.0,0.0,0.0,0.007068114931859247,0.012638778870926404,,,
cat__Scope1보고추정구분_산출값,0.0,0.0,0.0,-0.0023450880437888293,-0.00735558829352135,,,
cat__KSIC세분류_11차_P85650.직원_훈련기관,0.0,0.0,0.0,0.005118382657423634,0.005657328694536714,,,
cat__KSIC세분류_11차_J58110.서적_출판업,0.0,0.0,0.0,-0.004862372715964108,-0.0019834846407034193,,,
cat__KSIC세분류_11차_I56130.기관_구내식당업,0.0,0.0,0.0,0.002635860476723257,-0.0031198835642328414,,,
cat__KSIC세분류_11차_I55100.일반_및_생활_숙박시설_운영업,0.0,0.0,0.0,-0.027502823068048573,-0.04070678414194559,,,
cat__KSIC세분류_11차_H52990.그_외_기타_운송관련_서비스업,0.0,0.0,0.0,0.004812359061889493,0.006843869905884594,,,
cat__KSIC세분류_11차_H52940.화물_취급업,0.0,0.0,0.0,0.009316936568962283,-0.002568487512781675,,,
cat__KSIC세분류_11차_N75210.여행사업,0.0,0.0,0.0,-0.052699687975919,-0.05407340516474847,,,
cat__KSIC세분류_11차_N74100.사업시설_유지ㆍ관리_서비스업,0.0,0.0,0.0,-0.033999687114536464,-0.019321435078659948,,,
cat__KSIC세분류_11차_Missing,0.0,0.0,0.0,0.00752517012957082,0.002304164537644846,,,
cat__KSIC세분류_11차_J62010.컴퓨터_프로그래밍_서비스업,0.0,0.0,0.0,0.0018865449408731055,-0.007233323145217313,,,
cat__KSIC세분류_11차_M73200.전문_디자인업,0.0,0.0,0.0,0.002978733869526033,-0.006433515275774481,,,
cat__KSIC세분류_11차_M72120.엔지니어링_서비스업,0.0,0.0,0.0,0.0014564646830732809,0.02201986024625099,,,
cat__KSIC세분류_11차_M72110.건축_및_조경_설계_서비스업,0.0,0.0,0.0,0.0042096178115423296,-0.0007341495703133167,,,
cat__KSIC세분류_11차_M71310.광고_대행업,0.0,0.0,0.0,-0.007813045752157455,-0.025717335006825374,,,
cat__KSIC세분류_11차_M70110.자연과학_연구개발업,0.0,0.0,0.0,-0.006423774838797048,0.007271698192413001,,,
cat__KSIC세분류_11차_L68120.부동산_개발_및_공급업,0.0,0.0,0.0,0.0036717983387316044,-0.02091959457011527,,,
cat__KSIC세분류_11차_J63990.그_외_기타_정보_서비스업,0.0,0.0,0.0,-0.007114202841094019,-0.02152263527697838,,,
cat__KSIC세분류_11차_J63120.포털_및_기타_인터넷_정보_매개_서비스업,0.0,0.0,0.0,-0.0015364084555584802,-0.022423693985923535,,,
cat__KSIC세분류_11차_J63110.자료_처리__호스팅_및_관련_서비스업,0.0,0.0,0.0,0.013914724411424946,0.024030974971193372,,,
cat__KSIC세분류_11차_M73900.그_외_기타_전문__과학_및_기술_서비스업,0.0,0.0,0.0,-0.009400367972380112,-0.0182101881289475,,,
cat__Scope2사업장간접자료출처_Missing,0.0,0.0,0.0,0.033154414845012165,0.04767235012639698,,,
cat__Scope2사업장간접자료출처_Extrapolated_from_prior_year,0.0,0.0,0.0,0.006963611859605052,0.006147150971395959,,,
cat__Scope2사업장간접자료출처_Exact_Value_from_Annual_Report/10K/Financial_Accounts_Disclosure,0.0,0.0,0.0,0.003105181466347593,-0.004763459320348701,,,
cat__Scope2사업장간접자료출처_Estimate_based_on_partial_data_disclosure_in_Environmental/CSR,0.0,0.0,0.0,0.004959131103094956,0.002123584534901212,,,
cat__Scope2사업장간접자료출처_Estimate_based_on_partial_data_disclosure_in_CDP,0.0,0.0,0.0,0.00863513256038977,0.004153545932455266,,,
missing__missingindicator_Scope3협력사간접배출량_tCO2e,0.0,0.0,0.0,0.033154414845012165,0.04767235012639698,,,
num__fe_배출권_잠재탄소비용_원,0.0,0.0,0.0,-0.0033562237331257842,-0.00041983964661511023,,,
missing__missingindicator_총매출_백만USD,0.0,0.0,0.0,0.033154414845012165,0.04767235012639698,,,
cat__Scope1보고추정구분_반려됨,0.0,0.0,0.0,-0.0260539520472627,-0.05095312440190925,,,
cat__Scope3자료출처_Value_summed_up_from_data_provided_in_CDP,0.0,0.0,0.0,-0.007842609214839275,-0.003410024188570776,,,
cat__Scope3자료출처_Value_derived_from_data_provided_in_Environmental/CSR,0.0,0.0,0.0,0.007193913858075488,0.004695178197248008,,,
cat__Scope3자료출처_Value_derived_from_data_provided_in_CDP,0.0,0.0,0.0,0.012530607935576399,0.00918968754034514,,,
cat__Scope3자료출처_Missing,0.0,0.0,0.0,0.033154414845012165,0.04767235012639698,,,
cat__Scope3자료출처_Extrapolated_from_prior_year,0.0,0.0,0.0,-0.008474302267265662,0.011346666230967443,,,
cat__Scope3자료출처_Exact_Value_from_CDP,0.0,0.0,0.0,0.03154127468286108,0.026768195071437417,,,
cat__Scope2사업장간접보고추정구분_외삽값,0.0,0.0,0.0,0.006963611859605052,0.006147150971395959,,,
cat__Scope2사업장간접보고추정구분_산출값,0.0,0.0,0.0,-0.005893056123672821,-0.019234393681814052,,,
cat__Scope2사업장간접보고추정구분_보고값,0.0,0.0,0.0,0.027792271355909684,0.03570274967491094,,,
cat__Scope2사업장간접자료출처_Value_summed_up_from_data_provided_in_CDP,0.0,0.0,0.0,-0.0004973737009157562,-0.0031130421899132166,,,
cat__Scope1자료출처_Value_summed_up_from_data_provided_in_Environmental/CSR,0.0,0.0,0.0,-0.011882421353218306,-0.011966352120459371,,,
cat__Scope1자료출처_Value_summed_up_from_data_provided_in_CDP,0.0,0.0,0.0,-0.0053260142467238085,-0.005559541038733667,,,
cat__Scope1자료출처_Value_summed_up_from_data_provided_in_Annual_Report/10K/Financial_Accounts_Disclosure,0.0,0.0,0.0,0.0010205202320868595,-0.008999279022128489,,,
cat__Scope1자료출처_Value_split_from_data_provided_in_Environmental/CSR,0.0,0.0,0.0,0.008280338112883458,-0.010213577423260463,,,
cat__Scope1자료출처_Value_split_from_data_provided_in_CDP,0.0,0.0,0.0,0.002013776166014324,0.005414104241198145,,,
cat__Scope1자료출처_Value_split_from_data_provided_in_Annual_Report/10K/Financial_Accounts_Disclosure,0.0,0.0,0.0,0.0041148698617039315,0.024455029224638554,,,
cat__Scope1자료출처_Value_derived_from_fuel_use_provided_in_Environmental/CSR,0.0,0.0,0.0,0.0031188756138435486,0.005650497982390649,,,
cat__Scope1자료출처_Value_derived_from_fuel_use_provided_in_CDP,0.0,0.0,0.0,-0.013497318430140215,-0.003055985448522527,,,
cat__Scope2사업장간접자료출처_Value_derived_from_data_provided_in_Annual_Report/10K/Financial_Accounts_Disclosure,0.0,0.0,0.0,0.012804593314475905,0.01951530420485,,,
cat__Scope1자료출처_Value_derived_from_data_provided_in_Environmental/CSR,0.0,0.0,0.0,7.580883238560424e-05,-0.0016586638734668448,,,
cat__Scope1자료출처_Value_derived_from_data_provided_in_CDP,0.0,0.0,0.0,-0.011793842121437748,-0.02218966632469613,,,
cat__Scope1자료출처_Value_derived_from_data_provided_in_Annual_Report/10K/Financial_Accounts_Disclosure,0.0,0.0,0.0,0.02238275138454882,0.016856213203793442,,,
cat__Scope1자료출처_Missing,0.0,0.0,0.0,0.033154414845012165,0.04767235012639698,,,
cat__Scope2사업장간접자료출처_Value_summed_up_from_data_provided_in_Annual_Report/10K/Financial_Accounts_Disclosure,0.0,0.0,0.0,0.0041412827996665045,-0.0071887987477671274,,,
cat__Scope2사업장간접자료출처_Value_split_from_data_provided_in_Environmental/CSR,0.0,0.0,0.0,0.0072776735813264645,-0.010048378684676689,,,
cat__Scope2사업장간접자료출처_Value_split_from_data_provided_in_CDP,0.0,0.0,0.0,0.002013776166014324,0.005414104241198145,,,
cat__Scope2사업장간접자료출처_Value_split_from_data_provided_in_Annual_Report/10K/Financial_Accounts_Disclosure,0.0,0.0,0.0,0.0041148698617039315,0.024455029224638554,,,
cat__Scope2사업장간접자료출처_Value_derived_from_data_provided_in_Environmental/CSR,0.0,0.0,0.0,-0.007865032366817173,-0.014235076929420488,,,
cat__Scope1자료출처_Value_derived_from_fuel_use_provided_in_Annual_Report/10K/Financial_Accounts_Disclosure,0.0,0.0,0.0,0.002058398737512206,-0.0035023983553332774,,,
cat__KSIC세분류_11차_D35120.송전_및_배전업,0.0,0.0,0.0,-0.009217305718581167,0.00495955050889928,,,
cat__KSIC세분류_11차_C33990.그_외_기타_분류_안된_제품_제조업,0.0,0.0,0.0,-0.016385353880120076,-0.02180054677567917,,,
cat__KSIC세분류_11차_C33200.악기_제조업,0.0,0.0,0.0,1.7772744605024227e-05,-0.010751663265806146,,,
cat__KSIC세분류_11차_C32020.목재_가구_제조업,0.0,0.0,0.0,0.00150714665427432,0.026295650439509065,,,
cat__KSIC세분류_11차_C31990.그_외_기타_분류_안된_운송장비_제조업,0.0,0.0,0.0,-0.015778124030794847,-0.02623361636737093,,,
cat__KSIC세분류_11차_C31910.전투용_차량_제조업,0.0,0.0,0.0,0.011551625355066196,0.02338961389066695,,,
cat__KSIC세분류_11차_C31320.항공기용_엔진_및_부품_제조업,0.0,0.0,0.0,-0.007434974801346814,-0.006806414776810599,,,
cat__KSIC세분류_11차_C31310.항공기__우주선_및_보조장치_제조업,0.0,0.0,0.0,-0.014994875253728253,-0.024259733563764298,,,
cat__KSIC세분류_11차_J58210.게임_소프트웨어_개발_및_공급업,0.0,0.0,0.0,-0.033517027079579674,-0.06171037164082856,,,
cat__KSIC세분류_11차_C30400.자동차_재제조_부품_제조업,0.0,0.0,0.0,0.0005528869313081662,0.0064854020343986145,,,
cat__KSIC세분류_11차_C30390.자동차용_기타_신품_부품_제조업,0.0,0.0,0.0,0.0032136470324112248,0.019302403390567636,,,
cat__KSIC세분류_11차_C30330.자동차용_신품_동력_전달장치_및_전기장치_제조업,0.0,0.0,0.0,0.003077738919091288,0.016565620870919128,,,
cat__KSIC세분류_11차_C30320.자동차_차체용_신품_부품_제조업,0.0,0.0,0.0,0.004958396894689432,0.014973303900936027,,,
cat__KSIC세분류_11차_C30310.자동차_엔진용_신품_부품_제조업,0.0,0.0,0.0,0.004341059779525708,0.01088921809945319,,,
cat__KSIC세분류_11차_C30120.자동차_제조업,0.0,0.0,0.0,0.006042860000306473,0.039407944595083344,,,
cat__KSIC세분류_11차_C29290.기타_특수_목적용_기계_제조업,0.0,0.0,0.0,-0.002020231198182427,-0.012869046811913375,,,
cat__KSIC세분류_11차_G46410.생활용_섬유제품__의복__의복_액세서리_및_모피제품_도매업,0.0,0.0,0.0,0.0038324991648526104,0.008230120127684825,,,
cat__KSIC세분류_11차_C31110.선박_및_수상_부유_구조물_건조업,0.0,0.0,0.0,-0.0026420762793160015,0.03500671021081028,,,
cat__KSIC세분류_11차_C26210.표시장치_제조업,0.0,0.0,0.0,-0.0058116728440636345,0.01233127199999349,,,
cat__KSIC세분류_11차_C26120.다이오드__트랜지스터_및_유사_반도체_소자_제조업,0.0,0.0,0.0,-0.003957603102564557,0.006403360138971355,,,
cat__KSIC세분류_11차_C26110.전자집적회로_제조업,0.0,0.0,0.0,0.0040431851600856925,-0.01818316809958533,,,
cat__KSIC세분류_11차_C25990.그_외_기타_금속_가공제품_제조업,0.0,0.0,0.0,0.01118145803743308,-0.005975417607029778,,,
cat__KSIC세분류_11차_C25930.날붙이__수공구_및_일반_철물_제조업,0.0,0.0,0.0,-0.0044358504825880146,-0.009458167684010527,,,
cat__KSIC세분류_11차_C29240.건설_및_광업용_기계장비_제조업,0.0,0.0,0.0,0.0005754732922956349,-0.00017520251160377774,,,
cat__KSIC세분류_11차_C29210.농업_및_임업용_기계_제조업,0.0,0.0,0.0,0.003074545206818802,0.0073830009791459395,,,
cat__KSIC세분류_11차_C29190.기타_일반_목적용_기계_제조업,0.0,0.0,0.0,0.005254013902003848,-0.011836537235831337,,,
cat__KSIC세분류_11차_C28120.전기_공급_및_제어장치_제조업,0.0,0.0,0.0,-0.006276982869245557,-0.000710293573578739,,,
cat__KSIC세분류_11차_C29170.냉각__공기_조화__여과__증류_및_가스_발생기_제조업,0.0,0.0,0.0,-0.0022741810292491844,0.008398621179475029,,,
cat__KSIC세분류_11차_C29160.산업용_트럭__승강기_및_물품_취급장비_제조업,0.0,0.0,0.0,-0.0012182002555364778,0.01838138562229833,,,
cat__KSIC세분류_11차_C29150.산업용_오븐__노_및_노용_버너_제조업,0.0,0.0,0.0,0.0008571731836555693,0.003268453314001572,,,
cat__KSIC세분류_11차_C29120.유압_기기_제조업,0.0,0.0,0.0,0.004318538288774396,-0.0019742192845536716,,,
cat__KSIC세분류_11차_C29110.내연기관_및_터빈_제조업,0.0,0.0,0.0,0.006791423605508537,0.007761295740839576,,,
cat__KSIC세분류_11차_C28900.기타_전기장비_제조업,0.0,0.0,0.0,-0.009093268069389853,-0.01666592818748282,,,
cat__KSIC세분류_11차_C28520.가정용_비전기식_조리_및_난방_기구_제조업,0.0,0.0,0.0,0.006030317351797049,0.002204085134640743,,,
cat__KSIC세분류_11차_C28510.가정용_전기_기기_제조업,0.0,0.0,0.0,0.0034474404237989946,0.011291982193732163,,,
cat__KSIC세분류_11차_C28300.절연선_및_케이블_제조업,0.0,0.0,0.0,0.0058351344546257525,0.013771609902493124,,,
cat__KSIC세분류_11차_C29180.사무용_기계_및_장비_제조업,0.0,0.0,0.0,0.0063186817155260816,0.010382547643782226,,,
cat__KSIC세분류_11차_G47220.가공식품_소매업,0.0,0.0,0.0,-0.010907800851754162,0.020407618692024895,,,
cat__KSIC세분류_11차_G47130.면세점,0.0,0.0,0.0,0.002172486278515439,0.0015366118499165059,,,
cat__KSIC세분류_11차_G47120.음ㆍ식료품_위주_종합_소매업,0.0,0.0,0.0,0.003676168205199355,0.00800460124237424,,,
cat__KSIC세분류_11차_G47110.대형_종합_소매업,0.0,0.0,0.0,-0.0028568378667758213,-0.01783762886883776,,,
cat__KSIC세분류_11차_G46800.상품_종합_도매업,0.0,0.0,0.0,0.006271836675691115,0.034357219365752874,,,
cat__KSIC세분류_11차_G46790.재생용_재료_및_기타_상품_전문_도매업,0.0,0.0,0.0,0.004632757035509424,0.0010809001764087427,,,
cat__KSIC세분류_11차_G46740.방직용_섬유__실_및_직물_도매업,0.0,0.0,0.0,0.007858069769343522,0.0070537687960822385,,,
cat__KSIC세분류_11차_G46730.화학_물질_및_화학제품_도매업,0.0,0.0,0.0,0.006428987775864885,0.0009187415226260906,,,
cat__KSIC세분류_11차_G46320.가공식품_도매업,0.0,0.0,0.0,0.005281955507778597,0.0027525211518463688,,,
cat__KSIC세분류_11차_G46590.기타_기계_및_장비_도매업,0.0,0.0,0.0,-0.0009453970224202678,-0.0018565029484498023,,,
cat__KSIC세분류_11차_G46430.생활용_가구__조명기구_및_비전기식_생활용기기_도매업,0.0,0.0,0.0,0.00032091524515000215,0.010387320754140004,,,
cat__KSIC세분류_11차_J60220.유선__위성_및_기타_방송업,0.0,0.0,0.0,-0.017523635887752294,-0.00952478085218937,,,
cat__KSIC세분류_11차_J60210.지상파_방송업,0.0,0.0,0.0,-0.00016199117748382142,0.0011497598819210301,,,
cat__KSIC세분류_11차_J59200.오디오물_출판_및_원판_녹음업,0.0,0.0,0.0,-0.0005367776835900366,-0.013255117535839366,,,
cat__KSIC세분류_11차_J59140.영화_및_비디오물_상영업,0.0,0.0,0.0,0.003862677030663528,0.028729683821854948,,,
cat__KSIC세분류_11차_J59130.영화__비디오물_및_방송_프로그램_배급업,0.0,0.0,0.0,0.05650882766182375,0.08272094655212366,,,
cat__KSIC세분류_11차_J59110.영화__비디오물_및_방송_프로그램_제작업,0.0,0.0,0.0,0.013799082007787516,0.03166066184680679,,,
cat__KSIC세분류_11차_J58220.시스템ㆍ응용_소프트웨어_개발_및_공급업,0.0,0.0,0.0,-0.0011914960605061825,-0.012844527071601402,,,
cat__KSIC세분류_11차_G46710.연료__연료용_광물_및_관련제품_도매업,0.0,0.0,0.0,0.0029893866264551275,0.01649327282872394,,,
cat__KSIC세분류_11차_G46310.신선_식품_및_단순_가공_식품_도매업,0.0,0.0,0.0,0.0063250049350164,-0.006735337486309896,,,
cat__KSIC세분류_11차_G46100.상품_중개업,0.0,0.0,0.0,0.006248427752369602,0.011015993993280062,,,
cat__KSIC세분류_11차_G45110.자동차_신품_판매업,0.0,0.0,0.0,0.003542174200029011,0.007620438764569727,,,
cat__KSIC세분류_11차_F42410.도장__도배_및_내장_공사업,0.0,0.0,0.0,0.001776745719511912,0.009565034740541144,,,
cat__KSIC세분류_11차_F42310.전기_공사업,0.0,0.0,0.0,-0.0002921862473400091,0.002823392958691978,,,
cat__KSIC세분류_11차_F42200.건물설비_설치_공사업,0.0,0.0,0.0,4.860612757662166e-05,0.006501130890695976,,,
cat__KSIC세분류_11차_F42120.기반조성_관련_전문공사업,0.0,0.0,0.0,0.002375878135899005,0.007216930981592974,,,
cat__KSIC세분류_11차_F41220.토목_시설물_건설업,0.0,0.0,0.0,0.006788967486535533,0.03245787162216558,,,
cat__KSIC세분류_11차_G47410.의복_소매업,0.0,0.0,0.0,0.0035066557408763503,0.005259587017031491,,,
cat__KSIC세분류_11차_F41110.주거용_건물_건설업,0.0,0.0,0.0,0.0008796549306226321,-0.004118071326060671,,,
cat__KSIC세분류_11차_E38230.건설_폐기물_처리업,0.0,0.0,0.0,0.004617248249069047,-0.009955488898959334,,,
cat__KSIC세분류_11차_E38220.지정_폐기물_처리업,0.0,0.0,0.0,0.005995456696919806,-0.02082221084338768,,,
cat__KSIC세분류_11차_D35300.증기__냉ㆍ온수_및_공기_조절_공급업,0.0,0.0,0.0,-8.64588609140335e-06,0.0065533066149457446,,,
cat__KSIC세분류_11차_D35200.연료용_가스_제조_및_배관공급업,0.0,0.0,0.0,0.013904808661179578,0.026741347046575492,,,
cat__KSIC세분류_11차_H51100.항공_여객_운송업,0.0,0.0,0.0,-0.0069522196917136,0.0024328557936806774,,,
cat__KSIC세분류_11차_H50110.외항_운송업,0.0,0.0,0.0,0.0214978392732967,0.01579352811950018,,,
cat__KSIC세분류_11차_H49300.도로_화물_운송업,0.0,0.0,0.0,0.007575120845201681,0.014035414822522777,,,
cat__KSIC세분류_11차_G47910.통신_판매업,0.0,0.0,0.0,-0.0007606416278354883,0.009458741300412937,,,
cat__KSIC세분류_11차_F41120.비주거용_건물_건설업,0.0,0.0,0.0,-0.006132190926393613,0.004739400132897064,,,
cat__Trucost산업_Leisure_Products,0.0,0.0,0.0,0.00010690597649226462,-0.0243528159914359,,,
cat__Trucost산업_Interactive_Media_and_Services,0.0,0.0,0.0,0.00412477558230427,-0.0225712841395326,,,
cat__Trucost산업_Industrial_Conglomerates,0.0,0.0,0.0,0.010326519419827354,0.006628009389370929,,,
cat__Trucost산업_Independent_Power_and_Renewable_Electricity_Producers,0.0,0.0,0.0,-0.033999687114536464,-0.019321435078659948,,,
cat__Trucost산업_IT_Services,0.0,0.0,0.0,0.011745319976118376,0.012711939867668458,,,
cat__Trucost산업_Household_Products,0.0,0.0,0.0,0.00400347918072451,0.0029291802638555567,,,
cat__Trucost산업_Household_Durables,0.0,0.0,0.0,0.006964400913412865,0.03951028805588509,,,
cat__Trucost산업_Health_Care_Technology,0.0,0.0,0.0,0.0044039001094049336,0.0002127629977673237,,,
cat__Scope2사업장간접자료출처_Value_summed_up_from_data_provided_in_Environmental/CSR,0.0,0.0,0.0,-0.004729386519285817,-0.0023132178003718424,,,
cat__Trucost산업_Trading_Companies_and_Distributors,0.0,0.0,0.0,0.010506560804411966,0.020907707265903127,,,
cat__Trucost산업_Tobacco,0.0,0.0,0.0,-0.011579182052673566,-0.030738585059682032,,,
cat__Trucost산업_Textiles__Apparel_and_Luxury_Goods,0.0,0.0,0.0,0.010781073117163845,0.015544945800513469,,,
cat__Trucost산업_Technology_Hardware__Storage_and_Peripherals,0.0,0.0,0.0,-0.007912873759026169,-0.00788662594610365,,,
cat__Trucost산업_Specialty_Retail,0.0,0.0,0.0,0.007691587211574387,-0.0009065603126853094,,,
cat__Trucost산업_Software,0.0,0.0,0.0,-0.03149878847521214,-0.06400411675751157,,,
cat__Trucost산업_Real_Estate_Management_and_Development,0.0,0.0,0.0,0.0036717983387316044,-0.02091959457011527,,,
cat__Trucost산업_Professional_Services,0.0,0.0,0.0,0.005783949620937445,-0.012323026414607455,,,
cat__Trucost산업_Pharmaceuticals,0.0,0.0,0.0,-0.010226541557725434,-3.9058067201524325e-05,,,
cat__Trucost산업_Transportation_Infrastructure,0.0,0.0,0.0,0.009316936568962283,-0.002568487512781675,,,
missing__missingindicator_경매_평균가격_원_tCO2eq,0.0,0.0,0.0,-0.002196246586582924,0.009780354196477088,,,
missing__missingindicator_fe_시장지배력,0.0,0.0,0.0,0.012224986448582692,0.015283292752700406,,,
missing__missingindicator_fe_자본집약도,0.0,0.0,0.0,0.01227859212802316,0.015521049662203927,,,
missing__missingindicator_fe_감가상각부담,0.0,0.0,0.0,0.0062979681496466615,0.017794827723575296,,,
cat__Trucost산업_Health_Care_Providers_and_Services,0.0,0.0,0.0,-0.006739256083094627,0.005377223226767793,,,
cat__Trucost산업_Health_Care_Equipment_and_Supplies,0.0,0.0,0.0,-0.02178175984322951,-0.07292796311541305,,,
cat__Trucost산업_Ground_Transportation,0.0,0.0,0.0,0.0024973115856793794,0.007359148238225548,,,
cat__Trucost산업_Gas_Utilities,0.0,0.0,0.0,0.013904808661179578,0.026741347046575492,,,
cat__Trucost산업_Construction_Materials,0.0,0.0,0.0,-0.0001982289109628988,0.00451056235718452,,,
cat__Trucost산업_Electronic_Equipment__Instruments_and_Components,0.0,0.0,0.0,0.01099867077271961,0.016955578499151143,,,
cat__Trucost산업_Electrical_Equipment,0.0,0.0,0.0,0.005298916219063594,0.011831435857773557,,,
cat__Trucost산업_Electric_Utilities,0.0,0.0,0.0,0.0012371180212818835,0.013454474456163304,,,
cat__Trucost산업_Diversified_Telecommunication_Services,0.0,0.0,0.0,-0.001702391190442397,-0.0025088270720239315,,,
cat__Trucost산업_Diversified_Consumer_Services,0.0,0.0,0.0,0.011080545909997814,0.009683038229818766,,,
cat__Trucost산업_Distributors,0.0,0.0,0.0,0.002167639982781548,0.0165851927313226,,,
cat__Trucost산업_Containers_and_Packaging,0.0,0.0,0.0,-0.0013542739618263807,0.006719487384591076,,,
cat__Trucost산업_Consumer_Staples_Distribution_and_Retail,0.0,0.0,0.0,0.008697565018326876,0.005659324265642329,,,
cat__Trucost산업_Construction_and_Engineering,0.0,0.0,0.0,0.00819045841696008,0.017966414673943422,,,
cat__Trucost산업_Food_Products,0.0,0.0,0.0,0.02075462013817671,0.03226029671684608,,,
cat__NICS산업분류_N25400.미디어,0.0,0.0,0.0,0.005376055889030047,-0.010528333013333255,,,
cat__NICS산업분류_N25300.소비자서비스,0.0,0.0,0.0,0.013259847574342301,0.0026371652237764977,,,
cat__NICS산업분류_N25203.섬유__의류__사치품,0.0,0.0,0.0,0.010600466903219287,0.027530258611024736,,,
cat__NICS산업분류_N25202.레저용_제품,0.0,0.0,0.0,0.0049376397472180224,0.0007576795837534281,,,
cat__NICS산업분류_N25201.가정용_내구재,0.0,0.0,0.0,0.004788269310794498,0.03162546647770793,,,
cat__NICS산업분류_N25200.내구소비재_및_의류,0.0,0.0,0.0,0.00037772977885704254,-0.013637029460249452,,,
cat__NICS산업분류_N25102.자동차,0.0,0.0,0.0,0.004806451112412527,0.030027143594329557,,,
cat__NICS산업분류_N25101.자동차_부품,0.0,0.0,0.0,0.004293693307036862,0.02571991694763736,,,
cat__Trucost산업_Personal_Care_Products,0.0,0.0,0.0,-0.0024606029990700685,0.011966499581772719,,,
cat__NICS산업분류_N20305.운송인프라,0.0,0.0,0.0,0.009316936568962283,-0.002568487512781675,,,
cat__NICS산업분류_N20304.도로_및_선로,0.0,0.0,0.0,0.009040045998526588,0.013863557786030942,,,
cat__NICS산업분류_N20303.해운회사,0.0,0.0,0.0,0.019180511390337114,0.017217521960323827,,,
cat__NICS산업분류_N20201.상업서비스와_공급품,0.0,0.0,0.0,-0.005372160801630698,-0.028820511037871727,,,
cat__NICS산업분류_N20107.무역회사와_판매업체,0.0,0.0,0.0,0.01333479309110169,0.025188095904462367,,,
cat__NICS산업분류_N35000.헬스케어,0.0,0.0,0.0,-0.019633942308696466,-0.017168396064067743,,,
cat__NICS산업분류_N30301.가정용품,0.0,0.0,0.0,-0.0022944753478257337,-0.003846425929278102,,,
cat__NICS산업분류_N30300.가정_및_개인용품,0.0,0.0,0.0,0.006836268950141126,-0.019395338238601845,,,
cat__NICS산업분류_N30203.담배,0.0,0.0,0.0,-0.011579182052673566,-0.030738585059682032,,,
cat__NICS산업분류_N25100.자동차_및_부품,0.0,0.0,0.0,0.0020402953304376457,0.008990094840274151,,,
cat__Trucost산업_Passenger_Airlines,0.0,0.0,0.0,-0.0069522196917136,0.0024328557936806774,,,
cat__Trucost산업_Paper_and_Forest_Products,0.0,0.0,0.0,0.004947217459334428,0.011201015948678499,,,
cat__Trucost산업_Oil__Gas_and_Consumable_Fuels,0.0,0.0,0.0,0.0034841121113465497,0.018327577042525894,,,
cat__Trucost산업_Metals_and_Mining,0.0,0.0,0.0,0.001777877369168013,0.02717185009874715,,,
cat__Trucost산업_Media,0.0,0.0,0.0,-0.016296800236796964,-0.020971077489937342,,,
cat__NICS산업분류_N20106.기계,0.0,0.0,0.0,-0.006623375791590848,-0.012530818530721488,,,
cat__NICS산업분류_N20105.복합기업,0.0,0.0,0.0,0.005175547185743461,0.00826911123584756,,,
cat__NICS산업분류_N20104.전기장비,0.0,0.0,0.0,0.011038408598473734,0.0032610782431077806,,,
cat__Trucost산업_Wireless_Telecommunication_Services,0.0,0.0,0.0,0.00011910598560304845,-0.0022321883525427038,,,
cat__NICS산업분류_N20102.건축_제품,0.0,0.0,0.0,0.0009263517329321474,0.004110722436028363,,,
cat__NICS산업분류_N20101.우주항공과_국방,0.0,0.0,0.0,-0.005591484746276457,-0.00013473980042117664,,,
cat__NICS산업분류_N20000.산업재,0.0,0.0,0.0,0.011069188462561485,0.01811172503531809,,,
cat__NICS산업분류_N15105.종이와_임산물,0.0,0.0,0.0,0.0048974950751850144,0.010663220137431794,,,
cat__NICS산업분류_N15104.금속과_채광,0.0,0.0,0.0,0.007089287301940411,0.03367266864557857,,,
cat__NICS산업분류_N15103.용기와_포장지,0.0,0.0,0.0,0.010212227575102302,0.007952393257277507,,,
cat__NICS산업분류_N15102.건축자재,0.0,0.0,0.0,-0.005095633286960634,0.005161019855156542,,,
cat__NICS산업분류_N10102.석유__가스__소모_연료,0.0,0.0,0.0,0.006817342898282687,0.020060999138447024,,,
cat__NICS산업분류_N10101.에너지장비_및_서비스,0.0,0.0,0.0,0.003489596530939872,0.011038170982109081,,,
cat__NICS산업분류_N20103.건설_및_엔지니어링,0.0,0.0,0.0,0.01149360596535211,0.025948579742693854,,,
missing__missingindicator_당기순이익지배기업지분_연결,0.0,0.0,0.0,0.012824703146986827,0.015150935712990466,,,
missing__missingindicator_법인세비용차감전계속영업이익손실_연결,0.0,0.0,0.0,0.01227859212802316,0.015521049662203927,,,
missing__missingindicator_이자수익_연결,0.0,0.0,0.0,0.008910617772007122,0.014522178022601558,,,
missing__missingindicator_영업이익손실_연결,0.0,0.0,0.0,0.01227859212802316,0.015521049662203927,,,
missing__missingindicator_판매비와관리비_연결,0.0,0.0,0.0,0.01227859212802316,0.015521049662203927,,,
missing__missingindicator_매출총이익손실_연결,0.0,0.0,0.0,0.012224986448582692,0.015283292752700406,,,
missing__missingindicator_총수익_연결,0.0,0.0,0.0,0.012224986448582692,0.015283292752700406,,,
missing__missingindicator_수익_연결,0.0,0.0,0.0,0.012224986448582692,0.015283292752700406,,,
indicator__배출권_참여여부,0.0,0.0,0.0,0.014883920320714669,0.03256206436912937,,,
missing__missingindicator_변동성,0.0,0.0,0.0,0.016173899268882998,0.011887108850114335,,,
missing__missingindicator_기말발행주식수_보통주,0.0,0.0,0.0,0.023124230850986107,0.015574318724032213,,,
missing__missingindicator_상장주식수_보통주,0.0,0.0,0.0,0.023124230850986107,0.015574318724032213,,,
missing__missingindicator_평균시가총액_보통주우선주,0.0,0.0,0.0,0.02225828943332377,0.014476743646098047,,,
missing__missingindicator_평균시가총액,0.0,0.0,0.0,0.02225828943332377,0.014476743646098047,,,
missing__missingindicator_기말시가총액_보통주우선주,0.0,0.0,0.0,0.023124230850986107,0.015574318724032213,,,
missing__missingindicator_매출액순이익율,0.0,0.0,0.0,0.0004330223426567168,0.009974860686540226,,,
missing__missingindicator_EBITDA대매출액,0.0,0.0,0.0,0.009131057761527527,0.016454990689843893,,,
missing__missingindicator_노동소득분배율,0.0,0.0,0.0,0.008244871392280686,0.007024476406251242,,,
missing__missingindicator_지배기업소유주지분_연결,0.0,0.0,0.0,0.012824703146986827,0.015150935712990466,,,
cat__Scope3보고추정구분_외삽값,0.0,0.0,0.0,-0.008474302267265662,0.011346666230967443,,,
cat__Scope3보고추정구분_산출값,0.0,0.0,0.0,0.01202028504029498,0.009148578388223238,,,
cat__Scope3보고추정구분_보고값,0.0,0.0,0.0,0.03154127468286108,0.026768195071437417,,,
cat__Scope3보고추정구분_반려됨,0.0,0.0,0.0,0.009958820419209861,0.006838481508357299,,,
missing__missingindicator_자본금_연결,0.0,0.0,0.0,0.01227859212802316,0.015521049662203927,,,
missing__missingindicator_자본총계_연결,0.0,0.0,0.0,0.01227859212802316,0.015521049662203927,,,
missing__missingindicator_유동부채계_연결,0.0,0.0,0.0,0.01227859212802316,0.015521049662203927,,,
missing__missingindicator_부채총계_연결,0.0,0.0,0.0,0.01227859212802316,0.015521049662203927,,,
missing__missingindicator_EBITDA,0.0,0.0,0.0,0.03547301207334634,0.04975046088217895,,,
missing__missingindicator_유형자산계_연결,0.0,0.0,0.0,0.01227859212802316,0.015521049662203927,,,
missing__missingindicator_비유동자산계_연결,0.0,0.0,0.0,0.01227859212802316,0.015521049662203927,,,
missing__missingindicator_유동자산계_연결,0.0,0.0,0.0,0.01227859212802316,0.015521049662203927,,,
missing__missingindicator_매출대비온실가스직접외부비용비율_pct,0.0,0.0,0.0,0.033154414845012165,0.04767235012639698,,,
missing__missingindicator_온실가스직접외부비용_백만USD,0.0,0.0,0.0,0.033154414845012165,0.04767235012639698,,,
missing__missingindicator_유무형리스자산의증가_연결,0.0,0.0,0.0,0.012224986448582692,0.015283292752700406,,,
missing__missingindicator_무형자산상각비_연결,0.0,0.0,0.0,0.0062979681496466615,0.017794827723575296,,,
missing__missingindicator_유형자산_투자부동산감가상각비_연결,0.0,0.0,0.0,0.012910197603932753,0.01614620666186247,,,
missing__missingindicator_영업활동으로인한현금흐름_연결,0.0,0.0,0.0,0.01227859212802316,0.015521049662203927,,,
missing__missingindicator_무형자산계_연결,0.0,0.0,0.0,0.012589685684978563,0.014775910724208545,,,
missing__missingindicator_fe_현금_자산,0.0,0.0,0.0,0.01227859212802316,0.015521049662203927,,,
missing__missingindicator_fe_부채_자산,0.0,0.0,0.0,0.01227859212802316,0.015521049662203927,,,
missing__missingindicator_fe_Scope1_2_매출집약도,0.0,0.0,0.0,0.033154414845012165,0.04767235012639698,,,
missing__missingindicator_fe_Scope3_매출집약도,0.0,0.0,0.0,0.033154414845012165,0.04767235012639698,,,
missing__missingindicator_fe_Scope2_매출집약도,0.0,0.0,0.0,0.033154414845012165,0.04767235012639698,,,
missing__missingindicator_fe_Scope1_매출집약도,0.0,0.0,0.0,0.033154414845012165,0.04767235012639698,,,
missing__missingindicator_fe_Scope1_2_tCO2e,0.0,0.0,0.0,0.033154414845012165,0.04767235012639698,,,
missing__missingindicator_fe_signed_log1p_Scope3협력사간접배출량_tCO2e,0.0,0.0,0.0,0.033154414845012165,0.04767235012639698,,,
missing__missingindicator_종업원평균급여,0.0,0.0,0.0,0.023888459594061086,0.01763517371339333,,,
missing__missingindicator_fe_signed_log1p_Scope1직접배출량_tCO2e,0.0,0.0,0.0,0.033154414845012165,0.04767235012639698,,,
cat__Trucost산업_Communications_Equipment,0.0,0.0,0.0,-0.008032703654783063,0.004487383665069566,,,
cat__Trucost산업_Commercial_Services_and_Supplies,0.0,0.0,0.0,0.006575045971970797,-0.022338319576151195,,,
cat__Trucost산업_Building_Products,0.0,0.0,0.0,0.009499841819662496,0.019814767938883836,,,
cat__Trucost산업_Broadline_Retail,0.0,0.0,0.0,-0.012945575490800313,-0.020753550473358848,,,
cat__Trucost산업_Beverages,0.0,0.0,0.0,-0.007743476968032659,-0.017441973366958085,,,
cat__Trucost산업_Automobiles,0.0,0.0,0.0,0.006042860000306473,0.039407944595083344,,,
cat__Trucost산업_Automobile_Components,0.0,0.0,0.0,0.006773711042890559,0.020880776500666855,,,
cat__Trucost산업_Air_Freight_and_Logistics,0.0,0.0,0.0,0.00517030539849582,0.0018523873928000757,,,
missing__missingindicator_fe_signed_log1p_Scope2사업장간접배출량_tCO2e,0.0,0.0,0.0,0.033154414845012165,0.04767235012639698,,,
missing__missingindicator_연간급여총액,0.0,0.0,0.0,0.023888459594061086,0.01763517371339333,,,
missing__missingindicator_평균근속월수,0.0,0.0,0.0,0.023888459594061086,0.01763517371339333,,,
missing__missingindicator_fe_signed_log1p_종업원평균급여,0.0,0.0,0.0,0.023888459594061086,0.01763517371339333,,,
missing__missingindicator_fe_signed_log1p_연간급여총액,0.0,0.0,0.0,0.023888459594061086,0.01763517371339333,,,
missing__missingindicator_fe_signed_log1p_평균시가총액,0.0,0.0,0.0,0.02225828943332377,0.014476743646098047,,,
missing__missingindicator_fe_signed_log1p_수익_연결,0.0,0.0,0.0,0.012224986448582692,0.015283292752700406,,,
missing__missingindicator_fe_signed_log1p_자산총계_연결,0.0,0.0,0.0,0.01227859212802316,0.015521049662203927,,,
missing__missingindicator_총자본회전율,0.0,0.0,0.0,0.0097697677627143,0.017483946955065752,,,
missing__missingindicator_부채비율,0.0,0.0,0.0,0.028342715631148607,0.051402334546676726,,,
missing__missingindicator_fe_유동자산_유동부채,0.0,0.0,0.0,0.01227859212802316,0.015521049662203927,,,
missing__missingindicator_당좌비율,0.0,0.0,0.0,0.0097697677627143,0.017483946955065752,,,
missing__missingindicator_유동비율,0.0,0.0,0.0,0.0097697677627143,0.017483946955065752,,,
missing__missingindicator_자기자본순이익율,0.0,0.0,0.0,0.032254554894471696,0.05717019468192795,,,
missing__missingindicator_총자본순이익율,0.0,0.0,0.0,0.011236782967331915,0.022390750009300173,,,
missing__missingindicator_매출액총이익율,0.0,0.0,0.0,0.01306539414429387,0.017068716598541984,,,
missing__missingindicator_fe_판관비율,0.0,0.0,0.0,0.012224986448582692,0.015283292752700406,,,
missing__missingindicator_fe_유무형리스증가_자산,0.0,0.0,0.0,0.012224986448582692,0.015283292752700406,,,
missing__missingindicator_fe_영업현금흐름_자산,0.0,0.0,0.0,0.01227859212802316,0.015521049662203927,,,
missing__missingindicator_fe_영업이익_매출,0.0,0.0,0.0,0.012224986448582692,0.015283292752700406,,,
missing__missingindicator_매출채권회전율,0.0,0.0,0.0,0.0097697677627143,0.017483946955065752,,,
cat__KSIC소분류_11차_C11200.비알코올_음료_및_얼음_제조업,0.0,0.0,0.0,0.0005263385867252015,0.0020634129266630706,,,
cat__KSIC소분류_11차_C11100.알코올_음료_제조업,0.0,0.0,0.0,-0.006328608781444097,-0.02381705949187794,,,
cat__KSIC소분류_11차_C10900.동물용_사료_및_조제식품_제조업,0.0,0.0,0.0,0.010388437421893654,0.018986137675134483,,,
cat__KSIC소분류_11차_C10800.기타_식품_제조업,0.0,0.0,0.0,0.007895852409174021,0.010481691825418245,,,
cat__KSIC소분류_11차_C10600.떡__빵_및_과자류_제조업,0.0,0.0,0.0,0.008659981352039053,0.009397235071374759,,,
cat__KSIC소분류_11차_C10500.곡물_가공품__전분_및_전분제품_제조업,0.0,0.0,0.0,0.003327925250408224,0.008622492182381284,,,
cat__KSIC소분류_11차_C10400.동ㆍ식물성_유지_및_낙농제품_제조업,0.0,0.0,0.0,0.007890639676586434,0.01898922122122083,,,
cat__KSIC소분류_11차_C10200.수산물_가공_및_저장_처리업,0.0,0.0,0.0,-0.0018356440949693852,0.003624752163709888,,,
cat__NICS산업분류_N30202.식품,0.0,0.0,0.0,0.018214728152272864,0.03014496490770668,,,
cat__KSIC소분류_11차_A03100.어로_어업,0.0,0.0,0.0,0.009339643032369609,0.008557088943141713,,,
cat__KSIC중분류_11차_S96000.기타_개인_서비스업,0.0,0.0,0.0,-0.002661558388660889,-0.01604509954353709,,,
cat__KSIC중분류_11차_R91000.스포츠_및_오락관련_서비스업,0.0,0.0,0.0,0.0014021795158409179,-0.006576236107322319,,,
cat__KSIC중분류_11차_P85000.교육_서비스업,0.0,0.0,0.0,0.005876206917263715,0.009465715427411906,,,
cat__KSIC중분류_11차_N76000.임대업,0.0,0.0,0.0,-0.0004310242904333001,-0.02708239874604058,,,
cat__KSIC소분류_11차_C23100.유리_및_유리제품_제조업,0.0,0.0,0.0,-0.00035743521143263585,-0.015092990301342183,,,
cat__KSIC소분류_11차_C22200.플라스틱_제품_제조업,0.0,0.0,0.0,0.006810533220680081,0.004251623290236868,,,
cat__KSIC소분류_11차_C22100.고무제품_제조업,0.0,0.0,0.0,-0.003403398613444293,-0.0005772325434340405,,,
cat__KSIC소분류_11차_C20500.화학섬유_제조업,0.0,0.0,0.0,-2.1251171097350413e-05,0.012118912598457939,,,
cat__KSIC소분류_11차_C10100.도축__육류_가공_및_저장_처리업,0.0,0.0,0.0,0.003814807901396656,0.006511839850390224,,,
cat__KSIC중분류_11차_D35000.전기__가스__증기_및_공기_조절_공급업,0.0,0.0,0.0,0.011766145899720403,0.02943568739882619,,,
cat__KSIC중분류_11차_C33000.기타_제품_제조업,0.0,0.0,0.0,-0.010830504306984812,-0.022499414424227534,,,
cat__KSIC중분류_11차_C32000.가구_제조업,0.0,0.0,0.0,0.00150714665427432,0.026295650439509065,,,
cat__KSIC중분류_11차_C30000.자동차_및_트레일러_제조업,0.0,0.0,0.0,0.008510731437234666,0.038801286562712346,,,
cat__KSIC중분류_11차_C28000.전기장비_제조업,0.0,0.0,0.0,0.0031557819295331864,0.003907894392085934,,,
cat__KSIC중분류_11차_N74000.사업시설_관리_및_조경_서비스업,0.0,0.0,0.0,-0.033999687114536464,-0.019321435078659948,,,
cat__KSIC중분류_11차_M73000.기타_전문__과학_및_기술_서비스업,0.0,0.0,0.0,-0.005586341712834242,-0.01833590932999123,,,
cat__KSIC중분류_11차_M72000.건축_기술__엔지니어링_및_기타_과학기술_서비스업,0.0,0.0,0.0,0.0033426661525078403,0.01883950066539945,,,
cat__KSIC소분류_11차_C12000.담배_제조업,0.0,0.0,0.0,-0.011579182052673566,-0.030738585059682032,,,
cat__KSIC중분류_11차_M70000.연구개발업,0.0,0.0,0.0,-0.006423774838797048,0.007271698192413001,,,
cat__KSIC중분류_11차_L68000.부동산업,0.0,0.0,0.0,0.0036717983387316044,-0.02091959457011527,,,
cat__KSIC중분류_11차_J63000.정보서비스업,0.0,0.0,0.0,0.0007764445099576991,-0.01807235267559048,,,
cat__KSIC중분류_11차_J61000.우편_및_통신업,0.0,0.0,0.0,-0.008816243073153983,-0.024123806668112504,,,
cat__KSIC중분류_11차_J60000.방송_및_영상ㆍ오디오물_제공_서비스업,0.0,0.0,0.0,-0.009359479892593005,-0.008489766614914095,,,
cat__KSIC중분류_11차_I56000.음식점_및_주점업,0.0,0.0,0.0,0.002635860476723257,-0.0031198835642328414,,,
cat__KSIC중분류_11차_I55000.숙박업,0.0,0.0,0.0,-0.027502823068048573,-0.04070678414194559,,,
cat__KSIC중분류_11차_H52000.창고_및_운송관련_서비스업,0.0,0.0,0.0,0.010438806884325913,0.0015995635826131982,,,
cat__KSIC소분류_11차_C13100.방적_및_가공사_제조업,0.0,0.0,0.0,-2.2426447436366768e-05,0.0058373166244486225,,,
cat__KSIC중분류_11차_M71000.전문_서비스업,0.0,0.0,0.0,-0.007813045752157455,-0.025717335006825374,,,
cat__KSIC소분류_11차_C24200.1차_비철금속_제조업,0.0,0.0,0.0,0.0034632509529169595,0.01925483618469022,,,
cat__KSIC소분류_11차_C24100.1차_철강_제조업,0.0,0.0,0.0,0.0037297773073815045,0.022581209096694144,,,
cat__KSIC소분류_11차_C23900.기타_비금속_광물제품_제조업,0.0,0.0,0.0,-0.007738179081825525,0.005335058820250723,,,
cat__KSIC소분류_11차_C23300.시멘트__석회__플라스터_및_그_제품_제조업,0.0,0.0,0.0,0.001440050508363054,-0.01210988191685509,,,
cat__KSIC소분류_11차_C23200.내화__비내화_요업제품_제조업,0.0,0.0,0.0,0.0008567178257926242,0.006792664670144548,,,
cat__KSIC소분류_11차_D35100.전기업,0.0,0.0,0.0,0.0013312404981222759,0.011873838556184459,,,
cat__KSIC소분류_11차_C33900.그_외_기타_제품_제조업,0.0,0.0,0.0,-0.016385353880120076,-0.02180054677567917,,,
cat__KSIC소분류_11차_C33200.악기_제조업,0.0,0.0,0.0,1.7772744605024227e-05,-0.010751663265806146,,,
cat__KSIC소분류_11차_C20400.기타_화학제품_제조업,0.0,0.0,0.0,0.005039434432709663,0.005754422094467037,,,
cat__KSIC소분류_11차_C31900.그_외_기타_운송장비_제조업,0.0,0.0,0.0,-0.0009834325886006045,0.0016142513320232625,,,
cat__KSIC소분류_11차_C31300.항공기__우주선_및_부품_제조업,0.0,0.0,0.0,-0.015311922244876298,-0.020738897457825728,,,
cat__KSIC소분류_11차_C31100.선박_및_보트_건조업,0.0,0.0,0.0,-0.0026420762793160015,0.03500671021081028,,,
cat__KSIC소분류_11차_C30400.자동차_재제조_부품_제조업,0.0,0.0,0.0,0.0005528869313081662,0.0064854020343986145,,,
cat__KSIC소분류_11차_C30300.자동차_신품_부품_제조업,0.0,0.0,0.0,0.007565862989588318,0.031442654120016664,,,
cat__KSIC소분류_11차_C30100.자동차용_엔진_및_자동차_제조업,0.0,0.0,0.0,0.006042860000306473,0.039407944595083344,,,
cat__KSIC소분류_11차_C29100.일반_목적용_기계_제조업,0.0,0.0,0.0,0.006886552752713214,0.01377128732973416,,,
cat__KSIC소분류_11차_C28900.기타_전기장비_제조업,0.0,0.0,0.0,-0.009093268069389853,-0.01666592818748282,,,
cat__KSIC소분류_11차_C28500.가정용_기기_제조업,0.0,0.0,0.0,0.00678077090438529,0.009260227462635023,,,
cat__KSIC소분류_11차_C32000.가구_제조업,0.0,0.0,0.0,0.00150714665427432,0.026295650439509065,,,
cat__KSIC소분류_11차_C20200.합성고무_및_플라스틱_물질_제조업,0.0,0.0,0.0,-0.0019408000796122943,0.019462355020857587,,,
cat__KSIC소분류_11차_C19200.석유_정제품_제조업,0.0,0.0,0.0,0.0025118368740270087,0.0099098152582772,,,
cat__KSIC소분류_11차_C17200.골판지__종이_상자_및_종이_용기_제조업,0.0,0.0,0.0,0.0024979866493123185,0.006658300525857588,,,
cat__KSIC소분류_11차_C17100.펄프__종이_및_판지_제조업,0.0,0.0,0.0,0.005198624210486034,0.016982477114585146,,,
cat__KSIC소분류_11차_C16200.나무제품_제조업,0.0,0.0,0.0,-0.0024028941693530026,0.00011537646933577459,,,
cat__KSIC소분류_11차_C15200.신발_및_신발_부분품_제조업,0.0,0.0,0.0,0.0011911518002356068,-0.0033030186065384068,,,
cat__KSIC소분류_11차_C15100.가죽__가방_및_유사_제품_제조업,0.0,0.0,0.0,0.0050627860318005966,-0.016374814141936155,,,
cat__KSIC소분류_11차_C14100.봉제의복_제조업,0.0,0.0,0.0,0.006803113039569174,0.014760530341916872,,,
cat__KSIC소분류_11차_C25100.구조용_금속제품__탱크_및_증기발생기_제조업,0.0,0.0,0.0,2.2267182210328672e-05,0.016416054755599336,,,
cat__KSIC소분류_11차_C28100.전동기__발전기_및_전기_변환ㆍ공급ㆍ제어_장치_제조업,0.0,0.0,0.0,-0.0005037474189197305,0.013551548731029315,,,
cat__KSIC소분류_11차_C27300.사진장비_및_광학_기기_제조업,0.0,0.0,0.0,-0.008734528776042973,0.007529801971989167,,,
cat__KSIC소분류_11차_C27200.측정__시험__항해__제어_및_기타_정밀_기기_제조업,0.0,0.0,0.0,0.0063993097257221705,-0.007266800982434579,,,
cat__KSIC소분류_11차_C27100.의료용_기기_제조업,0.0,0.0,0.0,-0.022933956159127116,-0.060750641522321965,,,
cat__KSIC소분류_11차_C26400.통신_및_방송장비_제조업,0.0,0.0,0.0,0.004156191690201849,-0.0012634204114629912,,,
cat__KSIC소분류_11차_C26200.전자_부품_제조업,0.0,0.0,0.0,0.01274968331703862,0.01736058127707671,,,
cat__KSIC소분류_11차_C26100.반도체_제조업,0.0,0.0,0.0,-0.0009272119112900898,-0.0052152654221772595,,,
cat__KSIC소분류_11차_C25900.기타_금속_가공제품_제조업,0.0,0.0,0.0,0.004379850036991883,-0.011002345588479732,,,
cat__KSIC소분류_11차_C25200.무기_및_총포탄_제조업,0.0,0.0,0.0,0.0038451958437385326,0.008822133269307851,,,
cat__KSIC소분류_11차_C13900.기타_섬유제품_제조업,0.0,0.0,0.0,0.007308973035427426,0.0022179248399963824,,,
cat__주식업종_KGS20P.전기가스업,0.0,0.0,0.0,0.011766145899720403,0.02943568739882619,,,
cat__주식업종_KGS19P.의료정밀,0.0,0.0,0.0,0.001339182698635633,-0.026790746138166545,,,
cat__주식업종_KGS13P.운수창고,0.0,0.0,0.0,0.01661827705280195,0.021506158543698084,,,
cat__주식업종_KGS12P.건설업,0.0,0.0,0.0,0.005009489478234285,0.02005549781415496,,,
cat__주식업종_KGS11P.유통업,0.0,0.0,0.0,0.013343504354821569,0.027714943078882365,,,
cat__주식업종_KGS10P.운수장비,0.0,0.0,0.0,0.013239416337997193,0.039152426198610334,,,
cat__주식업종_KGS09P.전기_전자,0.0,0.0,0.0,0.015671518084892273,0.016696397524768255,,,
cat__주식업종_KGS08P.기계,0.0,0.0,0.0,0.011862084179547146,-0.0005386521718083279,,,
cat__KSIC중분류_11차_E38000.폐기물_수집__운반__처리_및_원료_재생업,0.0,0.0,0.0,0.00743773754643263,-0.02127628553061467,,,
cat__주식업종_KGS06P.비금속광물,0.0,0.0,0.0,0.0018089337112986545,-0.0007239435139376262,,,
cat__주식업종_KGS05P.의약품,0.0,0.0,0.0,-0.0016572189216734427,0.008454136182937302,,,
cat__주식업종_KGS04P.화학,0.0,0.0,0.0,0.0005207231397888429,0.008376978353350039,,,
cat__주식업종_KGS03P.종이_목재,0.0,0.0,0.0,0.007840554841937596,0.015053238159758776,,,
cat__주식업종_KGS02P.섬유_의복,0.0,0.0,0.0,0.007622335957680979,0.0013617255236737541,,,
cat__NICS산업분류_N55103.복합_유틸리티,0.0,0.0,0.0,-8.64588609140335e-06,0.0065533066149457446,,,
cat__NICS산업분류_N55102.가스_유틸리티,0.0,0.0,0.0,0.008399622435474895,0.022729691280212027,,,
cat__KSIC대분류_11차_F00000.건설업(41~42),0.0,0.0,0.0,0.005555781984057251,0.021882601391206815,,,
cat__KSIC대분류_11차_E00000.수도__하수_및_폐기물_처리__원료_재생업(36~39),0.0,0.0,0.0,0.00743773754643263,-0.02127628553061467,,,
cat__주식업종_KGS07P.철강및금속,0.0,0.0,0.0,0.0015214855405423177,0.020315629881721683,,,
cat__NICS산업분류_N30201.음료,0.0,0.0,0.0,-0.005507058029239067,-0.020689982790359086,,,
cat__NICS산업분류_N30200.음식료_및_담배,0.0,0.0,0.0,-0.003159847829954932,0.009544226103607997,,,
cat__NICS산업분류_N25503.복합소매,0.0,0.0,0.0,-0.0013358183975197226,-0.0032215911692704477,,,
cat__NICS산업분류_N25502.인터넷과_카탈로그_소매,0.0,0.0,0.0,0.008118978432899155,-0.005021111342481796,,,
cat__NICS산업분류_N25501.판매업체,0.0,0.0,0.0,0.006081218170353975,0.006838982775629331,,,
cat__NICS산업분류_N25500.소매,0.0,0.0,0.0,0.0023498227646983607,-0.004308020271320623,,,
cat__NICS산업분류_N55101.전기_유틸리티,0.0,0.0,0.0,-0.009217305718581167,0.00495955050889928,,,
cat__NICS산업분류_N50102.무선_전기통신_서비스,0.0,0.0,0.0,-0.008150322547142534,-0.0253125985070297,,,
cat__NICS산업분류_N35200.제약__생명공학_및_생명과학,0.0,0.0,0.0,0.0010526840777167455,-0.010868179354826785,,,
cat__NICS산업분류_N50000.통신서비스,0.0,0.0,0.0,-0.003305188939562993,0.009610699149726482,,,
cat__NICS산업분류_N45204.사무용_전자제품,0.0,0.0,0.0,0.0063186817155260816,0.010382547643782226,,,
cat__NICS산업분류_N45202.기술하드웨어__스토리지_&_주변기기,0.0,0.0,0.0,0.002887015125590225,0.01005913900858798,,,
cat__NICS산업분류_N45201.통신장비,0.0,0.0,0.0,-0.006088394843400601,-0.0068668306313635725,,,
cat__NICS산업분류_N45200.기술_하드웨어_및_장비,0.0,0.0,0.0,0.0057060506108875374,0.008244686576008105,,,
cat__NICS산업분류_N45103.소프트웨어,0.0,0.0,0.0,-0.018856165669269415,-0.0421672592188046,,,
cat__NICS산업분류_N45102.IT서비스,0.0,0.0,0.0,-0.010555001293679193,-0.017988294852277324,,,
cat__NICS산업분류_N45101.인터넷소프트웨어_및_서비스,0.0,0.0,0.0,0.001295538880849931,-0.00908185893563085,,,
cat__NICS산업분류_N40401.부동산,0.0,0.0,0.0,0.0036717983387316044,-0.02091959457011527,,,
cat__NICS산업분류_N50101.다양한_전기통신_서비스,0.0,0.0,0.0,-0.0033769894032787515,-0.000665113605414989,,,
cat__KSIC대분류_11차_L00000.부동산업(68),0.0,0.0,0.0,0.0036717983387316044,-0.02091959457011527,,,
cat__KSIC대분류_11차_I00000.숙박_및_음식점업(55~56),0.0,0.0,0.0,-0.020601304046119262,-0.034661085899266135,,,
cat__KSIC대분류_11차_G00000.도매_및_소매업(45~47),0.0,0.0,0.0,0.009711545075796623,0.02867389107097058,,,
cat__KSIC중분류_11차_C25000.금속_가공제품_제조업,0.0,0.0,0.0,0.0035723426804074067,0.011110646751581861,,,
cat__KSIC중분류_11차_C24000.1차_금속_제조업,0.0,0.0,0.0,0.005040062926028027,0.029593421452631528,,,
cat__KSIC중분류_11차_C23000.비금속_광물제품_제조업,0.0,0.0,0.0,-0.002338504020629196,-0.006505931988899784,,,
cat__KSIC중분류_11차_C22000.고무_및_플라스틱제품_제조업,0.0,0.0,0.0,0.00404039930876016,0.003337191053216757,,,
cat__KSIC중분류_11차_C19000.코크스__연탄_및_석유정제품_제조업,0.0,0.0,0.0,0.0025118368740270087,0.0099098152582772,,,
cat__KSIC대분류_11차_D00000.전기__가스__증기_및_공기_조절_공급업(35),0.0,0.0,0.0,0.011766145899720403,0.02943568739882619,,,
cat__KSIC중분류_11차_C16000.목재_및_나무제품_제조업,0.0,0.0,0.0,-0.0024028941693530026,0.00011537646933577459,,,
cat__KSIC중분류_11차_C15000.가죽__가방_및_신발_제조업,0.0,0.0,0.0,0.004517811866921174,-0.014236916576485808,,,
cat__KSIC중분류_11차_H51000.항공_운송업,0.0,0.0,0.0,-0.0069522196917136,0.0024328557936806774,,,
cat__KSIC중분류_11차_H49000.육상_운송_및_파이프라인_운송업,0.0,0.0,0.0,0.007575120845201681,0.014035414822522777,,,
cat__KSIC중분류_11차_G47000.소매업,0.0,0.0,0.0,-0.002708045306714918,-0.00031082386523063757,,,
cat__KSIC중분류_11차_G46000.도매_및_상품_중개업,0.0,0.0,0.0,0.012569300566528727,0.03269761302381409,,,
cat__KSIC중분류_11차_G45000.자동차_및_부품_판매업,0.0,0.0,0.0,0.003542174200029011,0.007620438764569727,,,
cat__KSIC중분류_11차_F42000.전문직별_공사업,0.0,0.0,0.0,0.001600408221272481,0.012004809538099442,,,
cat__KSIC중분류_11차_F41000.종합_건설업,0.0,0.0,0.0,0.005619299278626082,0.01811697387483239,,,
cat__KSIC중분류_11차_C17000.펄프__종이_및_종이제품_제조업,0.0,0.0,0.0,0.005280489610757961,0.016099243280599893,,,
cat__주식업종_QGS20P.기타_제조,0.0,0.0,0.0,-0.016385353880120076,-0.02180054677567917,,,
cat__주식업종_QGS19P.운송장비·부품,0.0,0.0,0.0,-0.012716504897330803,0.0028908205739237173,,,
cat__주식업종_QGS17P.일반전기전자,0.0,0.0,0.0,0.004711839563247194,0.011910784174078584,,,
cat__주식업종_QGS15P.금속,0.0,0.0,0.0,0.007508579658274962,0.022942220143549352,,,
cat__주식업종_QGS14P.비금속,0.0,0.0,0.0,-0.006503183527286476,-0.01009001196757716,,,
cat__주식업종_QGS13P.화학,0.0,0.0,0.0,0.0012193749959075954,-0.016784425984990636,,,
cat__주식업종_QGS11P.종이·목재,0.0,0.0,0.0,-0.004663393435537485,0.0035964574244400113,,,
cat__주식업종_QGS10P.섬유·의류,0.0,0.0,0.0,0.006706108289023418,0.017770748711997433,,,
cat__주식업종_QGS09P.음식료·담배,0.0,0.0,0.0,0.0003292552709374145,-0.00020300255746931431,,,
cat__KSIC대분류_11차_M00000.전문__과학_및_기술_서비스업(70~73),0.0,0.0,0.0,-0.007275124932934962,-0.012917188507261756,,,
cat__KSIC중분류_11차_C14000.의복__의복_액세서리_및_모피제품_제조업,0.0,0.0,0.0,0.006803113039569174,0.014760530341916872,,,
cat__KSIC중분류_11차_C13000.섬유제품_제조업,0.0,0.0,0.0,0.006132995069087479,0.005036348584471304,,,
cat__KSIC중분류_11차_C12000.담배_제조업,0.0,0.0,0.0,-0.011579182052673566,-0.030738585059682032,,,
cat__KSIC중분류_11차_C11000.음료_제조업,0.0,0.0,0.0,-0.005507058029239067,-0.020689982790359086,,,
cat__KSIC중분류_11차_C10000.식료품_제조업,0.0,0.0,0.0,0.016734808598933754,0.029425570584801268,,,
cat__KSIC중분류_11차_A03000.어업,0.0,0.0,0.0,0.009339643032369609,0.008557088943141713,,,
cat__KSIC대분류_11차_S00000.협회_및_단체__수리_및_기타_개인_서비스업(94~96),0.0,0.0,0.0,-0.002661558388660889,-0.01604509954353709,,,
cat__KSIC대분류_11차_R00000.예술__스포츠_및_여가관련_서비스업(90~91),0.0,0.0,0.0,0.0014021795158409179,-0.006576236107322319,,,
cat__KSIC대분류_11차_P00000.교육_서비스업(85),0.0,0.0,0.0,0.005876206917263715,0.009465715427411906,,,
cat__주식업종_KGS21P.통신업,0.0,0.0,0.0,-0.008816243073153983,-0.024123806668112504,,,
