y,case_id,inv_cty,iso2,hs6,p_ad_yyyymm,수입 중량 급증률 3개월,수입 발생 월수 - 조치 전 3개월,수입 발생 월수 - 조치 후 3개월,수입 중량 급증률 6개월,수입 발생 월수 - 조치 전 6개월,수입 발생 월수 - 조치 후 6개월,수입 중량 급증률 12개월,수입 발생 월수 - 조치 전 12개월,수입 발생 월수 - 조치 후 12개월,수출 중량 급증률 3개월,수출 발생 월수 - 조치 전 3개월,수출 발생 월수 - 조치 후 3개월,수출 중량 급증률 6개월,수출 발생 월수 - 조치 전 6개월,수출 발생 월수 - 조치 후 6개월,수출 중량 급증률 12개월,수출 발생 월수 - 조치 전 12개월,수출 발생 월수 - 조치 후 12개월,반덤핑 관세율,동일 HS6에 대한 미국 AD 조치 대상국 수,반덤핑 조사 소요 기간,해당 HS6 최초 AD 조치 이후 경과 연수,반덤핑 조치 부과 연도,HS 챕터,조치대상국의 한국 HS6 수입 비중 조치 전,조치대상국의 한국 HS6 수입 비중 조치 후,조치대상국의 한국 HS6 수입 비중 변화,미국 GDP 성장률,중국 GDP 성장률,조치대상국 GDP 성장률,조치대상국 1인당 GDP,원·달러 환율 변화율,조치대상국 통화의 원화 환율 변화율,한국 수출 증가율,조치대상국-미국 간 인구가중 거리,조치대상국-한국 간 인구가중 거리,한국 GDP 성장률,한국 제조업 생산 증가율,조치대상국발 한국 HS6 수입 집중도,글로벌 무역 성장률,반덤핑 조치 시행 이후 경과 월수,미국의 연간 반덤핑 조치 건수,조치대상국의 대미 무역수지,브렌트 원유 가격,발틱 운임지수 BDI,글로벌 HS6 수출 규모,조치대상국의 대미 UN 투표 일치율
0,USA-AD-1010,China,CN,730890,200212,0.5773,3,3,0.666,6,6,0.6509,12,12,-0.2912,3.0,3.0,-0.6087,6.0,6.0,-0.7608,12.0,12.0,32.73,3,7,0,2002,73,0.391,0.599972,0.208972,1.700447,9.243393,9.243393,2610.729603,-0.030359,-1.3e-05,12.278075,11183.43,1168.165,7.743999,9.242373,0.391,0.005415,270,38,35421997979.6472,28.33,1738.0,8005193063.0,0.261538461538462
0,USA-AD-1010,China,CN,732690,200212,-0.1595,3,3,-0.0664,6,6,0.3198,12,12,0.307,3.0,3.0,0.1946,6.0,6.0,-0.0159,12.0,12.0,32.73,7,7,0,2002,73,0.183739,0.171245,-0.012493,1.700447,9.243393,9.243393,2610.729603,-0.030359,-1.3e-05,12.278075,11183.43,1168.165,7.743999,9.242373,0.183739,0.005415,270,38,35421997979.6472,28.33,1738.0,13606583314.0,0.261538461538462
0,USA-AD-1013,China,CN,292511,200212,-0.0464,3,3,0.118,6,6,0.2641,12,12,2.2849,2.0,2.0,5.8755,4.0,5.0,14.0617,8.0,11.0,363.22,2,5,8,2002,29,0.877543,0.936597,0.059054,1.700447,9.243393,9.243393,2610.729603,-0.030359,-1.3e-05,12.278075,11183.43,1168.165,7.743999,9.242373,0.877543,0.005415,270,38,35421997979.6472,28.33,1738.0,76932970.0,0.261538461538462
0,USA-AD-1014,China,CN,390530,200303,0.7273,3,3,0.9219,6,6,1.8469,11,12,-0.8826,3.0,1.0,-0.8308,6.0,3.0,-0.8988,12.0,4.0,97.86,6,6,8,2003,39,0.029497,0.077898,0.048401,2.795606,10.118193,10.118193,2857.037354,-0.047904,1e-05,13.443145,11183.43,1168.165,3.074727,4.78155,0.029497,0.041112,267,18,43051582861.334,30.61,1939.0,,0.221052631578947
0,USA-AD-1015,Germany,DE,390530,200302,0.6667,3,2,0.5929,6,5,0.0923,10,11,-0.7807,3.0,2.0,-0.7648,6.0,4.0,-0.8637,12.0,5.0,10.75,6,5,8,2003,39,0.131686,,,2.795606,10.118193,-0.529801,35270.022728,-0.047904,-0.164068,13.443145,7595.452,8503.73,3.074727,4.78155,0.131686,0.041112,268,18,38844755800.7871,32.77,1764.0,,0.494845360824742
0,USA-AD-1016,Japan,JP,390530,200302,0.1751,3,3,0.0715,6,6,0.0704,12,12,-0.7807,3.0,2.0,-0.7648,6.0,4.0,-0.8637,12.0,5.0,24.82,6,5,8,2003,39,7.08723,,,2.795606,10.118193,1.535125,31830.217585,-0.047904,-0.075402,13.443145,10286.19,951.7373,3.074727,4.78155,7.08723,0.041112,268,18,139380520054.083,32.77,1764.0,,0.443298969072165
0,USA-AD-1019,Canada,CA,100190,200305,0.3503,3,3,0.1612,6,6,0.0577,12,9,,0.0,0.0,,0.0,0.0,,0.0,0.0,,1,8,0,2003,10,0.03948,0.044061,0.004582,2.795606,10.118193,1.806385,39270.023458,-0.047904,-0.107829,13.443145,2079.297,10032.81,3.074727,4.78155,0.03948,0.041112,265,18,10432942306.8005,25.86,2127.0,14440954430.0,0.5
0,USA-AD-1020,China,CN,283660,200308,0.0435,3,3,0.2326,6,6,0.2083,12,12,,0.0,0.0,,0.0,1.0,,0.0,1.0,81.3,1,10,0,2003,28,0.904258,0.887011,-0.017247,2.795606,10.118193,10.118193,2857.037354,-0.047904,1e-05,13.443145,11183.43,1168.165,3.074727,4.78155,0.904258,0.041112,262,18,43051582861.334,29.89,2265.0,95086559.0,0.221052631578947
0,USA-AD-1021,China,CN,730719,200306,0.0033,3,3,0.0011,6,6,0.1872,12,12,-0.3169,3.0,3.0,-0.0095,6.0,6.0,-0.2029,12.0,12.0,146.41,2,7,10,2003,73,,1.040826,,2.795606,10.118193,10.118193,2857.037354,-0.047904,1e-05,13.443145,11183.43,1168.165,3.074727,4.78155,,0.041112,264,18,43051582861.334,27.65,2125.0,962352021.0,0.221052631578947
0,USA-AD-1022,China,CN,281810,200305,-0.1083,3,3,-0.0141,6,6,0.1112,12,12,,0.0,0.0,,0.0,0.0,,0.0,1.0,218.93,1,6,0,2003,28,0.490873,0.5136,0.022728,2.795606,10.118193,10.118193,2857.037354,-0.047904,1e-05,13.443145,11183.43,1168.165,3.074727,4.78155,0.490873,0.041112,265,18,43051582861.334,25.86,2127.0,553813924.0,0.221052631578947
0,USA-AD-1023,Japan,JP,854620,200306,-0.1807,3,3,-0.0838,6,6,0.0773,12,12,,0.0,0.0,,0.0,0.0,,0.0,0.0,105.8,1,5,0,2003,85,0.522955,0.587469,0.064513,2.795606,10.118193,1.535125,31830.217585,-0.047904,-0.075402,13.443145,10286.19,951.7373,3.074727,4.78155,0.522955,0.041112,264,18,139380520054.083,27.65,2125.0,560354326.0,0.443298969072165
0,USA-AD-1024,Brazil,BR,731210,200307,,0,0,,0,0,,0,0,-0.3664,3.0,3.0,-0.297,6.0,6.0,-0.237,12.0,12.0,118.75,23,5,12,2003,73,0.0,0.0,0.0,2.795606,10.118193,1.140829,6941.439659,-0.047904,0.053799,13.443145,8088.514,17793.04,3.074727,4.78155,0.0,0.041112,263,18,2193173018.42129,28.35,2181.0,2667026591.0,0.27319587628866
0,USA-AD-1025,India,IN,731210,200307,-0.9683,1,1,-0.9683,1,1,-0.8822,4,2,-0.3664,3.0,3.0,-0.297,6.0,6.0,-0.237,12.0,12.0,83.65,23,5,12,2003,73,0.011723,0.003573,-0.008151,2.795606,10.118193,7.860381,841.278895,-0.047904,-0.0417,13.443145,13131.91,5108.001,3.074727,4.78155,0.011723,0.041112,263,18,8772510263.57571,28.35,2181.0,2667026591.0,0.298969072164948
0,USA-AD-1027,Mexico,MX,731210,200307,-1.0,1,0,-1.0,1,0,-1.0,1,0,-0.3664,3.0,3.0,-0.297,6.0,6.0,-0.237,12.0,12.0,57.64,23,5,12,2003,73,2.7e-05,0.0,-2.7e-05,2.795606,10.118193,1.185545,9221.996667,-0.047904,0.117343,13.443145,2468.405,11711.42,3.074727,4.78155,2.7e-05,0.041112,263,18,-4032619657.99998,28.35,2181.0,2667026591.0,0.257731958762887
0,USA-AD-1028,Thailand,TH,731210,200307,1954.4727,3,3,2695.5074,6,5,1437.4413,11,10,-0.3664,3.0,3.0,-0.297,6.0,6.0,-0.237,12.0,12.0,11.52,23,5,12,2003,73,0.002606,0.01847,0.015864,2.795606,10.118193,7.189243,4018.155382,-0.047904,-0.034345,13.443145,13936.19,3699.128,3.074727,4.78155,0.002606,0.041112,263,18,4771810540.67725,28.35,2181.0,2667026591.0,0.257731958762887
1,USA-AD-1034,China,CN,852812,200311,0.8319,3,3,1.8394,6,6,0.8165,12,12,-0.1721,3.0,3.0,-0.0191,6.0,6.0,0.3184,12.0,12.0,78.45,2,6,0,2003,85,0.091153,0.157923,0.06677,2.795606,10.118193,10.118193,2857.037354,-0.047904,1e-05,13.443145,11183.43,1168.165,3.074727,4.78155,0.091153,0.041112,259,18,43051582861.334,28.75,4417.0,,0.221052631578947
0,USA-AD-1039,France,FR,3702,200312,,0,1,-0.9542,2,1,-0.821,5,5,-0.2334,3.0,3.0,-0.0549,6.0,6.0,0.0079,12.0,12.0,44.93,3,6,0,2003,37,0.000376,0.000177,-0.0002,2.795606,10.118193,0.967827,33840.617572,-0.047904,-0.164068,13.443145,7456.767,9225.815,3.074727,4.78155,0.000376,0.041112,258,18,15984849589.3334,29.81,4765.0,,0.541237113402062
0,USA-AD-1039,France,FR,320490,200312,,0,1,-0.9903,2,1,-0.9528,4,3,1.2587,1.0,2.0,3.8714,1.0,4.0,16.5083,1.0,10.0,44.93,3,6,0,2003,32,0.004604,0.000548,-0.004056,2.795606,10.118193,0.967827,33840.617572,-0.047904,-0.164068,13.443145,7456.767,9225.815,3.074727,4.78155,0.004604,0.041112,258,18,15984849589.3334,29.81,4765.0,312007098.0,0.541237113402062
0,USA-AD-1039,France,FR,350699,200312,-0.7301,2,3,0.0873,5,6,-0.1933,11,12,3.8173,3.0,2.0,0.7232,6.0,5.0,1.1416,12.0,11.0,44.93,3,6,0,2003,35,0.025195,0.010661,-0.014534,2.795606,10.118193,0.967827,33840.617572,-0.047904,-0.164068,13.443145,7456.767,9225.815,3.074727,4.78155,0.025195,0.041112,258,18,15984849589.3334,29.81,4765.0,1088741116.0,0.541237113402062
0,USA-AD-1039,France,FR,391990,200312,-0.2634,3,3,0.5857,6,6,3.3183,12,12,-0.212,3.0,3.0,0.0403,6.0,6.0,0.1639,12.0,12.0,44.93,3,6,0,2003,39,0.003728,0.006289,0.002561,2.795606,10.118193,0.967827,33840.617572,-0.047904,-0.164068,13.443145,7456.767,9225.815,3.074727,4.78155,0.003728,0.041112,258,18,15984849589.3334,29.81,4765.0,4700241712.0,0.541237113402062
0,USA-AD-1039,France,FR,392062,200312,-0.6696,3,1,-0.7154,5,2,-0.7777,6,2,-0.1452,3.0,3.0,-0.1224,6.0,6.0,0.0956,12.0,12.0,44.93,11,6,13,2003,39,0.013643,0.001753,-0.01189,2.795606,10.118193,0.967827,33840.617572,-0.047904,-0.164068,13.443145,7456.767,9225.815,3.074727,4.78155,0.013643,0.041112,258,18,15984849589.3334,29.81,4765.0,2531907201.0,0.541237113402062
0,USA-AD-1039,France,FR,392099,200312,0.5143,3,3,0.3529,5,5,-0.154,11,9,-0.0494,3.0,3.0,1.3669,6.0,6.0,1.7043,12.0,12.0,44.93,3,6,0,2003,39,0.005211,0.003191,-0.00202,2.795606,10.118193,0.967827,33840.617572,-0.047904,-0.164068,13.443145,7456.767,9225.815,3.074727,4.78155,0.005211,0.041112,258,18,15984849589.3334,29.81,4765.0,1712303747.0,0.541237113402062
0,USA-AD-1039,France,FR,392190,200312,1.283,3,3,1.1719,6,6,0.0158,12,12,-0.1837,3.0,3.0,0.047,6.0,6.0,0.3063,12.0,12.0,44.93,5,6,0,2003,39,0.007983,0.005714,-0.002268,2.795606,10.118193,0.967827,33840.617572,-0.047904,-0.164068,13.443145,7456.767,9225.815,3.074727,4.78155,0.007983,0.041112,258,18,15984849589.3334,29.81,4765.0,6595251918.0,0.541237113402062
0,USA-AD-1039,France,FR,392690,200312,-0.3486,3,3,-0.1709,6,6,-0.0601,12,12,0.237,3.0,3.0,0.4371,6.0,6.0,0.6041,12.0,12.0,44.93,10,6,14,2003,39,0.133144,0.020801,-0.112343,2.795606,10.118193,0.967827,33840.617572,-0.047904,-0.164068,13.443145,7456.767,9225.815,3.074727,4.78155,0.133144,0.041112,258,18,15984849589.3334,29.81,4765.0,25065439709.0,0.541237113402062
0,USA-AD-1039,France,FR,961210,200312,-0.2469,3,3,-0.5734,6,6,-0.4562,11,12,-0.5241,3.0,3.0,-0.2438,6.0,6.0,-0.2047,12.0,12.0,44.93,3,6,0,2003,96,0.014433,0.008236,-0.006197,2.795606,10.118193,0.967827,33840.617572,-0.047904,-0.164068,13.443145,7456.767,9225.815,3.074727,4.78155,0.014433,0.041112,258,18,15984849589.3334,29.81,4765.0,1418041875.0,0.541237113402062
0,USA-AD-1040,Japan,JP,3702,200312,0.1059,3,3,0.173,6,6,0.1802,12,12,-0.2334,3.0,3.0,-0.0549,6.0,6.0,0.0079,12.0,12.0,106.6,3,6,0,2003,37,0.452278,0.489139,0.036861,2.795606,10.118193,1.535125,31830.217585,-0.047904,-0.075402,13.443145,10286.19,951.7373,3.074727,4.78155,0.452278,0.041112,258,18,139380520054.083,29.81,4765.0,,0.443298969072165
1,USA-AD-1040,Japan,JP,320490,200312,0.1896,3,3,0.2745,6,6,0.1775,12,12,1.2587,1.0,2.0,3.8714,1.0,4.0,16.5083,1.0,10.0,106.6,3,6,0,2003,32,0.686922,0.82503,0.138108,2.795606,10.118193,1.535125,31830.217585,-0.047904,-0.075402,13.443145,10286.19,951.7373,3.074727,4.78155,0.686922,0.041112,258,18,139380520054.083,29.81,4765.0,312007098.0,0.443298969072165
0,USA-AD-1040,Japan,JP,350699,200312,-0.1939,3,3,-0.0669,6,6,-0.0826,12,12,3.8173,3.0,2.0,0.7232,6.0,5.0,1.1416,12.0,11.0,106.6,3,6,0,2003,35,0.398564,0.385531,-0.013034,2.795606,10.118193,1.535125,31830.217585,-0.047904,-0.075402,13.443145,10286.19,951.7373,3.074727,4.78155,0.398564,0.041112,258,18,139380520054.083,29.81,4765.0,1088741116.0,0.443298969072165
0,USA-AD-1040,Japan,JP,391990,200312,0.0061,3,3,0.1899,6,6,0.3531,12,12,-0.212,3.0,3.0,0.0403,6.0,6.0,0.1639,12.0,12.0,106.6,3,6,0,2003,39,0.619533,0.666717,0.047184,2.795606,10.118193,1.535125,31830.217585,-0.047904,-0.075402,13.443145,10286.19,951.7373,3.074727,4.78155,0.619533,0.041112,258,18,139380520054.083,29.81,4765.0,4700241712.0,0.443298969072165
0,USA-AD-1040,Japan,JP,392062,200312,0.0216,3,3,0.0864,6,6,0.4872,12,12,-0.1452,3.0,3.0,-0.1224,6.0,6.0,0.0956,12.0,12.0,106.6,11,6,13,2003,39,0.898398,0.851517,-0.046881,2.795606,10.118193,1.535125,31830.217585,-0.047904,-0.075402,13.443145,10286.19,951.7373,3.074727,4.78155,0.898398,0.041112,258,18,139380520054.083,29.81,4765.0,2531907201.0,0.443298969072165
1,USA-AD-1040,Japan,JP,392099,200312,-0.0759,3,3,0.1508,6,6,0.399,12,12,-0.0494,3.0,3.0,1.3669,6.0,6.0,1.7043,12.0,12.0,106.6,3,6,0,2003,39,0.83958,0.852145,0.012565,2.795606,10.118193,1.535125,31830.217585,-0.047904,-0.075402,13.443145,10286.19,951.7373,3.074727,4.78155,0.83958,0.041112,258,18,139380520054.083,29.81,4765.0,1712303747.0,0.443298969072165
0,USA-AD-1040,Japan,JP,392190,200312,-0.0005,3,3,0.3789,6,6,0.7162,12,12,-0.1837,3.0,3.0,0.047,6.0,6.0,0.3063,12.0,12.0,106.6,5,6,0,2003,39,0.509955,0.595894,0.085939,2.795606,10.118193,1.535125,31830.217585,-0.047904,-0.075402,13.443145,10286.19,951.7373,3.074727,4.78155,0.509955,0.041112,258,18,139380520054.083,29.81,4765.0,6595251918.0,0.443298969072165
0,USA-AD-1040,Japan,JP,392690,200312,0.3122,3,3,0.3386,6,6,0.2837,12,12,0.237,3.0,3.0,0.4371,6.0,6.0,0.6041,12.0,12.0,106.6,10,6,14,2003,39,1.959987,0.321207,-1.63878,2.795606,10.118193,1.535125,31830.217585,-0.047904,-0.075402,13.443145,10286.19,951.7373,3.074727,4.78155,1.959987,0.041112,258,18,139380520054.083,29.81,4765.0,25065439709.0,0.443298969072165
0,USA-AD-1040,Japan,JP,961210,200312,-0.0877,3,3,-0.1429,6,6,-0.1553,12,12,-0.5241,3.0,3.0,-0.2438,6.0,6.0,-0.2047,12.0,12.0,106.6,3,6,0,2003,96,0.660768,0.577391,-0.083378,2.795606,10.118193,1.535125,31830.217585,-0.047904,-0.075402,13.443145,10286.19,951.7373,3.074727,4.78155,0.660768,0.041112,258,18,139380520054.083,29.81,4765.0,1418041875.0,0.443298969072165
0,USA-AD-1043,China,CN,392321,200401,0.6206,3,3,0.2343,6,6,0.3446,12,12,0.1301,3.0,3.0,0.3683,6.0,6.0,0.5076,12.0,12.0,80.52,6,7,0,2004,39,0.510023,0.392223,-0.1178,3.847772,10.131407,10.131407,3127.862765,-0.038096,-2.8e-05,21.440538,11183.43,1168.165,5.183637,10.137825,0.510023,0.079801,257,36,68940960688.562,31.28,5551.0,5225356200.0,0.166666666666667
0,USA-AD-1044,Malaysia,MY,392321,200401,-0.2492,3,3,-0.2336,6,6,0.102,12,12,0.1301,3.0,3.0,0.3683,6.0,6.0,0.5076,12.0,12.0,84.81,6,7,0,2004,39,0.067511,0.053465,-0.014046,3.847772,10.131407,6.783438,7025.34558,-0.038096,0.0,21.440538,14859.51,4418.149,5.183637,10.137825,0.067511,0.079801,257,36,15079434210.5263,31.28,5551.0,5225356200.0,0.16304347826087
0,USA-AD-1045,Thailand,TH,392321,200401,,0,2,160.9111,1,4,4.0578,2,7,0.1301,3.0,3.0,0.3683,6.0,6.0,0.5076,12.0,12.0,11.54,6,7,0,2004,39,0.004654,0.005444,0.00079,3.847772,10.131407,6.289342,4232.771573,-0.038096,-0.030426,21.440538,13936.19,3699.128,5.183637,10.137825,0.004654,0.079801,257,36,2759369127.41909,31.28,5551.0,5225356200.0,0.228260869565217
0,USA-AD-1046,China,CN,293213,200401,-0.0429,3,3,-0.0397,6,6,0.0596,12,12,,0.0,0.0,,0.0,0.0,,0.0,0.0,31.33,3,7,10,2004,29,0.93381,0.956041,0.022231,3.847772,10.131407,10.131407,3127.862765,-0.038096,-2.8e-05,21.440538,11183.43,1168.165,5.183637,10.137825,0.93381,0.079801,257,36,68940960688.562,31.28,5551.0,146511832.0,0.166666666666667
0,USA-AD-1047,China,CN,940320,200402,-0.0123,3,3,-0.0772,6,6,-0.1851,12,12,-0.35,3.0,3.0,-0.44,6.0,6.0,-0.5198,12.0,12.0,153.76,6,7,3,2004,94,0.835245,0.791139,-0.044106,3.847772,10.131407,10.131407,3127.862765,-0.038096,-2.8e-05,21.440538,11183.43,1168.165,5.183637,10.137825,0.835245,0.079801,256,36,68940960688.562,30.86,5263.0,7530890095.0,0.166666666666667
0,USA-AD-1047,China,CN,940390,200402,0.1768,3,3,0.3033,6,6,0.5145,12,12,-0.0484,3.0,3.0,-0.2081,6.0,6.0,0.063,12.0,12.0,153.76,1,7,9,2004,94,0.421167,0.566374,0.145207,3.847772,10.131407,10.131407,3127.862765,-0.038096,-2.8e-05,21.440538,11183.43,1168.165,5.183637,10.137825,0.421167,0.079801,256,36,68940960688.562,30.86,5263.0,7235770293.0,0.166666666666667
0,USA-AD-1056,South Africa,ZA,760612,200405,0.6163,3,3,1.2495,6,6,1.8943,12,12,2.2849,3.0,3.0,-0.6281,6.0,6.0,-0.8462,12.0,12.0,4.33,7,7,0,2004,76,0.009758,0.024303,0.014544,3.847772,10.131407,4.55456,5187.356834,-0.038096,-0.14608,21.440538,14418.61,12792.46,5.183637,10.137825,0.009758,0.079801,253,36,-6413747384.11009,37.57,3286.0,11137507470.0,0.173913043478261
0,USA-AD-1058,China,CN,700992,200406,-0.1354,3,3,0.2032,6,6,0.4113,12,12,-0.2309,3.0,3.0,0.1509,6.0,6.0,-0.0714,12.0,12.0,198.08,1,7,0,2004,70,0.448821,0.420173,-0.028648,3.847772,10.131407,10.131407,3127.862765,-0.038096,-2.8e-05,21.440538,11183.43,1168.165,5.183637,10.137825,0.448821,0.079801,252,36,68940960688.562,35.18,3005.0,784140332.0,0.166666666666667
0,USA-AD-1058,China,CN,940350,200406,-0.0021,3,3,0.4513,6,6,1.1285,12,12,-0.3295,3.0,3.0,0.176,6.0,6.0,-0.2039,12.0,12.0,198.08,1,7,0,2004,94,0.476047,0.687977,0.21193,3.847772,10.131407,10.131407,3127.862765,-0.038096,-2.8e-05,21.440538,11183.43,1168.165,5.183637,10.137825,0.476047,0.079801,252,36,68940960688.562,35.18,3005.0,7095196962.0,0.166666666666667
0,USA-AD-1059,China,CN,871680,200405,-0.1205,3,3,-0.0002,6,6,0.0643,12,12,-0.3772,3.0,3.0,0.0255,6.0,6.0,-0.3164,11.0,12.0,346.94,2,6,0,2004,87,0.355625,0.306807,-0.048818,3.847772,10.131407,10.131407,3127.862765,-0.038096,-2.8e-05,21.440538,11183.43,1168.165,5.183637,10.137825,0.355625,0.079801,253,36,68940960688.562,37.57,3286.0,1238085707.0,0.166666666666667
0,USA-AD-1059,China,CN,871690,200405,0.0519,3,3,0.0991,6,6,0.2237,12,12,-0.0105,3.0,3.0,0.091,6.0,6.0,0.0917,12.0,12.0,346.94,3,6,0,2004,87,0.547198,0.6668,0.119602,3.847772,10.131407,10.131407,3127.862765,-0.038096,-2.8e-05,21.440538,11183.43,1168.165,5.183637,10.137825,0.547198,0.079801,253,36,68940960688.562,37.57,3286.0,4739836170.0,0.166666666666667
0,USA-AD-1060,China,CN,320417,200406,0.0291,3,3,0.0689,6,6,0.0952,12,12,-0.1065,3.0,3.0,-0.0039,6.0,6.0,0.5472,12.0,12.0,370.06,2,7,0,2004,32,0.304963,0.303877,-0.001086,3.847772,10.131407,10.131407,3127.862765,-0.038096,-2.8e-05,21.440538,11183.43,1168.165,5.183637,10.137825,0.304963,0.079801,252,36,68940960688.562,35.18,3005.0,4027268042.0,0.166666666666667
0,USA-AD-1061,India,IN,320417,200406,-0.3168,3,3,-0.2126,6,6,0.043,12,12,-0.1065,3.0,3.0,-0.0039,6.0,6.0,0.5472,12.0,12.0,45.06,2,7,0,2004,32,0.05791,0.053689,-0.004221,3.847772,10.131407,7.922937,892.596615,-0.038096,-0.027195,21.440538,13131.91,5108.001,5.183637,10.137825,0.05791,0.079801,252,36,780195721.518435,35.18,3005.0,4027268042.0,0.277173913043478
0,USA-AD-1063,Brazil,BR,160520,200408,-1.0,1,0,-1.0,1,0,-1.0,1,0,6.9118,1.0,1.0,0.2577,2.0,3.0,0.0138,4.0,3.0,,7,7,0,2004,16,3e-06,0.0,-3e-06,3.847772,10.131407,5.759965,7258.781017,-0.038096,-0.049507,21.440538,8088.514,17793.04,5.183637,10.137825,3e-06,0.079801,250,36,8959313364.24297,42.74,4186.0,2825077909.0,0.239130434782609
0,USA-AD-1064,China,CN,160520,200407,1.5283,3,3,1.5474,6,6,2.7433,11,12,-0.6919,2.0,1.0,0.003,2.0,2.0,0.0138,4.0,3.0,112.81,7,6,0,2004,16,1.602233,,,3.847772,10.131407,10.131407,3127.862765,-0.038096,-2.8e-05,21.440538,11183.43,1168.165,5.183637,10.137825,1.602233,0.079801,251,36,68940960688.562,38.22,4048.0,2825077909.0,0.166666666666667
0,USA-AD-1066,India,IN,160520,200408,-0.0269,3,3,-0.1019,6,6,-0.171,12,12,6.9118,1.0,1.0,0.2577,2.0,3.0,0.0138,4.0,3.0,14.2,7,7,0,2004,16,0.110953,0.082325,-0.028627,3.847772,10.131407,7.922937,892.596615,-0.038096,-0.027195,21.440538,13131.91,5108.001,5.183637,10.137825,0.110953,0.079801,250,36,780195721.518435,42.74,4186.0,2825077909.0,0.277173913043478
0,USA-AD-1067,Thailand,TH,160520,200408,-0.0686,3,3,-0.237,6,6,-0.2533,12,12,6.9118,1.0,1.0,0.2577,2.0,3.0,0.0138,4.0,3.0,6.39,7,7,0,2004,16,0.604474,0.424236,-0.180238,3.847772,10.131407,6.289342,4232.771573,-0.038096,-0.030426,21.440538,13936.19,3699.128,5.183637,10.137825,0.604474,0.079801,250,36,2759369127.41909,42.74,4186.0,2825077909.0,0.228260869565217
0,USA-AD-1068,Vietnam,VN,160520,200407,0.1441,3,3,0.2393,6,6,0.2945,12,12,-0.6919,2.0,1.0,0.003,2.0,2.0,0.0138,4.0,3.0,93.13,7,6,0,2004,16,1.201223,,,3.847772,10.131407,7.536411,1510.94449,-0.038096,0.015243,21.440538,13715.75,3257.774,5.183637,10.137825,1.201223,0.079801,251,36,-957000000.0,38.22,4048.0,2825077909.0,0.125
0,USA-AD-1069,Japan,JP,840721,200408,-0.0289,3,3,0.1036,6,6,0.2034,12,12,,0.0,0.0,,0.0,0.0,,0.0,0.0,22.52,1,7,0,2004,84,0.713136,0.762692,0.049556,3.847772,10.131407,2.186116,32515.115802,-0.038096,-0.06677,21.440538,10286.19,951.7373,5.183637,10.137825,0.713136,0.079801,250,36,181993749574.639,42.74,4186.0,2314870407.0,0.451086956521739
0,USA-AD-1070a,China,CN,480230,200409,1.3188,1,2,6.2217,2,4,4.421,4,7,,0.0,0.0,,0.0,0.0,,0.0,0.0,266.83,1,7,0,2004,48,0.19416,0.831374,0.637214,3.847772,10.131407,10.131407,3127.862765,-0.038096,-2.8e-05,21.440538,11183.43,1168.165,5.183637,10.137825,0.388321,0.079801,249,36,68940960688.562,43.2,4105.0,51296799.0,0.166666666666667
0,USA-AD-1070a,China,CN,480254,200409,-0.235,3,2,-0.2821,5,3,-0.1745,8,5,,0.0,0.0,,0.0,1.0,,0.0,1.0,266.83,1,7,0,2004,48,0.078769,0.048644,-0.030125,3.847772,10.131407,10.131407,3127.862765,-0.038096,-2.8e-05,21.440538,11183.43,1168.165,5.183637,10.137825,0.157539,0.079801,249,36,68940960688.562,43.2,4105.0,,0.166666666666667
0,USA-AD-1070a,China,CN,480261,200409,,0,1,187.5633,1,1,9.7529,3,3,,0.0,0.0,-1.0,1.0,0.0,-1.0,2.0,0.0,266.83,2,7,0,2004,48,0.002675,0.059785,0.05711,3.847772,10.131407,10.131407,3127.862765,-0.038096,-2.8e-05,21.440538,11183.43,1168.165,5.183637,10.137825,0.00535,0.079801,249,36,68940960688.562,43.2,4105.0,,0.166666666666667
0,USA-AD-1070a,China,CN,480262,200409,0.5168,3,3,0.5051,5,5,0.2303,10,10,-0.2683,3.0,3.0,-0.2526,6.0,5.0,-0.0279,10.0,10.0,266.83,6,7,0,2004,48,0.245284,0.186668,-0.058615,3.847772,10.131407,10.131407,3127.862765,-0.038096,-2.8e-05,21.440538,11183.43,1168.165,5.183637,10.137825,0.490567,0.079801,249,36,68940960688.562,43.2,4105.0,,0.166666666666667
1,USA-AD-1070a,China,CN,480269,200409,1.3715,3,3,0.3352,6,5,1.526,11,11,-0.5652,1.0,1.0,0.7872,2.0,2.0,0.2911,6.0,4.0,266.83,6,7,0,2004,48,0.124029,0.139416,0.015386,3.847772,10.131407,10.131407,3127.862765,-0.038096,-2.8e-05,21.440538,11183.43,1168.165,5.183637,10.137825,0.248059,0.079801,249,36,68940960688.562,43.2,4105.0,,0.166666666666667
0,USA-AD-1070a,China,CN,480439,200409,-0.5561,3,3,-0.6494,6,5,-0.2866,10,10,0.1941,2.0,3.0,0.0179,4.0,4.0,-0.1974,9.0,8.0,266.83,1,7,0,2004,48,0.009006,0.013315,0.004309,3.847772,10.131407,10.131407,3127.862765,-0.038096,-2.8e-05,21.440538,11183.43,1168.165,5.183637,10.137825,0.018012,0.079801,249,36,68940960688.562,43.2,4105.0,1022543582.0,0.166666666666667
0,USA-AD-1070a,China,CN,480640,200409,0.1048,2,3,-0.1869,5,4,-0.1588,11,10,-1.0,1.0,0.0,-1.0,4.0,0.0,-1.0,10.0,0.0,266.83,1,7,0,2004,48,0.03154,0.024622,-0.006918,3.847772,10.131407,10.131407,3127.862765,-0.038096,-2.8e-05,21.440538,11183.43,1168.165,5.183637,10.137825,0.06308,0.079801,249,36,68940960688.562,43.2,4105.0,718993503.0,0.166666666666667
0,USA-AD-1070a,China,CN,480830,200409,,0,0,,0,0,,0,0,,0.0,1.0,,0.0,1.0,,0.0,1.0,266.83,1,7,0,2004,48,0.0,0.0,0.0,3.847772,10.131407,10.131407,3127.862765,-0.038096,-2.8e-05,21.440538,11183.43,1168.165,5.183637,10.137825,0.0,0.079801,249,36,68940960688.562,43.2,4105.0,159475262.0,0.166666666666667
1,USA-AD-1070a,China,CN,480890,200409,71.5312,1,1,150.5156,1,2,0.8492,4,3,1.4469,2.0,2.0,1.4964,2.0,3.0,0.2513,5.0,5.0,266.83,1,7,0,2004,48,0.01249,0.03235,0.01986,3.847772,10.131407,10.131407,3127.862765,-0.038096,-2.8e-05,21.440538,11183.43,1168.165,5.183637,10.137825,0.024981,0.079801,249,36,68940960688.562,43.2,4105.0,319504911.0,0.166666666666667
0,USA-AD-1070a,China,CN,481190,200409,1.4943,3,3,0.1967,6,6,0.3693,12,12,0.0298,1.0,2.0,0.3498,2.0,4.0,0.9693,4.0,7.0,266.83,10,7,0,2004,48,0.087628,0.091942,0.004315,3.847772,10.131407,10.131407,3127.862765,-0.038096,-2.8e-05,21.440538,11183.43,1168.165,5.183637,10.137825,0.175255,0.079801,249,36,68940960688.562,43.2,4105.0,3800772994.0,0.166666666666667
0,USA-AD-1070a,China,CN,481890,200409,-0.0815,3,3,0.141,6,6,0.4944,12,12,66.6,2.0,3.0,-0.8274,5.0,4.0,-0.5148,11.0,9.0,266.83,1,7,0,2004,48,0.3421,0.457713,0.115612,3.847772,10.131407,10.131407,3127.862765,-0.038096,-2.8e-05,21.440538,11183.43,1168.165,5.183637,10.137825,0.3421,0.079801,249,36,68940960688.562,43.2,4105.0,935096936.0,0.166666666666667
0,USA-AD-1070a,China,CN,482390,200409,-0.5336,3,3,-0.4242,6,6,0.0684,12,12,0.1629,3.0,3.0,-0.0315,6.0,6.0,-0.2279,12.0,12.0,266.83,1,7,0,2004,48,0.093316,0.083809,-0.009507,3.847772,10.131407,10.131407,3127.862765,-0.038096,-2.8e-05,21.440538,11183.43,1168.165,5.183637,10.137825,0.186632,0.079801,249,36,68940960688.562,43.2,4105.0,2626189093.0,0.166666666666667
0,USA-AD-1070a,China,CN,950590,200409,1.1253,3,3,-0.1728,6,6,-0.2497,12,12,-0.7039,3.0,2.0,-0.0215,6.0,5.0,-0.5809,11.0,10.0,266.83,3,7,0,2004,95,0.639603,0.553828,-0.085775,3.847772,10.131407,10.131407,3127.862765,-0.038096,-2.8e-05,21.440538,11183.43,1168.165,5.183637,10.137825,1.279205,0.079801,249,36,68940960688.562,43.2,4105.0,1425274822.9999998,0.166666666666667
0,USA-AD-1070b,China,CN,480230,200409,1.3188,1,2,6.2217,2,4,4.421,4,7,,0.0,0.0,,0.0,0.0,,0.0,0.0,163.36,1,7,0,2004,48,0.19416,0.831374,0.637214,3.847772,10.131407,10.131407,3127.862765,-0.038096,-2.8e-05,21.440538,11183.43,1168.165,5.183637,10.137825,0.388321,0.079801,249,36,68940960688.562,43.2,4105.0,51296799.0,0.166666666666667
0,USA-AD-1070b,China,CN,480254,200409,-0.235,3,2,-0.2821,5,3,-0.1745,8,5,,0.0,0.0,,0.0,1.0,,0.0,1.0,163.36,1,7,0,2004,48,0.078769,0.048644,-0.030125,3.847772,10.131407,10.131407,3127.862765,-0.038096,-2.8e-05,21.440538,11183.43,1168.165,5.183637,10.137825,0.157539,0.079801,249,36,68940960688.562,43.2,4105.0,,0.166666666666667
0,USA-AD-1070b,China,CN,480261,200409,,0,1,187.5633,1,1,9.7529,3,3,,0.0,0.0,-1.0,1.0,0.0,-1.0,2.0,0.0,163.36,2,7,0,2004,48,0.002675,0.059785,0.05711,3.847772,10.131407,10.131407,3127.862765,-0.038096,-2.8e-05,21.440538,11183.43,1168.165,5.183637,10.137825,0.00535,0.079801,249,36,68940960688.562,43.2,4105.0,,0.166666666666667
0,USA-AD-1070b,China,CN,480262,200409,0.5168,3,3,0.5051,5,5,0.2303,10,10,-0.2683,3.0,3.0,-0.2526,6.0,5.0,-0.0279,10.0,10.0,163.36,6,7,0,2004,48,0.245284,0.186668,-0.058615,3.847772,10.131407,10.131407,3127.862765,-0.038096,-2.8e-05,21.440538,11183.43,1168.165,5.183637,10.137825,0.490567,0.079801,249,36,68940960688.562,43.2,4105.0,,0.166666666666667
1,USA-AD-1070b,China,CN,480269,200409,1.3715,3,3,0.3352,6,5,1.526,11,11,-0.5652,1.0,1.0,0.7872,2.0,2.0,0.2911,6.0,4.0,163.36,6,7,0,2004,48,0.124029,0.139416,0.015386,3.847772,10.131407,10.131407,3127.862765,-0.038096,-2.8e-05,21.440538,11183.43,1168.165,5.183637,10.137825,0.248059,0.079801,249,36,68940960688.562,43.2,4105.0,,0.166666666666667
0,USA-AD-1070b,China,CN,480431,200409,0.0399,3,3,-0.0644,6,6,-0.0765,12,12,,0.0,2.0,,0.0,3.0,346.0455,1.0,3.0,163.36,1,7,0,2004,48,0.116899,0.100778,-0.016121,3.847772,10.131407,10.131407,3127.862765,-0.038096,-2.8e-05,21.440538,11183.43,1168.165,5.183637,10.137825,0.116899,0.079801,249,36,68940960688.562,43.2,4105.0,908163719.0,0.166666666666667
0,USA-AD-1070b,China,CN,480439,200409,-0.5561,3,3,-0.6494,6,5,-0.2866,10,10,0.1941,2.0,3.0,0.0179,4.0,4.0,-0.1974,9.0,8.0,163.36,1,7,0,2004,48,0.009006,0.013315,0.004309,3.847772,10.131407,10.131407,3127.862765,-0.038096,-2.8e-05,21.440538,11183.43,1168.165,5.183637,10.137825,0.018012,0.079801,249,36,68940960688.562,43.2,4105.0,1022543582.0,0.166666666666667
0,USA-AD-1070b,China,CN,480591,200409,0.7131,3,3,4.8081,5,6,26.0585,8,12,0.086,1.0,1.0,-0.3008,4.0,1.0,0.1652,6.0,4.0,163.36,2,7,0,2004,48,0.013738,0.068802,0.055064,3.847772,10.131407,10.131407,3127.862765,-0.038096,-2.8e-05,21.440538,11183.43,1168.165,5.183637,10.137825,0.013738,0.079801,249,36,68940960688.562,43.2,4105.0,,0.166666666666667
0,USA-AD-1070b,China,CN,480640,200409,0.1048,2,3,-0.1869,5,4,-0.1588,11,10,-1.0,1.0,0.0,-1.0,4.0,0.0,-1.0,10.0,0.0,163.36,1,7,0,2004,48,0.03154,0.024622,-0.006918,3.847772,10.131407,10.131407,3127.862765,-0.038096,-2.8e-05,21.440538,11183.43,1168.165,5.183637,10.137825,0.06308,0.079801,249,36,68940960688.562,43.2,4105.0,718993503.0,0.166666666666667
0,USA-AD-1070b,China,CN,480830,200409,,0,0,,0,0,,0,0,,0.0,1.0,,0.0,1.0,,0.0,1.0,163.36,1,7,0,2004,48,0.0,0.0,0.0,3.847772,10.131407,10.131407,3127.862765,-0.038096,-2.8e-05,21.440538,11183.43,1168.165,5.183637,10.137825,0.0,0.079801,249,36,68940960688.562,43.2,4105.0,159475262.0,0.166666666666667
1,USA-AD-1070b,China,CN,480890,200409,71.5312,1,1,150.5156,1,2,0.8492,4,3,1.4469,2.0,2.0,1.4964,2.0,3.0,0.2513,5.0,5.0,163.36,1,7,0,2004,48,0.01249,0.03235,0.01986,3.847772,10.131407,10.131407,3127.862765,-0.038096,-2.8e-05,21.440538,11183.43,1168.165,5.183637,10.137825,0.024981,0.079801,249,36,68940960688.562,43.2,4105.0,319504911.0,0.166666666666667
0,USA-AD-1070b,China,CN,481190,200409,1.4943,3,3,0.1967,6,6,0.3693,12,12,0.0298,1.0,2.0,0.3498,2.0,4.0,0.9693,4.0,7.0,163.36,10,7,0,2004,48,0.087628,0.091942,0.004315,3.847772,10.131407,10.131407,3127.862765,-0.038096,-2.8e-05,21.440538,11183.43,1168.165,5.183637,10.137825,0.175255,0.079801,249,36,68940960688.562,43.2,4105.0,3800772994.0,0.166666666666667
0,USA-AD-1070b,China,CN,482050,200409,0.8539,3,3,-0.2051,6,6,0.2225,12,12,-0.2239,3.0,3.0,-0.3061,6.0,6.0,0.0162,12.0,12.0,163.36,1,7,0,2004,48,0.823038,0.713465,-0.109573,3.847772,10.131407,10.131407,3127.862765,-0.038096,-2.8e-05,21.440538,11183.43,1168.165,5.183637,10.137825,0.823038,0.079801,249,36,68940960688.562,43.2,4105.0,398741463.0,0.166666666666667
0,USA-AD-1070b,China,CN,482090,200409,7.5014,3,3,1.0169,6,6,0.0424,12,12,-0.3759,3.0,3.0,-0.5455,5.0,5.0,-0.6889,11.0,11.0,163.36,1,7,0,2004,48,0.316868,0.261054,-0.055814,3.847772,10.131407,10.131407,3127.862765,-0.038096,-2.8e-05,21.440538,11183.43,1168.165,5.183637,10.137825,0.316868,0.079801,249,36,68940960688.562,43.2,4105.0,278975687.0,0.166666666666667
0,USA-AD-1070b,China,CN,482390,200409,-0.5336,3,3,-0.4242,6,6,0.0684,12,12,0.1629,3.0,3.0,-0.0315,6.0,6.0,-0.2279,12.0,12.0,163.36,1,7,0,2004,48,0.093316,0.083809,-0.009507,3.847772,10.131407,10.131407,3127.862765,-0.038096,-2.8e-05,21.440538,11183.43,1168.165,5.183637,10.137825,0.186632,0.079801,249,36,68940960688.562,43.2,4105.0,2626189093.0,0.166666666666667
0,USA-AD-1070b,China,CN,950590,200409,1.1253,3,3,-0.1728,6,6,-0.2497,12,12,-0.7039,3.0,2.0,-0.0215,6.0,5.0,-0.5809,11.0,10.0,163.36,3,7,0,2004,95,0.639603,0.553828,-0.085775,3.847772,10.131407,10.131407,3127.862765,-0.038096,-2.8e-05,21.440538,11183.43,1168.165,5.183637,10.137825,1.279205,0.079801,249,36,68940960688.562,43.2,4105.0,1425274822.9999998,0.166666666666667
0,USA-AD-1071,China,CN,810419,200410,-0.0329,3,3,-0.2399,6,6,1.2137,12,12,,0.0,0.0,,0.0,0.0,,0.0,0.0,177.62,4,7,10,2004,81,0.920341,0.845271,-0.075071,3.847772,10.131407,10.131407,3127.862765,-0.038096,-2.8e-05,21.440538,11183.43,1168.165,5.183637,10.137825,0.920341,0.079801,248,36,68940960688.562,49.78,4922.0,428626915.0,0.166666666666667
0,USA-AD-1071,China,CN,810430,200410,0.094,3,3,0.9578,6,6,2.1366,10,12,-0.4754,3.0,3.0,-0.6398,6.0,5.0,-0.5184,11.0,9.0,177.62,3,7,3,2004,81,0.276952,0.59478,0.317828,3.847772,10.131407,10.131407,3127.862765,-0.038096,-2.8e-05,21.440538,11183.43,1168.165,5.183637,10.137825,0.276952,0.079801,248,36,68940960688.562,49.78,4922.0,151962264.0,0.166666666666667
0,USA-AD-1073,China,CN,730610,200410,,0,0,,0,1,,0,1,-0.1148,3.0,3.0,-0.0258,6.0,6.0,-0.1631,12.0,12.0,73.17,4,7,0,2004,73,0.0,0.004119,0.004119,3.847772,10.131407,10.131407,3127.862765,-0.038096,-2.8e-05,21.440538,11183.43,1168.165,5.183637,10.137825,0.0,0.079801,248,36,68940960688.562,49.78,4922.0,1754656181.0,0.166666666666667
0,USA-AD-1075,Mexico,MX,730610,200410,,0,0,,0,0,,0,0,-0.1148,3.0,3.0,-0.0258,6.0,6.0,-0.1631,12.0,12.0,14.93,4,7,0,2004,73,0.0,0.0,0.0,3.847772,10.131407,3.565441,9421.28976,-0.038096,0.04606,21.440538,2468.405,11711.42,5.183637,10.137825,0.0,0.079801,248,36,-3808647028.00001,49.78,4922.0,1754656181.0,0.255434782608696
0,USA-AD-1077,India,IN,390760,200410,,0,0,,0,0,,0,2,-0.2732,3.0,3.0,0.2392,6.0,6.0,0.7312,12.0,12.0,21.23,7,7,0,2004,39,0.0,0.016028,0.016028,3.847772,10.131407,7.922937,892.596615,-0.038096,-0.027195,21.440538,13131.91,5108.001,5.183637,10.137825,0.0,0.079801,248,36,780195721.518435,49.78,4922.0,6467131961.0,0.277173913043478
1,USA-AD-1078,Indonesia,ID,390760,200410,,0,2,,0,4,5.4646,2,10,-0.2732,3.0,3.0,0.2392,6.0,6.0,0.7312,12.0,12.0,18.65,7,7,0,2004,39,0.01588,0.05299,0.037109,3.847772,10.131407,5.030874,2065.706175,-0.038096,0.042172,21.440538,15535.87,5081.576,5.183637,10.137825,0.01588,0.079801,248,36,1563009904.01622,49.78,4922.0,6467131961.0,0.152173913043478
0,USA-AD-1080,Thailand,TH,390760,200410,,0,0,-1.0,1,0,-0.7772,1,2,-0.2732,3.0,3.0,0.2392,6.0,6.0,0.7312,12.0,12.0,26.03,7,7,0,2004,39,0.017712,0.005088,-0.012624,3.847772,10.131407,6.289342,4232.771573,-0.038096,-0.030426,21.440538,13936.19,3699.128,5.183637,10.137825,0.017712,0.079801,248,36,2759369127.41909,49.78,4922.0,6467131961.0,0.228260869565217
1,USA-AD-1082,China,CN,293369,200412,-0.2292,3,3,-0.0991,6,6,0.1493,12,12,-0.9994,1.0,1.0,0.257,2.0,2.0,1.397,2.0,3.0,179.48,4,7,0,2004,29,0.132934,0.210832,0.077898,3.847772,10.131407,10.131407,3127.862765,-0.038096,-2.8e-05,21.440538,11183.43,1168.165,5.183637,10.137825,0.132934,0.079801,246,36,68940960688.562,39.6,4598.0,1157672641.0,0.166666666666667
0,USA-AD-1083,Spain,ES,293369,200412,1.625,1,1,0.6774,2,2,-0.2808,4,4,-0.9994,1.0,1.0,0.257,2.0,2.0,1.397,2.0,3.0,12.13,4,7,0,2004,29,0.003131,0.002331,-0.000801,3.847772,10.131407,3.114531,25825.310646,-0.038096,-0.090636,21.440538,7437.157,10101.71,5.183637,10.137825,0.003131,0.079801,246,36,-58027563422.655,39.6,4598.0,1157672641.0,0.46195652173913
0,USA-AD-1084,Finland,FI,391231,200412,1.5758,2,3,1.4043,3,5,0.9067,5,8,0.0,1.0,1.0,2.0,2.0,4.0,0.3571,7.0,7.0,6.65,4,6,0,2004,39,0.057713,0.10046,0.042747,3.847772,10.131407,4.00538,41521.962874,-0.038096,-0.090636,21.440538,7667.73,7119.683,5.183637,10.137825,0.057713,0.079801,246,36,12556749492.8933,39.6,4598.0,486089157.0,0.445652173913043
0,USA-AD-1086,Netherlands,NL,391231,200412,1.0453,3,2,2.2994,4,5,5.2043,8,10,0.0,1.0,1.0,2.0,2.0,4.0,0.3571,7.0,7.0,14.57,4,6,0,2004,39,0.062965,0.178311,0.115346,3.847772,10.131407,2.01631,41663.147777,-0.038096,-0.090636,21.440538,7281.814,8679.86,5.183637,10.137825,0.062965,0.079801,246,36,44314391423.3044,39.6,4598.0,486089157.0,0.445652173913043
0,USA-AD-1087,Sweden,SE,391231,200412,-0.251,2,2,-0.3121,5,4,-0.0106,10,6,0.0,1.0,1.0,2.0,2.0,4.0,0.3571,7.0,7.0,25.29,4,6,0,2004,39,0.120252,0.1041,-0.016152,3.847772,10.131407,4.179584,45114.670123,-0.038096,-0.091193,21.440538,7440.511,7682.775,5.183637,10.137825,0.120252,0.079801,246,36,22902294715.1108,39.6,4598.0,486089157.0,0.445652173913043
0,USA-AD-1088,Taiwan,TW,390530,201009,-0.1028,3,3,-0.1255,6,6,-0.0093,12,12,,0.0,1.0,-0.9812,2.0,1.0,-0.9812,2.0,1.0,3.02,6,72,15,2010,39,0.210412,0.20702,-0.003392,2.695193,10.596272,,,-0.094567,,13.071479,12155.88,1520.398,6.981661,14.026795,0.210412,0.106883,177,16,,77.84,2446.0,,
0,USA-AD-1089,Brazil,BR,200911,200508,-0.0248,3,3,-0.0912,6,6,-0.0186,12,12,,0.0,0.0,,0.0,0.0,,0.0,0.0,27.16,1,7,0,2005,20,0.747103,0.711688,-0.035414,3.48355,11.458238,3.202132,7409.56828,-0.106365,-0.167764,7.700196,8088.514,17793.04,4.358237,5.008448,0.747103,0.053439,238,5,11679374942.1176,63.98,2592.0,1484796113.0,0.257425742574257
0,USA-AD-1089,Brazil,BR,200912,200508,,0,0,,0,0,-1.0,1,0,,0.0,0.0,,0.0,0.0,,0.0,0.0,27.16,1,7,0,2005,20,0.24528,0.0,-0.24528,3.48355,11.458238,3.202132,7409.56828,-0.106365,-0.167764,7.700196,8088.514,17793.04,4.358237,5.008448,0.24528,0.053439,238,5,11679374942.1176,63.98,2592.0,,0.257425742574257
0,USA-AD-1090,Japan,JP,811221,200508,99.25,3,3,0.8654,6,6,1.0,12,12,,0.0,1.0,,0.0,1.0,,0.0,1.0,129.32,1,5,0,2005,81,0.014208,0.033159,0.018951,3.48355,11.458238,1.803901,33098.547466,-0.106365,0.018723,7.700196,10286.19,951.7373,4.358237,5.008448,0.014208,0.053439,238,5,170122750083.947,63.98,2592.0,,0.48019801980198
1,USA-AD-1091,China,CN,590190,200511,9.1888,2,3,11.9927,2,4,12.2916,4,9,,0.0,1.0,,0.0,3.0,8.1618,2.0,5.0,264.09,1,7,0,2005,59,0.107918,0.529818,0.4219,3.48355,11.458238,11.458238,3465.817344,-0.106365,-0.009966,7.700196,11183.43,1168.165,4.358237,5.008448,0.107918,0.053439,235,5,132378493766.399,55.24,2770.0,222868952.0,0.212121212121212
0,USA-AD-1092,China,CN,820239,200512,0.5148,3,3,0.7885,6,6,0.6685,12,12,-0.3188,3.0,3.0,-0.0675,6.0,6.0,-0.2074,12.0,12.0,164.09,2,7,0,2005,82,0.288089,0.374737,0.086649,3.48355,11.458238,11.458238,3465.817344,-0.106365,-0.009966,7.700196,11183.43,1168.165,4.358237,5.008448,0.288089,0.053439,234,5,132378493766.399,56.86,2407.0,,0.212121212121212
0,USA-AD-1092,China,CN,820600,200512,0.5839,3,3,0.5478,6,6,-0.0416,12,12,-0.9319,1.0,3.0,-0.9031,3.0,5.0,-0.4388,6.0,11.0,164.09,8,7,0,2005,82,0.154966,0.172576,0.01761,3.48355,11.458238,11.458238,3465.817344,-0.106365,-0.009966,7.700196,11183.43,1168.165,4.358237,5.008448,0.154966,0.053439,234,5,132378493766.399,56.86,2407.0,700295439.0,0.212121212121212
0,USA-AD-1094,Japan,JP,732690,200602,-0.0186,3,3,-0.0052,6,6,0.0644,12,12,0.0039,3.0,3.0,0.0673,6.0,6.0,-0.0064,12.0,12.0,7.68,7,7,4,2006,73,0.23244,0.199965,-0.032475,2.78454,12.674675,1.37235,33531.518563,-0.067349,0.055173,12.408274,10286.19,951.7373,5.245006,7.715226,0.23244,0.061373,232,6,174672769353.091,60.21,2680.0,25123595869.0,0.468181818181818
0,USA-AD-1095,China,CN,481022,200604,0.2624,3,3,-0.0064,6,6,0.4833,12,12,,0.0,0.0,,0.0,0.0,,0.0,3.0,258.21,3,7,0,2006,48,0.267372,0.341763,0.074391,2.78454,12.674675,12.674675,3883.354129,-0.067349,-0.026955,12.408274,11183.43,1168.165,5.245006,7.715226,0.267372,0.061373,230,6,231843041064.413,70.26,2368.0,,0.212962962962963
0,USA-AD-1095,China,CN,481190,200604,-0.2859,3,3,-0.3501,6,6,-0.242,12,12,,0.0,2.0,,0.0,4.0,-0.1969,3.0,8.0,258.21,10,7,2,2006,48,0.138888,0.051892,-0.086996,2.78454,12.674675,12.674675,3883.354129,-0.067349,-0.026955,12.408274,11183.43,1168.165,5.245006,7.715226,0.138888,0.061373,230,6,231843041064.413,70.26,2368.0,4168295674.0,0.212962962962963
0,USA-AD-1095,China,CN,482010,200604,-0.0216,3,3,-0.414,6,6,0.5837,12,12,1.2476,3.0,3.0,0.7195,6.0,6.0,-0.4297,12.0,12.0,258.21,5,7,0,2006,48,0.479102,0.517572,0.038469,2.78454,12.674675,12.674675,3883.354129,-0.067349,-0.026955,12.408274,11183.43,1168.165,5.245006,7.715226,0.479102,0.061373,230,6,231843041064.413,70.26,2368.0,1916043671.0,0.212962962962963
0,USA-AD-1096,India,IN,481190,200604,,0,1,,0,2,,0,3,,0.0,2.0,,0.0,4.0,-0.1969,3.0,8.0,22.53,10,7,2,2006,48,0.0,0.008031,0.008031,2.78454,12.674675,8.060733,1008.232753,-0.067349,0.02737,12.408274,13131.91,5108.001,5.245006,7.715226,0.0,0.061373,230,6,-9299060317.46279,70.26,2368.0,4168295674.0,0.254545454545455
0,USA-AD-1096,India,IN,482010,200604,-0.6989,2,2,-0.5699,4,4,-0.0772,6,9,1.2476,3.0,3.0,0.7195,6.0,6.0,-0.4297,12.0,12.0,22.53,5,7,0,2006,48,0.001829,0.000895,-0.000935,2.78454,12.674675,8.060733,1008.232753,-0.067349,0.02737,12.408274,13131.91,5108.001,5.245006,7.715226,0.001829,0.061373,230,6,-9299060317.46279,70.26,2368.0,1916043671.0,0.254545454545455
0,USA-AD-1097,Indonesia,ID,481190,200603,-0.5109,3,3,-0.2797,6,6,-0.6358,12,12,,0.0,2.0,,0.0,3.0,-0.1999,3.0,7.0,97.85,10,6,2,2006,48,,,,2.78454,12.674675,5.500952,2244.080223,-0.067349,-0.056202,12.408274,15535.87,5081.576,5.245006,7.715226,,0.061373,231,6,10859493593.9516,62.06,2496.0,4168295674.0,0.190909090909091
0,USA-AD-1097,Indonesia,ID,482010,200603,-0.4487,3,3,-0.3221,6,6,0.4904,10,12,1.0644,3.0,3.0,0.9006,6.0,6.0,-0.4134,12.0,12.0,97.85,5,6,0,2006,48,3.509489,,,2.78454,12.674675,5.500952,2244.080223,-0.067349,-0.056202,12.408274,15535.87,5081.576,5.245006,7.715226,3.509489,0.061373,231,6,10859493593.9516,62.06,2496.0,1916043671.0,0.190909090909091
0,USA-AD-1103,China,CN,380210,200610,0.0987,3,3,0.0411,6,6,0.0634,12,12,,0.0,0.0,15.72,1.0,3.0,61.5484,3.0,6.0,228.11,1,7,0,2006,38,0.376865,0.408183,0.031317,2.78454,12.674675,12.674675,3883.354129,-0.067349,-0.026955,12.408274,11183.43,1168.165,5.245006,7.715226,0.376865,0.061373,224,6,231843041064.413,57.81,4037.0,780252670.0,0.212962962962963
0,USA-AD-1104,China,CN,550320,200612,-0.4101,3,3,0.2037,6,6,1.0949,12,12,0.2477,3.0,3.0,0.3369,6.0,6.0,0.1202,12.0,12.0,44.3,5,6,7,2006,55,0.111612,0.190268,0.078656,2.78454,12.674675,12.674675,3883.354129,-0.067349,-0.026955,12.408274,11183.43,1168.165,5.245006,7.715226,0.111612,0.061373,222,6,231843041064.413,62.47,4397.0,3439278810.0,0.212962962962963
0,USA-AD-1105,Argentina,AR,200939,200704,1.134,1,2,-0.3019,2,2,0.256,2,5,0.8668,2.0,2.0,0.4613,4.0,3.0,0.0008,7.0,4.0,113.52,4,7,0,2007,20,0.016075,0.034163,0.018088,2.003858,14.149985,9.007651,12811.902121,-0.027179,0.013533,13.035402,8678.352,19146.65,5.841963,7.897603,0.016075,0.0246,218,9,6048537892.88668,67.49,6248.0,,0.203125
0,USA-AD-1107,China,CN,481013,200706,-0.2367,3,3,-0.2467,6,6,-0.2247,12,12,0.2664,3.0,3.0,0.2293,6.0,6.0,-0.0886,12.0,12.0,99.65,3,7,0,2007,48,0.330605,0.256727,-0.073879,2.003858,14.149985,14.149985,4409.757008,-0.027179,-0.045891,13.035402,11183.43,1168.165,5.841963,7.897603,0.330605,0.0246,216,9,353182677237.315,71.05,6278.0,,0.143617021276596
0,USA-AD-1107,China,CN,481014,200706,-0.1626,3,3,0.5993,5,6,0.8448,9,11,-0.9219,2.0,1.0,2.3365,2.0,3.0,3.2438,2.0,6.0,99.65,3,7,0,2007,48,0.150667,0.38808,0.237413,2.003858,14.149985,14.149985,4409.757008,-0.027179,-0.045891,13.035402,11183.43,1168.165,5.841963,7.897603,0.150667,0.0246,216,9,353182677237.315,71.05,6278.0,,0.143617021276596
0,USA-AD-1107,China,CN,481019,200706,0.0652,3,3,0.2766,6,6,1.3254,12,12,-0.1031,3.0,3.0,-0.0483,6.0,6.0,-0.0833,12.0,12.0,99.65,3,7,0,2007,48,0.239015,0.48357,0.244556,2.003858,14.149985,14.149985,4409.757008,-0.027179,-0.045891,13.035402,11183.43,1168.165,5.841963,7.897603,0.239015,0.0246,216,9,353182677237.315,71.05,6278.0,,0.143617021276596
0,USA-AD-1108,Indonesia,ID,481013,200706,0.0386,3,3,0.2725,5,6,1.7058,10,12,0.2664,3.0,3.0,0.2293,6.0,6.0,-0.0886,12.0,12.0,10.85,3,7,0,2007,48,0.015095,0.034738,0.019643,2.003858,14.149985,6.345022,2355.152857,-0.027179,-0.002,13.035402,15535.87,5081.576,5.841963,7.897603,0.015095,0.0246,216,9,10491041826.7601,71.05,6278.0,,0.114583333333333
0,USA-AD-1108,Indonesia,ID,481014,200706,,0,0,,0,0,-1.0,1,0,-0.9219,2.0,1.0,2.3365,2.0,3.0,3.2438,2.0,6.0,10.85,3,7,0,2007,48,0.033751,0.0,-0.033751,2.003858,14.149985,6.345022,2355.152857,-0.027179,-0.002,13.035402,15535.87,5081.576,5.841963,7.897603,0.033751,0.0246,216,9,10491041826.7601,71.05,6278.0,,0.114583333333333
0,USA-AD-1108,Indonesia,ID,481019,200706,13.28,1,3,7.2956,2,6,26.873,2,11,-0.1031,3.0,3.0,-0.0483,6.0,6.0,-0.0833,12.0,12.0,10.85,3,7,0,2007,48,0.001799,0.039761,0.037962,2.003858,14.149985,6.345022,2355.152857,-0.027179,-0.002,13.035402,15535.87,5081.576,5.841963,7.897603,0.001799,0.0246,216,9,10491041826.7601,71.05,6278.0,,0.114583333333333
0,USA-AD-1110,China,CN,283539,200709,-0.0949,3,3,-0.0625,6,6,0.1937,12,12,,0.0,0.0,,0.0,0.0,,0.0,0.0,183.15,1,7,0,2007,28,0.253895,0.282683,0.028788,2.003858,14.149985,14.149985,4409.757008,-0.027179,-0.045891,13.035402,11183.43,1168.165,5.841963,7.897603,0.253895,0.0246,213,9,353182677237.315,77.17,9474.0,447690564.0,0.143617021276596
0,USA-AD-1110,China,CN,382490,200709,-0.0015,3,3,-0.0646,6,6,0.0695,12,12,-0.3343,3.0,3.0,-0.2469,6.0,6.0,0.4079,12.0,12.0,183.15,2,7,0,2007,38,0.072951,0.07667,0.003719,2.003858,14.149985,14.149985,4409.757008,-0.027179,-0.045891,13.035402,11183.43,1168.165,5.841963,7.897603,0.072951,0.0246,213,9,353182677237.315,77.17,9474.0,,0.143617021276596
0,USA-AD-1111,India,IN,292249,200711,7.0563,3,3,1.8817,6,6,0.3766,12,12,1.2498,3.0,3.0,-0.0199,6.0,6.0,-0.3759,12.0,12.0,45.82,5,7,13,2007,29,0.021308,0.027168,0.00586,2.003858,14.149985,7.660815,1069.246968,-0.027179,-0.08737,13.035402,13131.91,5108.001,5.841963,7.897603,0.021308,0.0246,211,9,-8075694483.59493,92.41,10210.0,4325601660.0,0.197916666666667
0,USA-AD-1112,Japan,JP,292249,200709,0.2153,3,3,0.1888,6,6,0.331,12,12,-0.2731,3.0,3.0,-0.0418,6.0,6.0,-0.3922,12.0,12.0,165.34,5,5,13,2007,29,3.301717,,,2.003858,14.149985,1.483969,33990.036034,-0.027179,0.012504,13.035402,10286.19,951.7373,5.841963,7.897603,3.301717,0.0246,213,9,211735646402.3,77.17,9474.0,4325601660.0,0.40625
1,USA-AD-1114,China,CN,731700,200801,-0.0129,3,3,0.2047,6,6,0.1695,12,12,0.1116,3.0,3.0,0.622,6.0,6.0,0.3987,12.0,12.0,118.04,11,7,11,2008,73,0.909759,0.948827,0.039068,0.113587,9.670246,9.670246,4811.474718,0.183725,-0.086609,7.873479,11183.43,1168.165,3.004405,3.316008,0.909759,0.051263,209,35,420568516143.544,92.18,6052.0,2990755714.0,0.221649484536082
0,USA-AD-1115,United Arab Emirates,AE,731700,200801,,0,0,,0,0,,0,0,0.1116,3.0,3.0,0.622,6.0,6.0,0.3987,12.0,12.0,4.47,11,7,11,2008,73,0.0,0.0,0.0,0.113587,9.670246,3.191836,47922.698821,0.183725,0.0,7.873479,12196.15,6864.77,3.004405,3.316008,0.0,0.051263,209,35,,92.18,6052.0,2990755714.0,0.186868686868687
0,USA-AD-1116,China,CN,730619,200801,0.5219,1,2,3.0834,1,3,0.6086,3,4,-0.2661,3.0,3.0,-0.146,6.0,6.0,0.2152,12.0,12.0,51.34,9,7,0,2008,73,0.154486,0.16903,0.014544,0.113587,9.670246,9.670246,4811.474718,0.183725,-0.086609,7.873479,11183.43,1168.165,3.004405,3.316008,0.154486,0.051263,209,35,420568516143.544,92.18,6052.0,,0.221649484536082
0,USA-AD-1116,China,CN,730630,200801,0.0936,3,3,0.0251,6,6,-0.4052,12,12,-0.2616,3.0,3.0,0.1579,6.0,6.0,1.2045,12.0,12.0,51.34,23,7,16,2008,73,0.409453,0.300696,-0.108757,0.113587,9.670246,9.670246,4811.474718,0.183725,-0.086609,7.873479,11183.43,1168.165,3.004405,3.316008,0.409453,0.051263,209,35,420568516143.544,92.18,6052.0,7990606923.0,0.221649484536082
0,USA-AD-1116,China,CN,730650,200801,-0.8454,3,2,-0.525,6,4,-0.6138,12,7,-0.2654,3.0,3.0,0.9528,5.0,6.0,3.8406,7.0,12.0,51.34,16,7,0,2008,73,0.254147,0.21164,-0.042508,0.113587,9.670246,9.670246,4811.474718,0.183725,-0.086609,7.873479,11183.43,1168.165,3.004405,3.316008,0.254147,0.051263,209,35,420568516143.544,92.18,6052.0,746718365.0,0.221649484536082
0,USA-AD-1117,China,CN,401120,200802,-0.1545,3,3,-0.1329,6,6,-0.2992,12,12,-0.1202,3.0,3.0,-0.1492,6.0,6.0,-0.1621,12.0,12.0,210.48,6,8,0,2008,40,0.389278,0.292801,-0.096477,0.113587,9.670246,9.670246,4811.474718,0.183725,-0.086609,7.873479,11183.43,1168.165,3.004405,3.316008,0.389278,0.051263,208,35,420568516143.544,94.99,7613.0,19855695145.0,0.221649484536082
0,USA-AD-1117,China,CN,401161,200802,-0.2544,2,2,0.0644,3,4,0.1861,7,9,,0.0,0.0,,0.0,0.0,,0.0,0.0,210.48,2,8,0,2008,40,0.180162,0.393978,0.213816,0.113587,9.670246,9.670246,4811.474718,0.183725,-0.086609,7.873479,11183.43,1168.165,3.004405,3.316008,0.180162,0.051263,208,35,420568516143.544,94.99,7613.0,,0.221649484536082
0,USA-AD-1117,China,CN,401162,200802,1.5712,3,3,0.479,6,6,0.54,11,12,,0.0,0.0,,0.0,0.0,,0.0,0.0,210.48,2,8,0,2008,40,0.87103,0.745477,-0.125553,0.113587,9.670246,9.670246,4811.474718,0.183725,-0.086609,7.873479,11183.43,1168.165,3.004405,3.316008,0.87103,0.051263,208,35,420568516143.544,94.99,7613.0,,0.221649484536082
0,USA-AD-1117,China,CN,401163,200802,0.2031,3,3,0.4808,6,6,0.1732,12,11,,0.0,0.0,,0.0,0.0,-1.0,1.0,0.0,210.48,2,8,0,2008,40,0.918432,0.864866,-0.053566,0.113587,9.670246,9.670246,4811.474718,0.183725,-0.086609,7.873479,11183.43,1168.165,3.004405,3.316008,0.918432,0.051263,208,35,420568516143.544,94.99,7613.0,,0.221649484536082
0,USA-AD-1117,China,CN,401169,200802,-0.7195,3,3,-0.4231,5,6,-0.4634,10,12,,0.0,0.0,,0.0,0.0,,0.0,1.0,210.48,2,8,0,2008,40,0.821834,0.705176,-0.116659,0.113587,9.670246,9.670246,4811.474718,0.183725,-0.086609,7.873479,11183.43,1168.165,3.004405,3.316008,0.821834,0.051263,208,35,420568516143.544,94.99,7613.0,,0.221649484536082
1,USA-AD-1117,China,CN,401192,200802,2.2889,3,3,2.093,6,4,1.4058,11,10,-1.0,1.0,0.0,0.4219,1.0,1.0,0.615,4.0,5.0,210.48,2,8,0,2008,40,0.235323,0.810888,0.575564,0.113587,9.670246,9.670246,4811.474718,0.183725,-0.086609,7.873479,11183.43,1168.165,3.004405,3.316008,0.235323,0.051263,208,35,420568516143.544,94.99,7613.0,,0.221649484536082
0,USA-AD-1117,China,CN,401193,200802,1.4703,3,3,1.0214,6,6,0.1107,12,11,,0.0,0.0,,0.0,0.0,1627.6154,1.0,3.0,210.48,2,8,0,2008,40,0.45266,0.387541,-0.065119,0.113587,9.670246,9.670246,4811.474718,0.183725,-0.086609,7.873479,11183.43,1168.165,3.004405,3.316008,0.45266,0.051263,208,35,420568516143.544,94.99,7613.0,,0.221649484536082
0,USA-AD-1117,China,CN,401194,200802,-0.864,2,1,-0.9413,3,2,-0.8938,9,5,,0.0,0.0,,0.0,0.0,,0.0,0.0,210.48,2,8,0,2008,40,0.090085,0.015556,-0.074529,0.113587,9.670246,9.670246,4811.474718,0.183725,-0.086609,7.873479,11183.43,1168.165,3.004405,3.316008,0.090085,0.051263,208,35,420568516143.544,94.99,7613.0,,0.221649484536082
0,USA-AD-1118,China,CN,730661,200801,-0.5551,3,3,-0.488,6,6,-0.6381,12,12,-0.1891,3.0,3.0,-0.5026,6.0,6.0,-0.1401,12.0,12.0,264.64,4,6,0,2008,73,0.846846,0.821313,-0.025533,0.113587,9.670246,9.670246,4811.474718,0.183725,-0.086609,7.873479,11183.43,1168.165,3.004405,3.316008,0.846846,0.051263,209,35,420568516143.544,92.18,6052.0,,0.221649484536082
0,USA-AD-1120,Mexico,MX,730661,200801,,0,0,,0,0,,0,0,-0.1891,3.0,3.0,-0.5026,6.0,6.0,-0.1401,12.0,12.0,4.96,4,6,0,2008,73,0.0,0.0,0.0,0.113587,9.670246,0.943332,9826.342184,0.183725,0.018441,7.873479,2468.405,11711.42,3.004405,3.316008,0.0,0.051263,209,35,-16340834077.0,92.18,6052.0,,0.272727272727273
0,USA-AD-1121,Turkey,TR,730661,200801,,0,0,,0,0,,0,0,-0.1891,3.0,3.0,-0.5026,6.0,6.0,-0.1401,12.0,12.0,27.04,4,6,0,2008,73,0.0,0.0,0.0,0.113587,9.670246,0.920118,8447.939764,0.183725,-0.001082,7.873479,9705.772,7937.729,3.004405,3.316008,0.0,0.051263,209,35,-39426000000.0,92.18,6052.0,,0.369565217391304
0,USA-AD-1122,China,CN,630533,200801,-0.3039,3,3,-0.1481,6,6,-0.1204,12,12,0.028,3.0,3.0,-0.0313,6.0,6.0,0.0601,12.0,12.0,108.09,2,6,0,2008,63,0.889882,0.906461,0.016579,0.113587,9.670246,9.670246,4811.474718,0.183725,-0.086609,7.873479,11183.43,1168.165,3.004405,3.316008,0.889882,0.051263,209,35,420568516143.544,92.18,6052.0,,0.221649484536082
0,USA-AD-1123,China,CN,732399,200803,0.1201,3,3,-0.0803,6,6,-0.2657,12,12,0.03,3.0,3.0,-0.3073,6.0,6.0,5.8379,12.0,12.0,221.05,3,7,0,2008,73,0.74059,0.700459,-0.040131,0.113587,9.670246,9.670246,4811.474718,0.183725,-0.086609,7.873479,11183.43,1168.165,3.004405,3.316008,0.74059,0.051263,207,35,420568516143.544,103.64,8081.0,2590002147.0,0.221649484536082
0,USA-AD-1123,China,CN,732620,200803,1.2599,3,3,1.3491,6,6,0.3472,12,12,2.6789,3.0,3.0,1.1257,6.0,6.0,-0.6685,12.0,12.0,221.05,11,7,19,2008,73,0.295318,0.408095,0.112777,0.113587,9.670246,9.670246,4811.474718,0.183725,-0.086609,7.873479,11183.43,1168.165,3.004405,3.316008,0.295318,0.051263,207,35,420568516143.544,103.64,8081.0,2993902628.0,0.221649484536082
0,USA-AD-1124,Australia,AU,282010,200803,-1.0,2,0,-1.0,5,0,-1.0,10,0,,0.0,0.0,,0.0,0.0,,0.0,0.0,120.59,6,7,20,2008,28,0.276537,0.0,-0.276537,0.113587,9.670246,3.623985,53497.275355,0.183725,-0.002422,7.873479,14802.03,8112.907,3.004405,3.316008,0.276537,0.051263,207,35,-51560061986.895,103.64,8081.0,262077781.0,0.55050505050505
0,USA-AD-1125,China,CN,282010,200803,4.278,3,3,6.2719,4,6,6.0574,8,12,,0.0,0.0,,0.0,0.0,,0.0,0.0,236.81,6,7,20,2008,28,0.074153,0.59613,0.521977,0.113587,9.670246,9.670246,4811.474718,0.183725,-0.086609,7.873479,11183.43,1168.165,3.004405,3.316008,0.074153,0.051263,207,35,420568516143.544,103.64,8081.0,262077781.0,0.221649484536082
0,USA-AD-1126,China,CN,370310,200805,,0,0,0.44,1,1,-0.998,7,1,-0.0849,3.0,3.0,0.213,6.0,6.0,0.3474,12.0,12.0,132.95,5,8,14,2008,37,0.013521,1.7e-05,-0.013504,0.113587,9.670246,9.670246,4811.474718,0.183725,-0.086609,7.873479,11183.43,1168.165,3.004405,3.316008,0.013521,0.051263,205,35,420568516143.544,122.8,11440.0,416772399.0,0.221649484536082
0,USA-AD-1126,China,CN,481159,200805,-0.0941,3,3,-0.1496,6,6,-0.2207,12,12,-0.6585,2.0,1.0,0.0176,5.0,2.0,2.4604,10.0,5.0,132.95,3,8,0,2008,48,0.1071,0.087859,-0.019241,0.113587,9.670246,9.670246,4811.474718,0.183725,-0.086609,7.873479,11183.43,1168.165,3.004405,3.316008,0.1071,0.051263,205,35,420568516143.544,122.8,11440.0,,0.221649484536082
0,USA-AD-1126,China,CN,481190,200805,-0.1307,3,3,-0.4849,6,6,-0.2872,12,12,0.1812,3.0,3.0,-0.3176,6.0,6.0,2.2651,10.0,11.0,132.95,10,8,4,2008,48,0.092996,0.129628,0.036632,0.113587,9.670246,9.670246,4811.474718,0.183725,-0.086609,7.873479,11183.43,1168.165,3.004405,3.316008,0.092996,0.051263,205,35,420568516143.544,122.8,11440.0,4776991221.0,0.221649484536082
0,USA-AD-1126,China,CN,482010,200805,-0.2278,3,3,-0.4964,6,6,-0.4544,12,12,0.0395,3.0,3.0,0.3717,6.0,6.0,-0.2282,12.0,12.0,132.95,5,8,2,2008,48,0.572327,0.543207,-0.02912,0.113587,9.670246,9.670246,4811.474718,0.183725,-0.086609,7.873479,11183.43,1168.165,3.004405,3.316008,0.572327,0.051263,205,35,420568516143.544,122.8,11440.0,2395453914.0,0.221649484536082
0,USA-AD-1126,China,CN,482340,200805,,0,0,,0,0,,0,1,,0.0,3.0,2.6905,1.0,4.0,3.6905,1.0,6.0,132.95,3,8,0,2008,48,0.0,0.000432,0.000432,0.113587,9.670246,9.670246,4811.474718,0.183725,-0.086609,7.873479,11183.43,1168.165,3.004405,3.316008,0.0,0.051263,205,35,420568516143.544,122.8,11440.0,240511521.0,0.221649484536082
0,USA-AD-1127,Germany,DE,370310,200805,,0,0,,0,0,,0,0,-0.0849,3.0,3.0,0.213,6.0,6.0,0.3474,12.0,12.0,6.49,5,8,14,2008,37,0.0,0.0,0.0,0.113587,9.670246,0.887902,39009.847764,0.183725,-0.068181,7.873479,7595.452,8503.73,3.004405,3.316008,0.0,0.051263,205,35,212408934302.768,122.8,11440.0,416772399.0,0.454545454545455
0,USA-AD-1127,Germany,DE,481159,200805,0.1246,3,3,0.1304,6,6,0.0039,12,12,-0.6585,2.0,1.0,0.0176,5.0,2.0,2.4604,10.0,5.0,6.49,3,8,0,2008,48,0.092811,0.102045,0.009234,0.113587,9.670246,0.887902,39009.847764,0.183725,-0.068181,7.873479,7595.452,8503.73,3.004405,3.316008,0.092811,0.051263,205,35,212408934302.768,122.8,11440.0,,0.454545454545455
0,USA-AD-1127,Germany,DE,481190,200805,-0.2562,3,3,-0.2149,6,6,-0.2595,12,12,0.1812,3.0,3.0,-0.3176,6.0,6.0,2.2651,10.0,11.0,6.49,10,8,4,2008,48,0.150313,0.14351,-0.006803,0.113587,9.670246,0.887902,39009.847764,0.183725,-0.068181,7.873479,7595.452,8503.73,3.004405,3.316008,0.150313,0.051263,205,35,212408934302.768,122.8,11440.0,4776991221.0,0.454545454545455
0,USA-AD-1127,Germany,DE,482010,200805,-0.7121,3,3,-0.7018,6,6,-0.2139,12,12,0.0395,3.0,3.0,0.3717,6.0,6.0,-0.2282,12.0,12.0,6.49,5,8,2,2008,48,0.01133,0.017155,0.005824,0.113587,9.670246,0.887902,39009.847764,0.183725,-0.068181,7.873479,7595.452,8503.73,3.004405,3.316008,0.01133,0.051263,205,35,212408934302.768,122.8,11440.0,2395453914.0,0.454545454545455
1,USA-AD-1127,Germany,DE,482340,200805,-0.5878,3,3,6.2749,6,6,1.5814,11,11,,0.0,3.0,2.6905,1.0,4.0,3.6905,1.0,6.0,6.49,3,8,0,2008,48,0.061775,0.149148,0.087373,0.113587,9.670246,0.887902,39009.847764,0.183725,-0.068181,7.873479,7595.452,8503.73,3.004405,3.316008,0.061775,0.051263,205,35,212408934302.768,122.8,11440.0,240511521.0,0.454545454545455
0,USA-AD-1129,China,CN,850519,200804,0.1293,3,3,-0.0223,6,6,-0.2454,12,12,-0.2001,3.0,3.0,-0.2837,6.0,6.0,-0.512,12.0,12.0,185.28,2,7,0,2008,85,0.843655,0.858802,0.015147,0.113587,9.670246,9.670246,4811.474718,0.183725,-0.086609,7.873479,11183.43,1168.165,3.004405,3.316008,0.843655,0.051263,206,35,420568516143.544,109.07,9356.0,1223694658.0,0.221649484536082
0,USA-AD-1130,Taiwan,TW,850519,200804,0.9393,3,3,2.0812,6,6,0.9413,12,11,-0.2001,3.0,3.0,-0.2837,6.0,6.0,-0.512,12.0,12.0,31.2,2,7,0,2008,85,0.00926,0.010206,0.000946,0.113587,9.670246,,,0.183725,,7.873479,12155.88,1520.398,3.004405,3.316008,0.00926,0.051263,206,35,,109.07,9356.0,1223694658.0,
0,USA-AD-1131,Brazil,BR,392062,200805,,0,0,,0,0,-1.0,1,0,-0.0717,3.0,3.0,-0.0091,6.0,6.0,-0.0197,12.0,12.0,28.72,11,7,18,2008,39,7e-06,0.0,-7e-06,0.113587,9.670246,5.094195,8330.76364,0.183725,-0.058186,7.873479,8088.514,17793.04,3.004405,3.316008,7e-06,0.051263,205,35,-35601727612.8429,122.8,11440.0,4907646400.0,0.252525252525253
0,USA-AD-1132,China,CN,392062,200805,-0.5952,3,3,-0.5189,6,6,-0.6367,12,12,-0.0717,3.0,3.0,-0.0091,6.0,6.0,-0.0197,12.0,12.0,76.72,11,7,18,2008,39,0.114155,0.04948,-0.064675,0.113587,9.670246,9.670246,4811.474718,0.183725,-0.086609,7.873479,11183.43,1168.165,3.004405,3.316008,0.114155,0.051263,205,35,420568516143.544,122.8,11440.0,4907646400.0,0.221649484536082
0,USA-AD-1134,United Arab Emirates,AE,392062,200805,,0,0,,0,0,,0,1,-0.0717,3.0,3.0,-0.0091,6.0,6.0,-0.0197,12.0,12.0,2.45,11,7,18,2008,39,0.0,0.000683,0.000683,0.113587,9.670246,3.191836,47922.698821,0.183725,0.0,7.873479,12196.15,6864.77,3.004405,3.316008,0.0,0.051263,205,35,,122.8,11440.0,4907646400.0,0.186868686868687
0,USA-AD-1135,France,FR,280511,200805,,0,0,-1.0,2,0,-1.0,5,0,,0.0,0.0,,0.0,0.0,,0.0,0.0,62.62,1,7,0,2008,28,0.445899,0.0,-0.445899,0.113587,9.670246,0.380171,36257.365893,0.183725,-0.068181,7.873479,7456.767,9225.815,3.004405,3.316008,0.445899,0.051263,205,35,-28163013357.7814,122.8,11440.0,128928934.0,0.54040404040404
0,USA-AD-1136,China,CN,283410,200804,-0.3621,3,3,-0.2486,6,6,-0.322,12,12,,0.0,0.0,,0.0,0.0,,0.0,0.0,190.74,4,5,0,2008,28,0.665453,0.631545,-0.033907,0.113587,9.670246,9.670246,4811.474718,0.183725,-0.086609,7.873479,11183.43,1168.165,3.004405,3.316008,0.665453,0.051263,206,35,420568516143.544,109.07,9356.0,104323530.0,0.221649484536082
0,USA-AD-1137,Germany,DE,283410,200804,-0.144,3,3,0.1595,6,6,-0.1713,12,12,,0.0,0.0,,0.0,0.0,,0.0,0.0,150.82,4,5,0,2008,28,0.302388,0.326069,0.023681,0.113587,9.670246,0.887902,39009.847764,0.183725,-0.068181,7.873479,7595.452,8503.73,3.004405,3.316008,0.302388,0.051263,206,35,212408934302.768,109.07,9356.0,104323530.0,0.454545454545455
0,USA-AD-1140,China,CN,732020,200808,0.1768,3,3,0.8173,6,6,1.4531,12,12,0.1276,3.0,3.0,3.2642,6.0,6.0,9.2399,12.0,12.0,234.51,3,7,0,2008,73,0.063779,0.07974,0.01596,0.113587,9.670246,9.670246,4811.474718,0.183725,-0.086609,7.873479,11183.43,1168.165,3.004405,3.316008,0.063779,0.051263,202,35,420568516143.544,113.24,6809.0,2395201893.0,0.221649484536082
0,USA-AD-1140,China,CN,732090,200808,-0.1678,3,3,-0.3072,6,6,-0.0852,12,12,8.1965,3.0,3.0,-0.9443,6.0,6.0,-0.976,12.0,12.0,234.51,3,7,0,2008,73,0.064608,0.078683,0.014075,0.113587,9.670246,9.670246,4811.474718,0.183725,-0.086609,7.873479,11183.43,1168.165,3.004405,3.316008,0.064608,0.051263,202,35,420568516143.544,113.24,6809.0,1967312636.0,0.221649484536082
0,USA-AD-1140,China,CN,732620,200808,-0.4593,3,3,-0.3239,6,6,0.1645,12,12,-0.4221,3.0,3.0,-0.3376,6.0,6.0,1.3963,12.0,12.0,234.51,11,7,19,2008,73,,1.101264,,0.113587,9.670246,9.670246,4811.474718,0.183725,-0.086609,7.873479,11183.43,1168.165,3.004405,3.316008,,0.051263,202,35,420568516143.544,113.24,6809.0,2993902628.0,0.221649484536082
0,USA-AD-1140,China,CN,940410,200808,0.7697,3,3,0.0866,6,6,-0.6149,12,11,,0.0,0.0,,0.0,0.0,1.7656,1.0,2.0,234.51,3,7,0,2008,94,0.576521,0.63292,0.056398,0.113587,9.670246,9.670246,4811.474718,0.183725,-0.086609,7.873479,11183.43,1168.165,3.004405,3.316008,0.576521,0.051263,202,35,420568516143.544,113.24,6809.0,643728961.0,0.221649484536082
0,USA-AD-1140,China,CN,940429,200808,-0.1323,3,3,-0.1721,6,6,-0.3771,12,12,1.7491,3.0,3.0,0.9989,6.0,6.0,0.3474,12.0,12.0,234.51,9,7,0,2008,94,0.672867,0.643928,-0.028939,0.113587,9.670246,9.670246,4811.474718,0.183725,-0.086609,7.873479,11183.43,1168.165,3.004405,3.316008,0.672867,0.051263,202,35,420568516143.544,113.24,6809.0,1363451695.0,0.221649484536082
0,USA-AD-1141,South Africa,ZA,732020,200808,-1.0,1,0,-1.0,1,0,0.0,1,1,0.1276,3.0,3.0,3.2642,6.0,6.0,9.2399,12.0,12.0,121.39,3,7,0,2008,73,0.001319,0.001119,-0.000199,0.113587,9.670246,3.191044,6009.719631,0.183725,0.172576,7.873479,14418.61,12792.46,3.004405,3.316008,0.001319,0.051263,202,35,-16395139537.1097,113.24,6809.0,2395201893.0,0.193877551020408
0,USA-AD-1141,South Africa,ZA,732090,200808,,0,0,,0,0,,0,0,8.1965,3.0,3.0,-0.9443,6.0,6.0,-0.976,12.0,12.0,121.39,3,7,0,2008,73,0.0,0.0,0.0,0.113587,9.670246,3.191044,6009.719631,0.183725,0.172576,7.873479,14418.61,12792.46,3.004405,3.316008,0.0,0.051263,202,35,-16395139537.1097,113.24,6809.0,1967312636.0,0.193877551020408
0,USA-AD-1141,South Africa,ZA,732620,200808,,0,0,,0,0,,0,0,-0.4221,3.0,3.0,-0.3376,6.0,6.0,1.3963,12.0,12.0,121.39,11,7,19,2008,73,,0.0,,0.113587,9.670246,3.191044,6009.719631,0.183725,0.172576,7.873479,14418.61,12792.46,3.004405,3.316008,,0.051263,202,35,-16395139537.1097,113.24,6809.0,2993902628.0,0.193877551020408
0,USA-AD-1142,Vietnam,VN,732020,200808,,0,1,,0,1,,0,2,0.1276,3.0,3.0,3.2642,6.0,6.0,9.2399,12.0,12.0,116.31,3,7,0,2008,73,0.0,0.000126,0.000126,0.113587,9.670246,5.661771,1856.005199,0.183725,0.01224,7.873479,13715.75,3257.774,3.004405,3.316008,0.0,0.051263,202,35,-10823000000.0,113.24,6809.0,2395201893.0,0.114457831325301
0,USA-AD-1142,Vietnam,VN,732090,200808,,0,1,,0,1,,0,2,8.1965,3.0,3.0,-0.9443,6.0,6.0,-0.976,12.0,12.0,116.31,3,7,0,2008,73,0.0,0.001194,0.001194,0.113587,9.670246,5.661771,1856.005199,0.183725,0.01224,7.873479,13715.75,3257.774,3.004405,3.316008,0.0,0.051263,202,35,-10823000000.0,113.24,6809.0,1967312636.0,0.114457831325301
0,USA-AD-1142,Vietnam,VN,732620,200808,-1.0,1,0,-1.0,2,0,-0.988,3,1,-0.4221,3.0,3.0,-0.3376,6.0,6.0,1.3963,12.0,12.0,116.31,11,7,19,2008,73,,2e-06,,0.113587,9.670246,5.661771,1856.005199,0.183725,0.01224,7.873479,13715.75,3257.774,3.004405,3.316008,,0.051263,202,35,-10823000000.0,113.24,6809.0,2993902628.0,0.114457831325301
0,USA-AD-1142,Vietnam,VN,940410,200808,-1.0,1,0,-1.0,1,0,-0.5699,1,1,,0.0,0.0,,0.0,0.0,1.7656,1.0,2.0,116.31,3,7,0,2008,94,0.000434,0.001122,0.000688,0.113587,9.670246,5.661771,1856.005199,0.183725,0.01224,7.873479,13715.75,3257.774,3.004405,3.316008,0.000434,0.051263,202,35,-10823000000.0,113.24,6809.0,643728961.0,0.114457831325301
0,USA-AD-1142,Vietnam,VN,940429,200808,-0.531,3,3,-0.8187,6,4,-0.9306,12,9,1.7491,3.0,3.0,0.9989,6.0,6.0,0.3474,12.0,12.0,116.31,9,7,0,2008,94,0.014951,0.00253,-0.012421,0.113587,9.670246,5.661771,1856.005199,0.183725,0.01224,7.873479,13715.75,3257.774,3.004405,3.316008,0.014951,0.051263,202,35,-10823000000.0,113.24,6809.0,1363451695.0,0.114457831325301
1,USA-AD-1143,China,CN,854511,200808,0.1941,3,3,0.714,6,6,0.0912,12,12,,0.0,0.0,,0.0,0.0,-0.9375,1.0,1.0,159.34,1,7,0,2008,85,0.105786,0.144982,0.039196,0.113587,9.670246,9.670246,4811.474718,0.183725,-0.086609,7.873479,11183.43,1168.165,3.004405,3.316008,0.105786,0.051263,202,35,420568516143.544,113.24,6809.0,3699792460.0,0.221649484536082
0,USA-AD-1144,China,CN,730640,200809,-0.2757,3,3,-0.4396,6,6,-0.6434,12,12,-0.123,3.0,3.0,-0.4212,6.0,6.0,-0.476,12.0,12.0,22.03,8,7,21,2008,73,0.206638,0.203403,-0.003235,0.113587,9.670246,9.670246,4811.474718,0.183725,-0.086609,7.873479,11183.43,1168.165,3.004405,3.316008,0.206638,0.051263,201,35,420568516143.544,97.23,3217.0,4716650098.0,0.221649484536082
0,USA-AD-1145,China,CN,731815,200810,-0.33,3,3,-0.5128,6,6,-0.3227,12,12,-0.1809,3.0,3.0,-0.3574,6.0,6.0,-0.4836,12.0,12.0,206.0,4,7,0,2008,73,0.373779,0.346166,-0.027613,0.113587,9.670246,9.670246,4811.474718,0.183725,-0.086609,7.873479,11183.43,1168.165,3.004405,3.316008,0.373779,0.051263,200,35,420568516143.544,71.58,851.0,15491026570.0,0.221649484536082
0,USA-AD-1146,China,CN,281119,200810,-0.1846,3,3,-0.2418,6,6,-0.1882,12,12,,0.0,1.0,,0.0,1.0,,0.0,1.0,72.42,2,7,0,2008,28,0.160959,0.115554,-0.045406,0.113587,9.670246,9.670246,4811.474718,0.183725,-0.086609,7.873479,11183.43,1168.165,3.004405,3.316008,0.160959,0.051263,200,35,420568516143.544,71.58,851.0,372719968.0,0.221649484536082
0,USA-AD-1146,China,CN,293100,200810,0.1516,3,3,0.2158,6,6,0.3206,12,12,0.8408,3.0,3.0,0.3474,5.0,5.0,1.7396,11.0,10.0,72.42,2,7,0,2008,29,0.116813,0.176466,0.059653,0.113587,9.670246,9.670246,4811.474718,0.183725,-0.086609,7.873479,11183.43,1168.165,3.004405,3.316008,0.116813,0.051263,200,35,420568516143.544,71.58,851.0,8147486685.000001,0.221649484536082
0,USA-AD-1147,India,IN,281119,200810,-0.375,1,1,-0.6154,2,1,-0.9038,3,1,,0.0,1.0,,0.0,1.0,,0.0,1.0,3.91,2,7,0,2008,28,0.000104,2.7e-05,-7.7e-05,0.113587,9.670246,3.086698,1086.506053,0.183725,0.052158,7.873479,13131.91,5108.001,3.004405,3.316008,0.000104,0.051263,200,35,-30971987180.9349,71.58,851.0,372719968.0,0.290816326530612
0,USA-AD-1147,India,IN,293100,200810,-0.517,3,3,-0.4982,6,6,-0.0638,12,12,0.8408,3.0,3.0,0.3474,5.0,5.0,1.7396,11.0,10.0,3.91,2,7,0,2008,29,0.008323,0.008632,0.000309,0.113587,9.670246,3.086698,1086.506053,0.183725,0.052158,7.873479,13131.91,5108.001,3.004405,3.316008,0.008323,0.051263,200,35,-30971987180.9349,71.58,851.0,8147486685.000001,0.290816326530612
0,USA-AD-1148,China,CN,841590,200810,-0.1205,3,3,-0.4283,6,6,-0.4538,12,12,0.0767,3.0,3.0,-0.2348,6.0,6.0,-0.4639,12.0,12.0,55.62,3,7,0,2008,84,0.707073,0.686536,-0.020537,0.113587,9.670246,9.670246,4811.474718,0.183725,-0.086609,7.873479,11183.43,1168.165,3.004405,3.316008,0.707073,0.051263,200,35,420568516143.544,71.58,851.0,10980799349.0,0.221649484536082
0,USA-AD-1148,China,CN,848180,200810,-0.3761,3,3,-0.4461,6,6,-0.312,12,12,0.2068,3.0,3.0,-0.0225,6.0,6.0,-0.0483,12.0,12.0,55.62,1,7,0,2008,84,0.15026,0.1305,-0.019761,0.113587,9.670246,9.670246,4811.474718,0.183725,-0.086609,7.873479,11183.43,1168.165,3.004405,3.316008,0.15026,0.051263,200,35,420568516143.544,71.58,851.0,41360605382.0,0.221649484536082
0,USA-AD-1148,China,CN,848190,200810,-0.1578,3,3,-0.2502,6,6,-0.1961,12,12,0.0581,3.0,3.0,-0.4241,6.0,6.0,-0.5448,12.0,12.0,55.62,1,7,0,2008,84,0.315024,0.289257,-0.025768,0.113587,9.670246,9.670246,4811.474718,0.183725,-0.086609,7.873479,11183.43,1168.165,3.004405,3.316008,0.315024,0.051263,200,35,420568516143.544,71.58,851.0,14544653659.0,0.221649484536082
0,USA-AD-1149,China,CN,730619,200811,,0,1,2.2753,1,2,21.0847,4,6,-0.1549,3.0,3.0,-0.3186,6.0,6.0,-0.4789,12.0,12.0,81.52,9,7,0,2008,73,,0.281045,,0.113587,9.670246,9.670246,4811.474718,0.183725,-0.086609,7.873479,11183.43,1168.165,3.004405,3.316008,,0.051263,199,35,420568516143.544,52.45,715.0,,0.221649484536082
0,USA-AD-1151,Canada,CA,291815,200811,,0,0,,0,0,-1.0,1,0,,0.0,0.0,,0.0,0.0,,0.0,0.0,20.88,5,7,0,2008,29,0.001213,0.0,-0.001213,0.113587,9.670246,0.995406,42067.568707,0.183725,-0.006479,7.873479,2079.297,10032.81,3.004405,3.316008,0.001213,0.051263,199,35,3177944944.242,52.45,715.0,405350771.0,0.571428571428571
0,USA-AD-1151,Canada,CA,382490,200811,0.0484,3,3,10.1799,6,6,4.289,12,12,-0.3107,3.0,3.0,-0.4485,6.0,6.0,-0.2893,12.0,12.0,20.88,2,7,1,2008,38,0.001699,0.000562,-0.001137,0.113587,9.670246,0.995406,42067.568707,0.183725,-0.006479,7.873479,2079.297,10032.81,3.004405,3.316008,0.001699,0.051263,199,35,3177944944.242,52.45,715.0,,0.571428571428571
0,USA-AD-1152,China,CN,291814,200811,-0.6686,3,3,-0.5227,6,6,-0.2102,12,12,,0.0,0.0,,0.0,1.0,50.9539,1.0,4.0,156.87,5,7,0,2008,29,0.880157,0.848079,-0.032077,0.113587,9.670246,9.670246,4811.474718,0.183725,-0.086609,7.873479,11183.43,1168.165,3.004405,3.316008,0.880157,0.051263,199,35,420568516143.544,52.45,715.0,1333210913.0,0.221649484536082
0,USA-AD-1152,China,CN,291815,200811,0.2353,3,3,0.0813,6,6,0.2706,12,12,,0.0,0.0,,0.0,0.0,,0.0,0.0,156.87,5,7,0,2008,29,0.340225,0.405726,0.065501,0.113587,9.670246,9.670246,4811.474718,0.183725,-0.086609,7.873479,11183.43,1168.165,3.004405,3.316008,0.340225,0.051263,199,35,420568516143.544,52.45,715.0,405350771.0,0.221649484536082
0,USA-AD-1152,China,CN,382490,200811,-0.2107,3,3,-0.2315,6,6,-0.3184,12,12,-0.3107,3.0,3.0,-0.4485,6.0,6.0,-0.2893,12.0,12.0,156.87,2,7,1,2008,38,0.470731,0.075594,-0.395136,0.113587,9.670246,9.670246,4811.474718,0.183725,-0.086609,7.873479,11183.43,1168.165,3.004405,3.316008,0.470731,0.051263,199,35,420568516143.544,52.45,715.0,,0.221649484536082
0,USA-AD-1153,China,CN,843240,200901,,0,0,-0.9339,2,1,-0.9396,3,3,,0.0,1.0,,0.0,2.0,,0.0,3.0,324.43,1,6,0,2009,84,0.037781,0.001583,-0.036199,-2.5765,9.4027,9.4027,5237.766665,0.161,-0.016872,-0.575563,11183.43,1168.165,0.819862,-1.665423,0.037781,-0.183108,197,8,243256567919.618,43.44,1070.0,304385987.0,0.289156626506024
0,USA-AD-1153,China,CN,843280,200901,-0.8733,3,1,-0.936,6,2,-0.9816,12,3,,0.0,0.0,58.392,1.0,1.0,1792.7885,2.0,6.0,324.43,1,6,0,2009,84,0.003,0.000379,-0.002621,-2.5765,9.4027,9.4027,5237.766665,0.161,-0.016872,-0.575563,11183.43,1168.165,0.819862,-1.665423,0.003,-0.183108,197,8,243256567919.618,43.44,1070.0,805299908.0,0.289156626506024
0,USA-AD-1153,China,CN,843290,200901,0.2332,3,3,0.1128,6,6,-0.0436,12,12,-0.0993,3.0,3.0,0.1244,6.0,6.0,0.91,12.0,12.0,324.43,3,6,0,2009,84,0.757711,0.771051,0.01334,-2.5765,9.4027,9.4027,5237.766665,0.161,-0.016872,-0.575563,11183.43,1168.165,0.819862,-1.665423,0.757711,-0.183108,197,8,243256567919.618,43.44,1070.0,1876143978.0,0.289156626506024
0,USA-AD-1153,China,CN,847989,200901,-0.3302,3,3,-0.1968,6,6,-0.27,12,12,-0.4788,3.0,3.0,-0.4091,6.0,6.0,-0.324,12.0,12.0,324.43,1,6,0,2009,84,0.075849,0.06665,-0.009199,-2.5765,9.4027,9.4027,5237.766665,0.161,-0.016872,-0.575563,11183.43,1168.165,0.819862,-1.665423,0.075849,-0.183108,197,8,243256567919.618,43.44,1070.0,45768495966.0,0.289156626506024
0,USA-AD-1153,China,CN,847990,200901,-0.1585,3,3,-0.0496,6,6,-0.0349,12,12,0.4322,3.0,3.0,0.0339,6.0,6.0,-0.113,12.0,12.0,324.43,1,6,0,2009,84,0.067315,0.047387,-0.019928,-2.5765,9.4027,9.4027,5237.766665,0.161,-0.016872,-0.575563,11183.43,1168.165,0.819862,-1.665423,0.067315,-0.183108,197,8,243256567919.618,43.44,1070.0,17433500182.0,0.289156626506024
0,USA-AD-1153,China,CN,960350,200901,-0.446,3,3,-0.0926,6,6,-0.0319,12,12,6.0357,2.0,2.0,6.0889,4.0,5.0,6.4694,8.0,9.0,324.43,1,6,0,2009,96,0.174973,0.193086,0.018113,-2.5765,9.4027,9.4027,5237.766665,0.161,-0.016872,-0.575563,11183.43,1168.165,0.819862,-1.665423,0.174973,-0.183108,197,8,243256567919.618,43.44,1070.0,503445843.0,0.289156626506024
0,USA-AD-1154,China,CN,732190,200903,0.545,3,3,0.1859,6,6,0.128,12,12,0.2318,3.0,3.0,0.3737,6.0,6.0,0.8733,12.0,12.0,96.45,1,7,0,2009,73,0.418973,0.561957,0.142984,-2.5765,9.4027,9.4027,5237.766665,0.161,-0.016872,-0.575563,11183.43,1168.165,0.819862,-1.665423,0.418973,-0.183108,195,8,243256567919.618,46.54,1615.0,1220718648.0,0.289156626506024
0,USA-AD-1154,China,CN,841899,200903,0.7953,3,3,-0.0384,6,6,-0.3515,12,12,0.452,3.0,3.0,0.2558,6.0,6.0,0.0268,12.0,12.0,96.45,3,7,0,2009,84,0.529365,0.55504,0.025675,-2.5765,9.4027,9.4027,5237.766665,0.161,-0.016872,-0.575563,11183.43,1168.165,0.819862,-1.665423,0.529365,-0.183108,195,8,243256567919.618,46.54,1615.0,4858449845.0,0.289156626506024
0,USA-AD-1154,China,CN,851690,200903,0.1538,3,3,-0.1376,6,6,-0.1331,12,12,-0.2217,3.0,3.0,-0.084,6.0,6.0,-0.2315,12.0,12.0,96.45,1,7,0,2009,85,0.691987,0.720248,0.028262,-2.5765,9.4027,9.4027,5237.766665,0.161,-0.016872,-0.575563,11183.43,1168.165,0.819862,-1.665423,0.691987,-0.183108,195,8,243256567919.618,46.54,1615.0,3000372168.0,0.289156626506024
0,USA-AD-1156,Indonesia,ID,392321,200911,,0,3,,0,3,-0.7941,5,5,0.0443,3.0,3.0,0.1016,6.0,6.0,0.2259,12.0,12.0,67.4,6,7,5,2009,39,0.000117,0.000262,0.000145,-2.5765,9.4027,4.628871,2546.219697,0.161,0.071242,-0.575563,15535.87,5081.576,0.819862,-1.665423,0.000117,-0.183108,187,8,10628489686.0765,76.66,3887.0,7608839479.0,0.297619047619048
0,USA-AD-1157,Taiwan,TW,392321,200910,0.9718,1,2,1.3422,4,5,3.2876,7,8,-0.0698,3.0,3.0,0.036,6.0,6.0,0.2007,12.0,12.0,28.69,6,6,5,2009,39,0.008294,,,-2.5765,9.4027,,,0.161,,-0.575563,12155.88,1520.398,0.819862,-1.665423,0.008294,-0.183108,188,8,,72.77,3103.0,7608839479.0,
0,USA-AD-1158,Vietnam,VN,392321,200911,-0.9,1,2,-0.1693,2,5,-0.9384,8,10,0.0443,3.0,3.0,0.1016,6.0,6.0,0.2259,12.0,12.0,76.11,6,7,5,2009,39,0.011498,0.001098,-0.0104,-2.5765,9.4027,5.397898,1927.134271,0.161,0.046793,-0.575563,13715.75,3257.774,0.819862,-1.665423,0.011498,-0.183108,187,8,-6608000000.0,76.66,3887.0,7608839479.0,0.202702702702703
0,USA-AD-1159,China,CN,730429,200911,-0.288,3,3,-0.1608,6,5,-0.1654,12,11,,0.0,0.0,-1.0,1.0,0.0,-1.0,5.0,0.0,99.14,23,7,0,2009,73,0.160752,0.670832,0.51008,-2.5765,9.4027,9.4027,5237.766665,0.161,-0.016872,-0.575563,11183.43,1168.165,0.819862,-1.665423,0.160752,-0.183108,187,8,243256567919.618,76.66,3887.0,,0.289156626506024
0,USA-AD-1159,China,CN,730439,200911,-0.0139,3,3,0.1303,6,6,0.1033,12,12,0.1706,3.0,3.0,0.3037,6.0,6.0,0.8125,12.0,12.0,99.14,20,7,14,2009,73,0.458476,0.447037,-0.011438,-2.5765,9.4027,9.4027,5237.766665,0.161,-0.016872,-0.575563,11183.43,1168.165,0.819862,-1.665423,0.458476,-0.183108,187,8,243256567919.618,76.66,3887.0,2886675429.0,0.289156626506024
0,USA-AD-1159,China,CN,730459,200911,-0.4908,3,3,0.0755,6,6,0.0922,12,12,-0.9678,2.0,2.0,1.1636,4.0,5.0,5.9148,5.0,10.0,99.14,20,7,14,2009,73,0.101945,0.117775,0.015829,-2.5765,9.4027,9.4027,5237.766665,0.161,-0.016872,-0.575563,11183.43,1168.165,0.819862,-1.665423,0.101945,-0.183108,187,8,243256567919.618,76.66,3887.0,2997872945.0,0.289156626506024
1,USA-AD-1159,China,CN,730629,200911,,0,2,32759.9333,1,4,24339.7426,2,7,2.8729,3.0,3.0,5.457,6.0,6.0,3.2473,12.0,12.0,99.14,10,7,0,2009,73,0.000691,0.279193,0.278502,-2.5765,9.4027,9.4027,5237.766665,0.161,-0.016872,-0.575563,11183.43,1168.165,0.819862,-1.665423,0.000691,-0.183108,187,8,243256567919.618,76.66,3887.0,,0.289156626506024
0,USA-AD-1160,China,CN,731210,200912,-0.0342,3,3,0.0866,6,6,0.1561,12,12,-0.0035,3.0,3.0,0.1767,6.0,6.0,0.1255,12.0,12.0,193.55,23,6,18,2009,73,0.725953,0.733504,0.007551,-2.5765,9.4027,9.4027,5237.766665,0.161,-0.016872,-0.575563,11183.43,1168.165,0.819862,-1.665423,0.725953,-0.183108,186,8,243256567919.618,74.46,3005.0,4902184923.0,0.289156626506024
0,USA-AD-1161,China,CN,730890,201001,-0.0061,3,3,0.223,6,6,0.2076,12,12,-0.1118,3.0,3.0,-0.4823,6.0,6.0,-0.5496,12.0,12.0,145.18,3,7,8,2010,73,0.811219,0.762776,-0.048443,2.695193,10.596272,10.596272,5764.86535,-0.094567,-0.008951,13.071479,11183.43,1168.165,6.981661,14.026795,0.811219,0.106883,185,16,237810389607.954,76.17,2848.0,24647322418.0,0.335164835164835
0,USA-AD-1162,China,CN,721710,201001,-0.6808,3,3,-0.4034,6,6,-0.0041,12,12,-0.2388,3.0,3.0,-0.2101,6.0,6.0,-0.0917,12.0,12.0,289.0,10,7,0,2010,72,0.588149,0.445129,-0.14302,2.695193,10.596272,10.596272,5764.86535,-0.094567,-0.008951,13.071479,11183.43,1168.165,6.981661,14.026795,0.588149,0.106883,185,16,237810389607.954,76.17,2848.0,,0.335164835164835
0,USA-AD-1162,China,CN,721720,201001,-0.1007,3,3,0.0841,6,6,0.308,12,12,1.1353,3.0,3.0,0.6375,6.0,6.0,0.4162,12.0,12.0,289.0,6,7,0,2010,72,0.910492,0.96649,0.055999,2.695193,10.596272,10.596272,5764.86535,-0.094567,-0.008951,13.071479,11183.43,1168.165,6.981661,14.026795,0.910492,0.106883,185,16,237810389607.954,76.17,2848.0,,0.335164835164835
0,USA-AD-1162,China,CN,732620,201001,-0.0159,3,3,0.2033,6,6,-0.0169,12,12,-0.8958,3.0,3.0,-0.2986,6.0,6.0,-0.7213,12.0,12.0,289.0,11,7,21,2010,73,0.983232,0.377672,-0.60556,2.695193,10.596272,10.596272,5764.86535,-0.094567,-0.008951,13.071479,11183.43,1168.165,6.981661,14.026795,0.983232,0.106883,185,16,237810389607.954,76.17,2848.0,2361306986.0,0.335164835164835
0,USA-AD-1162,China,CN,732690,201001,0.2132,3,3,0.125,6,6,0.2352,12,12,-0.2011,3.0,3.0,0.0007,6.0,6.0,0.2677,12.0,12.0,289.0,7,7,8,2010,73,0.34258,0.332866,-0.009714,2.695193,10.596272,10.596272,5764.86535,-0.094567,-0.008951,13.071479,11183.43,1168.165,6.981661,14.026795,0.34258,0.106883,185,16,237810389607.954,76.17,2848.0,31834752376.000004,0.335164835164835
0,USA-AD-1162,China,CN,940320,201001,0.0293,3,3,0.1133,6,6,0.2947,12,12,-0.1411,3.0,3.0,-0.3638,6.0,6.0,-0.1127,12.0,12.0,289.0,6,7,9,2010,94,0.785702,0.775585,-0.010117,2.695193,10.596272,10.596272,5764.86535,-0.094567,-0.008951,13.071479,11183.43,1168.165,6.981661,14.026795,0.785702,0.106883,185,16,237810389607.954,76.17,2848.0,10685782818.0,0.335164835164835
0,USA-AD-1162,China,CN,940390,201001,-0.1365,3,3,-0.0604,6,6,-0.0528,12,12,-0.291,3.0,3.0,-0.0602,6.0,6.0,0.1359,12.0,12.0,289.0,1,7,15,2010,94,0.32199,0.307481,-0.014509,2.695193,10.596272,10.596272,5764.86535,-0.094567,-0.008951,13.071479,11183.43,1168.165,6.981661,14.026795,0.32199,0.106883,185,16,237810389607.954,76.17,2848.0,10528864787.0,0.335164835164835
0,USA-AD-1163,China,CN,630110,201002,-0.8304,2,1,-0.7953,2,2,36.5205,2,7,-1.0,3.0,0.0,-0.7768,6.0,1.0,-0.0895,7.0,6.0,174.85,1,7,0,2010,63,0.487188,0.152005,-0.335183,2.695193,10.596272,10.596272,5764.86535,-0.094567,-0.008951,13.071479,11183.43,1168.165,6.981661,14.026795,0.487188,0.106883,184,16,237810389607.954,73.75,2738.0,225737494.0,0.335164835164835
0,USA-AD-1164,China,CN,580631,201002,2.75,3,3,25.0282,5,6,11.6249,10,12,-0.0822,1.0,1.0,-0.6408,3.0,2.0,-0.8448,7.0,4.0,231.4,2,7,0,2010,58,0.125511,0.441536,0.316025,2.695193,10.596272,10.596272,5764.86535,-0.094567,-0.008951,13.071479,11183.43,1168.165,6.981661,14.026795,0.125511,0.106883,184,16,237810389607.954,73.75,2738.0,180038435.0,0.335164835164835
0,USA-AD-1164,China,CN,580632,201002,0.2086,3,3,0.021,6,6,0.027,12,12,0.4374,3.0,3.0,0.4392,6.0,6.0,0.4974,12.0,12.0,231.4,2,7,0,2010,58,0.352665,0.371748,0.019083,2.695193,10.596272,10.596272,5764.86535,-0.094567,-0.008951,13.071479,11183.43,1168.165,6.981661,14.026795,0.352665,0.106883,184,16,237810389607.954,73.75,2738.0,1628556736.0,0.335164835164835
0,USA-AD-1164,China,CN,580639,201002,1.0499,3,3,0.0624,6,6,-0.474,12,12,114.0,1.0,2.0,177.0,1.0,5.0,232.0,1.0,7.0,231.4,2,7,0,2010,58,0.140514,0.166715,0.026201,2.695193,10.596272,10.596272,5764.86535,-0.094567,-0.008951,13.071479,11183.43,1168.165,6.981661,14.026795,0.140514,0.106883,184,16,237810389607.954,73.75,2738.0,290943985.0,0.335164835164835
0,USA-AD-1164,China,CN,580890,201002,-0.1088,3,3,-0.2963,6,6,-0.2821,12,12,0.2676,3.0,3.0,-0.2456,6.0,4.0,0.2563,10.0,9.0,231.4,2,7,0,2010,58,0.927782,0.920751,-0.007032,2.695193,10.596272,10.596272,5764.86535,-0.094567,-0.008951,13.071479,11183.43,1168.165,6.981661,14.026795,0.927782,0.106883,184,16,237810389607.954,73.75,2738.0,296171610.0,0.335164835164835
0,USA-AD-1164,China,CN,581091,201002,1.8066,3,3,1.0035,6,6,0.4175,12,12,0.7981,2.0,3.0,1.3622,5.0,6.0,2.4516,9.0,12.0,231.4,2,7,0,2010,58,0.682446,0.834944,0.152499,2.695193,10.596272,10.596272,5764.86535,-0.094567,-0.008951,13.071479,11183.43,1168.165,6.981661,14.026795,0.682446,0.106883,184,16,237810389607.954,73.75,2738.0,262627944.00000003,0.335164835164835
0,USA-AD-1164,China,CN,581092,201002,-0.2499,3,3,-0.2595,6,6,0.3839,12,12,-0.2369,3.0,3.0,0.1022,6.0,6.0,-0.0105,12.0,12.0,231.4,2,7,0,2010,58,0.723264,0.820219,0.096955,2.695193,10.596272,10.596272,5764.86535,-0.094567,-0.008951,13.071479,11183.43,1168.165,6.981661,14.026795,0.723264,0.106883,184,16,237810389607.954,73.75,2738.0,1148211274.0,0.335164835164835
0,USA-AD-1164,China,CN,581099,201002,-0.4294,3,3,-0.781,6,6,-0.6352,12,12,-1.0,1.0,0.0,-0.8692,2.0,3.0,0.291,5.0,7.0,231.4,2,7,0,2010,58,0.542061,0.280076,-0.261985,2.695193,10.596272,10.596272,5764.86535,-0.094567,-0.008951,13.071479,11183.43,1168.165,6.981661,14.026795,0.542061,0.106883,184,16,237810389607.954,73.75,2738.0,198725898.00000003,0.335164835164835
0,USA-AD-1164,China,CN,590390,201002,0.0794,3,3,0.1959,6,6,0.2377,12,12,-0.0735,3.0,3.0,0.0161,6.0,6.0,-0.2465,12.0,12.0,231.4,3,7,0,2010,59,0.588601,0.59036,0.001759,2.695193,10.596272,10.596272,5764.86535,-0.094567,-0.008951,13.071479,11183.43,1168.165,6.981661,14.026795,0.588601,0.106883,184,16,237810389607.954,73.75,2738.0,3028293018.0,0.335164835164835
0,USA-AD-1164,China,CN,590700,201002,2.2946,3,3,3.7718,6,6,1.9179,12,12,-0.6418,3.0,3.0,-0.216,6.0,6.0,0.1235,12.0,12.0,231.4,2,7,0,2010,59,0.169595,0.313039,0.143444,2.695193,10.596272,10.596272,5764.86535,-0.094567,-0.008951,13.071479,11183.43,1168.165,6.981661,14.026795,0.169595,0.106883,184,16,237810389607.954,73.75,2738.0,795636129.0,0.335164835164835
0,USA-AD-1164,China,CN,630790,201002,-0.3264,3,3,-0.0902,6,6,0.3331,12,12,-0.5042,3.0,3.0,-0.3963,6.0,6.0,-0.4199,12.0,12.0,231.4,2,7,0,2010,63,0.656493,0.634276,-0.022217,2.695193,10.596272,10.596272,5764.86535,-0.094567,-0.008951,13.071479,11183.43,1168.165,6.981661,14.026795,0.656493,0.106883,184,16,237810389607.954,73.75,2738.0,8427719293.0,0.335164835164835
0,USA-AD-1165,Taiwan,TW,580631,201002,-0.9793,1,1,-0.9806,2,1,-0.9879,6,1,-0.0822,1.0,1.0,-0.6408,3.0,2.0,-0.8448,7.0,4.0,4.54,2,7,0,2010,58,0.036426,0.000715,-0.03571,2.695193,10.596272,,,-0.094567,,13.071479,12155.88,1520.398,6.981661,14.026795,0.036426,0.106883,184,16,,73.75,2738.0,180038435.0,
0,USA-AD-1165,Taiwan,TW,580632,201002,-0.5298,3,3,0.0883,6,6,0.2233,11,12,0.4374,3.0,3.0,0.4392,6.0,6.0,0.4974,12.0,12.0,4.54,2,7,0,2010,58,0.0244,0.02808,0.003681,2.695193,10.596272,,,-0.094567,,13.071479,12155.88,1520.398,6.981661,14.026795,0.0244,0.106883,184,16,,73.75,2738.0,1628556736.0,
0,USA-AD-1165,Taiwan,TW,580639,201002,-0.2321,3,3,-0.8284,6,4,-0.6204,11,8,114.0,1.0,2.0,177.0,1.0,5.0,232.0,1.0,7.0,4.54,2,7,0,2010,58,0.02141,0.006434,-0.014976,2.695193,10.596272,,,-0.094567,,13.071479,12155.88,1520.398,6.981661,14.026795,0.02141,0.106883,184,16,,73.75,2738.0,290943985.0,
0,USA-AD-1165,Taiwan,TW,580890,201002,,0,1,,0,1,69.0,1,3,0.2676,3.0,3.0,-0.2456,6.0,4.0,0.2563,10.0,9.0,4.54,2,7,0,2010,58,0.001002,0.00423,0.003227,2.695193,10.596272,,,-0.094567,,13.071479,12155.88,1520.398,6.981661,14.026795,0.001002,0.106883,184,16,,73.75,2738.0,296171610.0,
0,USA-AD-1165,Taiwan,TW,581091,201002,,0,0,,0,0,,0,0,0.7981,2.0,3.0,1.3622,5.0,6.0,2.4516,9.0,12.0,4.54,2,7,0,2010,58,0.0,0.0,0.0,2.695193,10.596272,,,-0.094567,,13.071479,12155.88,1520.398,6.981661,14.026795,0.0,0.106883,184,16,,73.75,2738.0,262627944.00000003,
0,USA-AD-1165,Taiwan,TW,581092,201002,0.3333,1,1,-0.2034,4,2,0.0226,8,4,-0.2369,3.0,3.0,0.1022,6.0,6.0,-0.0105,12.0,12.0,4.54,2,7,0,2010,58,0.004769,0.003202,-0.001566,2.695193,10.596272,,,-0.094567,,13.071479,12155.88,1520.398,6.981661,14.026795,0.004769,0.106883,184,16,,73.75,2738.0,1148211274.0,
0,USA-AD-1165,Taiwan,TW,581099,201002,3.0714,3,1,1.1169,6,4,0.2996,8,7,-1.0,1.0,0.0,-0.8692,2.0,3.0,0.291,5.0,7.0,4.54,2,7,0,2010,58,0.012261,0.013002,0.000741,2.695193,10.596272,,,-0.094567,,13.071479,12155.88,1520.398,6.981661,14.026795,0.012261,0.106883,184,16,,73.75,2738.0,198725898.00000003,
0,USA-AD-1165,Taiwan,TW,590390,201002,-0.4114,3,3,-0.5941,6,6,-0.215,12,12,-0.0735,3.0,3.0,0.0161,6.0,6.0,-0.2465,12.0,12.0,4.54,3,7,0,2010,59,0.009222,0.007514,-0.001708,2.695193,10.596272,,,-0.094567,,13.071479,12155.88,1520.398,6.981661,14.026795,0.009222,0.106883,184,16,,73.75,2738.0,3028293018.0,
0,USA-AD-1165,Taiwan,TW,590700,201002,-1.0,1,0,-1.0,1,0,-1.0,5,0,-0.6418,3.0,3.0,-0.216,6.0,6.0,0.1235,12.0,12.0,4.54,2,7,0,2010,59,0.034686,0.0,-0.034686,2.695193,10.596272,,,-0.094567,,13.071479,12155.88,1520.398,6.981661,14.026795,0.034686,0.106883,184,16,,73.75,2738.0,795636129.0,
0,USA-AD-1165,Taiwan,TW,630790,201002,-0.3004,3,3,-0.2539,6,6,-0.0762,12,12,-0.5042,3.0,3.0,-0.3963,6.0,6.0,-0.4199,12.0,12.0,4.54,2,7,0,2010,63,0.029944,0.022165,-0.00778,2.695193,10.596272,,,-0.094567,,13.071479,12155.88,1520.398,6.981661,14.026795,0.029944,0.106883,184,16,,73.75,2738.0,8427719293.0,
0,USA-AD-1166,China,CN,681591,201003,-0.0027,2,2,-0.3754,4,5,0.1931,4,10,,0.0,0.0,,0.0,1.0,,0.0,1.0,349.0,2,7,0,2010,68,0.996412,0.96787,-0.028542,2.695193,10.596272,10.596272,5764.86535,-0.094567,-0.008951,13.071479,11183.43,1168.165,6.981661,14.026795,0.996412,0.106883,183,16,237810389607.954,78.83,2998.0,212392396.0,0.335164835164835
0,USA-AD-1166,China,CN,681599,201003,1.2521,3,3,1.1773,6,6,0.9097,12,12,0.2209,3.0,3.0,-0.0993,6.0,6.0,-0.2455,12.0,12.0,349.0,2,7,0,2010,68,0.646718,0.407797,-0.238922,2.695193,10.596272,10.596272,5764.86535,-0.094567,-0.008951,13.071479,11183.43,1168.165,6.981661,14.026795,0.646718,0.106883,183,16,237810389607.954,78.83,2998.0,1428330991.0,0.335164835164835
0,USA-AD-1166,China,CN,690210,201003,0.0974,3,3,0.2964,6,6,0.4196,12,12,,0.0,0.0,,0.0,0.0,,0.0,1.0,349.0,2,7,0,2010,69,0.910845,0.891251,-0.019594,2.695193,10.596272,10.596272,5764.86535,-0.094567,-0.008951,13.071479,11183.43,1168.165,6.981661,14.026795,0.910845,0.106883,183,16,237810389607.954,78.83,2998.0,1678256094.0,0.335164835164835
0,USA-AD-1167,Mexico,MX,681599,201003,,0,0,-0.588,1,2,-0.6333,2,3,0.2209,3.0,3.0,-0.0993,6.0,6.0,-0.2455,12.0,12.0,54.73,2,7,0,2010,68,0.000477,0.000672,0.000195,2.695193,10.596272,4.971335,9389.067221,-0.094567,-0.064933,13.071479,2468.405,11711.42,6.981661,14.026795,0.000477,0.106883,183,16,-3753937792.99998,78.83,2998.0,1428330991.0,0.41304347826087
0,USA-AD-1168,China,CN,730419,201004,0.9268,3,3,-0.0058,6,6,0.5017,12,12,,0.0,0.0,,0.0,3.0,,0.0,7.0,98.37,5,7,0,2010,73,0.344211,0.441515,0.097305,2.695193,10.596272,10.596272,5764.86535,-0.094567,-0.008951,13.071479,11183.43,1168.165,6.981661,14.026795,0.344211,0.106883,182,16,237810389607.954,84.82,3354.0,,0.335164835164835
0,USA-AD-1168,China,CN,730431,201004,0.3108,3,3,-0.3719,6,6,-0.2899,12,12,-0.2855,3.0,3.0,-0.3902,6.0,6.0,0.381,11.0,12.0,98.37,15,7,15,2010,73,0.611155,0.487675,-0.12348,2.695193,10.596272,10.596272,5764.86535,-0.094567,-0.008951,13.071479,11183.43,1168.165,6.981661,14.026795,0.611155,0.106883,182,16,237810389607.954,84.82,3354.0,1526293157.0000002,0.335164835164835
1,USA-AD-1168,China,CN,730439,201004,-0.0317,3,3,0.1477,6,6,0.4208,12,12,-0.4024,3.0,3.0,-0.02,6.0,6.0,0.2433,12.0,12.0,98.37,20,7,15,2010,73,,1.155609,,2.695193,10.596272,10.596272,5764.86535,-0.094567,-0.008951,13.071479,11183.43,1168.165,6.981661,14.026795,,0.106883,182,16,237810389607.954,84.82,3354.0,3481417599.0,0.335164835164835
0,USA-AD-1168,China,CN,730451,201004,0.0886,3,3,-0.0089,6,6,0.171,12,12,,0.0,0.0,,0.0,0.0,,0.0,0.0,98.37,15,7,15,2010,73,0.373266,0.259752,-0.113513,2.695193,10.596272,10.596272,5764.86535,-0.094567,-0.008951,13.071479,11183.43,1168.165,6.981661,14.026795,0.373266,0.106883,182,16,237810389607.954,84.82,3354.0,680983109.0,0.335164835164835
1,USA-AD-1168,China,CN,730459,201004,0.3661,3,3,0.5501,6,6,1.1739,12,12,-0.9557,3.0,2.0,0.7333,4.0,5.0,2.1929,8.0,8.0,98.37,20,7,15,2010,73,,0.338364,,2.695193,10.596272,10.596272,5764.86535,-0.094567,-0.008951,13.071479,11183.43,1168.165,6.981661,14.026795,,0.106883,182,16,237810389607.954,84.82,3354.0,2562817318.0,0.335164835164835
0,USA-AD-1169,China,CN,481014,201005,-0.1636,1,1,-0.8102,3,1,-0.8057,8,6,-1.0,1.0,0.0,-1.0,1.0,0.0,-0.9787,3.0,1.0,135.8,3,8,3,2010,48,0.243088,0.157602,-0.085486,2.695193,10.596272,10.596272,5764.86535,-0.094567,-0.008951,13.071479,11183.43,1168.165,6.981661,14.026795,0.243088,0.106883,181,16,237810389607.954,75.95,4078.0,,0.335164835164835
0,USA-AD-1169,China,CN,481019,201005,1.4581,3,3,1.0982,6,6,0.4075,12,12,0.1286,3.0,3.0,0.143,6.0,6.0,0.3725,12.0,12.0,135.8,3,8,3,2010,48,0.168199,0.172028,0.003829,2.695193,10.596272,10.596272,5764.86535,-0.094567,-0.008951,13.071479,11183.43,1168.165,6.981661,14.026795,0.168199,0.106883,181,16,237810389607.954,75.95,4078.0,,0.335164835164835
0,USA-AD-1169,China,CN,481022,201005,-0.3921,3,3,-0.3876,6,6,-0.6226,12,11,-0.4508,3.0,2.0,-0.2834,6.0,4.0,-0.5767,11.0,6.0,135.8,3,8,4,2010,48,0.413113,0.186004,-0.227109,2.695193,10.596272,10.596272,5764.86535,-0.094567,-0.008951,13.071479,11183.43,1168.165,6.981661,14.026795,0.413113,0.106883,181,16,237810389607.954,75.95,4078.0,,0.335164835164835
0,USA-AD-1169,China,CN,481029,201005,-0.6319,3,3,-0.5553,6,6,-0.5868,12,11,-0.6183,3.0,3.0,-0.101,6.0,6.0,2.1615,11.0,12.0,135.8,11,8,19,2010,48,0.027253,0.013886,-0.013367,2.695193,10.596272,10.596272,5764.86535,-0.094567,-0.008951,13.071479,11183.43,1168.165,6.981661,14.026795,0.027253,0.106883,181,16,237810389607.954,75.95,4078.0,4120593429.0,0.335164835164835
0,USA-AD-1169,China,CN,481032,201005,2.3193,2,2,0.4738,5,5,0.2583,11,11,,0.0,0.0,,0.0,0.0,,0.0,0.0,135.8,2,8,0,2010,48,0.114408,0.116279,0.001871,2.695193,10.596272,10.596272,5764.86535,-0.094567,-0.008951,13.071479,11183.43,1168.165,6.981661,14.026795,0.114408,0.106883,181,16,237810389607.954,75.95,4078.0,1228362952.0,0.335164835164835
0,USA-AD-1169,China,CN,481039,201005,1.1298,3,2,0.7818,6,4,-0.1306,9,9,,0.0,0.0,,0.0,0.0,,0.0,0.0,135.8,2,8,0,2010,48,0.088502,0.074277,-0.014225,2.695193,10.596272,10.596272,5764.86535,-0.094567,-0.008951,13.071479,11183.43,1168.165,6.981661,14.026795,0.088502,0.106883,181,16,237810389607.954,75.95,4078.0,1016520534.0,0.335164835164835
0,USA-AD-1169,China,CN,481092,201005,-1.0,1,0,-1.0,2,0,1.021,3,2,,0.0,0.0,,0.0,0.0,,0.0,0.0,135.8,2,8,0,2010,48,0.030929,0.050045,0.019117,2.695193,10.596272,10.596272,5764.86535,-0.094567,-0.008951,13.071479,11183.43,1168.165,6.981661,14.026795,0.030929,0.106883,181,16,237810389607.954,75.95,4078.0,,0.335164835164835
0,USA-AD-1170,Indonesia,ID,481014,201005,,0,0,,0,0,,0,0,-1.0,1.0,0.0,-1.0,1.0,0.0,-0.9787,3.0,1.0,10.62,3,8,3,2010,48,0.0,0.0,0.0,2.695193,10.596272,6.223854,2670.81291,-0.094567,-0.125073,13.071479,15535.87,5081.576,6.981661,14.026795,0.0,0.106883,181,16,5144284990.19702,75.95,4078.0,,0.351648351648352
0,USA-AD-1170,Indonesia,ID,481019,201005,-0.5035,3,3,-0.4933,6,6,-0.4431,12,12,0.1286,3.0,3.0,0.143,6.0,6.0,0.3725,12.0,12.0,10.62,3,8,3,2010,48,0.263952,0.106169,-0.157783,2.695193,10.596272,6.223854,2670.81291,-0.094567,-0.125073,13.071479,15535.87,5081.576,6.981661,14.026795,0.263952,0.106883,181,16,5144284990.19702,75.95,4078.0,,0.351648351648352
0,USA-AD-1170,Indonesia,ID,481022,201005,-0.1323,3,2,0.9426,5,5,-0.1145,10,7,-0.4508,3.0,2.0,-0.2834,6.0,4.0,-0.5767,11.0,6.0,10.62,3,8,4,2010,48,0.06643,0.069309,0.002878,2.695193,10.596272,6.223854,2670.81291,-0.094567,-0.125073,13.071479,15535.87,5081.576,6.981661,14.026795,0.06643,0.106883,181,16,5144284990.19702,75.95,4078.0,,0.351648351648352
0,USA-AD-1170,Indonesia,ID,481029,201005,-1.0,2,0,-1.0,2,0,-0.0099,6,5,-0.6183,3.0,3.0,-0.101,6.0,6.0,2.1615,11.0,12.0,10.62,11,8,19,2010,48,0.023249,0.032387,0.009138,2.695193,10.596272,6.223854,2670.81291,-0.094567,-0.125073,13.071479,15535.87,5081.576,6.981661,14.026795,0.023249,0.106883,181,16,5144284990.19702,75.95,4078.0,4120593429.0,0.351648351648352
0,USA-AD-1170,Indonesia,ID,481032,201005,2.064,2,3,3.2099,2,4,5.3142,2,6,,0.0,0.0,,0.0,0.0,,0.0,0.0,10.62,2,8,0,2010,48,0.008177,0.036216,0.02804,2.695193,10.596272,6.223854,2670.81291,-0.094567,-0.125073,13.071479,15535.87,5081.576,6.981661,14.026795,0.008177,0.106883,181,16,5144284990.19702,75.95,4078.0,1228362952.0,0.351648351648352
0,USA-AD-1170,Indonesia,ID,481039,201005,,0,0,,0,1,72.3752,1,6,,0.0,0.0,,0.0,0.0,,0.0,0.0,10.62,2,8,0,2010,48,0.000349,0.039455,0.039106,2.695193,10.596272,6.223854,2670.81291,-0.094567,-0.125073,13.071479,15535.87,5081.576,6.981661,14.026795,0.000349,0.106883,181,16,5144284990.19702,75.95,4078.0,1016520534.0,0.351648351648352
0,USA-AD-1170,Indonesia,ID,481092,201005,,0,0,,0,0,,0,0,,0.0,0.0,,0.0,0.0,,0.0,0.0,10.62,2,8,0,2010,48,0.0,0.0,0.0,2.695193,10.596272,6.223854,2670.81291,-0.094567,-0.125073,13.071479,15535.87,5081.576,6.981661,14.026795,0.0,0.106883,181,16,5144284990.19702,75.95,4078.0,,0.351648351648352
0,USA-AD-1173,China,CN,283524,201003,0.9532,3,3,0.4067,6,6,0.1288,12,12,,0.0,0.0,,0.0,0.0,,0.0,0.0,95.4,1,5,0,2010,28,0.589667,0.613816,0.024149,2.695193,10.596272,10.596272,5764.86535,-0.094567,-0.008951,13.071479,11183.43,1168.165,6.981661,14.026795,0.589667,0.106883,183,16,237810389607.954,78.83,2998.0,246182985.0,0.335164835164835
0,USA-AD-1173,China,CN,283531,201003,-0.1233,3,3,0.1294,6,6,0.4476,12,12,,0.0,0.0,,0.0,1.0,,0.0,1.0,95.4,1,5,0,2010,28,0.887208,0.88345,-0.003759,2.695193,10.596272,10.596272,5764.86535,-0.094567,-0.008951,13.071479,11183.43,1168.165,6.981661,14.026795,0.887208,0.106883,183,16,237810389607.954,78.83,2998.0,1032994051.0,0.335164835164835
0,USA-AD-1173,China,CN,283539,201003,-0.0135,3,3,0.0373,6,6,0.2329,12,12,-0.4791,3.0,3.0,-0.5544,5.0,4.0,-0.6304,11.0,6.0,95.4,1,5,3,2010,28,0.523044,0.650023,0.12698,2.695193,10.596272,10.596272,5764.86535,-0.094567,-0.008951,13.071479,11183.43,1168.165,6.981661,14.026795,0.523044,0.106883,183,16,237810389607.954,78.83,2998.0,592059111.0,0.335164835164835
0,USA-AD-1174,China,CN,740710,201005,-1.0,1,0,-0.3844,4,2,-0.4981,7,6,0.0155,3.0,3.0,0.2078,6.0,6.0,0.5782,12.0,12.0,60.5,3,7,0,2010,74,0.002357,0.002759,0.000402,2.695193,10.596272,10.596272,5764.86535,-0.094567,-0.008951,13.071479,11183.43,1168.165,6.981661,14.026795,0.002357,0.106883,181,16,237810389607.954,75.95,4078.0,2965469979.0,0.335164835164835
0,USA-AD-1174,China,CN,741110,201005,-0.3348,3,3,-0.4712,6,6,-0.0617,12,12,0.8158,3.0,3.0,1.1793,6.0,6.0,1.9058,12.0,12.0,60.5,3,7,0,2010,74,0.859952,0.769948,-0.090004,2.695193,10.596272,10.596272,5764.86535,-0.094567,-0.008951,13.071479,11183.43,1168.165,6.981661,14.026795,0.859952,0.106883,181,16,237810389607.954,75.95,4078.0,5108496813.0,0.335164835164835
0,USA-AD-1174,China,CN,741999,201005,0.2873,3,3,-0.0104,6,6,-0.1291,12,12,1.4623,3.0,3.0,1.4912,6.0,6.0,0.9473,12.0,12.0,60.5,3,7,0,2010,74,0.184975,0.143763,-0.041212,2.695193,10.596272,10.596272,5764.86535,-0.094567,-0.008951,13.071479,11183.43,1168.165,6.981661,14.026795,0.184975,0.106883,181,16,237810389607.954,75.95,4078.0,2690799637.0,0.335164835164835
0,USA-AD-1174,China,CN,841590,201005,0.1704,3,3,0.09,6,6,0.2037,12,12,-0.2032,3.0,3.0,-0.0339,6.0,6.0,0.6405,12.0,12.0,60.5,3,7,2,2010,84,1.178652,0.645211,-0.533441,2.695193,10.596272,10.596272,5764.86535,-0.094567,-0.008951,13.071479,11183.43,1168.165,6.981661,14.026795,1.178652,0.106883,181,16,237810389607.954,75.95,4078.0,12894970258.0,0.335164835164835
0,USA-AD-1175,Mexico,MX,741110,201005,,0,0,-1.0,1,0,-1.0,2,0,0.8158,3.0,3.0,1.1793,6.0,6.0,1.9058,12.0,12.0,30.9,3,7,0,2010,74,2.8e-05,0.0,-2.8e-05,2.695193,10.596272,4.971335,9389.067221,-0.094567,-0.064933,13.071479,2468.405,11711.42,6.981661,14.026795,2.8e-05,0.106883,181,16,-3753937792.99998,75.95,4078.0,5108496813.0,0.41304347826087
0,USA-AD-1175,Mexico,MX,741999,201005,-1.0,1,0,-0.9677,2,1,15.8065,2,2,1.4623,3.0,3.0,1.4912,6.0,6.0,0.9473,12.0,12.0,30.9,3,7,0,2010,74,2.2e-05,1.5e-05,-7e-06,2.695193,10.596272,4.971335,9389.067221,-0.094567,-0.064933,13.071479,2468.405,11711.42,6.981661,14.026795,2.2e-05,0.106883,181,16,-3753937792.99998,75.95,4078.0,2690799637.0,0.41304347826087
1,USA-AD-1175,Mexico,MX,841590,201005,5.6992,3,3,3.3599,6,5,3.8698,10,10,-0.2032,3.0,3.0,-0.0339,6.0,6.0,0.6405,12.0,12.0,30.9,3,7,2,2010,84,0.000573,0.002568,0.001995,2.695193,10.596272,4.971335,9389.067221,-0.094567,-0.064933,13.071479,2468.405,11711.42,6.981661,14.026795,0.000573,0.106883,181,16,-3753937792.99998,75.95,4078.0,12894970258.0,0.41304347826087
0,USA-AD-1176,China,CN,730422,201008,-1.0,1,0,-1.0,1,0,-0.9997,4,1,,0.0,0.0,,0.0,0.0,-1.0,1.0,0.0,429.29,1,7,0,2010,73,0.094823,0.4189,0.324076,2.695193,10.596272,10.596272,5764.86535,-0.094567,-0.008951,13.071479,11183.43,1168.165,6.981661,14.026795,0.094823,0.106883,178,16,237810389607.954,77.04,2713.0,,0.335164835164835
0,USA-AD-1176,China,CN,730423,201008,13.5424,1,3,14.7526,1,4,3.5228,2,8,,0.0,0.0,,0.0,0.0,,0.0,0.0,429.29,1,7,0,2010,73,0.028874,0.020842,-0.008032,2.695193,10.596272,10.596272,5764.86535,-0.094567,-0.008951,13.071479,11183.43,1168.165,6.981661,14.026795,0.028874,0.106883,178,16,237810389607.954,77.04,2713.0,,0.335164835164835
1,USA-AD-1176,China,CN,730439,201008,0.0243,3,3,0.1372,6,6,0.2876,12,12,-0.0399,3.0,3.0,-0.0653,6.0,6.0,0.2411,12.0,12.0,429.29,20,7,15,2010,73,,1.103953,,2.695193,10.596272,10.596272,5764.86535,-0.094567,-0.008951,13.071479,11183.43,1168.165,6.981661,14.026795,,0.106883,178,16,237810389607.954,77.04,2713.0,3481417599.0,0.335164835164835
0,USA-AD-1176,China,CN,730449,201008,-0.0826,3,3,-0.0306,6,6,-0.0574,12,12,-0.3265,3.0,3.0,-0.5938,6.0,5.0,-0.5714,11.0,10.0,429.29,3,7,23,2010,73,0.259261,0.282888,0.023627,2.695193,10.596272,10.596272,5764.86535,-0.094567,-0.008951,13.071479,11183.43,1168.165,6.981661,14.026795,0.259261,0.106883,178,16,237810389607.954,77.04,2713.0,1742267202.0,0.335164835164835
1,USA-AD-1176,China,CN,730459,201008,0.2141,3,3,0.698,6,6,0.9723,12,12,760.4839,2.0,3.0,2.8832,5.0,4.0,15.8463,9.0,8.0,429.29,20,7,15,2010,73,,0.386606,,2.695193,10.596272,10.596272,5764.86535,-0.094567,-0.008951,13.071479,11183.43,1168.165,6.981661,14.026795,,0.106883,178,16,237810389607.954,77.04,2713.0,2562817318.0,0.335164835164835
0,USA-AD-1176,China,CN,843143,201008,-0.4571,3,3,-0.4122,6,6,0.1755,12,12,-0.3562,3.0,3.0,-0.1948,6.0,6.0,0.3129,12.0,12.0,429.29,1,7,0,2010,84,0.013085,0.013769,0.000684,2.695193,10.596272,10.596272,5764.86535,-0.094567,-0.008951,13.071479,11183.43,1168.165,6.981661,14.026795,0.013085,0.106883,178,16,237810389607.954,77.04,2713.0,14386830012.0,0.335164835164835
1,USA-AD-1177,China,CN,760421,201011,-0.0795,2,2,-0.0795,2,3,1.8117,4,8,0.437,3.0,2.0,0.4874,6.0,5.0,2.8185,12.0,11.0,59.31,15,7,0,2010,76,0.593398,0.583521,-0.009877,2.695193,10.596272,10.596272,5764.86535,-0.094567,-0.008951,13.071479,11183.43,1168.165,6.981661,14.026795,0.593398,0.106883,175,16,237810389607.954,85.27,2099.0,3056433197.0,0.335164835164835
0,USA-AD-1177,China,CN,760429,201011,0.6944,3,3,0.2714,6,6,0.4604,12,12,0.4199,3.0,3.0,0.2002,6.0,6.0,0.1704,12.0,12.0,59.31,16,7,22,2010,76,0.086605,0.1069,0.020295,2.695193,10.596272,10.596272,5764.86535,-0.094567,-0.008951,13.071479,11183.43,1168.165,6.981661,14.026795,0.086605,0.106883,175,16,237810389607.954,85.27,2099.0,8092838975.0,0.335164835164835
1,USA-AD-1177,China,CN,760820,201011,0.0571,3,3,0.1107,6,6,0.671,12,12,0.0312,3.0,3.0,0.6264,6.0,6.0,0.9086,11.0,12.0,59.31,15,7,0,2010,76,0.487557,0.611644,0.124087,2.695193,10.596272,10.596272,5764.86535,-0.094567,-0.008951,13.071479,11183.43,1168.165,6.981661,14.026795,0.487557,0.106883,175,16,237810389607.954,85.27,2099.0,1777779941.0,0.335164835164835
0,USA-AD-1177,China,CN,761010,201011,0.3549,3,3,0.7093,6,6,0.3716,12,12,0.9512,3.0,3.0,0.0523,6.0,6.0,0.3034,12.0,12.0,59.31,15,7,0,2010,76,0.210588,0.216815,0.006227,2.695193,10.596272,10.596272,5764.86535,-0.094567,-0.008951,13.071479,11183.43,1168.165,6.981661,14.026795,0.210588,0.106883,175,16,237810389607.954,85.27,2099.0,2259607851.0000005,0.335164835164835
0,USA-AD-1177,China,CN,761090,201011,-0.8649,3,3,-0.7692,6,6,-0.5088,12,12,-0.1043,3.0,3.0,-0.1794,6.0,6.0,0.5521,12.0,12.0,59.31,15,7,0,2010,76,0.205322,0.138379,-0.066943,2.695193,10.596272,10.596272,5764.86535,-0.094567,-0.008951,13.071479,11183.43,1168.165,6.981661,14.026795,0.205322,0.106883,175,16,237810389607.954,85.27,2099.0,5268066432.0,0.335164835164835
0,USA-AD-1177,China,CN,761519,201011,0.1555,3,3,0.2064,6,6,0.5493,12,12,-0.0977,3.0,3.0,-0.1588,6.0,6.0,-0.0781,12.0,12.0,59.31,1,7,0,2010,76,0.166518,0.192551,0.026034,2.695193,10.596272,10.596272,5764.86535,-0.094567,-0.008951,13.071479,11183.43,1168.165,6.981661,14.026795,0.166518,0.106883,175,16,237810389607.954,85.27,2099.0,,0.335164835164835
0,USA-AD-1177,China,CN,761520,201011,-0.4221,3,3,0.1197,6,6,0.2957,12,12,,0.0,0.0,,0.0,0.0,,0.0,2.0,59.31,1,7,0,2010,76,0.348307,0.594077,0.24577,2.695193,10.596272,10.596272,5764.86535,-0.094567,-0.008951,13.071479,11183.43,1168.165,6.981661,14.026795,0.348307,0.106883,175,16,237810389607.954,85.27,2099.0,282482004.0,0.335164835164835
0,USA-AD-1177,China,CN,761699,201011,-0.0164,3,3,-0.0053,6,6,0.0624,12,12,0.4804,3.0,3.0,0.5918,6.0,6.0,0.3917,12.0,12.0,59.31,1,7,0,2010,76,0.145,0.161135,0.016135,2.695193,10.596272,10.596272,5764.86535,-0.094567,-0.008951,13.071479,11183.43,1168.165,6.981661,14.026795,0.145,0.106883,175,16,237810389607.954,85.27,2099.0,,0.335164835164835
0,USA-AD-1177,China,CN,841899,201011,0.0852,3,3,-0.1244,6,6,0.0748,12,12,-0.3324,3.0,3.0,-0.0357,6.0,6.0,0.2954,12.0,12.0,59.31,3,7,1,2010,84,0.754756,0.520886,-0.233871,2.695193,10.596272,10.596272,5764.86535,-0.094567,-0.008951,13.071479,11183.43,1168.165,6.981661,14.026795,0.754756,0.106883,175,16,237810389607.954,85.27,2099.0,5581899662.0,0.335164835164835
0,USA-AD-1179,China,CN,441231,201105,1.0313,3,3,1.0581,6,6,1.2636,12,12,,0.0,0.0,,0.0,0.0,,0.0,0.0,82.65,1,7,0,2011,44,0.202569,0.438841,0.236272,1.564407,9.461336,9.461336,6275.909564,-0.041702,-0.045612,15.556343,11183.43,1168.165,3.688032,5.151013,0.202569,0.075012,169,10,136096761577.55,114.99,1480.0,,0.424242424242424
0,USA-AD-1179,China,CN,441232,201105,0.6222,3,3,0.424,6,6,0.7391,12,12,,0.0,0.0,-1.0,1.0,0.0,-1.0,3.0,0.0,82.65,1,7,0,2011,44,0.229156,0.428437,0.199281,1.564407,9.461336,9.461336,6275.909564,-0.041702,-0.045612,15.556343,11183.43,1168.165,3.688032,5.151013,0.229156,0.075012,169,10,136096761577.55,114.99,1480.0,,0.424242424242424
0,USA-AD-1179,China,CN,441239,201105,1.5341,3,3,0.8144,6,6,1.1863,12,12,,0.0,1.0,,0.0,1.0,,0.0,1.0,82.65,1,7,0,2011,44,0.342804,0.545104,0.2023,1.564407,9.461336,9.461336,6275.909564,-0.041702,-0.045612,15.556343,11183.43,1168.165,3.688032,5.151013,0.342804,0.075012,169,10,136096761577.55,114.99,1480.0,,0.424242424242424
0,USA-AD-1179,China,CN,441294,201105,1.5832,3,3,1.9185,6,6,1.6212,12,11,,0.0,0.0,,0.0,0.0,-0.0785,1.0,1.0,82.65,1,7,0,2011,44,0.033354,0.074049,0.040695,1.564407,9.461336,9.461336,6275.909564,-0.041702,-0.045612,15.556343,11183.43,1168.165,3.688032,5.151013,0.033354,0.075012,169,10,136096761577.55,114.99,1480.0,,0.424242424242424
1,USA-AD-1179,China,CN,441299,201105,0.9298,3,3,0.7533,6,6,0.5366,12,12,0.2095,2.0,1.0,-0.1429,5.0,1.0,-0.2676,8.0,2.0,82.65,1,7,0,2011,44,0.503961,0.763789,0.259828,1.564407,9.461336,9.461336,6275.909564,-0.041702,-0.045612,15.556343,11183.43,1168.165,3.688032,5.151013,0.503961,0.075012,169,10,136096761577.55,114.99,1480.0,2918526005.0,0.424242424242424
0,USA-AD-1179,China,CN,441871,201105,,0,2,,0,2,,0,4,,0.0,0.0,,0.0,0.0,,0.0,0.0,82.65,1,7,0,2011,44,0.0,0.961543,0.961543,1.564407,9.461336,9.461336,6275.909564,-0.041702,-0.045612,15.556343,11183.43,1168.165,3.688032,5.151013,0.0,0.075012,169,10,136096761577.55,114.99,1480.0,,0.424242424242424
0,USA-AD-1179,China,CN,441872,201105,1.6792,3,3,1.9934,6,6,2.9396,10,12,,,,,,,,,,82.65,1,7,0,2011,44,0.102769,0.305613,0.202845,1.564407,9.461336,9.461336,6275.909564,-0.041702,-0.045612,15.556343,11183.43,1168.165,3.688032,5.151013,0.102769,0.075012,169,10,136096761577.55,114.99,1480.0,,0.424242424242424
0,USA-AD-1181,Mexico,MX,841810,201111,0.2478,3,3,0.5087,6,6,0.9491,12,12,-0.3781,3.0,3.0,-0.2711,6.0,6.0,-0.0703,12.0,12.0,28.02,2,7,0,2011,84,0.060717,0.076676,0.015959,1.564407,9.461336,3.444045,9575.934378,-0.041702,-0.016832,15.556343,2468.405,11711.42,3.688032,5.151013,0.060717,0.075012,163,10,-10543617766.0,110.77,1846.0,12074530533.0,0.495049504950495
0,USA-AD-1181,Mexico,MX,841821,201111,,0,0,,0,1,3.1361,2,5,-0.1022,3.0,3.0,-0.1429,6.0,6.0,0.2334,11.0,12.0,28.02,2,7,0,2011,84,0.000575,0.008972,0.008397,1.564407,9.461336,3.444045,9575.934378,-0.041702,-0.016832,15.556343,2468.405,11711.42,3.688032,5.151013,0.000575,0.075012,163,10,-10543617766.0,110.77,1846.0,4132189876.0,0.495049504950495
0,USA-AD-1181,Mexico,MX,841899,201111,5.9984,3,3,2.0909,6,6,4.7667,12,12,-0.4065,3.0,3.0,-0.2755,6.0,6.0,0.0227,12.0,12.0,28.02,3,7,2,2011,84,,0.016398,,1.564407,9.461336,3.444045,9575.934378,-0.041702,-0.016832,15.556343,2468.405,11711.42,3.688032,5.151013,,0.075012,163,10,-10543617766.0,110.77,1846.0,6299493150.0,0.495049504950495
0,USA-AD-1182,China,CN,840690,201111,7.091,2,3,9.2397,2,6,8.2238,7,10,-0.7767,3.0,3.0,-0.8144,6.0,5.0,-0.5864,12.0,10.0,193.54,2,7,15,2011,84,0.002196,0.032282,0.030085,1.564407,9.461336,9.461336,6275.909564,-0.041702,-0.045612,15.556343,11183.43,1168.165,3.688032,5.151013,0.002196,0.075012,163,10,136096761577.55,110.77,1846.0,5552701845.0,0.424242424242424
0,USA-AD-1182,China,CN,842099,201111,0.7739,3,3,0.2367,6,6,-0.4273,12,12,,0.0,1.0,,0.0,3.0,2.4657,4.0,7.0,193.54,1,7,0,2011,84,0.075944,0.101566,0.025622,1.564407,9.461336,9.461336,6275.909564,-0.041702,-0.045612,15.556343,11183.43,1168.165,3.688032,5.151013,0.075944,0.075012,163,10,136096761577.55,110.77,1846.0,178266336.0,0.424242424242424
0,USA-AD-1182,China,CN,842290,201111,0.2035,3,3,0.0963,6,6,-0.0915,12,12,-0.1338,3.0,3.0,0.1072,6.0,6.0,0.0611,12.0,12.0,193.54,1,7,0,2011,84,0.154764,0.135609,-0.019155,1.564407,9.461336,9.461336,6275.909564,-0.041702,-0.045612,15.556343,11183.43,1168.165,3.688032,5.151013,0.154764,0.075012,163,10,136096761577.55,110.77,1846.0,6010446620.0,0.424242424242424
0,USA-AD-1182,China,CN,843110,201111,-0.0729,3,3,-0.0506,6,6,-0.0223,12,12,3.2981,3.0,3.0,1.4018,6.0,6.0,0.8598,12.0,12.0,193.54,1,7,0,2011,84,0.650514,0.594127,-0.056387,1.564407,9.461336,9.461336,6275.909564,-0.041702,-0.045612,15.556343,11183.43,1168.165,3.688032,5.151013,0.650514,0.075012,163,10,136096761577.55,110.77,1846.0,1766176185.0,0.424242424242424
0,USA-AD-1182,China,CN,843120,201111,0.0231,3,3,-0.113,6,6,0.088,12,12,0.197,3.0,3.0,0.3219,6.0,6.0,0.4845,12.0,12.0,193.54,2,7,9,2011,84,0.596651,0.679529,0.082878,1.564407,9.461336,9.461336,6275.909564,-0.041702,-0.045612,15.556343,11183.43,1168.165,3.688032,5.151013,0.596651,0.075012,163,10,136096761577.55,110.77,1846.0,5312446504.0,0.424242424242424
0,USA-AD-1182,China,CN,843131,201111,0.0688,3,3,-0.01,6,6,0.146,12,12,-0.6649,3.0,3.0,-0.5836,6.0,6.0,-0.5966,12.0,12.0,193.54,2,7,0,2011,84,0.398333,0.600047,0.201713,1.564407,9.461336,9.461336,6275.909564,-0.041702,-0.045612,15.556343,11183.43,1168.165,3.688032,5.151013,0.398333,0.075012,163,10,136096761577.55,110.77,1846.0,5036906602.0,0.424242424242424
0,USA-AD-1182,China,CN,843139,201111,-0.0009,3,3,0.0665,6,6,0.9855,12,12,-0.6411,3.0,3.0,-0.5966,6.0,6.0,-0.3365,12.0,12.0,193.54,3,7,9,2011,84,0.29811,0.388661,0.090551,1.564407,9.461336,9.461336,6275.909564,-0.041702,-0.045612,15.556343,11183.43,1168.165,3.688032,5.151013,0.29811,0.075012,163,10,136096761577.55,110.77,1846.0,7039770954.0,0.424242424242424
0,USA-AD-1182,China,CN,843143,201111,-0.9287,3,3,-0.8897,6,6,-0.8064,12,12,0.082,3.0,3.0,0.1388,6.0,6.0,0.0723,12.0,12.0,193.54,1,7,1,2011,84,0.179782,0.013966,-0.165816,1.564407,9.461336,9.461336,6275.909564,-0.041702,-0.045612,15.556343,11183.43,1168.165,3.688032,5.151013,0.179782,0.075012,163,10,136096761577.55,110.77,1846.0,15175875854.0,0.424242424242424
0,USA-AD-1182,China,CN,843149,201111,0.0569,3,3,0.094,6,6,0.1157,12,12,0.107,3.0,3.0,0.0494,6.0,6.0,0.1495,12.0,12.0,193.54,2,7,0,2011,84,0.458268,0.418152,-0.040116,1.564407,9.461336,9.461336,6275.909564,-0.041702,-0.045612,15.556343,11183.43,1168.165,3.688032,5.151013,0.458268,0.075012,163,10,136096761577.55,110.77,1846.0,28865776280.0,0.424242424242424
0,USA-AD-1182,China,CN,843290,201111,1.4261,3,3,0.2137,6,6,-0.2452,12,12,0.0844,3.0,3.0,0.3734,6.0,6.0,0.4828,12.0,12.0,193.54,3,7,2,2011,84,0.650372,0.547069,-0.103303,1.564407,9.461336,9.461336,6275.909564,-0.041702,-0.045612,15.556343,11183.43,1168.165,3.688032,5.151013,0.650372,0.075012,163,10,136096761577.55,110.77,1846.0,2536005673.0,0.424242424242424
0,USA-AD-1182,China,CN,843390,201111,-0.2527,3,3,-0.2669,6,6,0.074,12,12,1.0952,3.0,3.0,48.5424,5.0,6.0,20.4045,10.0,12.0,193.54,4,7,0,2011,84,0.234511,0.246582,0.012071,1.564407,9.461336,9.461336,6275.909564,-0.041702,-0.045612,15.556343,11183.43,1168.165,3.688032,5.151013,0.234511,0.075012,163,10,136096761577.55,110.77,1846.0,5516298984.0,0.424242424242424
0,USA-AD-1182,China,CN,843699,201111,-0.1843,3,3,-0.0332,6,6,0.1017,12,12,-0.8132,3.0,3.0,-0.4846,6.0,6.0,-0.3344,12.0,12.0,193.54,2,7,0,2011,84,0.266415,0.284024,0.01761,1.564407,9.461336,9.461336,6275.909564,-0.041702,-0.045612,15.556343,11183.43,1168.165,3.688032,5.151013,0.266415,0.075012,163,10,136096761577.55,110.77,1846.0,1429559065.0,0.424242424242424
0,USA-AD-1182,China,CN,847990,201111,0.2877,3,3,0.2848,6,6,0.2685,12,12,-0.0474,3.0,3.0,0.03,6.0,6.0,0.063,12.0,12.0,193.54,1,7,2,2011,84,0.064475,0.085916,0.021441,1.564407,9.461336,9.461336,6275.909564,-0.041702,-0.045612,15.556343,11183.43,1168.165,3.688032,5.151013,0.064475,0.075012,163,10,136096761577.55,110.77,1846.0,29249996219.0,0.424242424242424
0,USA-AD-1182,China,CN,848790,201111,0.0501,3,3,0.0272,6,6,-0.1014,12,12,0.0572,3.0,3.0,0.1177,6.0,6.0,0.148,12.0,12.0,193.54,1,7,0,2011,84,0.050356,0.052906,0.00255,1.564407,9.461336,9.461336,6275.909564,-0.041702,-0.045612,15.556343,11183.43,1168.165,3.688032,5.151013,0.050356,0.075012,163,10,136096761577.55,110.77,1846.0,,0.424242424242424
1,USA-AD-1182,China,CN,860719,201111,0.8211,3,3,0.0861,6,6,0.8759,12,12,0.564,3.0,3.0,0.6121,6.0,6.0,0.6926,12.0,12.0,193.54,1,7,0,2011,86,0.349889,0.539387,0.189498,1.564407,9.461336,9.461336,6275.909564,-0.041702,-0.045612,15.556343,11183.43,1168.165,3.688032,5.151013,0.349889,0.075012,163,10,136096761577.55,110.77,1846.0,3764007570.0,0.424242424242424
0,USA-AD-1182,China,CN,870870,201111,-0.3606,3,3,-0.6063,6,6,-0.6311,12,12,0.0539,3.0,3.0,0.1461,6.0,6.0,0.4061,12.0,12.0,193.54,5,7,9,2011,87,0.840285,0.749262,-0.091023,1.564407,9.461336,9.461336,6275.909564,-0.041702,-0.045612,15.556343,11183.43,1168.165,3.688032,5.151013,0.840285,0.075012,163,10,136096761577.55,110.77,1846.0,17068492570.0,0.424242424242424
0,USA-AD-1182,China,CN,870990,201111,-0.8633,3,3,-0.8462,6,6,-0.8269,11,10,1.4586,3.0,3.0,3.7399,6.0,6.0,5.9616,12.0,12.0,193.54,2,7,0,2011,87,0.152776,0.023566,-0.129211,1.564407,9.461336,9.461336,6275.909564,-0.041702,-0.045612,15.556343,11183.43,1168.165,3.688032,5.151013,0.152776,0.075012,163,10,136096761577.55,110.77,1846.0,556599871.0,0.424242424242424
0,USA-AD-1182,China,CN,871000,201111,,0,0,,0,0,,0,0,8.7852,2.0,3.0,6.412,5.0,6.0,5.0003,9.0,10.0,193.54,1,7,0,2011,87,0.0,0.0,0.0,1.564407,9.461336,9.461336,6275.909564,-0.041702,-0.045612,15.556343,11183.43,1168.165,3.688032,5.151013,0.0,0.075012,163,10,136096761577.55,110.77,1846.0,3317167690.0,0.424242424242424
0,USA-AD-1182,China,CN,871419,201111,-0.5659,3,2,-0.8142,6,2,-0.9097,12,2,-0.4179,3.0,2.0,-0.7359,6.0,2.0,-0.8672,12.0,2.0,193.54,1,7,0,2011,87,0.583348,0.464534,-0.118814,1.564407,9.461336,9.461336,6275.909564,-0.041702,-0.045612,15.556343,11183.43,1168.165,3.688032,5.151013,0.583348,0.075012,163,10,136096761577.55,110.77,1846.0,6884538098.0,0.424242424242424
0,USA-AD-1182,China,CN,871690,201111,-0.0285,3,3,-0.0839,6,6,0.059,12,12,0.0275,3.0,3.0,0.1248,6.0,6.0,0.3741,12.0,12.0,193.54,3,7,7,2011,87,0.716329,0.781082,0.064753,1.564407,9.461336,9.461336,6275.909564,-0.041702,-0.045612,15.556343,11183.43,1168.165,3.688032,5.151013,0.716329,0.075012,163,10,136096761577.55,110.77,1846.0,7603657433.0,0.424242424242424
0,USA-AD-1182,China,CN,880320,201111,,0,0,,0,0,8.63,1,2,-0.4879,3.0,3.0,-0.5632,6.0,6.0,-0.0554,12.0,12.0,193.54,1,7,9,2011,88,0.00029,0.001087,0.000797,1.564407,9.461336,9.461336,6275.909564,-0.041702,-0.045612,15.556343,11183.43,1168.165,3.688032,5.151013,0.00029,0.075012,163,10,136096761577.55,110.77,1846.0,4841287039.0,0.424242424242424
0,USA-AD-1183,China,CN,721720,201111,0.2765,3,3,0.1049,6,6,0.1229,12,12,-0.0879,3.0,3.0,0.1357,6.0,6.0,0.4622,12.0,12.0,235.0,6,7,1,2011,72,1.174955,0.995072,-0.179883,1.564407,9.461336,9.461336,6275.909564,-0.041702,-0.045612,15.556343,11183.43,1168.165,3.688032,5.151013,1.174955,0.075012,163,10,136096761577.55,110.77,1846.0,,0.424242424242424
0,USA-AD-1183,China,CN,721790,201111,-0.2456,3,3,-0.2193,6,6,-0.3447,12,12,-0.1794,2.0,2.0,-0.5911,4.0,2.0,-0.7988,8.0,3.0,235.0,11,7,0,2011,72,0.814237,0.802799,-0.011438,1.564407,9.461336,9.461336,6275.909564,-0.041702,-0.045612,15.556343,11183.43,1168.165,3.688032,5.151013,0.814237,0.075012,163,10,136096761577.55,110.77,1846.0,,0.424242424242424
0,USA-AD-1183,China,CN,722920,201111,-0.5795,3,3,-0.3995,6,6,0.5623,11,12,,,,,,,,,,235.0,2,7,0,2011,72,0.99727,0.996842,-0.000428,1.564407,9.461336,9.461336,6275.909564,-0.041702,-0.045612,15.556343,11183.43,1168.165,3.688032,5.151013,0.99727,0.075012,163,10,136096761577.55,110.77,1846.0,633599246.0,0.424242424242424
0,USA-AD-1183,China,CN,722990,201111,0.0897,3,3,-0.4111,6,6,0.0098,12,12,0.0505,3.0,3.0,0.0481,6.0,6.0,0.3294,12.0,12.0,235.0,12,7,0,2011,72,0.233255,0.155947,-0.077308,1.564407,9.461336,9.461336,6275.909564,-0.041702,-0.045612,15.556343,11183.43,1168.165,3.688032,5.151013,0.233255,0.075012,163,10,136096761577.55,110.77,1846.0,1893573743.0,0.424242424242424
0,USA-AD-1184,Mexico,MX,721720,201111,,0,0,,0,0,,0,0,-0.0879,3.0,3.0,0.1357,6.0,6.0,0.4622,12.0,12.0,59.37,6,7,1,2011,72,0.0,0.0,0.0,1.564407,9.461336,3.444045,9575.934378,-0.041702,-0.016832,15.556343,2468.405,11711.42,3.688032,5.151013,0.0,0.075012,163,10,-10543617766.0,110.77,1846.0,,0.495049504950495
0,USA-AD-1184,Mexico,MX,721790,201111,,0,0,,0,0,,0,0,-0.1794,2.0,2.0,-0.5911,4.0,2.0,-0.7988,8.0,3.0,59.37,11,7,0,2011,72,0.0,0.0,0.0,1.564407,9.461336,3.444045,9575.934378,-0.041702,-0.016832,15.556343,2468.405,11711.42,3.688032,5.151013,0.0,0.075012,163,10,-10543617766.0,110.77,1846.0,,0.495049504950495
0,USA-AD-1184,Mexico,MX,722990,201111,,0,0,-1.0,1,0,4.6,1,1,0.0505,3.0,3.0,0.0481,6.0,6.0,0.3294,12.0,12.0,59.37,12,7,0,2011,72,2e-06,1e-06,-1e-06,1.564407,9.461336,3.444045,9575.934378,-0.041702,-0.016832,15.556343,2468.405,11711.42,3.688032,5.151013,2e-06,0.075012,163,10,-10543617766.0,110.77,1846.0,1893573743.0,0.495049504950495
0,USA-AD-1185,United Arab Emirates,AE,731700,201111,,0,0,,0,0,,0,0,0.0993,3.0,3.0,0.0529,6.0,6.0,0.2118,12.0,12.0,23.48,11,7,14,2011,73,0.0,0.0,0.0,1.564407,9.461336,6.736468,43687.778278,-0.041702,0.0,15.556343,12196.15,6864.77,3.688032,5.151013,0.0,0.075012,163,10,,110.77,1846.0,2602352986.0,0.430693069306931
0,USA-AD-1186,China,CN,292159,201111,0.1078,3,3,0.0721,6,6,-0.0214,12,12,,0.0,0.0,,0.0,0.0,,0.0,0.0,141.08,4,7,0,2011,29,0.433066,0.405622,-0.027445,1.564407,9.461336,9.461336,6275.909564,-0.041702,-0.045612,15.556343,11183.43,1168.165,3.688032,5.151013,0.433066,0.075012,163,10,136096761577.55,110.77,1846.0,616023192.0,0.424242424242424
0,USA-AD-1186,China,CN,293369,201111,0.0818,3,3,-0.007,6,6,-0.0284,12,12,-0.8776,2.0,2.0,-0.9304,5.0,5.0,-0.9261,11.0,9.0,141.08,4,7,7,2011,29,0.523255,0.490521,-0.032734,1.564407,9.461336,9.461336,6275.909564,-0.041702,-0.045612,15.556343,11183.43,1168.165,3.688032,5.151013,0.523255,0.075012,163,10,136096761577.55,110.77,1846.0,1936972075.0,0.424242424242424
0,USA-AD-1186,China,CN,320420,201111,-0.096,3,3,-0.1571,6,6,0.0275,12,12,0.2311,2.0,3.0,-0.3185,5.0,6.0,-0.3183,11.0,12.0,141.08,4,7,0,2011,32,0.572582,0.495504,-0.077079,1.564407,9.461336,9.461336,6275.909564,-0.041702,-0.045612,15.556343,11183.43,1168.165,3.688032,5.151013,0.572582,0.075012,163,10,136096761577.55,110.77,1846.0,753260846.0,0.424242424242424
0,USA-AD-1187,Taiwan,TW,292159,201111,-1.0,2,0,-0.1077,3,1,-0.51,8,3,,0.0,0.0,,0.0,0.0,,0.0,0.0,12.03,4,7,0,2011,29,0.022499,0.008228,-0.014271,1.564407,9.461336,,,-0.041702,,15.556343,12155.88,1520.398,3.688032,5.151013,0.022499,0.075012,163,10,,110.77,1846.0,616023192.0,
0,USA-AD-1187,Taiwan,TW,293369,201111,1.4137,3,2,0.807,6,5,-0.0515,11,10,-0.8776,2.0,2.0,-0.9304,5.0,5.0,-0.9261,11.0,9.0,12.03,4,7,7,2011,29,0.048516,0.042038,-0.006478,1.564407,9.461336,,,-0.041702,,15.556343,12155.88,1520.398,3.688032,5.151013,0.048516,0.075012,163,10,,110.77,1846.0,1936972075.0,
0,USA-AD-1187,Taiwan,TW,320420,201111,14.6923,3,3,3.6027,4,6,4.027,5,12,0.2311,2.0,3.0,-0.3185,5.0,6.0,-0.3183,11.0,12.0,12.03,4,7,0,2011,32,0.001901,0.005749,0.003848,1.564407,9.461336,,,-0.041702,,15.556343,12155.88,1520.398,3.688032,5.151013,0.001901,0.075012,163,10,,110.77,1846.0,753260846.0,
0,USA-AD-1188,China,CN,731100,201112,0.0393,3,3,-0.1394,6,6,-0.3181,12,12,0.321,3.0,3.0,0.851,6.0,6.0,1.4209,12.0,12.0,26.23,4,7,0,2011,73,0.224044,0.189509,-0.034535,1.564407,9.461336,9.461336,6275.909564,-0.041702,-0.045612,15.556343,11183.43,1168.165,3.688032,5.151013,0.224044,0.075012,162,10,136096761577.55,107.87,1738.0,3428461676.0,0.424242424242424
0,USA-AD-1190,China,CN,850131,201205,-0.0163,3,3,-0.0275,6,6,-0.1993,12,12,0.1553,3.0,3.0,0.1626,6.0,6.0,0.1672,12.0,12.0,249.96,2,7,0,2012,85,0.540691,0.562437,0.021747,2.289113,7.856174,7.856174,6723.194438,0.016759,-0.02308,6.03605,11183.43,1168.165,2.547666,1.749654,0.540691,-0.011207,157,13,215391747469.441,110.34,923.0,7344983123.0,0.331521739130435
0,USA-AD-1190,China,CN,850161,201205,0.0216,3,3,0.2153,6,6,-0.0075,12,12,1.8442,1.0,3.0,-0.7919,3.0,3.0,-0.7054,9.0,8.0,249.96,2,7,0,2012,85,0.135581,0.222739,0.087158,2.289113,7.856174,7.856174,6723.194438,0.016759,-0.02308,6.03605,11183.43,1168.165,2.547666,1.749654,0.135581,-0.011207,157,13,215391747469.441,110.34,923.0,1213928140.0,0.331521739130435
0,USA-AD-1190,China,CN,850720,201205,0.0411,3,3,-0.1482,6,6,-0.148,12,12,-0.0012,3.0,3.0,-0.1784,6.0,6.0,-0.1824,12.0,12.0,249.96,6,7,0,2012,85,0.581042,0.477284,-0.103758,2.289113,7.856174,7.856174,6723.194438,0.016759,-0.02308,6.03605,11183.43,1168.165,2.547666,1.749654,0.581042,-0.011207,157,13,215391747469.441,110.34,923.0,5874740804.0,0.331521739130435
0,USA-AD-1190,China,CN,854140,201205,-0.227,3,3,0.3903,6,6,0.6287,12,12,-0.3315,3.0,3.0,0.0355,6.0,6.0,0.7678,12.0,12.0,249.96,2,7,0,2012,85,0.425597,0.401994,-0.023603,2.289113,7.856174,7.856174,6723.194438,0.016759,-0.02308,6.03605,11183.43,1168.165,2.547666,1.749654,0.425597,-0.011207,157,13,215391747469.441,110.34,923.0,54616796842.0,0.331521739130435
0,USA-AD-1191,India,IN,730619,201206,,0,0,,0,0,,0,0,0.0663,3.0,3.0,0.1782,6.0,6.0,0.2786,12.0,12.0,48.43,9,7,4,2012,73,0.0,0.0,0.0,2.289113,7.856174,5.456388,1333.096266,0.016759,0.14499,6.03605,13131.91,5108.001,2.547666,1.749654,0.0,-0.011207,156,13,-91471245845.723,95.16,1004.0,,0.340425531914894
0,USA-AD-1191,India,IN,730630,201206,,0,0,,0,0,-1.0,1,0,0.0411,3.0,3.0,0.1417,6.0,6.0,0.1912,12.0,12.0,48.43,23,7,20,2012,73,0.000369,0.0,-0.000369,2.289113,7.856174,5.456388,1333.096266,0.016759,0.14499,6.03605,13131.91,5108.001,2.547666,1.749654,0.000369,-0.011207,156,13,-91471245845.723,95.16,1004.0,6982494338.0,0.340425531914894
0,USA-AD-1191,India,IN,730650,201206,,0,1,,0,1,,0,1,1.8196,3.0,3.0,1.7576,6.0,5.0,1.3906,12.0,9.0,48.43,16,7,4,2012,73,0.0,5.8e-05,5.8e-05,2.289113,7.856174,5.456388,1333.096266,0.016759,0.14499,6.03605,13131.91,5108.001,2.547666,1.749654,0.0,-0.011207,156,13,-91471245845.723,95.16,1004.0,809669204.0,0.340425531914894
0,USA-AD-1192,Oman,OM,730619,201206,,0,0,,0,0,,0,0,0.0663,3.0,3.0,0.1782,6.0,6.0,0.2786,12.0,12.0,5.59,9,7,4,2012,73,0.0,0.0,0.0,2.289113,7.856174,8.863122,19824.121549,0.016759,0.0,6.03605,12482.55,6785.76,2.547666,1.749654,0.0,-0.011207,156,13,7858653768.27061,95.16,1004.0,,0.356382978723404
0,USA-AD-1192,Oman,OM,730630,201206,,0,0,,0,0,,0,0,0.0411,3.0,3.0,0.1417,6.0,6.0,0.1912,12.0,12.0,5.59,23,7,20,2012,73,0.0,0.0,0.0,2.289113,7.856174,8.863122,19824.121549,0.016759,0.0,6.03605,12482.55,6785.76,2.547666,1.749654,0.0,-0.011207,156,13,7858653768.27061,95.16,1004.0,6982494338.0,0.356382978723404
0,USA-AD-1192,Oman,OM,730650,201206,,0,0,,0,0,,0,0,1.8196,3.0,3.0,1.7576,6.0,5.0,1.3906,12.0,9.0,5.59,16,7,4,2012,73,0.0,0.0,0.0,2.289113,7.856174,8.863122,19824.121549,0.016759,0.0,6.03605,12482.55,6785.76,2.547666,1.749654,0.0,-0.011207,156,13,7858653768.27061,95.16,1004.0,809669204.0,0.356382978723404
0,USA-AD-1193,United Arab Emirates,AE,730619,201206,,0,0,,0,3,,0,3,0.0663,3.0,3.0,0.1782,6.0,6.0,0.2786,12.0,12.0,3.29,9,7,4,2012,73,0.0,0.741287,0.741287,2.289113,7.856174,4.683266,43958.568112,0.016759,0.0,6.03605,12196.15,6864.77,2.547666,1.749654,0.0,-0.011207,156,13,,95.16,1004.0,,0.367021276595745
0,USA-AD-1193,United Arab Emirates,AE,730630,201206,,0,0,,0,0,,0,0,0.0411,3.0,3.0,0.1417,6.0,6.0,0.1912,12.0,12.0,3.29,23,7,20,2012,73,0.0,0.0,0.0,2.289113,7.856174,4.683266,43958.568112,0.016759,0.0,6.03605,12196.15,6864.77,2.547666,1.749654,0.0,-0.011207,156,13,,95.16,1004.0,6982494338.0,0.367021276595745
0,USA-AD-1193,United Arab Emirates,AE,730650,201206,,0,0,,0,0,,0,0,1.8196,3.0,3.0,1.7576,6.0,5.0,1.3906,12.0,9.0,3.29,16,7,4,2012,73,0.0,0.0,0.0,2.289113,7.856174,4.683266,43958.568112,0.016759,0.0,6.03605,12196.15,6864.77,2.547666,1.749654,0.0,-0.011207,156,13,,95.16,1004.0,809669204.0,0.367021276595745
0,USA-AD-1194,Vietnam,VN,730619,201206,-0.6033,1,1,0.1358,2,2,-0.7514,6,4,0.0663,3.0,3.0,0.1782,6.0,6.0,0.2786,12.0,12.0,27.96,9,7,4,2012,73,0.021445,0.007951,-0.013494,2.289113,7.856174,5.504545,2224.114043,0.016759,0.015517,6.03605,13715.75,3257.774,2.547666,1.749654,0.021445,-0.011207,156,13,9429000000.0,95.16,1004.0,,0.358695652173913
0,USA-AD-1194,Vietnam,VN,730630,201206,0.0332,3,2,0.009,6,5,0.0145,12,11,0.0411,3.0,3.0,0.1417,6.0,6.0,0.1912,12.0,12.0,27.96,23,7,20,2012,73,0.019502,0.018557,-0.000945,2.289113,7.856174,5.504545,2224.114043,0.016759,0.015517,6.03605,13715.75,3257.774,2.547666,1.749654,0.019502,-0.011207,156,13,9429000000.0,95.16,1004.0,6982494338.0,0.358695652173913
0,USA-AD-1194,Vietnam,VN,730650,201206,,0,0,,0,0,,0,0,1.8196,3.0,3.0,1.7576,6.0,5.0,1.3906,12.0,9.0,27.96,16,7,4,2012,73,0.0,0.0,0.0,2.289113,7.856174,5.504545,2224.114043,0.016759,0.015517,6.03605,13715.75,3257.774,2.547666,1.749654,0.0,-0.011207,156,13,9429000000.0,95.16,1004.0,809669204.0,0.358695652173913
0,USA-AD-1195,China,CN,730820,201208,-1.0,3,0,-0.9912,6,1,-0.9934,11,1,-1.0,1.0,0.0,-1.0,1.0,0.0,-1.0,1.0,0.0,72.69,8,7,0,2012,73,0.517862,0.009042,-0.50882,2.289113,7.856174,7.856174,6723.194438,0.016759,-0.02308,6.03605,11183.43,1168.165,2.547666,1.749654,0.517862,-0.011207,154,13,215391747469.441,113.36,703.0,4473166237.0,0.331521739130435
0,USA-AD-1195,China,CN,850231,201208,0.6084,3,3,0.1382,6,6,0.217,10,12,,0.0,1.0,,0.0,2.0,,0.0,3.0,72.69,8,7,0,2012,85,0.33221,0.239929,-0.092281,2.289113,7.856174,7.856174,6723.194438,0.016759,-0.02308,6.03605,11183.43,1168.165,2.547666,1.749654,0.33221,-0.011207,154,13,215391747469.441,113.36,703.0,,0.331521739130435
0,USA-AD-1196,Vietnam,VN,730820,201208,-1.0,1,0,3.1793,3,2,1.0915,7,2,-1.0,1.0,0.0,-1.0,1.0,0.0,-1.0,1.0,0.0,59.91,8,7,0,2012,73,0.222902,0.732428,0.509527,2.289113,7.856174,5.504545,2224.114043,0.016759,0.015517,6.03605,13715.75,3257.774,2.547666,1.749654,0.222902,-0.011207,154,13,9429000000.0,113.36,703.0,4473166237.0,0.358695652173913
0,USA-AD-1196,Vietnam,VN,850231,201208,,0,0,,0,0,,0,0,,0.0,1.0,,0.0,2.0,,0.0,3.0,59.91,8,7,0,2012,85,0.0,0.0,0.0,2.289113,7.856174,5.504545,2224.114043,0.016759,0.015517,6.03605,13715.75,3257.774,2.547666,1.749654,0.0,-0.011207,154,13,9429000000.0,113.36,703.0,,0.358695652173913
0,USA-AD-1197,Taiwan,TW,732399,201208,-0.5658,3,3,-0.2629,6,6,0.4118,11,12,-0.461,3.0,3.0,0.0052,6.0,6.0,0.0364,12.0,12.0,69.98,3,7,4,2012,73,0.023035,0.020674,-0.002361,2.289113,7.856174,,,0.016759,,6.03605,12155.88,1520.398,2.547666,1.749654,0.023035,-0.011207,154,13,,113.36,703.0,3093317966.0,
0,USA-AD-1197,Taiwan,TW,732620,201208,-0.0625,1,1,1.0335,3,3,5.1711,5,8,-0.7201,3.0,3.0,-0.5063,6.0,6.0,0.4019,12.0,12.0,69.98,11,7,23,2012,73,0.000544,0.002733,0.002189,2.289113,7.856174,,,0.016759,,6.03605,12155.88,1520.398,2.547666,1.749654,0.000544,-0.011207,154,13,,113.36,703.0,2607149520.9999995,
0,USA-AD-1198,Vietnam,VN,732399,201208,1.7586,2,1,-0.3125,5,3,11.9447,8,8,-0.461,3.0,3.0,0.0052,6.0,6.0,0.0364,12.0,12.0,187.51,3,7,4,2012,73,0.000512,0.005808,0.005296,2.289113,7.856174,5.504545,2224.114043,0.016759,0.015517,6.03605,13715.75,3257.774,2.547666,1.749654,0.000512,-0.011207,154,13,9429000000.0,113.36,703.0,3093317966.0,0.358695652173913
0,USA-AD-1198,Vietnam,VN,732620,201208,1.3261,2,2,10.3038,3,5,6.3747,6,11,-0.7201,3.0,3.0,-0.5063,6.0,6.0,0.4019,12.0,12.0,187.51,11,7,23,2012,73,9.2e-05,0.000372,0.00028,2.289113,7.856174,5.504545,2224.114043,0.016759,0.015517,6.03605,13715.75,3257.774,2.547666,1.749654,9.2e-05,-0.011207,154,13,9429000000.0,113.36,703.0,2607149520.9999995,0.358695652173913
0,USA-AD-1200,Mexico,MX,845011,201208,-0.5172,3,2,-0.3252,6,4,-0.2691,10,9,-0.3871,3.0,3.0,-0.4986,6.0,6.0,-0.4101,12.0,12.0,33.3,3,7,0,2012,84,0.014652,0.002285,-0.012367,2.289113,7.856174,3.553211,9782.517763,0.016759,0.060059,6.03605,2468.405,11711.42,2.547666,1.749654,0.014652,-0.011207,154,13,-17695157348.9999,113.36,703.0,8919152487.0,0.425531914893617
0,USA-AD-1200,Mexico,MX,845020,201208,,0,0,-0.9266,1,1,-0.5764,2,2,-0.3994,3.0,3.0,-0.4789,6.0,6.0,-0.5199,12.0,12.0,33.3,3,7,0,2012,84,0.00174,0.000637,-0.001103,2.289113,7.856174,3.553211,9782.517763,0.016759,0.060059,6.03605,2468.405,11711.42,2.547666,1.749654,0.00174,-0.011207,154,13,-17695157348.9999,113.36,703.0,3150883974.0,0.425531914893617
0,USA-AD-1200,Mexico,MX,845090,201208,-0.9663,3,3,-0.8059,6,6,-0.7743,12,12,-0.2565,3.0,3.0,-0.1164,6.0,6.0,-0.1029,12.0,12.0,33.3,3,7,0,2012,84,0.020128,0.010926,-0.009202,2.289113,7.856174,3.553211,9782.517763,0.016759,0.060059,6.03605,2468.405,11711.42,2.547666,1.749654,0.020128,-0.011207,154,13,-17695157348.9999,113.36,703.0,1766867234.0,0.425531914893617
1,USA-AD-1201,China,CN,732410,201210,0.2278,3,3,0.1895,6,6,1.0009,12,12,0.8585,3.0,3.0,1.5473,6.0,6.0,2.6408,12.0,12.0,76.53,1,7,0,2012,73,0.423865,0.374912,-0.048954,2.289113,7.856174,7.856174,6723.194438,0.016759,-0.02308,6.03605,11183.43,1168.165,2.547666,1.749654,0.423865,-0.011207,152,13,215391747469.441,111.71,1026.0,1022104602.0,0.331521739130435
0,USA-AD-1202,Austria,AT,391390,201301,-0.0576,2,2,-0.241,4,4,-0.1913,7,6,0.425,3.0,3.0,1.6236,6.0,6.0,0.41,12.0,12.0,17.18,2,7,0,2013,39,0.016602,0.012442,-0.00416,2.11783,7.778724,-0.250726,43851.36755,-0.028243,-0.032625,3.98285,8124.255,8469.964,3.291396,3.50194,0.016602,-0.006682,149,8,7477923514.03497,112.96,760.0,1979505100.0,0.638297872340426
0,USA-AD-1203,China,CN,391390,201301,-0.1337,3,3,0.1181,6,6,0.3124,12,12,0.425,3.0,3.0,1.6236,6.0,6.0,0.41,12.0,12.0,154.07,2,7,0,2013,39,0.229967,0.239412,0.009445,2.11783,7.778724,7.778724,7198.068765,-0.028243,-0.018468,3.98285,11183.43,1168.165,3.291396,3.50194,0.229967,-0.006682,149,8,148203949879.877,112.96,760.0,1979505100.0,0.397849462365591
0,USA-AD-1204,China,CN,441210,201305,0.005,3,3,-0.3308,6,6,-0.4781,12,12,,0.0,1.0,0.0,1.0,1.0,-0.2939,3.0,2.0,63.96,1,7,0,2013,44,0.907245,0.852463,-0.054783,2.11783,7.778724,7.778724,7198.068765,-0.028243,-0.018468,3.98285,11183.43,1168.165,3.291396,3.50194,0.907245,-0.006682,145,8,148203949879.877,102.56,809.0,,0.397849462365591
0,USA-AD-1204,China,CN,441231,201305,0.0785,3,3,0.3445,6,6,-0.0722,12,12,,0.0,0.0,,0.0,0.0,-1.0,1.0,0.0,63.96,1,7,2,2013,44,0.42551,0.405181,-0.020329,2.11783,7.778724,7.778724,7198.068765,-0.028243,-0.018468,3.98285,11183.43,1168.165,3.291396,3.50194,0.42551,-0.006682,145,8,148203949879.877,102.56,809.0,,0.397849462365591
0,USA-AD-1204,China,CN,441232,201305,0.1832,3,3,0.1173,6,6,-0.1594,12,12,,0.0,0.0,,0.0,0.0,,0.0,0.0,63.96,1,7,2,2013,44,0.287943,0.205222,-0.082721,2.11783,7.778724,7.778724,7198.068765,-0.028243,-0.018468,3.98285,11183.43,1168.165,3.291396,3.50194,0.287943,-0.006682,145,8,148203949879.877,102.56,809.0,,0.397849462365591
0,USA-AD-1204,China,CN,441239,201305,0.4401,3,3,-0.0545,6,6,3.8618,12,12,,0.0,0.0,,0.0,0.0,,0.0,1.0,63.96,1,7,2,2013,44,0.467907,0.807763,0.339857,2.11783,7.778724,7.778724,7198.068765,-0.028243,-0.018468,3.98285,11183.43,1168.165,3.291396,3.50194,0.467907,-0.006682,145,8,148203949879.877,102.56,809.0,,0.397849462365591
0,USA-AD-1204,China,CN,441294,201305,1.1718,3,3,0.3714,6,6,0.7871,11,12,-1.0,1.0,0.0,-1.0,1.0,0.0,-1.0,2.0,0.0,63.96,1,7,2,2013,44,0.044176,0.059655,0.015479,2.11783,7.778724,7.778724,7198.068765,-0.028243,-0.018468,3.98285,11183.43,1168.165,3.291396,3.50194,0.044176,-0.006682,145,8,148203949879.877,102.56,809.0,,0.397849462365591
1,USA-AD-1204,China,CN,441299,201305,0.3437,3,3,0.6748,6,6,0.8934,12,12,20.1009,1.0,1.0,20.1009,1.0,1.0,0.7854,2.0,2.0,63.96,1,7,2,2013,44,0.655344,0.640532,-0.014812,2.11783,7.778724,7.778724,7198.068765,-0.028243,-0.018468,3.98285,11183.43,1168.165,3.291396,3.50194,0.655344,-0.006682,145,8,148203949879.877,102.56,809.0,2950223092.0,0.397849462365591
0,USA-AD-1205,China,CN,690220,201306,-0.1114,3,3,-0.2398,6,6,-0.0253,12,12,,0.0,2.0,-0.4154,2.0,4.0,-0.1866,6.0,6.0,91.16,1,7,0,2013,69,0.53628,0.406174,-0.130106,2.11783,7.778724,7.778724,7198.068765,-0.028243,-0.018468,3.98285,11183.43,1168.165,3.291396,3.50194,0.53628,-0.006682,144,8,148203949879.877,102.92,1171.0,1598181258.0,0.397849462365591
0,USA-AD-1205,China,CN,690919,201306,-0.3922,3,3,-0.3579,6,6,-0.0173,12,12,-0.4455,3.0,3.0,0.3136,6.0,6.0,1.9092,12.0,12.0,91.16,14,7,11,2013,69,0.162421,0.194887,0.032465,2.11783,7.778724,7.778724,7198.068765,-0.028243,-0.018468,3.98285,11183.43,1168.165,3.291396,3.50194,0.162421,-0.006682,144,8,148203949879.877,102.92,1171.0,3751777781.0,0.397849462365591
1,USA-AD-1206,Japan,JP,721070,201311,-1.0,1,0,6.9202,3,3,14.7639,3,7,0.5164,3.0,3.0,0.4571,6.0,6.0,0.6742,12.0,12.0,47.8,34,7,20,2013,72,0.00047,0.008453,0.007983,2.11783,7.778724,2.0051,34239.886247,-0.028243,0.22315,3.98285,10286.19,951.7373,3.291396,3.50194,0.00047,-0.006682,139,8,46378535980.112,107.79,1821.0,9463617459.999998,0.632978723404255
0,USA-AD-1206,Japan,JP,721090,201311,-0.0845,3,3,-0.2563,6,6,-0.035,12,12,-0.9647,1.0,1.0,0.2537,3.0,3.0,0.3085,5.0,7.0,47.8,34,7,20,2013,72,0.518056,0.507322,-0.010734,2.11783,7.778724,2.0051,34239.886247,-0.028243,0.22315,3.98285,10286.19,951.7373,3.291396,3.50194,0.518056,-0.006682,139,8,46378535980.112,107.79,1821.0,1307660728.0,0.632978723404255
0,USA-AD-1206,Japan,JP,721240,201311,0.0324,3,3,0.0183,6,6,-0.0694,12,12,0.1588,3.0,3.0,0.1359,6.0,6.0,0.2591,12.0,12.0,47.8,34,7,20,2013,72,0.2703,0.274298,0.003998,2.11783,7.778724,2.0051,34239.886247,-0.028243,0.22315,3.98285,10286.19,951.7373,3.291396,3.50194,0.2703,-0.006682,139,8,46378535980.112,107.79,1821.0,919961243.0,0.632978723404255
0,USA-AD-1206,Japan,JP,721250,201311,0.0049,3,3,0.0717,6,6,-0.0759,12,12,-0.0427,3.0,3.0,-0.2509,6.0,6.0,-0.0665,12.0,12.0,47.8,34,7,20,2013,72,0.643004,0.772308,0.129304,2.11783,7.778724,2.0051,34239.886247,-0.028243,0.22315,3.98285,10286.19,951.7373,3.291396,3.50194,0.643004,-0.006682,139,8,46378535980.112,107.79,1821.0,678660089.0,0.632978723404255
0,USA-AD-1206,Japan,JP,721990,201311,-0.0859,3,3,-0.1283,6,6,0.0549,12,12,-0.3567,3.0,3.0,-0.3445,6.0,6.0,-0.2017,12.0,12.0,47.8,12,7,15,2013,72,0.089799,0.077158,-0.012641,2.11783,7.778724,2.0051,34239.886247,-0.028243,0.22315,3.98285,10286.19,951.7373,3.291396,3.50194,0.089799,-0.006682,139,8,46378535980.112,107.79,1821.0,1244460056.0,0.632978723404255
0,USA-AD-1206,Japan,JP,722090,201311,-0.4805,3,3,-0.5672,6,6,-0.4469,12,12,-0.9301,3.0,2.0,-0.1293,6.0,5.0,-0.1955,12.0,10.0,47.8,12,7,15,2013,72,0.448512,0.422877,-0.025635,2.11783,7.778724,2.0051,34239.886247,-0.028243,0.22315,3.98285,10286.19,951.7373,3.291396,3.50194,0.448512,-0.006682,139,8,46378535980.112,107.79,1821.0,631364224.0,0.632978723404255
0,USA-AD-1206,Japan,JP,722599,201311,-0.1196,3,3,0.9137,6,6,2.3314,12,12,0.6555,3.0,3.0,0.3696,6.0,6.0,0.4144,12.0,11.0,47.8,31,7,14,2013,72,0.268604,0.317811,0.049207,2.11783,7.778724,2.0051,34239.886247,-0.028243,0.22315,3.98285,10286.19,951.7373,3.291396,3.50194,0.268604,-0.006682,139,8,46378535980.112,107.79,1821.0,,0.632978723404255
0,USA-AD-1206,Japan,JP,722699,201311,-0.2327,3,3,-0.2926,6,6,-0.0844,12,12,1.6564,2.0,3.0,1.7074,5.0,6.0,0.7245,11.0,11.0,47.8,31,7,14,2013,72,0.727835,0.739529,0.011694,2.11783,7.778724,2.0051,34239.886247,-0.028243,0.22315,3.98285,10286.19,951.7373,3.291396,3.50194,0.727835,-0.006682,139,8,46378535980.112,107.79,1821.0,563288192.0,0.632978723404255
0,USA-AD-1207,China,CN,721710,201312,-0.0672,3,3,0.0556,6,6,0.0843,12,12,0.9556,3.0,3.0,0.749,6.0,6.0,0.5446,12.0,12.0,18.02,10,8,3,2013,72,0.602542,0.655797,0.053255,2.11783,7.778724,7.778724,7198.068765,-0.028243,-0.018468,3.98285,11183.43,1168.165,3.291396,3.50194,0.602542,-0.006682,138,8,148203949879.877,110.76,2277.0,,0.397849462365591
0,USA-AD-1207,China,CN,722990,201312,-0.2243,3,3,0.181,6,6,0.2433,12,12,0.1597,3.0,3.0,0.0525,6.0,6.0,0.0292,12.0,12.0,18.02,12,8,2,2013,72,0.349301,0.388166,0.038865,2.11783,7.778724,7.778724,7198.068765,-0.028243,-0.018468,3.98285,11183.43,1168.165,3.291396,3.50194,0.349301,-0.006682,138,8,148203949879.877,110.76,2277.0,1731805789.0,0.397849462365591
0,USA-AD-1207,China,CN,731210,201312,-0.1588,3,3,0.0096,6,6,0.0737,12,12,0.0865,3.0,3.0,0.1368,6.0,6.0,0.1638,12.0,12.0,18.02,23,8,22,2013,73,0.65858,0.658947,0.000367,2.11783,7.778724,7.778724,7198.068765,-0.028243,-0.018468,3.98285,11183.43,1168.165,3.291396,3.50194,0.65858,-0.006682,138,8,148203949879.877,110.76,2277.0,6435164453.0,0.397849462365591
0,USA-AD-1208,Mexico,MX,721710,201312,-1.0,1,0,-1.0,1,0,3.5346,1,1,0.9556,3.0,3.0,0.749,6.0,6.0,0.5446,12.0,12.0,27.88,10,8,3,2013,72,0.000147,0.000713,0.000565,2.11783,7.778724,0.852102,9738.710598,-0.028243,-0.030181,3.98285,2468.405,11711.42,3.291396,3.50194,0.000147,-0.006682,138,8,-31778421275.0,110.76,2277.0,,0.457446808510638
0,USA-AD-1208,Mexico,MX,722990,201312,-1.0,2,0,-1.0,3,0,0.3395,4,1,0.1597,3.0,3.0,0.0525,6.0,6.0,0.0292,12.0,12.0,27.88,12,8,2,2013,72,0.001272,0.00037,-0.000902,2.11783,7.778724,0.852102,9738.710598,-0.028243,-0.030181,3.98285,2468.405,11711.42,3.291396,3.50194,0.001272,-0.006682,138,8,-31778421275.0,110.76,2277.0,1731805789.0,0.457446808510638
0,USA-AD-1208,Mexico,MX,731210,201312,,0,0,-0.8321,2,1,-0.833,6,1,0.0865,3.0,3.0,0.1368,6.0,6.0,0.1638,12.0,12.0,27.88,23,8,22,2013,73,0.00047,0.000134,-0.000336,2.11783,7.778724,0.852102,9738.710598,-0.028243,-0.030181,3.98285,2468.405,11711.42,3.291396,3.50194,0.00047,-0.006682,138,8,-31778421275.0,110.76,2277.0,6435164453.0,0.457446808510638
0,USA-AD-1210,Malaysia,MY,730640,201401,,0,0,,0,0,,0,0,0.7325,3.0,3.0,1.1112,6.0,6.0,0.8271,12.0,12.0,22.7,8,8,27,2014,73,0.0,0.0,0.0,2.52382,7.4619,6.006722,9341.73056,-0.038487,0.038704,2.111415,14859.51,4418.149,3.21468,3.345262,0.0,-0.02179,137,42,14846482442.7807,108.12,1110.0,4159312994.0,0.36734693877551
0,USA-AD-1211,Thailand,TH,730640,201401,,0,0,,0,1,,0,1,0.7325,3.0,3.0,1.1112,6.0,6.0,0.8271,12.0,12.0,7.22,8,8,27,2014,73,0.0,3.8e-05,3.8e-05,2.52382,7.4619,0.984469,5541.465994,-0.038487,0.057081,2.111415,13936.19,3699.128,3.21468,3.345262,0.0,-0.02179,137,42,11642907013.7683,108.12,1110.0,4159312994.0,0.387755102040816
0,USA-AD-1212,Vietnam,VN,730640,201401,-0.4183,3,3,-0.2886,6,6,-0.2303,12,12,0.7325,3.0,3.0,1.1112,6.0,6.0,0.8271,12.0,12.0,53.91,8,8,27,2014,73,0.021643,0.01347,-0.008173,2.52382,7.4619,6.422243,2439.286557,-0.038487,0.010251,2.111415,13715.75,3257.774,3.21468,3.345262,0.021643,-0.02179,137,42,9359000000.0,108.12,1110.0,4159312994.0,0.32258064516129
0,USA-AD-1213,India,IN,731815,201402,77.4988,3,3,65.2516,6,6,70.5257,12,12,0.0914,3.0,3.0,0.1224,6.0,6.0,0.134,12.0,12.0,8.63,4,7,6,2014,73,0.000313,0.003127,0.002814,2.52382,7.4619,7.410228,1484.316407,-0.038487,0.041498,2.111415,13131.91,5108.001,3.21468,3.345262,0.000313,-0.02179,136,42,-27314281992.5893,108.9,1258.0,18179664642.0,0.309278350515464
0,USA-AD-1214,Thailand,TH,731815,201312,3.3013,3,3,-0.0916,6,6,0.2161,12,12,0.0732,3.0,3.0,0.106,6.0,6.0,0.1537,12.0,12.0,68.41,4,5,5,2013,73,0.00393,,,2.11783,7.778724,2.687496,5516.611642,-0.028243,-0.011489,3.98285,13936.19,3699.128,3.291396,3.50194,0.00393,-0.006682,138,8,-8833457142.2453,110.76,2277.0,17341677241.0,0.46195652173913
0,USA-AD-1215,India,IN,730429,201402,,0,0,,0,1,,0,1,1.148,3.0,3.0,0.1714,6.0,6.0,0.6143,12.0,12.0,55.29,23,7,5,2014,73,0.0,3.8e-05,3.8e-05,2.52382,7.4619,7.410228,1484.316407,-0.038487,0.041498,2.111415,13131.91,5108.001,3.21468,3.345262,0.0,-0.02179,136,42,-27314281992.5893,108.9,1258.0,,0.309278350515464
0,USA-AD-1215,India,IN,730439,201402,-0.5644,1,1,-0.8119,3,1,-0.6483,6,4,0.0812,3.0,3.0,-0.0243,6.0,6.0,0.3895,12.0,12.0,55.29,20,7,19,2014,73,0.001431,0.000343,-0.001088,2.52382,7.4619,7.410228,1484.316407,-0.038487,0.041498,2.111415,13131.91,5108.001,3.21468,3.345262,0.001431,-0.02179,136,42,-27314281992.5893,108.9,1258.0,3782627324.0,0.309278350515464
0,USA-AD-1215,India,IN,730459,201402,-0.9415,2,2,-0.8547,3,3,-0.9641,7,5,-0.9014,3.0,3.0,-0.8216,6.0,6.0,-0.7508,12.0,12.0,55.29,20,7,19,2014,73,0.01711,0.000407,-0.016703,2.52382,7.4619,7.410228,1484.316407,-0.038487,0.041498,2.111415,13131.91,5108.001,3.21468,3.345262,0.01711,-0.02179,136,42,-27314281992.5893,108.9,1258.0,3012708394.0,0.309278350515464
0,USA-AD-1215,India,IN,730531,201402,,0,0,,0,0,,0,0,0.4582,3.0,3.0,0.2923,6.0,6.0,0.585,11.0,11.0,55.29,12,7,0,2014,73,0.0,0.0,0.0,2.52382,7.4619,7.410228,1484.316407,-0.038487,0.041498,2.111415,13131.91,5108.001,3.21468,3.345262,0.0,-0.02179,136,42,-27314281992.5893,108.9,1258.0,1309430662.0,0.309278350515464
0,USA-AD-1215,India,IN,730630,201402,-0.1362,3,3,0.3328,6,6,0.9878,6,12,0.1294,3.0,3.0,0.4375,6.0,6.0,0.1388,12.0,12.0,55.29,23,7,22,2014,73,0.27738,0.402573,0.125193,2.52382,7.4619,7.410228,1484.316407,-0.038487,0.041498,2.111415,13131.91,5108.001,3.21468,3.345262,0.27738,-0.02179,136,42,-27314281992.5893,108.9,1258.0,8305328478.0,0.309278350515464
1,USA-AD-1215,India,IN,730650,201402,-0.5,2,3,0.2188,4,5,24.5625,4,9,-0.5577,2.0,3.0,-0.1276,5.0,6.0,0.3227,10.0,12.0,55.29,16,7,6,2014,73,0.00137,0.005626,0.004256,2.52382,7.4619,7.410228,1484.316407,-0.038487,0.041498,2.111415,13131.91,5108.001,3.21468,3.345262,0.00137,-0.02179,136,42,-27314281992.5893,108.9,1258.0,804718667.0,0.309278350515464
0,USA-AD-1217,Philippines,PH,730439,201402,,0,0,,0,0,,0,0,0.0812,3.0,3.0,-0.0243,6.0,6.0,0.3895,12.0,12.0,8.9,20,7,19,2014,73,0.0,0.0,0.0,2.52382,7.4619,6.347987,2776.920059,-0.038487,0.045916,2.111415,13153.98,2669.687,3.21468,3.345262,0.0,-0.02179,136,42,10755931842.7772,108.9,1258.0,3782627324.0,0.384210526315789
0,USA-AD-1217,Philippines,PH,730459,201402,,0,0,,0,0,,0,0,-0.9014,3.0,3.0,-0.8216,6.0,6.0,-0.7508,12.0,12.0,8.9,20,7,19,2014,73,0.0,0.0,0.0,2.52382,7.4619,6.347987,2776.920059,-0.038487,0.045916,2.111415,13153.98,2669.687,3.21468,3.345262,0.0,-0.02179,136,42,10755931842.7772,108.9,1258.0,3012708394.0,0.384210526315789
0,USA-AD-1217,Philippines,PH,730531,201402,,0,0,,0,0,,0,0,0.4582,3.0,3.0,0.2923,6.0,6.0,0.585,11.0,11.0,8.9,12,7,0,2014,73,0.0,0.0,0.0,2.52382,7.4619,6.347987,2776.920059,-0.038487,0.045916,2.111415,13153.98,2669.687,3.21468,3.345262,0.0,-0.02179,136,42,10755931842.7772,108.9,1258.0,1309430662.0,0.384210526315789
0,USA-AD-1217,Philippines,PH,730629,201402,,0,0,,0,0,,0,0,0.374,3.0,3.0,0.3233,6.0,6.0,0.5343,12.0,12.0,8.9,10,7,5,2014,73,0.0,0.0,0.0,2.52382,7.4619,6.347987,2776.920059,-0.038487,0.045916,2.111415,13153.98,2669.687,3.21468,3.345262,0.0,-0.02179,136,42,10755931842.7772,108.9,1258.0,,0.384210526315789
0,USA-AD-1217,Philippines,PH,730630,201402,,0,0,-1.0,1,0,-1.0,1,0,0.1294,3.0,3.0,0.4375,6.0,6.0,0.1388,12.0,12.0,8.9,23,7,22,2014,73,2.5e-05,0.0,-2.5e-05,2.52382,7.4619,6.347987,2776.920059,-0.038487,0.045916,2.111415,13153.98,2669.687,3.21468,3.345262,2.5e-05,-0.02179,136,42,10755931842.7772,108.9,1258.0,8305328478.0,0.384210526315789
0,USA-AD-1217,Philippines,PH,730650,201402,,0,0,,0,0,-1.0,1,0,-0.5577,2.0,3.0,-0.1276,5.0,6.0,0.3227,10.0,12.0,8.9,16,7,6,2014,73,0.00358,0.0,-0.00358,2.52382,7.4619,6.347987,2776.920059,-0.038487,0.045916,2.111415,13153.98,2669.687,3.21468,3.345262,0.00358,-0.02179,136,42,10755931842.7772,108.9,1258.0,804718667.0,0.384210526315789
0,USA-AD-1218,Saudi Arabia,SA,730429,201402,,0,0,,0,0,,0,0,1.148,3.0,3.0,0.1714,6.0,6.0,0.6143,12.0,12.0,2.92,23,7,5,2014,73,0.0,0.0,0.0,2.52382,7.4619,4.024672,23404.730604,-0.038487,0.0,2.111415,11715.97,7964.912,3.21468,3.345262,0.0,-0.02179,136,42,77650927639.5547,108.9,1258.0,,0.341836734693878
0,USA-AD-1218,Saudi Arabia,SA,730439,201402,-0.6883,1,2,-0.6883,1,2,-0.7539,2,2,0.0812,3.0,3.0,-0.0243,6.0,6.0,0.3895,12.0,12.0,2.92,20,7,19,2014,73,6.9e-05,2e-05,-4.9e-05,2.52382,7.4619,4.024672,23404.730604,-0.038487,0.0,2.111415,11715.97,7964.912,3.21468,3.345262,6.9e-05,-0.02179,136,42,77650927639.5547,108.9,1258.0,3782627324.0,0.341836734693878
0,USA-AD-1218,Saudi Arabia,SA,730459,201402,,0,0,,0,1,,0,1,-0.9014,3.0,3.0,-0.8216,6.0,6.0,-0.7508,12.0,12.0,2.92,20,7,19,2014,73,0.0,1e-06,1e-06,2.52382,7.4619,4.024672,23404.730604,-0.038487,0.0,2.111415,11715.97,7964.912,3.21468,3.345262,0.0,-0.02179,136,42,77650927639.5547,108.9,1258.0,3012708394.0,0.341836734693878
0,USA-AD-1218,Saudi Arabia,SA,730531,201402,,0,0,,0,0,,0,0,0.4582,3.0,3.0,0.2923,6.0,6.0,0.585,11.0,11.0,2.92,12,7,0,2014,73,0.0,0.0,0.0,2.52382,7.4619,4.024672,23404.730604,-0.038487,0.0,2.111415,11715.97,7964.912,3.21468,3.345262,0.0,-0.02179,136,42,77650927639.5547,108.9,1258.0,1309430662.0,0.341836734693878
0,USA-AD-1218,Saudi Arabia,SA,730630,201402,,0,0,,0,0,,0,1,0.1294,3.0,3.0,0.4375,6.0,6.0,0.1388,12.0,12.0,2.92,23,7,22,2014,73,0.0,8.9e-05,8.9e-05,2.52382,7.4619,4.024672,23404.730604,-0.038487,0.0,2.111415,11715.97,7964.912,3.21468,3.345262,0.0,-0.02179,136,42,77650927639.5547,108.9,1258.0,8305328478.0,0.341836734693878
0,USA-AD-1218,Saudi Arabia,SA,730650,201402,,0,0,,0,0,,0,0,-0.5577,2.0,3.0,-0.1276,5.0,6.0,0.3227,10.0,12.0,2.92,16,7,6,2014,73,0.0,0.0,0.0,2.52382,7.4619,4.024672,23404.730604,-0.038487,0.0,2.111415,11715.97,7964.912,3.21468,3.345262,0.0,-0.02179,136,42,77650927639.5547,108.9,1258.0,804718667.0,0.341836734693878
0,USA-AD-1219,Taiwan,TW,730429,201402,,0,0,,0,0,,0,0,1.148,3.0,3.0,0.1714,6.0,6.0,0.6143,12.0,12.0,2.65,23,7,5,2014,73,0.0,0.0,0.0,2.52382,7.4619,,,-0.038487,,2.111415,12155.88,1520.398,3.21468,3.345262,0.0,-0.02179,136,42,,108.9,1258.0,,
0,USA-AD-1219,Taiwan,TW,730439,201402,,0,0,,0,0,145.9273,2,2,0.0812,3.0,3.0,-0.0243,6.0,6.0,0.3895,12.0,12.0,2.65,20,7,19,2014,73,1.4e-05,0.000117,0.000103,2.52382,7.4619,,,-0.038487,,2.111415,12155.88,1520.398,3.21468,3.345262,1.4e-05,-0.02179,136,42,,108.9,1258.0,3782627324.0,
0,USA-AD-1219,Taiwan,TW,730459,201402,,0,1,,0,1,,0,1,-0.9014,3.0,3.0,-0.8216,6.0,6.0,-0.7508,12.0,12.0,2.65,20,7,19,2014,73,0.0,8e-06,8e-06,2.52382,7.4619,,,-0.038487,,2.111415,12155.88,1520.398,3.21468,3.345262,0.0,-0.02179,136,42,,108.9,1258.0,3012708394.0,
0,USA-AD-1219,Taiwan,TW,730531,201402,,0,0,,0,0,,0,0,0.4582,3.0,3.0,0.2923,6.0,6.0,0.585,11.0,11.0,2.65,12,7,0,2014,73,0.0,0.0,0.0,2.52382,7.4619,,,-0.038487,,2.111415,12155.88,1520.398,3.21468,3.345262,0.0,-0.02179,136,42,,108.9,1258.0,1309430662.0,
0,USA-AD-1219,Taiwan,TW,730630,201402,0.3345,3,3,0.2271,6,6,0.2768,12,12,0.1294,3.0,3.0,0.4375,6.0,6.0,0.1388,12.0,12.0,2.65,23,7,22,2014,73,0.047346,0.042692,-0.004654,2.52382,7.4619,,,-0.038487,,2.111415,12155.88,1520.398,3.21468,3.345262,0.047346,-0.02179,136,42,,108.9,1258.0,8305328478.0,
0,USA-AD-1219,Taiwan,TW,730650,201402,,0,0,-1.0,1,0,-1.0,2,0,-0.5577,2.0,3.0,-0.1276,5.0,6.0,0.3227,10.0,12.0,2.65,16,7,6,2014,73,0.004797,0.0,-0.004797,2.52382,7.4619,,,-0.038487,,2.111415,12155.88,1520.398,3.21468,3.345262,0.004797,-0.02179,136,42,,108.9,1258.0,804718667.0,
0,USA-AD-1220,Thailand,TH,730429,201402,,0,0,,0,0,,0,0,1.148,3.0,3.0,0.1714,6.0,6.0,0.6143,12.0,12.0,118.32,23,7,5,2014,73,0.0,0.0,0.0,2.52382,7.4619,0.984469,5541.465994,-0.038487,0.057081,2.111415,13936.19,3699.128,3.21468,3.345262,0.0,-0.02179,136,42,11642907013.7683,108.9,1258.0,,0.387755102040816
0,USA-AD-1220,Thailand,TH,730439,201402,,0,0,-1.0,1,0,-0.8467,4,1,0.0812,3.0,3.0,-0.0243,6.0,6.0,0.3895,12.0,12.0,118.32,20,7,19,2014,73,4.5e-05,4.8e-05,4e-06,2.52382,7.4619,0.984469,5541.465994,-0.038487,0.057081,2.111415,13936.19,3699.128,3.21468,3.345262,4.5e-05,-0.02179,136,42,11642907013.7683,108.9,1258.0,3782627324.0,0.387755102040816
0,USA-AD-1220,Thailand,TH,730459,201402,-0.2582,2,3,-0.004,5,5,0.8343,9,11,-0.9014,3.0,3.0,-0.8216,6.0,6.0,-0.7508,12.0,12.0,118.32,20,7,19,2014,73,0.00058,0.001764,0.001185,2.52382,7.4619,0.984469,5541.465994,-0.038487,0.057081,2.111415,13936.19,3699.128,3.21468,3.345262,0.00058,-0.02179,136,42,11642907013.7683,108.9,1258.0,3012708394.0,0.387755102040816
0,USA-AD-1220,Thailand,TH,730531,201402,,0,1,,0,1,,0,2,0.4582,3.0,3.0,0.2923,6.0,6.0,0.585,11.0,11.0,118.32,12,7,0,2014,73,0.0,0.003893,0.003893,2.52382,7.4619,0.984469,5541.465994,-0.038487,0.057081,2.111415,13936.19,3699.128,3.21468,3.345262,0.0,-0.02179,136,42,11642907013.7683,108.9,1258.0,1309430662.0,0.387755102040816
0,USA-AD-1220,Thailand,TH,730629,201402,,0,0,,0,0,,0,0,0.374,3.0,3.0,0.3233,6.0,6.0,0.5343,12.0,12.0,118.32,10,7,5,2014,73,0.0,0.0,0.0,2.52382,7.4619,0.984469,5541.465994,-0.038487,0.057081,2.111415,13936.19,3699.128,3.21468,3.345262,0.0,-0.02179,136,42,11642907013.7683,108.9,1258.0,,0.387755102040816
0,USA-AD-1220,Thailand,TH,730630,201402,-0.9714,2,1,-0.9774,4,2,-0.9774,4,2,0.1294,3.0,3.0,0.4375,6.0,6.0,0.1388,12.0,12.0,118.32,23,7,22,2014,73,0.001817,0.000122,-0.001695,2.52382,7.4619,0.984469,5541.465994,-0.038487,0.057081,2.111415,13936.19,3699.128,3.21468,3.345262,0.001817,-0.02179,136,42,11642907013.7683,108.9,1258.0,8305328478.0,0.387755102040816
0,USA-AD-1220,Thailand,TH,730650,201402,,0,0,,0,0,-1.0,2,0,-0.5577,2.0,3.0,-0.1276,5.0,6.0,0.3227,10.0,12.0,118.32,16,7,6,2014,73,0.013588,0.0,-0.013588,2.52382,7.4619,0.984469,5541.465994,-0.038487,0.057081,2.111415,13936.19,3699.128,3.21468,3.345262,0.013588,-0.02179,136,42,11642907013.7683,108.9,1258.0,804718667.0,0.387755102040816
0,USA-AD-1221,Turkey,TR,730429,201402,,0,0,,0,0,,0,0,1.148,3.0,3.0,0.1714,6.0,6.0,0.6143,12.0,12.0,4.87,23,7,5,2014,73,0.0,0.0,0.0,2.52382,7.4619,4.600794,10597.980188,-0.038487,0.149584,2.111415,9705.772,7937.729,3.21468,3.345262,0.0,-0.02179,136,42,-32110000000.0,108.9,1258.0,,0.515463917525773
0,USA-AD-1221,Turkey,TR,730439,201402,,0,0,,0,0,-1.0,1,0,0.0812,3.0,3.0,-0.0243,6.0,6.0,0.3895,12.0,12.0,4.87,20,7,19,2014,73,0.000161,0.0,-0.000161,2.52382,7.4619,4.600794,10597.980188,-0.038487,0.149584,2.111415,9705.772,7937.729,3.21468,3.345262,0.000161,-0.02179,136,42,-32110000000.0,108.9,1258.0,3782627324.0,0.515463917525773
0,USA-AD-1221,Turkey,TR,730459,201402,,0,0,,0,0,,0,0,-0.9014,3.0,3.0,-0.8216,6.0,6.0,-0.7508,12.0,12.0,4.87,20,7,19,2014,73,0.0,0.0,0.0,2.52382,7.4619,4.600794,10597.980188,-0.038487,0.149584,2.111415,9705.772,7937.729,3.21468,3.345262,0.0,-0.02179,136,42,-32110000000.0,108.9,1258.0,3012708394.0,0.515463917525773
0,USA-AD-1221,Turkey,TR,730531,201402,,0,0,,0,0,,0,0,0.4582,3.0,3.0,0.2923,6.0,6.0,0.585,11.0,11.0,4.87,12,7,0,2014,73,0.0,0.0,0.0,2.52382,7.4619,4.600794,10597.980188,-0.038487,0.149584,2.111415,9705.772,7937.729,3.21468,3.345262,0.0,-0.02179,136,42,-32110000000.0,108.9,1258.0,1309430662.0,0.515463917525773
0,USA-AD-1221,Turkey,TR,730630,201402,,0,0,,0,0,,0,0,0.1294,3.0,3.0,0.4375,6.0,6.0,0.1388,12.0,12.0,4.87,23,7,22,2014,73,0.0,0.0,0.0,2.52382,7.4619,4.600794,10597.980188,-0.038487,0.149584,2.111415,9705.772,7937.729,3.21468,3.345262,0.0,-0.02179,136,42,-32110000000.0,108.9,1258.0,8305328478.0,0.515463917525773
0,USA-AD-1222,Ukraine,UA,730439,201402,1.8315,1,1,-0.9803,3,3,-0.9803,4,3,0.0812,3.0,3.0,-0.0243,6.0,6.0,0.3895,12.0,12.0,5.31,20,7,19,2014,73,0.002594,0.000159,-0.002435,2.52382,7.4619,-10.078895,2308.643555,-0.038487,0.487134,2.111415,8995.575,7327.559,3.21468,3.345262,0.002594,-0.02179,136,42,-4596000000.0,108.9,1258.0,3782627324.0,0.6
0,USA-AD-1222,Ukraine,UA,730459,201402,,0,1,,0,1,,0,1,-0.9014,3.0,3.0,-0.8216,6.0,6.0,-0.7508,12.0,12.0,5.31,20,7,19,2014,73,0.0,0.000624,0.000624,2.52382,7.4619,-10.078895,2308.643555,-0.038487,0.487134,2.111415,8995.575,7327.559,3.21468,3.345262,0.0,-0.02179,136,42,-4596000000.0,108.9,1258.0,3012708394.0,0.6
0,USA-AD-1222,Ukraine,UA,730630,201402,,0,0,,0,0,,0,0,0.1294,3.0,3.0,0.4375,6.0,6.0,0.1388,12.0,12.0,5.31,23,7,22,2014,73,0.0,0.0,0.0,2.52382,7.4619,-10.078895,2308.643555,-0.038487,0.487134,2.111415,8995.575,7327.559,3.21468,3.345262,0.0,-0.02179,136,42,-4596000000.0,108.9,1258.0,8305328478.0,0.6
0,USA-AD-1223,Vietnam,VN,730429,201402,,0,0,,0,0,,0,0,1.148,3.0,3.0,0.1714,6.0,6.0,0.6143,12.0,12.0,111.47,23,7,5,2014,73,0.0,0.0,0.0,2.52382,7.4619,6.422243,2439.286557,-0.038487,0.010251,2.111415,13715.75,3257.774,3.21468,3.345262,0.0,-0.02179,136,42,9359000000.0,108.9,1258.0,,0.32258064516129
0,USA-AD-1223,Vietnam,VN,730439,201402,-1.0,1,0,-0.1507,1,1,-0.579,2,1,0.0812,3.0,3.0,-0.0243,6.0,6.0,0.3895,12.0,12.0,111.47,20,7,19,2014,73,0.000315,9.6e-05,-0.000219,2.52382,7.4619,6.422243,2439.286557,-0.038487,0.010251,2.111415,13715.75,3257.774,3.21468,3.345262,0.000315,-0.02179,136,42,9359000000.0,108.9,1258.0,3782627324.0,0.32258064516129
0,USA-AD-1223,Vietnam,VN,730459,201402,-1.0,2,0,143.4419,2,2,4.2246,3,4,-0.9014,3.0,3.0,-0.8216,6.0,6.0,-0.7508,12.0,12.0,111.47,20,7,19,2014,73,1.4e-05,0.000258,0.000244,2.52382,7.4619,6.422243,2439.286557,-0.038487,0.010251,2.111415,13715.75,3257.774,3.21468,3.345262,1.4e-05,-0.02179,136,42,9359000000.0,108.9,1258.0,3012708394.0,0.32258064516129
0,USA-AD-1223,Vietnam,VN,730531,201402,-1.0,1,0,-1.0,1,0,-1.0,1,0,0.4582,3.0,3.0,0.2923,6.0,6.0,0.585,11.0,11.0,111.47,12,7,0,2014,73,0.000581,0.0,-0.000581,2.52382,7.4619,6.422243,2439.286557,-0.038487,0.010251,2.111415,13715.75,3257.774,3.21468,3.345262,0.000581,-0.02179,136,42,9359000000.0,108.9,1258.0,1309430662.0,0.32258064516129
0,USA-AD-1223,Vietnam,VN,730629,201402,,0,0,,0,1,,0,1,0.374,3.0,3.0,0.3233,6.0,6.0,0.5343,12.0,12.0,111.47,10,7,5,2014,73,0.0,0.028538,0.028538,2.52382,7.4619,6.422243,2439.286557,-0.038487,0.010251,2.111415,13715.75,3257.774,3.21468,3.345262,0.0,-0.02179,136,42,9359000000.0,108.9,1258.0,,0.32258064516129
0,USA-AD-1223,Vietnam,VN,730630,201402,0.4508,3,3,0.9578,5,6,0.539,11,11,0.1294,3.0,3.0,0.4375,6.0,6.0,0.1388,12.0,12.0,111.47,23,7,22,2014,73,0.015048,0.016923,0.001875,2.52382,7.4619,6.422243,2439.286557,-0.038487,0.010251,2.111415,13715.75,3257.774,3.21468,3.345262,0.015048,-0.02179,136,42,9359000000.0,108.9,1258.0,8305328478.0,0.32258064516129
0,USA-AD-1223,Vietnam,VN,730650,201402,-1.0,1,0,-1.0,1,0,-1.0,1,0,-0.5577,2.0,3.0,-0.1276,5.0,6.0,0.3227,10.0,12.0,111.47,16,7,6,2014,73,0.00041,0.0,-0.00041,2.52382,7.4619,6.422243,2439.286557,-0.038487,0.010251,2.111415,13715.75,3257.774,3.21468,3.345262,0.00041,-0.02179,136,42,9359000000.0,108.9,1258.0,804718667.0,0.32258064516129
0,USA-AD-1226,Japan,JP,293369,201404,0.2209,3,3,0.284,6,6,0.0984,12,12,0.5361,3.0,3.0,0.0049,5.0,6.0,0.3294,11.0,12.0,63.71,4,7,10,2014,29,0.094678,0.114852,0.020173,2.52382,7.4619,0.296206,34386.905855,-0.038487,0.085548,2.111415,10286.19,951.7373,3.21468,3.345262,0.094678,-0.02179,134,42,36351469239.9692,107.76,943.0,2092810448.0,0.596938775510204
0,USA-AD-1226,Japan,JP,380850,201404,2.5,2,2,-0.8468,5,5,-0.6954,10,10,,0.0,0.0,-1.0,1.0,0.0,-1.0,1.0,0.0,63.71,1,7,0,2014,38,0.059359,0.022361,-0.036998,2.52382,7.4619,0.296206,34386.905855,-0.038487,0.085548,2.111415,10286.19,951.7373,3.21468,3.345262,0.059359,-0.02179,134,42,36351469239.9692,107.76,943.0,,0.596938775510204
0,USA-AD-1226,Japan,JP,380894,201404,0.1316,3,3,1.031,6,6,0.0849,12,12,-1.0,1.0,0.0,-1.0,2.0,0.0,0.7805,2.0,3.0,63.71,2,7,0,2014,38,0.060261,0.062044,0.001783,2.52382,7.4619,0.296206,34386.905855,-0.038487,0.085548,2.111415,10286.19,951.7373,3.21468,3.345262,0.060261,-0.02179,134,42,36351469239.9692,107.76,943.0,,0.596938775510204
0,USA-AD-1226,Japan,JP,380899,201404,0.8182,3,3,0.1393,6,6,0.0605,12,12,0.0542,3.0,3.0,-0.247,6.0,6.0,-0.0446,12.0,12.0,63.71,2,7,0,2014,38,0.197814,0.148633,-0.049181,2.52382,7.4619,0.296206,34386.905855,-0.038487,0.085548,2.111415,10286.19,951.7373,3.21468,3.345262,0.197814,-0.02179,134,42,36351469239.9692,107.76,943.0,,0.596938775510204
0,USA-AD-1227,Mexico,MX,721590,201404,,0,0,,0,0,,0,0,-0.7022,3.0,3.0,-0.6233,6.0,6.0,-0.3749,10.0,11.0,20.59,17,7,21,2014,72,0.0,0.0,0.0,2.52382,7.4619,2.503764,9862.481254,-0.038487,0.04075,2.111415,2468.405,11711.42,3.21468,3.345262,0.0,-0.02179,134,42,-24852042092.0,107.76,943.0,1064833633.0,0.403061224489796
0,USA-AD-1227,Mexico,MX,722100,201404,,0,0,,0,0,,0,0,,0.0,1.0,,0.0,2.0,8046.0,1.0,4.0,20.59,12,7,21,2014,72,0.0,0.0,0.0,2.52382,7.4619,2.503764,9862.481254,-0.038487,0.04075,2.111415,2468.405,11711.42,3.21468,3.345262,0.0,-0.02179,134,42,-24852042092.0,107.76,943.0,2394132530.0,0.403061224489796
0,USA-AD-1227,Mexico,MX,722211,201404,,0,0,,0,0,,0,0,0.0878,3.0,3.0,0.5583,6.0,6.0,-0.2976,12.0,11.0,20.59,8,7,13,2014,72,0.0,0.0,0.0,2.52382,7.4619,2.503764,9862.481254,-0.038487,0.04075,2.111415,2468.405,11711.42,3.21468,3.345262,0.0,-0.02179,134,42,-24852042092.0,107.76,943.0,,0.403061224489796
0,USA-AD-1227,Mexico,MX,722230,201404,,0,0,,0,0,,0,0,-0.1298,3.0,3.0,0.2871,5.0,6.0,-0.2794,8.0,12.0,20.59,12,7,20,2014,72,0.0,0.0,0.0,2.52382,7.4619,2.503764,9862.481254,-0.038487,0.04075,2.111415,2468.405,11711.42,3.21468,3.345262,0.0,-0.02179,134,42,-24852042092.0,107.76,943.0,974007955.0,0.403061224489796
0,USA-AD-1227,Mexico,MX,722790,201404,,0,0,,0,0,,0,0,-1.0,1.0,0.0,55.7731,2.0,2.0,16.3692,3.0,7.0,20.59,22,7,21,2014,72,0.0,0.0,0.0,2.52382,7.4619,2.503764,9862.481254,-0.038487,0.04075,2.111415,2468.405,11711.42,3.21468,3.345262,0.0,-0.02179,134,42,-24852042092.0,107.76,943.0,6366191019.0,0.403061224489796
0,USA-AD-1227,Mexico,MX,722830,201404,,0,0,,0,0,,0,1,0.2145,3.0,3.0,0.7851,6.0,6.0,1.1074,12.0,12.0,20.59,2,7,0,2014,72,0.0,1.8e-05,1.8e-05,2.52382,7.4619,2.503764,9862.481254,-0.038487,0.04075,2.111415,2468.405,11711.42,3.21468,3.345262,0.0,-0.02179,134,42,-24852042092.0,107.76,943.0,9031189556.0,0.403061224489796
0,USA-AD-1227,Mexico,MX,722860,201404,,0,0,,0,0,,0,0,-0.7239,3.0,3.0,3.3846,5.0,5.0,1.3866,9.0,11.0,20.59,13,7,0,2014,72,0.0,0.0,0.0,2.52382,7.4619,2.503764,9862.481254,-0.038487,0.04075,2.111415,2468.405,11711.42,3.21468,3.345262,0.0,-0.02179,134,42,-24852042092.0,107.76,943.0,622245593.0,0.403061224489796
0,USA-AD-1228,Turkey,TR,721420,201404,,0,0,,0,0,,0,1,-0.6314,3.0,2.0,-0.8,5.0,2.0,-0.4937,9.0,7.0,2.64,14,7,18,2014,72,0.0,2e-06,2e-06,2.52382,7.4619,4.600794,10597.980188,-0.038487,0.149584,2.111415,9705.772,7937.729,3.21468,3.345262,0.0,-0.02179,134,42,-32110000000.0,107.76,943.0,16280834669.0,0.515463917525773
0,USA-AD-1228,Turkey,TR,721590,201404,,0,0,,0,0,,0,0,-0.7022,3.0,3.0,-0.6233,6.0,6.0,-0.3749,10.0,11.0,2.64,17,7,21,2014,72,0.0,0.0,0.0,2.52382,7.4619,4.600794,10597.980188,-0.038487,0.149584,2.111415,9705.772,7937.729,3.21468,3.345262,0.0,-0.02179,134,42,-32110000000.0,107.76,943.0,1064833633.0,0.515463917525773
0,USA-AD-1228,Turkey,TR,722230,201404,,0,0,,0,0,,0,0,-0.1298,3.0,3.0,0.2871,5.0,6.0,-0.2794,8.0,12.0,2.64,12,7,20,2014,72,0.0,0.0,0.0,2.52382,7.4619,4.600794,10597.980188,-0.038487,0.149584,2.111415,9705.772,7937.729,3.21468,3.345262,0.0,-0.02179,134,42,-32110000000.0,107.76,943.0,974007955.0,0.515463917525773
0,USA-AD-1228,Turkey,TR,722790,201404,,0,0,,0,0,,0,0,-1.0,1.0,0.0,55.7731,2.0,2.0,16.3692,3.0,7.0,2.64,22,7,21,2014,72,0.0,0.0,0.0,2.52382,7.4619,4.600794,10597.980188,-0.038487,0.149584,2.111415,9705.772,7937.729,3.21468,3.345262,0.0,-0.02179,134,42,-32110000000.0,107.76,943.0,6366191019.0,0.515463917525773
0,USA-AD-1228,Turkey,TR,722860,201404,,0,0,,0,0,,0,0,-0.7239,3.0,3.0,3.3846,5.0,5.0,1.3866,9.0,11.0,2.64,13,7,0,2014,72,0.0,0.0,0.0,2.52382,7.4619,4.600794,10597.980188,-0.038487,0.149584,2.111415,9705.772,7937.729,3.21468,3.345262,0.0,-0.02179,134,42,-32110000000.0,107.76,943.0,622245593.0,0.515463917525773
0,USA-AD-1229,China,CN,210390,201405,0.0918,3,3,-0.0403,6,6,0.0265,12,12,-0.189,3.0,3.0,-0.1209,6.0,6.0,-0.0101,12.0,12.0,52.27,2,8,0,2014,21,0.502187,0.487803,-0.014384,2.52382,7.4619,7.4619,7686.57793,-0.038487,-0.008445,2.111415,11183.43,1168.165,3.21468,3.345262,0.502187,-0.02179,133,42,236046577873.629,109.54,934.0,8721409500.0,0.345360824742268
0,USA-AD-1229,China,CN,292242,201405,-0.1817,3,3,-0.1451,6,6,0.1274,12,12,0.4471,3.0,3.0,0.3129,6.0,6.0,0.1117,12.0,12.0,52.27,2,8,0,2014,29,0.293165,0.265751,-0.027414,2.52382,7.4619,7.4619,7686.57793,-0.038487,-0.008445,2.111415,11183.43,1168.165,3.21468,3.345262,0.293165,-0.02179,133,42,236046577873.629,109.54,934.0,1280099588.0,0.345360824742268
0,USA-AD-1230,Indonesia,ID,210390,201405,-0.035,3,3,0.3862,6,6,0.8729,12,12,-0.189,3.0,3.0,-0.1209,6.0,6.0,-0.0101,12.0,12.0,5.61,2,8,0,2014,21,0.00145,0.003275,0.001824,2.52382,7.4619,5.006668,3170.72103,-0.038487,0.134207,2.111415,15535.87,5081.576,3.21468,3.345262,0.00145,-0.02179,133,42,-27509865798.2326,109.54,934.0,8721409500.0,0.336734693877551
0,USA-AD-1230,Indonesia,ID,292242,201405,-0.0222,3,3,0.0801,6,6,0.3451,12,12,0.4471,3.0,3.0,0.3129,6.0,6.0,0.1117,12.0,12.0,5.61,2,8,0,2014,29,0.68428,0.707066,0.022786,2.52382,7.4619,5.006668,3170.72103,-0.038487,0.134207,2.111415,15535.87,5081.576,3.21468,3.345262,0.68428,-0.02179,133,42,-27509865798.2326,109.54,934.0,1280099588.0,0.336734693877551
0,USA-AD-1231,China,CN,722511,201405,2.2911,3,3,3.2765,5,6,1.906,10,12,-0.999,2.0,1.0,-0.999,2.0,1.0,-0.1142,5.0,6.0,159.21,25,8,15,2014,72,0.185493,0.422239,0.236746,2.52382,7.4619,7.4619,7686.57793,-0.038487,-0.008445,2.111415,11183.43,1168.165,3.21468,3.345262,0.185493,-0.02179,133,42,236046577873.629,109.54,934.0,,0.345360824742268
0,USA-AD-1231,China,CN,722611,201405,,0,1,,0,2,,0,2,,0.0,0.0,,0.0,0.0,,0.0,0.0,159.21,25,8,15,2014,72,0.0,0.078703,0.078703,2.52382,7.4619,7.4619,7686.57793,-0.038487,-0.008445,2.111415,11183.43,1168.165,3.21468,3.345262,0.0,-0.02179,133,42,236046577873.629,109.54,934.0,,0.345360824742268
0,USA-AD-1232,Czech Republic,CZ,722511,201405,-1.0,1,0,-1.0,1,0,-1.0,1,0,-0.999,2.0,1.0,-0.999,2.0,1.0,-0.1142,5.0,6.0,10.38,25,8,15,2014,72,0.002311,0.0,-0.002311,2.52382,7.4619,2.245212,17118.042557,-0.038487,0.060648,2.111415,8008.006,8309.523,3.21468,3.345262,0.002311,-0.02179,133,42,457719869.135026,109.54,934.0,,0.622448979591837
0,USA-AD-1233,Germany,DE,722511,201405,,0,0,,0,0,,0,0,-0.999,2.0,1.0,-0.999,2.0,1.0,-0.1142,5.0,6.0,133.7,25,8,15,2014,72,0.0,0.0,0.0,2.52382,7.4619,2.180186,41602.466128,-0.038487,-0.000288,2.111415,7595.452,8503.73,3.21468,3.345262,0.0,-0.02179,133,42,285239819861.606,109.54,934.0,,0.61734693877551
0,USA-AD-1234,Japan,JP,722511,201405,-0.176,3,3,0.0175,6,6,-0.1386,12,12,-0.999,2.0,1.0,-0.999,2.0,1.0,-0.1142,5.0,6.0,93.36,25,8,15,2014,72,0.642169,0.491354,-0.150815,2.52382,7.4619,0.296206,34386.905855,-0.038487,0.085548,2.111415,10286.19,951.7373,3.21468,3.345262,0.642169,-0.02179,133,42,36351469239.9692,109.54,934.0,,0.596938775510204
0,USA-AD-1234,Japan,JP,722611,201405,-0.2695,3,3,-0.0171,6,6,0.1726,12,12,,0.0,0.0,,0.0,0.0,,0.0,0.0,93.36,25,8,15,2014,72,1.0,0.784562,-0.215438,2.52382,7.4619,0.296206,34386.905855,-0.038487,0.085548,2.111415,10286.19,951.7373,3.21468,3.345262,1.0,-0.02179,133,42,36351469239.9692,109.54,934.0,,0.596938775510204
0,USA-AD-1236,Poland,PL,722511,201405,-1.0,1,0,-1.0,2,0,-0.6672,2,1,-0.999,2.0,1.0,-0.999,2.0,1.0,-0.1142,5.0,6.0,78.1,25,8,15,2014,72,0.00272,0.000978,-0.001741,2.52382,7.4619,3.920509,12093.162279,-0.038487,-0.001922,2.111415,8085.486,7970.524,3.21468,3.345262,0.00272,-0.02179,133,42,-16117000000.0,109.54,934.0,,0.602040816326531
0,USA-AD-1237,Russia,RU,722511,201405,-0.2028,3,3,-0.0044,5,6,0.1522,10,10,-0.999,2.0,1.0,-0.999,2.0,1.0,-0.1142,5.0,6.0,68.98,25,8,15,2014,72,0.062416,0.069677,0.007261,2.52382,7.4619,0.736267,9493.8125,-0.038487,0.205454,2.111415,8915.321,6009.905,3.21468,3.345262,0.062416,-0.02179,133,42,57512760000.0,109.54,934.0,,0.43298969072165
0,USA-AD-1238,China,CN,722519,201405,0.4701,3,3,0.895,6,6,0.8994,12,12,-0.3742,3.0,3.0,-0.0051,6.0,6.0,0.3599,11.0,12.0,407.52,28,7,15,2014,72,0.585371,0.670907,0.085537,2.52382,7.4619,7.4619,7686.57793,-0.038487,-0.008445,2.111415,11183.43,1168.165,3.21468,3.345262,0.585371,-0.02179,133,42,236046577873.629,109.54,934.0,,0.345360824742268
1,USA-AD-1238,China,CN,722550,201405,0.547,3,2,2.0181,6,4,7.3746,9,9,0.454,3.0,3.0,0.6071,6.0,6.0,0.5507,12.0,12.0,407.52,26,7,15,2014,72,0.022789,0.040354,0.017565,2.52382,7.4619,7.4619,7686.57793,-0.038487,-0.008445,2.111415,11183.43,1168.165,3.21468,3.345262,0.022789,-0.02179,133,42,236046577873.629,109.54,934.0,2566912639.0,0.345360824742268
0,USA-AD-1238,China,CN,722599,201405,-0.0521,3,3,-0.0535,6,6,0.1285,12,12,-0.2152,3.0,2.0,-0.2519,6.0,5.0,-0.1339,12.0,11.0,407.52,31,7,15,2014,72,,1.402681,,2.52382,7.4619,7.4619,7686.57793,-0.038487,-0.008445,2.111415,11183.43,1168.165,3.21468,3.345262,,-0.02179,133,42,236046577873.629,109.54,934.0,,0.345360824742268
0,USA-AD-1238,China,CN,722619,201405,2.2927,3,3,3.9572,4,6,0.8835,8,8,,0.0,0.0,-1.0,1.0,0.0,-1.0,1.0,0.0,407.52,28,7,15,2014,72,0.06399,0.123674,0.059684,2.52382,7.4619,7.4619,7686.57793,-0.038487,-0.008445,2.111415,11183.43,1168.165,3.21468,3.345262,0.06399,-0.02179,133,42,236046577873.629,109.54,934.0,,0.345360824742268
0,USA-AD-1238,China,CN,722692,201405,-0.8103,3,2,0.4315,6,5,2.7315,10,11,-1.0,3.0,0.0,-1.0,6.0,0.0,-0.9959,6.0,2.0,407.52,23,7,15,2014,72,0.007987,0.038162,0.030175,2.52382,7.4619,7.4619,7686.57793,-0.038487,-0.008445,2.111415,11183.43,1168.165,3.21468,3.345262,0.007987,-0.02179,133,42,236046577873.629,109.54,934.0,1108545006.0,0.345360824742268
0,USA-AD-1238,China,CN,722699,201405,0.2627,3,3,-0.5921,6,6,-0.6629,12,12,-0.8715,3.0,2.0,-0.7797,6.0,5.0,-0.7137,11.0,10.0,407.52,31,7,15,2014,72,,0.205848,,2.52382,7.4619,7.4619,7686.57793,-0.038487,-0.008445,2.111415,11183.43,1168.165,3.21468,3.345262,,-0.02179,133,42,236046577873.629,109.54,934.0,533350877.0,0.345360824742268
0,USA-AD-1239,Germany,DE,722519,201405,,0,0,,0,0,,0,2,-0.3742,3.0,3.0,-0.0051,6.0,6.0,0.3599,11.0,12.0,86.29,28,7,15,2014,72,0.0,0.00059,0.00059,2.52382,7.4619,2.180186,41602.466128,-0.038487,-0.000288,2.111415,7595.452,8503.73,3.21468,3.345262,0.0,-0.02179,133,42,285239819861.606,109.54,934.0,,0.61734693877551
1,USA-AD-1239,Germany,DE,722550,201405,,0,2,,0,5,5.7049,5,9,0.454,3.0,3.0,0.6071,6.0,6.0,0.5507,12.0,12.0,86.29,26,7,15,2014,72,0.002772,0.00958,0.006808,2.52382,7.4619,2.180186,41602.466128,-0.038487,-0.000288,2.111415,7595.452,8503.73,3.21468,3.345262,0.002772,-0.02179,133,42,285239819861.606,109.54,934.0,2566912639.0,0.61734693877551
0,USA-AD-1239,Germany,DE,722599,201405,0.0439,3,3,-0.8868,6,4,-0.8894,11,6,-0.2152,3.0,2.0,-0.2519,6.0,5.0,-0.1339,12.0,11.0,86.29,31,7,15,2014,72,,0.008196,,2.52382,7.4619,2.180186,41602.466128,-0.038487,-0.000288,2.111415,7595.452,8503.73,3.21468,3.345262,,-0.02179,133,42,285239819861.606,109.54,934.0,,0.61734693877551
0,USA-AD-1239,Germany,DE,722619,201405,,0,0,,0,0,-0.6552,1,1,,0.0,0.0,-1.0,1.0,0.0,-1.0,1.0,0.0,86.29,28,7,15,2014,72,0.000534,0.000358,-0.000176,2.52382,7.4619,2.180186,41602.466128,-0.038487,-0.000288,2.111415,7595.452,8503.73,3.21468,3.345262,0.000534,-0.02179,133,42,285239819861.606,109.54,934.0,,0.61734693877551
0,USA-AD-1239,Germany,DE,722692,201405,0.6367,3,3,1.0181,6,6,1.2513,12,12,-1.0,3.0,0.0,-1.0,6.0,0.0,-0.9959,6.0,2.0,86.29,23,7,15,2014,72,0.012261,0.042627,0.030365,2.52382,7.4619,2.180186,41602.466128,-0.038487,-0.000288,2.111415,7595.452,8503.73,3.21468,3.345262,0.012261,-0.02179,133,42,285239819861.606,109.54,934.0,1108545006.0,0.61734693877551
0,USA-AD-1239,Germany,DE,722699,201405,2.1405,3,3,1.8339,6,6,1.4417,12,12,-0.8715,3.0,2.0,-0.7797,6.0,5.0,-0.7137,11.0,10.0,86.29,31,7,15,2014,72,,0.089461,,2.52382,7.4619,2.180186,41602.466128,-0.038487,-0.000288,2.111415,7595.452,8503.73,3.21468,3.345262,,-0.02179,133,42,285239819861.606,109.54,934.0,533350877.0,0.61734693877551
0,USA-AD-1240,Japan,JP,722519,201405,2.8581,3,3,2.1738,6,6,1.1145,12,12,-0.3742,3.0,3.0,-0.0051,6.0,6.0,0.3599,11.0,12.0,135.59,28,7,15,2014,72,0.21906,0.176256,-0.042804,2.52382,7.4619,0.296206,34386.905855,-0.038487,0.085548,2.111415,10286.19,951.7373,3.21468,3.345262,0.21906,-0.02179,133,42,36351469239.9692,109.54,934.0,,0.596938775510204
1,USA-AD-1240,Japan,JP,722550,201405,0.3643,3,3,0.5488,6,6,1.216,12,12,0.454,3.0,3.0,0.6071,6.0,6.0,0.5507,12.0,12.0,135.59,26,7,15,2014,72,0.926494,0.878069,-0.048424,2.52382,7.4619,0.296206,34386.905855,-0.038487,0.085548,2.111415,10286.19,951.7373,3.21468,3.345262,0.926494,-0.02179,133,42,36351469239.9692,109.54,934.0,2566912639.0,0.596938775510204
0,USA-AD-1240,Japan,JP,722599,201405,0.2021,3,3,0.4017,6,6,0.7508,12,12,-0.2152,3.0,2.0,-0.2519,6.0,5.0,-0.1339,12.0,11.0,135.59,31,7,15,2014,72,,0.712832,,2.52382,7.4619,0.296206,34386.905855,-0.038487,0.085548,2.111415,10286.19,951.7373,3.21468,3.345262,,-0.02179,133,42,36351469239.9692,109.54,934.0,,0.596938775510204
0,USA-AD-1240,Japan,JP,722619,201405,-0.1833,3,3,-0.3077,6,6,-0.0533,12,12,,0.0,0.0,-1.0,1.0,0.0,-1.0,1.0,0.0,135.59,28,7,15,2014,72,0.921338,0.866565,-0.054773,2.52382,7.4619,0.296206,34386.905855,-0.038487,0.085548,2.111415,10286.19,951.7373,3.21468,3.345262,0.921338,-0.02179,133,42,36351469239.9692,109.54,934.0,,0.596938775510204
0,USA-AD-1240,Japan,JP,722692,201405,0.2256,3,3,0.3673,6,6,0.5009,12,12,-1.0,3.0,0.0,-1.0,6.0,0.0,-0.9959,6.0,2.0,135.59,23,7,15,2014,72,0.096492,0.126,0.029508,2.52382,7.4619,0.296206,34386.905855,-0.038487,0.085548,2.111415,10286.19,951.7373,3.21468,3.345262,0.096492,-0.02179,133,42,36351469239.9692,109.54,934.0,1108545006.0,0.596938775510204
0,USA-AD-1240,Japan,JP,722699,201405,0.0641,3,3,0.1692,6,6,0.0685,12,12,-0.8715,3.0,2.0,-0.7797,6.0,5.0,-0.7137,11.0,10.0,135.59,31,7,15,2014,72,,1.457443,,2.52382,7.4619,0.296206,34386.905855,-0.038487,0.085548,2.111415,10286.19,951.7373,3.21468,3.345262,,-0.02179,133,42,36351469239.9692,109.54,934.0,533350877.0,0.596938775510204
1,USA-AD-1242,Sweden,SE,722550,201405,4.3119,1,2,6.0167,3,3,13.1841,6,8,0.454,3.0,3.0,0.6071,6.0,6.0,0.5507,12.0,12.0,98.46,26,7,15,2014,72,0.009336,0.05285,0.043514,2.52382,7.4619,2.295772,49557.618365,-0.038487,0.053241,2.111415,7440.511,7682.775,3.21468,3.345262,0.009336,-0.02179,133,42,19916404545.4632,109.54,934.0,2566912639.0,0.566326530612245
0,USA-AD-1242,Sweden,SE,722599,201405,-0.3903,1,2,2.7898,1,3,4.4631,1,5,-0.2152,3.0,2.0,-0.2519,6.0,5.0,-0.1339,12.0,11.0,98.46,31,7,15,2014,72,,0.001093,,2.52382,7.4619,2.295772,49557.618365,-0.038487,0.053241,2.111415,7440.511,7682.775,3.21468,3.345262,,-0.02179,133,42,19916404545.4632,109.54,934.0,,0.566326530612245
0,USA-AD-1242,Sweden,SE,722619,201405,,0,1,,0,1,,0,1,,0.0,0.0,-1.0,1.0,0.0,-1.0,1.0,0.0,98.46,28,7,15,2014,72,0.0,0.000159,0.000159,2.52382,7.4619,2.295772,49557.618365,-0.038487,0.053241,2.111415,7440.511,7682.775,3.21468,3.345262,0.0,-0.02179,133,42,19916404545.4632,109.54,934.0,,0.566326530612245
0,USA-AD-1242,Sweden,SE,722692,201405,1187.1,1,3,1.1942,2,5,1.8062,5,11,-1.0,3.0,0.0,-1.0,6.0,0.0,-0.9959,6.0,2.0,98.46,23,7,15,2014,72,0.002227,0.008342,0.006114,2.52382,7.4619,2.295772,49557.618365,-0.038487,0.053241,2.111415,7440.511,7682.775,3.21468,3.345262,0.002227,-0.02179,133,42,19916404545.4632,109.54,934.0,1108545006.0,0.566326530612245
0,USA-AD-1242,Sweden,SE,722699,201405,-1.0,3,0,-1.0,4,0,-0.9941,8,1,-0.8715,3.0,2.0,-0.7797,6.0,5.0,-0.7137,11.0,10.0,98.46,31,7,15,2014,72,,0.000187,,2.52382,7.4619,2.295772,49557.618365,-0.038487,0.053241,2.111415,7440.511,7682.775,3.21468,3.345262,,-0.02179,133,42,19916404545.4632,109.54,934.0,533350877.0,0.566326530612245
0,USA-AD-1243,Taiwan,TW,722519,201405,0.3656,3,3,0.4207,6,6,0.7501,12,12,-0.3742,3.0,3.0,-0.0051,6.0,6.0,0.3599,11.0,12.0,28.14,28,7,15,2014,72,0.075122,0.082875,0.007752,2.52382,7.4619,,,-0.038487,,2.111415,12155.88,1520.398,3.21468,3.345262,0.075122,-0.02179,133,42,,109.54,934.0,,
0,USA-AD-1243,Taiwan,TW,722550,201405,,0,1,,0,2,,0,3,0.454,3.0,3.0,0.6071,6.0,6.0,0.5507,12.0,12.0,28.14,26,7,15,2014,72,0.0,0.002592,0.002592,2.52382,7.4619,,,-0.038487,,2.111415,12155.88,1520.398,3.21468,3.345262,0.0,-0.02179,133,42,,109.54,934.0,2566912639.0,
0,USA-AD-1243,Taiwan,TW,722599,201405,-1.0,1,0,-1.0,2,0,-1.0,2,0,-0.2152,3.0,2.0,-0.2519,6.0,5.0,-0.1339,12.0,11.0,28.14,31,7,15,2014,72,,0.0,,2.52382,7.4619,,,-0.038487,,2.111415,12155.88,1520.398,3.21468,3.345262,,-0.02179,133,42,,109.54,934.0,,
0,USA-AD-1243,Taiwan,TW,722692,201405,19.2562,1,2,-0.1775,2,4,-0.8264,6,5,-1.0,3.0,0.0,-1.0,6.0,0.0,-0.9959,6.0,2.0,28.14,23,7,15,2014,72,0.001407,0.001456,4.9e-05,2.52382,7.4619,,,-0.038487,,2.111415,12155.88,1520.398,3.21468,3.345262,0.001407,-0.02179,133,42,,109.54,934.0,1108545006.0,
0,USA-AD-1243,Taiwan,TW,722699,201405,,0,0,-1.0,1,0,0.1429,1,1,-0.8715,3.0,2.0,-0.7797,6.0,5.0,-0.7137,11.0,10.0,28.14,31,7,15,2014,72,,0.001071,,2.52382,7.4619,,,-0.038487,,2.111415,12155.88,1520.398,3.21468,3.345262,,-0.02179,133,42,,109.54,934.0,533350877.0,
0,USA-AD-1244,China,CN,290339,201405,0.3432,3,3,0.0445,6,6,0.0965,12,12,-0.6074,3.0,3.0,-0.3377,6.0,6.0,-0.0664,12.0,12.0,237.33,1,7,0,2014,29,0.438763,0.456164,0.017401,2.52382,7.4619,7.4619,7686.57793,-0.038487,-0.008445,2.111415,11183.43,1168.165,3.21468,3.345262,0.438763,-0.02179,133,42,236046577873.629,109.54,934.0,,0.345360824742268
0,USA-AD-1245,China,CN,282810,201407,0.0782,2,2,0.0318,5,4,-0.135,10,9,,0.0,0.0,,0.0,0.0,,0.0,0.0,210.52,1,7,0,2014,28,0.183096,0.159084,-0.024012,2.52382,7.4619,7.4619,7686.57793,-0.038487,-0.008445,2.111415,11183.43,1168.165,3.21468,3.345262,0.183096,-0.02179,131,42,236046577873.629,106.77,755.0,254278755.0,0.345360824742268
0,USA-AD-1245,China,CN,380894,201407,-0.1782,3,3,-0.1294,6,6,-0.0035,12,12,,0.0,0.0,2.0,1.0,1.0,0.7805,2.0,3.0,210.52,2,7,0,2014,38,,0.385068,,2.52382,7.4619,7.4619,7686.57793,-0.038487,-0.008445,2.111415,11183.43,1168.165,3.21468,3.345262,,-0.02179,131,42,236046577873.629,106.77,755.0,,0.345360824742268
0,USA-AD-1245,China,CN,380899,201407,0.3017,3,3,0.0623,6,6,0.3756,12,12,-0.5007,3.0,3.0,-0.2219,6.0,6.0,-0.0524,12.0,12.0,210.52,2,7,0,2014,38,,0.845278,,2.52382,7.4619,7.4619,7686.57793,-0.038487,-0.008445,2.111415,11183.43,1168.165,3.21468,3.345262,,-0.02179,131,42,236046577873.629,106.77,755.0,,0.345360824742268
0,USA-AD-1246,China,CN,850131,201407,-0.1325,3,3,-0.1042,6,6,-0.1852,12,12,-0.0594,3.0,3.0,0.1067,6.0,6.0,0.3385,12.0,12.0,165.04,2,6,2,2014,85,0.534454,0.486001,-0.048453,2.52382,7.4619,7.4619,7686.57793,-0.038487,-0.008445,2.111415,11183.43,1168.165,3.21468,3.345262,0.534454,-0.02179,131,42,236046577873.629,106.77,755.0,8543817725.0,0.345360824742268
0,USA-AD-1246,China,CN,850161,201407,-0.1243,3,3,-0.0355,6,6,-0.1129,12,12,-0.9554,2.0,1.0,-0.9554,2.0,1.0,3.8389,6.0,5.0,165.04,2,6,2,2014,85,0.094426,0.128204,0.033779,2.52382,7.4619,7.4619,7686.57793,-0.038487,-0.008445,2.111415,11183.43,1168.165,3.21468,3.345262,0.094426,-0.02179,131,42,236046577873.629,106.77,755.0,1179087769.0,0.345360824742268
0,USA-AD-1246,China,CN,850720,201407,0.0253,3,3,0.1498,6,6,-0.0293,12,12,0.3788,3.0,3.0,0.5517,6.0,6.0,0.259,12.0,12.0,165.04,6,6,2,2014,85,0.436915,0.401656,-0.035259,2.52382,7.4619,7.4619,7686.57793,-0.038487,-0.008445,2.111415,11183.43,1168.165,3.21468,3.345262,0.436915,-0.02179,131,42,236046577873.629,106.77,755.0,6540447964.0,0.345360824742268
0,USA-AD-1246,China,CN,854140,201407,-0.1897,3,3,0.1738,6,6,0.524,12,12,0.5354,3.0,3.0,0.9995,6.0,6.0,2.0111,12.0,12.0,165.04,2,6,2,2014,85,0.47209,0.486265,0.014174,2.52382,7.4619,7.4619,7686.57793,-0.038487,-0.008445,2.111415,11183.43,1168.165,3.21468,3.345262,0.47209,-0.02179,131,42,236046577873.629,106.77,755.0,53021796038.0,0.345360824742268
0,USA-AD-1247,Taiwan,TW,850131,201407,-0.1722,3,3,-0.0675,6,6,-0.0352,12,12,-0.0594,3.0,3.0,0.1067,6.0,6.0,0.3385,12.0,12.0,35.89,2,6,2,2014,85,0.015822,0.014863,-0.000959,2.52382,7.4619,,,-0.038487,,2.111415,12155.88,1520.398,3.21468,3.345262,0.015822,-0.02179,131,42,,106.77,755.0,8543817725.0,
0,USA-AD-1247,Taiwan,TW,850161,201407,,0,0,,0,1,-0.9975,2,1,-0.9554,2.0,1.0,-0.9554,2.0,1.0,3.8389,6.0,5.0,35.89,2,6,2,2014,85,0.002219,5.7e-05,-0.002162,2.52382,7.4619,,,-0.038487,,2.111415,12155.88,1520.398,3.21468,3.345262,0.002219,-0.02179,131,42,,106.77,755.0,1179087769.0,
0,USA-AD-1247,Taiwan,TW,850720,201407,-0.4545,3,3,0.0795,6,6,-0.3799,12,12,0.3788,3.0,3.0,0.5517,6.0,6.0,0.259,12.0,12.0,35.89,6,6,2,2014,85,0.012758,0.007071,-0.005687,2.52382,7.4619,,,-0.038487,,2.111415,12155.88,1520.398,3.21468,3.345262,0.012758,-0.02179,131,42,,106.77,755.0,6540447964.0,
0,USA-AD-1247,Taiwan,TW,854140,201407,1.5499,3,3,1.0825,6,6,0.8106,12,12,0.5354,3.0,3.0,0.9995,6.0,6.0,2.0111,12.0,12.0,35.89,2,6,2,2014,85,0.136074,0.127728,-0.008345,2.52382,7.4619,,,-0.038487,,2.111415,12155.88,1520.398,3.21468,3.345262,0.136074,-0.02179,131,42,,106.77,755.0,53021796038.0,
0,USA-AD-1248,China,CN,721391,201409,-0.3674,3,3,-0.2543,6,6,-0.1434,12,12,0.6594,3.0,3.0,0.0314,6.0,6.0,0.5617,12.0,12.0,110.25,20,7,17,2014,72,0.537794,0.522559,-0.015235,2.52382,7.4619,7.4619,7686.57793,-0.038487,-0.008445,2.111415,11183.43,1168.165,3.21468,3.345262,0.537794,-0.02179,129,42,236046577873.629,97.09,1063.0,,0.345360824742268
0,USA-AD-1248,China,CN,721399,201409,-0.2688,3,3,-0.4223,6,6,-0.319,12,12,1.0727,1.0,2.0,71.4835,3.0,4.0,71.8352,3.0,6.0,110.25,20,7,17,2014,72,0.458998,0.34761,-0.111388,2.52382,7.4619,7.4619,7686.57793,-0.038487,-0.008445,2.111415,11183.43,1168.165,3.21468,3.345262,0.458998,-0.02179,129,42,236046577873.629,97.09,1063.0,,0.345360824742268
0,USA-AD-1248,China,CN,722720,201409,,0,0,,0,0,-1.0,2,0,,0.0,0.0,,0.0,0.0,,0.0,0.0,110.25,21,7,20,2014,72,0.105582,0.0,-0.105582,2.52382,7.4619,7.4619,7686.57793,-0.038487,-0.008445,2.111415,11183.43,1168.165,3.21468,3.345262,0.105582,-0.02179,129,42,236046577873.629,97.09,1063.0,456559912.0,0.345360824742268
0,USA-AD-1248,China,CN,722790,201409,-0.1344,3,3,-0.1837,6,6,-0.0803,12,12,0.4471,2.0,1.0,2.2814,3.0,4.0,5.2643,4.0,10.0,110.25,22,7,21,2014,72,,1.589621,,2.52382,7.4619,7.4619,7686.57793,-0.038487,-0.008445,2.111415,11183.43,1168.165,3.21468,3.345262,,-0.02179,129,42,236046577873.629,97.09,1063.0,6366191019.0,0.345360824742268
0,USA-AD-1249,Mexico,MX,170290,201411,-0.9999,2,1,-0.7442,5,4,-0.3069,9,8,0.2794,3.0,3.0,0.2388,6.0,6.0,0.2564,12.0,12.0,40.76,3,7,19,2014,17,0.003625,0.003288,-0.000337,2.52382,7.4619,2.503764,9862.481254,-0.038487,0.04075,2.111415,2468.405,11711.42,3.21468,3.345262,0.003625,-0.02179,127,42,-24852042092.0,79.44,1153.0,1499508820.0,0.403061224489796
0,USA-AD-1249,Mexico,MX,170310,201411,,0,1,,0,1,,0,1,,0.0,0.0,,0.0,0.0,,0.0,0.0,40.76,1,7,0,2014,17,0.0,6.9e-05,6.9e-05,2.52382,7.4619,2.503764,9862.481254,-0.038487,0.04075,2.111415,2468.405,11711.42,3.21468,3.345262,0.0,-0.02179,127,42,-24852042092.0,79.44,1153.0,865445402.0,0.403061224489796
0,USA-AD-1250,China,CN,860900,201411,0.1187,3,3,0.0317,6,6,-0.0857,12,12,3.8971,3.0,3.0,0.1639,6.0,5.0,-0.013,12.0,9.0,24.27,1,7,0,2014,86,0.159377,0.117367,-0.04201,2.52382,7.4619,7.4619,7686.57793,-0.038487,-0.008445,2.111415,11183.43,1168.165,3.21468,3.345262,0.159377,-0.02179,127,42,236046577873.629,79.44,1153.0,6750013079.0,0.345360824742268
0,USA-AD-1253,Malaysia,MY,731700,201412,,0,1,,0,1,,0,5,-0.2003,3.0,3.0,-0.1132,6.0,6.0,-0.1428,12.0,12.0,2.2,11,6,17,2014,73,1.1e-05,8.5e-05,7.5e-05,2.52382,7.4619,6.006722,9341.73056,-0.038487,0.038704,2.111415,14859.51,4418.149,3.21468,3.345262,1.1e-05,-0.02179,126,42,14846482442.7807,62.34,782.0,2772762079.0,0.36734693877551
0,USA-AD-1253,Malaysia,MY,790700,201412,,0,0,,0,1,-0.8661,3,2,0.0284,3.0,3.0,0.2443,6.0,6.0,0.8603,12.0,12.0,2.2,5,6,0,2014,79,0.001323,0.001122,-0.000201,2.52382,7.4619,6.006722,9341.73056,-0.038487,0.038704,2.111415,14859.51,4418.149,3.21468,3.345262,0.001323,-0.02179,126,42,14846482442.7807,62.34,782.0,,0.36734693877551
0,USA-AD-1253,Malaysia,MY,820600,201412,-0.1156,3,2,-0.0105,3,3,-0.8243,6,7,-0.8367,3.0,3.0,-0.4631,6.0,6.0,-0.6602,12.0,12.0,2.2,8,6,9,2014,82,0.002638,0.002652,1.4e-05,2.52382,7.4619,6.006722,9341.73056,-0.038487,0.038704,2.111415,14859.51,4418.149,3.21468,3.345262,0.002638,-0.02179,126,42,14846482442.7807,62.34,782.0,1107178215.0,0.36734693877551
0,USA-AD-1254,Oman,OM,731700,201412,,0,0,-1.0,1,0,-1.0,2,0,-0.2003,3.0,3.0,-0.1132,6.0,6.0,-0.1428,12.0,12.0,9.07,11,6,17,2014,73,0.0012,0.0,-0.0012,2.52382,7.4619,1.292252,18726.202695,-0.038487,0.0,2.111415,12482.55,6785.76,3.21468,3.345262,0.0012,-0.02179,126,42,4291929063.31256,62.34,782.0,2772762079.0,0.304123711340206
0,USA-AD-1254,Oman,OM,790700,201412,,0,0,,0,0,,0,0,0.0284,3.0,3.0,0.2443,6.0,6.0,0.8603,12.0,12.0,9.07,5,6,0,2014,79,0.0,0.0,0.0,2.52382,7.4619,1.292252,18726.202695,-0.038487,0.0,2.111415,12482.55,6785.76,3.21468,3.345262,0.0,-0.02179,126,42,4291929063.31256,62.34,782.0,,0.304123711340206
0,USA-AD-1257,Vietnam,VN,731700,201412,,0,1,,0,3,222.1445,1,8,-0.2003,3.0,3.0,-0.1132,6.0,6.0,-0.1428,12.0,12.0,323.99,11,6,17,2014,73,3e-06,0.012689,0.012686,2.52382,7.4619,6.422243,2439.286557,-0.038487,0.010251,2.111415,13715.75,3257.774,3.21468,3.345262,3e-06,-0.02179,126,42,9359000000.0,62.34,782.0,2772762079.0,0.32258064516129
0,USA-AD-1257,Vietnam,VN,790700,201412,0.5,2,3,1.3529,3,6,2.0588,3,8,0.0284,3.0,3.0,0.2443,6.0,6.0,0.8603,12.0,12.0,323.99,5,6,0,2014,79,1.9e-05,0.00035,0.000331,2.52382,7.4619,6.422243,2439.286557,-0.038487,0.010251,2.111415,13715.75,3257.774,3.21468,3.345262,1.9e-05,-0.02179,126,42,9359000000.0,62.34,782.0,,0.32258064516129
0,USA-AD-1257,Vietnam,VN,820600,201412,-0.0074,3,2,-0.633,5,5,-0.6351,9,10,-0.8367,3.0,3.0,-0.4631,6.0,6.0,-0.6602,12.0,12.0,323.99,8,6,9,2014,82,0.032286,0.000785,-0.031501,2.52382,7.4619,6.422243,2439.286557,-0.038487,0.010251,2.111415,13715.75,3257.774,3.21468,3.345262,0.032286,-0.02179,126,42,9359000000.0,62.34,782.0,1107178215.0,0.32258064516129
0,USA-AD-1258,China,CN,401110,201501,-0.127,3,3,0.0031,6,6,-0.0577,12,12,0.0323,3.0,3.0,0.1112,6.0,6.0,0.1644,12.0,12.0,87.99,5,7,0,2015,40,0.230012,0.193125,-0.036887,2.94555,6.97878,6.97878,8175.332851,0.074192,0.013682,-0.004264,11183.43,1168.165,2.920293,1.765934,0.230012,-0.074542,125,16,293022317035.547,47.76,608.0,39403652569.0,0.329787234042553
0,USA-AD-1258,China,CN,401120,201501,-0.2094,3,3,-0.0995,6,6,0.2418,12,12,0.0165,3.0,3.0,0.0524,6.0,6.0,0.0283,12.0,12.0,87.99,6,7,7,2015,40,0.529928,0.55906,0.029132,2.94555,6.97878,6.97878,8175.332851,0.074192,0.013682,-0.004264,11183.43,1168.165,2.920293,1.765934,0.529928,-0.074542,125,16,293022317035.547,47.76,608.0,22648000316.0,0.329787234042553
0,USA-AD-1258,China,CN,401199,201501,0.0028,3,3,1.5145,6,6,2.7461,12,12,,0.0,0.0,33.0,1.0,1.0,-0.8736,5.0,1.0,87.99,2,7,0,2015,40,0.234759,0.615448,0.380688,2.94555,6.97878,6.97878,8175.332851,0.074192,0.013682,-0.004264,11183.43,1168.165,2.920293,1.765934,0.234759,-0.074542,125,16,293022317035.547,47.76,608.0,6067837532.0,0.329787234042553
0,USA-AD-1258,China,CN,870870,201501,0.2612,3,3,0.0462,6,6,-0.1705,12,12,-0.0816,3.0,3.0,-0.0834,6.0,6.0,-0.0236,12.0,12.0,87.99,5,7,13,2015,87,0.696952,0.5433,-0.153652,2.94555,6.97878,6.97878,8175.332851,0.074192,0.013682,-0.004264,11183.43,1168.165,2.920293,1.765934,0.696952,-0.074542,125,16,293022317035.547,47.76,608.0,17650539182.0,0.329787234042553
0,USA-AD-1259,China,CN,940310,201504,0.0965,3,3,0.1602,6,6,0.2805,12,12,0.7911,3.0,3.0,0.3954,5.0,6.0,0.3846,11.0,12.0,112.68,1,7,0,2015,94,0.645052,0.681715,0.036663,2.94555,6.97878,6.97878,8175.332851,0.074192,0.013682,-0.004264,11183.43,1168.165,2.920293,1.765934,0.645052,-0.074542,122,16,293022317035.547,59.52,591.0,2356737781.0,0.329787234042553
0,USA-AD-1259,China,CN,940320,201504,0.3249,3,3,0.2776,6,6,0.2664,12,12,-0.4347,3.0,3.0,-0.5684,6.0,6.0,-0.688,12.0,12.0,112.68,6,7,14,2015,94,0.783684,0.807338,0.023654,2.94555,6.97878,6.97878,8175.332851,0.074192,0.013682,-0.004264,11183.43,1168.165,2.920293,1.765934,0.783684,-0.074542,122,16,293022317035.547,59.52,591.0,14334166133.0,0.329787234042553
0,USA-AD-1261,Turkey,TR,730511,201505,,0,0,,0,0,,0,0,-0.0268,3.0,3.0,-0.2858,6.0,6.0,0.056,12.0,12.0,3.29,8,7,14,2015,73,0.0,0.0,0.0,2.94555,6.97878,5.805574,11064.64945,0.074192,0.24284,-0.004264,9705.772,7937.729,2.920293,1.765934,0.0,-0.074542,121,16,-21354000000.0,64.08,589.0,6619606651.000001,0.580645161290323
0,USA-AD-1261,Turkey,TR,730619,201505,,0,0,,0,0,,0,0,-0.5177,3.0,3.0,-0.6654,6.0,6.0,-0.6091,12.0,12.0,3.29,9,7,7,2015,73,0.0,0.0,0.0,2.94555,6.97878,5.805574,11064.64945,0.074192,0.24284,-0.004264,9705.772,7937.729,2.920293,1.765934,0.0,-0.074542,121,16,-21354000000.0,64.08,589.0,,0.580645161290323
0,USA-AD-1262,China,CN,293361,201506,-0.1702,3,3,-0.1015,6,6,0.063,12,12,-1.0,1.0,0.0,-1.0,1.0,0.0,11.1,1.0,1.0,363.31,7,7,0,2015,29,0.844014,0.86261,0.018596,2.94555,6.97878,6.97878,8175.332851,0.074192,0.013682,-0.004264,11183.43,1168.165,2.920293,1.765934,0.844014,-0.074542,120,16,293022317035.547,61.48,800.0,770950195.0,0.329787234042553
0,USA-AD-1264,Australia,AU,480256,201508,,0,1,,0,3,,0,4,,0.0,0.0,,0.0,1.0,6271.7337,2.0,7.0,40.65,5,7,0,2015,48,0.0,0.000792,0.000792,2.94555,6.97878,2.164348,56970.361303,0.074192,0.199869,-0.004264,14802.03,8112.907,2.920293,1.765934,0.0,-0.074542,118,16,-58275684539.1343,46.52,903.0,,0.721052631578947
1,USA-AD-1264,Australia,AU,480257,201508,,0,0,2.1184,1,1,5.2549,1,2,428.2848,3.0,3.0,791.0063,3.0,6.0,74.2535,8.0,12.0,40.65,5,7,0,2015,48,0.000639,0.00401,0.00337,2.94555,6.97878,2.164348,56970.361303,0.074192,0.199869,-0.004264,14802.03,8112.907,2.920293,1.765934,0.000639,-0.074542,118,16,-58275684539.1343,46.52,903.0,,0.721052631578947
0,USA-AD-1264,Australia,AU,480262,201508,,0,0,,0,0,,0,0,,0.0,0.0,-0.8227,1.0,2.0,-0.7923,1.0,3.0,40.65,6,7,11,2015,48,0.0,0.0,0.0,2.94555,6.97878,2.164348,56970.361303,0.074192,0.199869,-0.004264,14802.03,8112.907,2.920293,1.765934,0.0,-0.074542,118,16,-58275684539.1343,46.52,903.0,,0.721052631578947
0,USA-AD-1264,Australia,AU,480269,201508,-1.0,1,0,-0.8182,1,1,-0.8182,1,1,-0.3377,2.0,3.0,0.5086,5.0,6.0,0.6212,9.0,10.0,40.65,6,7,11,2015,48,4.2e-05,0.0,-4.2e-05,2.94555,6.97878,2.164348,56970.361303,0.074192,0.199869,-0.004264,14802.03,8112.907,2.920293,1.765934,4.2e-05,-0.074542,118,16,-58275684539.1343,46.52,903.0,,0.721052631578947
0,USA-AD-1264,Australia,AU,481190,201508,-0.9167,2,1,-0.9041,3,2,-0.9971,4,5,-0.6437,3.0,3.0,-0.4936,6.0,6.0,-0.262,12.0,12.0,40.65,10,7,11,2015,48,0.000324,8e-06,-0.000316,2.94555,6.97878,2.164348,56970.361303,0.074192,0.199869,-0.004264,14802.03,8112.907,2.920293,1.765934,0.000324,-0.074542,118,16,-58275684539.1343,46.52,903.0,4622070510.0,0.721052631578947
0,USA-AD-1265,Brazil,BR,480256,201508,-0.273,3,3,-0.0139,6,6,-0.1378,12,12,,0.0,0.0,,0.0,1.0,6271.7337,2.0,7.0,37.76,5,7,0,2015,48,0.085712,0.078363,-0.007349,2.94555,6.97878,-3.545763,8936.195589,0.074192,0.413928,-0.004264,8088.514,17793.04,2.920293,1.765934,0.085712,-0.074542,118,16,-63408884124.215,46.52,903.0,,0.368421052631579
0,USA-AD-1265,Brazil,BR,480257,201508,,0,1,,0,1,-0.1359,1,2,428.2848,3.0,3.0,791.0063,3.0,6.0,74.2535,8.0,12.0,37.76,5,7,0,2015,48,0.010969,0.010057,-0.000912,2.94555,6.97878,-3.545763,8936.195589,0.074192,0.413928,-0.004264,8088.514,17793.04,2.920293,1.765934,0.010969,-0.074542,118,16,-63408884124.215,46.52,903.0,,0.368421052631579
0,USA-AD-1265,Brazil,BR,480269,201508,,0,0,,0,0,,0,0,-0.3377,2.0,3.0,0.5086,5.0,6.0,0.6212,9.0,10.0,37.76,6,7,11,2015,48,0.0,0.0,0.0,2.94555,6.97878,-3.545763,8936.195589,0.074192,0.413928,-0.004264,8088.514,17793.04,2.920293,1.765934,0.0,-0.074542,118,16,-63408884124.215,46.52,903.0,,0.368421052631579
0,USA-AD-1265,Brazil,BR,481190,201508,,0,1,,0,1,-0.4971,1,2,-0.6437,3.0,3.0,-0.4936,6.0,6.0,-0.262,12.0,12.0,37.76,10,7,11,2015,48,0.000327,0.000121,-0.000206,2.94555,6.97878,-3.545763,8936.195589,0.074192,0.413928,-0.004264,8088.514,17793.04,2.920293,1.765934,0.000327,-0.074542,118,16,-63408884124.215,46.52,903.0,4622070510.0,0.368421052631579
0,USA-AD-1266,China,CN,480256,201508,-0.1896,3,3,-0.1156,6,6,0.0737,12,12,,0.0,0.0,,0.0,1.0,6271.7337,2.0,7.0,193.3,5,7,0,2015,48,0.423386,0.475379,0.051993,2.94555,6.97878,6.97878,8175.332851,0.074192,0.013682,-0.004264,11183.43,1168.165,2.920293,1.765934,0.423386,-0.074542,118,16,293022317035.547,46.52,903.0,,0.329787234042553
0,USA-AD-1266,China,CN,480257,201508,-0.0294,3,3,-0.2428,6,6,-0.0636,12,12,428.2848,3.0,3.0,791.0063,3.0,6.0,74.2535,8.0,12.0,193.3,5,7,0,2015,48,0.606141,0.576561,-0.029579,2.94555,6.97878,6.97878,8175.332851,0.074192,0.013682,-0.004264,11183.43,1168.165,2.920293,1.765934,0.606141,-0.074542,118,16,293022317035.547,46.52,903.0,,0.329787234042553
1,USA-AD-1266,China,CN,480262,201508,,0,2,,0,5,54.9474,2,8,,0.0,0.0,-0.8227,1.0,2.0,-0.7923,1.0,3.0,193.3,6,7,11,2015,48,3.2e-05,0.301914,0.301882,2.94555,6.97878,6.97878,8175.332851,0.074192,0.013682,-0.004264,11183.43,1168.165,2.920293,1.765934,3.2e-05,-0.074542,118,16,293022317035.547,46.52,903.0,,0.329787234042553
0,USA-AD-1266,China,CN,480269,201508,-0.2183,3,3,-0.352,6,6,-0.2332,12,12,-0.3377,2.0,3.0,0.5086,5.0,6.0,0.6212,9.0,10.0,193.3,6,7,11,2015,48,0.450037,0.276047,-0.17399,2.94555,6.97878,6.97878,8175.332851,0.074192,0.013682,-0.004264,11183.43,1168.165,2.920293,1.765934,0.450037,-0.074542,118,16,293022317035.547,46.52,903.0,,0.329787234042553
0,USA-AD-1266,China,CN,481190,201508,-0.8164,3,3,-0.6022,6,6,-0.4763,12,12,-0.6437,3.0,3.0,-0.4936,6.0,6.0,-0.262,12.0,12.0,193.3,10,7,11,2015,48,0.148834,0.124822,-0.024012,2.94555,6.97878,6.97878,8175.332851,0.074192,0.013682,-0.004264,11183.43,1168.165,2.920293,1.765934,0.148834,-0.074542,118,16,293022317035.547,46.52,903.0,4622070510.0,0.329787234042553
0,USA-AD-1267,Indonesia,ID,480256,201508,0.044,3,3,0.1096,6,6,0.2194,12,12,,0.0,0.0,,0.0,1.0,6271.7337,2.0,7.0,34.5,5,7,0,2015,48,0.242256,0.307226,0.064971,2.94555,6.97878,4.876322,3288.222697,0.074192,0.12846,-0.004264,15535.87,5081.576,2.920293,1.765934,0.242256,-0.074542,118,16,-17518744569.4758,46.52,903.0,,0.321052631578947
1,USA-AD-1267,Indonesia,ID,480257,201508,0.0463,3,3,1.3673,6,6,1.1698,12,12,428.2848,3.0,3.0,791.0063,3.0,6.0,74.2535,8.0,12.0,34.5,5,7,0,2015,48,0.0858,0.166544,0.080744,2.94555,6.97878,4.876322,3288.222697,0.074192,0.12846,-0.004264,15535.87,5081.576,2.920293,1.765934,0.0858,-0.074542,118,16,-17518744569.4758,46.52,903.0,,0.321052631578947
0,USA-AD-1267,Indonesia,ID,480262,201508,,0,1,-0.1104,1,3,-0.548,4,4,,0.0,0.0,-0.8227,1.0,2.0,-0.7923,1.0,3.0,34.5,6,7,11,2015,48,0.08262,0.664253,0.581633,2.94555,6.97878,4.876322,3288.222697,0.074192,0.12846,-0.004264,15535.87,5081.576,2.920293,1.765934,0.08262,-0.074542,118,16,-17518744569.4758,46.52,903.0,,0.321052631578947
0,USA-AD-1267,Indonesia,ID,480269,201508,,0,0,,0,1,,0,4,-0.3377,2.0,3.0,0.5086,5.0,6.0,0.6212,9.0,10.0,34.5,6,7,11,2015,48,0.0,0.008622,0.008622,2.94555,6.97878,4.876322,3288.222697,0.074192,0.12846,-0.004264,15535.87,5081.576,2.920293,1.765934,0.0,-0.074542,118,16,-17518744569.4758,46.52,903.0,,0.321052631578947
0,USA-AD-1267,Indonesia,ID,481190,201508,0.1191,3,3,-0.1702,6,6,-0.0049,12,12,-0.6437,3.0,3.0,-0.4936,6.0,6.0,-0.262,12.0,12.0,34.5,10,7,11,2015,48,0.061419,0.062942,0.001523,2.94555,6.97878,4.876322,3288.222697,0.074192,0.12846,-0.004264,15535.87,5081.576,2.920293,1.765934,0.061419,-0.074542,118,16,-17518744569.4758,46.52,903.0,4622070510.0,0.321052631578947
0,USA-AD-1268,Portugal,PT,480257,201508,-0.4946,1,1,-0.5978,3,2,-0.221,6,6,428.2848,3.0,3.0,791.0063,3.0,6.0,74.2535,8.0,12.0,29.53,5,7,0,2015,48,0.010037,0.008511,-0.001526,2.94555,6.97878,1.589798,19215.781301,0.074192,0.197373,-0.004264,7004.538,10498.21,2.920293,1.765934,0.010037,-0.074542,118,16,1011707027.57892,46.52,903.0,,0.639784946236559
0,USA-AD-1268,Portugal,PT,480269,201508,,0,0,-1.0,1,0,-1.0,1,0,-0.3377,2.0,3.0,0.5086,5.0,6.0,0.6212,9.0,10.0,29.53,6,7,11,2015,48,5e-06,1e-06,-4e-06,2.94555,6.97878,1.589798,19215.781301,0.074192,0.197373,-0.004264,7004.538,10498.21,2.920293,1.765934,5e-06,-0.074542,118,16,1011707027.57892,46.52,903.0,,0.639784946236559
0,USA-AD-1268,Portugal,PT,481190,201508,-1.0,1,0,-1.0,2,0,-0.7429,5,1,-0.6437,3.0,3.0,-0.4936,6.0,6.0,-0.262,12.0,12.0,29.53,10,7,11,2015,48,0.001374,0.000334,-0.00104,2.94555,6.97878,1.589798,19215.781301,0.074192,0.197373,-0.004264,7004.538,10498.21,2.920293,1.765934,0.001374,-0.074542,118,16,1011707027.57892,46.52,903.0,4622070510.0,0.639784946236559
0,USA-AD-1269,Australia,AU,720230,201509,,0,0,,0,0,,0,0,-1.0,2.0,0.0,-0.9605,3.0,1.0,-0.8816,3.0,3.0,11.93,7,7,21,2015,72,0.0,0.0,0.0,2.94555,6.97878,2.164348,56970.361303,0.074192,0.199869,-0.004264,14802.03,8112.907,2.920293,1.765934,0.0,-0.074542,117,16,-58275684539.1343,47.62,900.0,2783653422.0000005,0.721052631578947
0,USA-AD-1270,Canada,CA,390760,201510,-0.1324,1,1,-0.1324,1,1,-0.0344,2,2,0.6062,3.0,3.0,1.0725,6.0,6.0,2.0052,12.0,12.0,13.29,7,7,11,2015,39,0.00186,0.002196,0.000336,2.94555,6.97878,0.649971,43594.194105,0.074192,0.157537,-0.004264,2079.297,10032.81,2.920293,1.765934,0.00186,-0.074542,116,16,-54695520049.8055,48.43,721.0,10904962706.0,0.868421052631579
0,USA-AD-1271,China,CN,390760,201510,-0.8924,3,3,-0.5109,6,6,0.357,12,12,0.6062,3.0,3.0,1.0725,6.0,6.0,2.0052,12.0,12.0,145.94,7,7,11,2015,39,0.228327,0.30082,0.072493,2.94555,6.97878,6.97878,8175.332851,0.074192,0.013682,-0.004264,11183.43,1168.165,2.920293,1.765934,0.228327,-0.074542,116,16,293022317035.547,48.43,721.0,10904962706.0,0.329787234042553
1,USA-AD-1272,India,IN,390760,201510,-1.0,1,0,-0.9383,4,2,16.8559,6,6,0.6062,3.0,3.0,1.0725,6.0,6.0,2.0052,12.0,12.0,8.5,7,7,11,2015,39,0.000712,0.00874,0.008028,2.94555,6.97878,7.996254,1583.998159,0.074192,0.051163,-0.004264,13131.91,5108.001,2.920293,1.765934,0.000712,-0.074542,116,16,-22456838009.6208,48.43,721.0,10904962706.0,0.315789473684211
0,USA-AD-1273,Oman,OM,390760,201510,,0,0,,0,0,,0,0,0.6062,3.0,3.0,1.0725,6.0,6.0,2.0052,12.0,12.0,6.62,7,7,11,2015,39,0.0,0.0,0.0,2.94555,6.97878,5.017058,18808.307792,0.074192,0.0,-0.004264,12482.55,6785.76,2.920293,1.765934,0.0,-0.074542,116,16,-10847357591.0635,48.43,721.0,10904962706.0,0.297872340425532
0,USA-AD-1274,China,CN,721030,201601,-0.0161,3,3,-0.0317,6,6,0.0682,12,12,0.5896,2.0,3.0,0.3681,5.0,6.0,0.2803,11.0,12.0,255.8,5,7,0,2016,72,0.876367,0.917012,0.040645,1.819451,6.775556,6.775556,8679.377045,0.026363,0.066959,2.451302,11183.43,1168.165,3.171527,2.074283,0.876367,-0.046493,113,51,191337035941.993,30.7,317.0,,0.390756302521008
0,USA-AD-1274,China,CN,721041,201601,,0,0,-1.0,1,0,19.3125,1,1,,0.0,0.0,,0.0,0.0,,0.0,0.0,255.8,12,7,23,2016,72,0.002665,0.183836,0.181171,1.819451,6.775556,6.775556,8679.377045,0.026363,0.066959,2.451302,11183.43,1168.165,3.171527,2.074283,0.002665,-0.046493,113,51,191337035941.993,30.7,317.0,621083192.0,0.390756302521008
0,USA-AD-1274,China,CN,721049,201601,0.0301,3,3,0.2044,6,6,0.4584,12,12,0.0083,3.0,3.0,-0.254,6.0,6.0,-0.2309,12.0,12.0,255.8,12,7,23,2016,72,0.852733,0.918675,0.065942,1.819451,6.775556,6.775556,8679.377045,0.026363,0.066959,2.451302,11183.43,1168.165,3.171527,2.074283,0.852733,-0.046493,113,51,191337035941.993,30.7,317.0,18919219474.0,0.390756302521008
0,USA-AD-1274,China,CN,721061,201601,0.0304,3,3,0.3324,6,6,4.2161,12,12,0.2957,3.0,3.0,0.2083,6.0,6.0,0.0275,12.0,12.0,255.8,5,7,0,2016,72,0.824603,0.931843,0.10724,1.819451,6.775556,6.775556,8679.377045,0.026363,0.066959,2.451302,11183.43,1168.165,3.171527,2.074283,0.824603,-0.046493,113,51,191337035941.993,30.7,317.0,,0.390756302521008
1,USA-AD-1274,China,CN,721069,201601,,0,0,,0,2,149491.0,1,4,-0.8849,3.0,2.0,0.7873,6.0,5.0,1.2792,12.0,10.0,255.8,5,7,0,2016,72,2e-06,0.001757,0.001755,1.819451,6.775556,6.775556,8679.377045,0.026363,0.066959,2.451302,11183.43,1168.165,3.171527,2.074283,2e-06,-0.046493,113,51,191337035941.993,30.7,317.0,,0.390756302521008
0,USA-AD-1274,China,CN,721070,201601,-0.3095,3,3,-0.1093,6,6,0.0219,12,12,0.2486,3.0,3.0,-0.0407,6.0,6.0,0.1283,12.0,12.0,255.8,34,7,23,2016,72,0.980625,0.994355,0.01373,1.819451,6.775556,6.775556,8679.377045,0.026363,0.066959,2.451302,11183.43,1168.165,3.171527,2.074283,0.980625,-0.046493,113,51,191337035941.993,30.7,317.0,8429299641.000001,0.390756302521008
1,USA-AD-1274,China,CN,721090,201601,-0.039,3,3,0.1042,6,6,2.3856,12,12,-1.0,2.0,0.0,2.4832,4.0,2.0,6.2176,10.0,6.0,255.8,34,7,23,2016,72,0.048243,0.14763,0.099387,1.819451,6.775556,6.775556,8679.377045,0.026363,0.066959,2.451302,11183.43,1168.165,3.171527,2.074283,0.048243,-0.046493,113,51,191337035941.993,30.7,317.0,1208734270.0,0.390756302521008
0,USA-AD-1274,China,CN,721220,201601,10624.9167,1,3,190504.2143,2,6,1407.8554,3,10,1.6475,3.0,3.0,0.1919,6.0,4.0,-0.3738,12.0,7.0,255.8,5,7,0,2016,72,0.001952,0.704689,0.702736,1.819451,6.775556,6.775556,8679.377045,0.026363,0.066959,2.451302,11183.43,1168.165,3.171527,2.074283,0.001952,-0.046493,113,51,191337035941.993,30.7,317.0,,0.390756302521008
0,USA-AD-1274,China,CN,721230,201601,-0.0717,3,3,0.1269,6,6,0.1705,12,12,1.8448,1.0,1.0,8.8544,3.0,3.0,14.9405,7.0,6.0,255.8,12,7,23,2016,72,0.983494,0.967524,-0.01597,1.819451,6.775556,6.775556,8679.377045,0.026363,0.066959,2.451302,11183.43,1168.165,3.171527,2.074283,0.983494,-0.046493,113,51,191337035941.993,30.7,317.0,1614109939.0,0.390756302521008
0,USA-AD-1274,China,CN,721240,201601,0.1788,3,3,0.7826,6,6,0.5206,12,12,0.4629,3.0,3.0,-0.0987,6.0,6.0,-0.4568,12.0,12.0,255.8,34,7,23,2016,72,0.780274,0.836157,0.055882,1.819451,6.775556,6.775556,8679.377045,0.026363,0.066959,2.451302,11183.43,1168.165,3.171527,2.074283,0.780274,-0.046493,113,51,191337035941.993,30.7,317.0,782888592.0000001,0.390756302521008
0,USA-AD-1274,China,CN,721250,201601,0.4212,3,3,1.0052,6,6,2.5991,12,12,6.8021,1.0,3.0,-0.242,4.0,4.0,-0.5045,10.0,10.0,255.8,34,7,23,2016,72,0.026363,0.087155,0.060791,1.819451,6.775556,6.775556,8679.377045,0.026363,0.066959,2.451302,11183.43,1168.165,3.171527,2.074283,0.026363,-0.046493,113,51,191337035941.993,30.7,317.0,733137873.0,0.390756302521008
0,USA-AD-1274,China,CN,721260,201601,-0.1669,3,3,0.0349,6,6,-0.183,12,12,,0.0,0.0,,0.0,0.0,,0.0,0.0,255.8,12,7,23,2016,72,0.102333,0.087028,-0.015305,1.819451,6.775556,6.775556,8679.377045,0.026363,0.066959,2.451302,11183.43,1168.165,3.171527,2.074283,0.102333,-0.046493,113,51,191337035941.993,30.7,317.0,252926595.0,0.390756302521008
0,USA-AD-1274,China,CN,721590,201601,0.0401,3,3,0.0709,6,6,-0.0948,12,12,-0.8357,3.0,1.0,-0.765,6.0,4.0,-0.1858,11.0,10.0,255.8,17,7,23,2016,72,0.887765,0.766624,-0.121141,1.819451,6.775556,6.775556,8679.377045,0.026363,0.066959,2.451302,11183.43,1168.165,3.171527,2.074283,0.887765,-0.046493,113,51,191337035941.993,30.7,317.0,554430086.0,0.390756302521008
0,USA-AD-1274,China,CN,721720,201601,-0.1395,3,3,-0.0742,6,6,-0.0611,12,12,-0.0234,3.0,3.0,0.0019,6.0,6.0,0.3629,12.0,12.0,255.8,6,7,6,2016,72,0.971282,0.940006,-0.031276,1.819451,6.775556,6.775556,8679.377045,0.026363,0.066959,2.451302,11183.43,1168.165,3.171527,2.074283,0.971282,-0.046493,113,51,191337035941.993,30.7,317.0,,0.390756302521008
0,USA-AD-1274,China,CN,721730,201601,0.0731,3,3,0.118,6,6,0.0383,12,12,0.0189,3.0,3.0,-0.0008,6.0,6.0,-0.2601,12.0,12.0,255.8,5,7,0,2016,72,0.629747,0.65686,0.027112,1.819451,6.775556,6.775556,8679.377045,0.026363,0.066959,2.451302,11183.43,1168.165,3.171527,2.074283,0.629747,-0.046493,113,51,191337035941.993,30.7,317.0,,0.390756302521008
0,USA-AD-1274,China,CN,721790,201601,-0.342,3,3,-0.2669,6,6,-0.2664,12,12,19.2,2.0,1.0,-0.9376,5.0,3.0,-0.9391,7.0,4.0,255.8,11,7,5,2016,72,0.591673,0.719523,0.12785,1.819451,6.775556,6.775556,8679.377045,0.026363,0.066959,2.451302,11183.43,1168.165,3.171527,2.074283,0.591673,-0.046493,113,51,191337035941.993,30.7,317.0,,0.390756302521008
0,USA-AD-1274,China,CN,722591,201601,-1.0,2,0,815.6347,3,2,233.1622,4,4,,0.0,0.0,,0.0,0.0,,0.0,0.0,255.8,5,7,0,2016,72,0.094406,0.590036,0.49563,1.819451,6.775556,6.775556,8679.377045,0.026363,0.066959,2.451302,11183.43,1168.165,3.171527,2.074283,0.094406,-0.046493,113,51,191337035941.993,30.7,317.0,,0.390756302521008
0,USA-AD-1274,China,CN,722592,201601,-0.8858,3,1,-0.8001,6,4,1.4967,8,10,-0.2851,3.0,3.0,-0.3136,6.0,6.0,-0.1804,12.0,12.0,255.8,5,7,0,2016,72,0.041779,0.129314,0.087535,1.819451,6.775556,6.775556,8679.377045,0.026363,0.066959,2.451302,11183.43,1168.165,3.171527,2.074283,0.041779,-0.046493,113,51,191337035941.993,30.7,317.0,,0.390756302521008
0,USA-AD-1274,China,CN,722599,201601,0.5772,3,3,0.509,6,6,0.3157,12,12,-0.5699,3.0,2.0,-0.6903,6.0,3.0,-0.8377,12.0,4.0,255.8,31,7,17,2016,72,1.132179,0.920957,-0.211222,1.819451,6.775556,6.775556,8679.377045,0.026363,0.066959,2.451302,11183.43,1168.165,3.171527,2.074283,1.132179,-0.046493,113,51,191337035941.993,30.7,317.0,,0.390756302521008
0,USA-AD-1274,China,CN,722699,201601,-0.4403,3,3,-0.6654,6,6,0.0466,12,12,,0.0,3.0,22.6441,3.0,5.0,2.6476,9.0,9.0,255.8,31,7,17,2016,72,0.297596,0.165669,-0.131927,1.819451,6.775556,6.775556,8679.377045,0.026363,0.066959,2.451302,11183.43,1168.165,3.171527,2.074283,0.297596,-0.046493,113,51,191337035941.993,30.7,317.0,512049548.0,0.390756302521008
0,USA-AD-1274,China,CN,722860,201601,0.0053,3,3,-0.1916,6,6,0.036,12,12,8.0044,2.0,3.0,-0.5402,4.0,4.0,-0.531,9.0,9.0,255.8,13,7,2,2016,72,1.014815,0.821178,-0.193636,1.819451,6.775556,6.775556,8679.377045,0.026363,0.066959,2.451302,11183.43,1168.165,3.171527,2.074283,1.014815,-0.046493,113,51,191337035941.993,30.7,317.0,475638738.0,0.390756302521008
0,USA-AD-1274,China,CN,722990,201601,-0.0103,3,3,-0.0093,6,6,-0.027,12,12,0.0336,3.0,3.0,-0.0198,6.0,6.0,-0.1075,12.0,12.0,255.8,12,7,5,2016,72,0.294615,0.313097,0.018483,1.819451,6.775556,6.775556,8679.377045,0.026363,0.066959,2.451302,11183.43,1168.165,3.171527,2.074283,0.294615,-0.046493,113,51,191337035941.993,30.7,317.0,1699926639.0,0.390756302521008
0,USA-AD-1275,India,IN,721030,201601,,0,0,-1.0,1,0,2.7956,1,1,0.5896,2.0,3.0,0.3681,5.0,6.0,0.2803,11.0,12.0,6.76,5,7,0,2016,72,8e-06,2.7e-05,1.9e-05,1.819451,6.775556,8.256306,1694.46535,0.026363,0.04744,2.451302,13131.91,5108.001,3.171527,2.074283,8e-06,-0.046493,113,51,-12113787707.3688,30.7,317.0,,0.404166666666667
0,USA-AD-1275,India,IN,721049,201601,-0.7182,3,2,2.4614,5,4,3.212,8,8,0.0083,3.0,3.0,-0.254,6.0,6.0,-0.2309,12.0,12.0,6.76,12,7,23,2016,72,0.000175,0.000569,0.000394,1.819451,6.775556,8.256306,1694.46535,0.026363,0.04744,2.451302,13131.91,5108.001,3.171527,2.074283,0.000175,-0.046493,113,51,-12113787707.3688,30.7,317.0,18919219474.0,0.404166666666667
0,USA-AD-1275,India,IN,721061,201601,,0,0,,0,0,,0,0,0.2957,3.0,3.0,0.2083,6.0,6.0,0.0275,12.0,12.0,6.76,5,7,0,2016,72,0.0,0.0,0.0,1.819451,6.775556,8.256306,1694.46535,0.026363,0.04744,2.451302,13131.91,5108.001,3.171527,2.074283,0.0,-0.046493,113,51,-12113787707.3688,30.7,317.0,,0.404166666666667
0,USA-AD-1275,India,IN,721069,201601,,0,0,,0,0,,0,0,-0.8849,3.0,2.0,0.7873,6.0,5.0,1.2792,12.0,10.0,6.76,5,7,0,2016,72,0.0,0.0,0.0,1.819451,6.775556,8.256306,1694.46535,0.026363,0.04744,2.451302,13131.91,5108.001,3.171527,2.074283,0.0,-0.046493,113,51,-12113787707.3688,30.7,317.0,,0.404166666666667
0,USA-AD-1275,India,IN,721070,201601,,0,0,,0,1,,0,3,0.2486,3.0,3.0,-0.0407,6.0,6.0,0.1283,12.0,12.0,6.76,34,7,23,2016,72,0.0,6.2e-05,6.2e-05,1.819451,6.775556,8.256306,1694.46535,0.026363,0.04744,2.451302,13131.91,5108.001,3.171527,2.074283,0.0,-0.046493,113,51,-12113787707.3688,30.7,317.0,8429299641.000001,0.404166666666667
1,USA-AD-1275,India,IN,721090,201601,-1.0,3,0,-1.0,4,0,1.3383,5,3,-1.0,2.0,0.0,2.4832,4.0,2.0,6.2176,10.0,6.0,6.76,34,7,23,2016,72,7.3e-05,0.000129,5.6e-05,1.819451,6.775556,8.256306,1694.46535,0.026363,0.04744,2.451302,13131.91,5108.001,3.171527,2.074283,7.3e-05,-0.046493,113,51,-12113787707.3688,30.7,317.0,1208734270.0,0.404166666666667
0,USA-AD-1275,India,IN,721220,201601,,0,0,-1.0,1,0,-1.0,1,0,1.6475,3.0,3.0,0.1919,6.0,4.0,-0.3738,12.0,7.0,6.76,5,7,0,2016,72,0.00011,0.0,-0.00011,1.819451,6.775556,8.256306,1694.46535,0.026363,0.04744,2.451302,13131.91,5108.001,3.171527,2.074283,0.00011,-0.046493,113,51,-12113787707.3688,30.7,317.0,,0.404166666666667
1,USA-AD-1275,India,IN,721230,201601,102.1618,1,2,46.0871,2,2,46.5436,2,3,1.8448,1.0,1.0,8.8544,3.0,3.0,14.9405,7.0,6.0,6.76,12,7,23,2016,72,8.5e-05,0.001013,0.000928,1.819451,6.775556,8.256306,1694.46535,0.026363,0.04744,2.451302,13131.91,5108.001,3.171527,2.074283,8.5e-05,-0.046493,113,51,-12113787707.3688,30.7,317.0,1614109939.0,0.404166666666667
0,USA-AD-1275,India,IN,721240,201601,-1.0,1,0,-1.0,1,0,-1.0,1,0,0.4629,3.0,3.0,-0.0987,6.0,6.0,-0.4568,12.0,12.0,6.76,34,7,23,2016,72,3.7e-05,0.0,-3.7e-05,1.819451,6.775556,8.256306,1694.46535,0.026363,0.04744,2.451302,13131.91,5108.001,3.171527,2.074283,3.7e-05,-0.046493,113,51,-12113787707.3688,30.7,317.0,782888592.0000001,0.404166666666667
0,USA-AD-1275,India,IN,721250,201601,,0,0,,0,0,-0.9774,1,1,6.8021,1.0,3.0,-0.242,4.0,4.0,-0.5045,10.0,10.0,6.76,34,7,23,2016,72,8.2e-05,1.2e-05,-7e-05,1.819451,6.775556,8.256306,1694.46535,0.026363,0.04744,2.451302,13131.91,5108.001,3.171527,2.074283,8.2e-05,-0.046493,113,51,-12113787707.3688,30.7,317.0,733137873.0,0.404166666666667
0,USA-AD-1275,India,IN,721260,201601,,0,0,-1.0,1,0,-1.0,1,0,,0.0,0.0,,0.0,0.0,,0.0,0.0,6.76,12,7,23,2016,72,0.000403,0.0,-0.000403,1.819451,6.775556,8.256306,1694.46535,0.026363,0.04744,2.451302,13131.91,5108.001,3.171527,2.074283,0.000403,-0.046493,113,51,-12113787707.3688,30.7,317.0,252926595.0,0.404166666666667
0,USA-AD-1275,India,IN,721590,201601,-1.0,1,0,-1.0,2,0,-0.9924,4,1,-0.8357,3.0,1.0,-0.765,6.0,4.0,-0.1858,11.0,10.0,6.76,17,7,23,2016,72,2.8e-05,1e-06,-2.8e-05,1.819451,6.775556,8.256306,1694.46535,0.026363,0.04744,2.451302,13131.91,5108.001,3.171527,2.074283,2.8e-05,-0.046493,113,51,-12113787707.3688,30.7,317.0,554430086.0,0.404166666666667
0,USA-AD-1275,India,IN,721720,201601,,0,1,,0,1,-0.9997,2,2,-0.0234,3.0,3.0,0.0019,6.0,6.0,0.3629,12.0,12.0,6.76,6,7,6,2016,72,0.000999,0.0,-0.000998,1.819451,6.775556,8.256306,1694.46535,0.026363,0.04744,2.451302,13131.91,5108.001,3.171527,2.074283,0.000999,-0.046493,113,51,-12113787707.3688,30.7,317.0,,0.404166666666667
0,USA-AD-1275,India,IN,721730,201601,,0,0,,0,2,-0.0498,1,2,0.0189,3.0,3.0,-0.0008,6.0,6.0,-0.2601,12.0,12.0,6.76,5,7,0,2016,72,6.5e-05,5.5e-05,-1e-05,1.819451,6.775556,8.256306,1694.46535,0.026363,0.04744,2.451302,13131.91,5108.001,3.171527,2.074283,6.5e-05,-0.046493,113,51,-12113787707.3688,30.7,317.0,,0.404166666666667
0,USA-AD-1275,India,IN,721790,201601,,0,0,,0,1,5.0,1,1,19.2,2.0,1.0,-0.9376,5.0,3.0,-0.9391,7.0,4.0,6.76,11,7,5,2016,72,0.0,2.7e-05,2.7e-05,1.819451,6.775556,8.256306,1694.46535,0.026363,0.04744,2.451302,13131.91,5108.001,3.171527,2.074283,0.0,-0.046493,113,51,-12113787707.3688,30.7,317.0,,0.404166666666667
0,USA-AD-1275,India,IN,722591,201601,,0,0,,0,0,,0,0,,0.0,0.0,,0.0,0.0,,0.0,0.0,6.76,5,7,0,2016,72,0.0,0.0,0.0,1.819451,6.775556,8.256306,1694.46535,0.026363,0.04744,2.451302,13131.91,5108.001,3.171527,2.074283,0.0,-0.046493,113,51,-12113787707.3688,30.7,317.0,,0.404166666666667
0,USA-AD-1275,India,IN,722592,201601,,0,0,,0,1,1.6677,1,3,-0.2851,3.0,3.0,-0.3136,6.0,6.0,-0.1804,12.0,12.0,6.76,5,7,0,2016,72,0.000403,0.001587,0.001185,1.819451,6.775556,8.256306,1694.46535,0.026363,0.04744,2.451302,13131.91,5108.001,3.171527,2.074283,0.000403,-0.046493,113,51,-12113787707.3688,30.7,317.0,,0.404166666666667
0,USA-AD-1275,India,IN,722599,201601,0.1221,2,2,0.6424,2,3,0.0427,5,5,-0.5699,3.0,2.0,-0.6903,6.0,3.0,-0.8377,12.0,4.0,6.76,31,7,17,2016,72,0.004429,0.00338,-0.001049,1.819451,6.775556,8.256306,1694.46535,0.026363,0.04744,2.451302,13131.91,5108.001,3.171527,2.074283,0.004429,-0.046493,113,51,-12113787707.3688,30.7,317.0,,0.404166666666667
0,USA-AD-1275,India,IN,722699,201601,-0.6741,3,3,-0.5325,6,4,0.3214,12,9,,0.0,3.0,22.6441,3.0,5.0,2.6476,9.0,9.0,6.76,31,7,17,2016,72,0.017186,0.00954,-0.007646,1.819451,6.775556,8.256306,1694.46535,0.026363,0.04744,2.451302,13131.91,5108.001,3.171527,2.074283,0.017186,-0.046493,113,51,-12113787707.3688,30.7,317.0,512049548.0,0.404166666666667
0,USA-AD-1275,India,IN,722860,201601,,0,1,0.2264,1,1,-0.4616,5,5,8.0044,2.0,3.0,-0.5402,4.0,4.0,-0.531,9.0,9.0,6.76,13,7,2,2016,72,0.000508,0.000267,-0.000241,1.819451,6.775556,8.256306,1694.46535,0.026363,0.04744,2.451302,13131.91,5108.001,3.171527,2.074283,0.000508,-0.046493,113,51,-12113787707.3688,30.7,317.0,475638738.0,0.404166666666667
0,USA-AD-1275,India,IN,722990,201601,,0,1,,0,1,-0.307,2,1,0.0336,3.0,3.0,-0.0198,6.0,6.0,-0.1075,12.0,12.0,6.76,12,7,5,2016,72,0.000124,0.000103,-2.1e-05,1.819451,6.775556,8.256306,1694.46535,0.026363,0.04744,2.451302,13131.91,5108.001,3.171527,2.074283,0.000124,-0.046493,113,51,-12113787707.3688,30.7,317.0,1699926639.0,0.404166666666667
0,USA-AD-1276,Italy,IT,721030,201601,,0,0,,0,1,,0,2,0.5896,2.0,3.0,0.3681,5.0,6.0,0.2803,11.0,12.0,3.11,5,7,0,2016,72,0.0,3e-05,3e-05,1.819451,6.775556,1.236221,31077.679268,0.026363,0.002358,2.451302,8284.006,9047.517,3.171527,2.074283,0.0,-0.046493,113,51,46449401209.0654,30.7,317.0,,0.716666666666667
0,USA-AD-1276,Italy,IT,721041,201601,,0,0,-0.5278,1,1,-0.8396,2,1,,0.0,0.0,,0.0,0.0,,0.0,0.0,3.11,12,7,23,2016,72,0.112521,0.015566,-0.096955,1.819451,6.775556,1.236221,31077.679268,0.026363,0.002358,2.451302,8284.006,9047.517,3.171527,2.074283,0.112521,-0.046493,113,51,46449401209.0654,30.7,317.0,621083192.0,0.716666666666667
0,USA-AD-1276,Italy,IT,721049,201601,,0,0,-1.0,3,0,-1.0,5,0,0.0083,3.0,3.0,-0.254,6.0,6.0,-0.2309,12.0,12.0,3.11,12,7,23,2016,72,6e-05,0.0,-6e-05,1.819451,6.775556,1.236221,31077.679268,0.026363,0.002358,2.451302,8284.006,9047.517,3.171527,2.074283,6e-05,-0.046493,113,51,46449401209.0654,30.7,317.0,18919219474.0,0.716666666666667
0,USA-AD-1276,Italy,IT,721061,201601,,0,0,,0,0,-1.0,1,0,0.2957,3.0,3.0,0.2083,6.0,6.0,0.0275,12.0,12.0,3.11,5,7,0,2016,72,4e-06,0.0,-4e-06,1.819451,6.775556,1.236221,31077.679268,0.026363,0.002358,2.451302,8284.006,9047.517,3.171527,2.074283,4e-06,-0.046493,113,51,46449401209.0654,30.7,317.0,,0.716666666666667
0,USA-AD-1276,Italy,IT,721069,201601,,0,0,,0,0,,0,0,-0.8849,3.0,2.0,0.7873,6.0,5.0,1.2792,12.0,10.0,3.11,5,7,0,2016,72,0.0,0.0,0.0,1.819451,6.775556,1.236221,31077.679268,0.026363,0.002358,2.451302,8284.006,9047.517,3.171527,2.074283,0.0,-0.046493,113,51,46449401209.0654,30.7,317.0,,0.716666666666667
0,USA-AD-1276,Italy,IT,721070,201601,,0,0,,0,1,,0,1,0.2486,3.0,3.0,-0.0407,6.0,6.0,0.1283,12.0,12.0,3.11,34,7,23,2016,72,0.0,0.000155,0.000155,1.819451,6.775556,1.236221,31077.679268,0.026363,0.002358,2.451302,8284.006,9047.517,3.171527,2.074283,0.0,-0.046493,113,51,46449401209.0654,30.7,317.0,8429299641.000001,0.716666666666667
0,USA-AD-1276,Italy,IT,721230,201601,,0,0,,0,0,,0,0,1.8448,1.0,1.0,8.8544,3.0,3.0,14.9405,7.0,6.0,3.11,12,7,23,2016,72,0.0,0.0,0.0,1.819451,6.775556,1.236221,31077.679268,0.026363,0.002358,2.451302,8284.006,9047.517,3.171527,2.074283,0.0,-0.046493,113,51,46449401209.0654,30.7,317.0,1614109939.0,0.716666666666667
0,USA-AD-1276,Italy,IT,721240,201601,,0,0,,0,0,,0,0,0.4629,3.0,3.0,-0.0987,6.0,6.0,-0.4568,12.0,12.0,3.11,34,7,23,2016,72,0.0,0.0,0.0,1.819451,6.775556,1.236221,31077.679268,0.026363,0.002358,2.451302,8284.006,9047.517,3.171527,2.074283,0.0,-0.046493,113,51,46449401209.0654,30.7,317.0,782888592.0000001,0.716666666666667
0,USA-AD-1276,Italy,IT,721250,201601,0.2113,1,1,-0.3359,2,1,-0.442,3,2,6.8021,1.0,3.0,-0.242,4.0,4.0,-0.5045,10.0,10.0,3.11,34,7,23,2016,72,0.011536,0.005418,-0.006119,1.819451,6.775556,1.236221,31077.679268,0.026363,0.002358,2.451302,8284.006,9047.517,3.171527,2.074283,0.011536,-0.046493,113,51,46449401209.0654,30.7,317.0,733137873.0,0.716666666666667
0,USA-AD-1276,Italy,IT,721260,201601,0.2341,2,3,-0.0454,5,6,-0.2037,11,10,,0.0,0.0,,0.0,0.0,,0.0,0.0,3.11,12,7,23,2016,72,0.008679,0.007636,-0.001042,1.819451,6.775556,1.236221,31077.679268,0.026363,0.002358,2.451302,8284.006,9047.517,3.171527,2.074283,0.008679,-0.046493,113,51,46449401209.0654,30.7,317.0,252926595.0,0.716666666666667
0,USA-AD-1276,Italy,IT,721590,201601,-1.0,1,0,-0.9966,1,1,-0.8233,2,2,-0.8357,3.0,1.0,-0.765,6.0,4.0,-0.1858,11.0,10.0,3.11,17,7,23,2016,72,0.000892,9e-06,-0.000883,1.819451,6.775556,1.236221,31077.679268,0.026363,0.002358,2.451302,8284.006,9047.517,3.171527,2.074283,0.000892,-0.046493,113,51,46449401209.0654,30.7,317.0,554430086.0,0.716666666666667
0,USA-AD-1276,Italy,IT,721720,201601,,0,0,,0,0,,0,0,-0.0234,3.0,3.0,0.0019,6.0,6.0,0.3629,12.0,12.0,3.11,6,7,6,2016,72,0.0,0.0,0.0,1.819451,6.775556,1.236221,31077.679268,0.026363,0.002358,2.451302,8284.006,9047.517,3.171527,2.074283,0.0,-0.046493,113,51,46449401209.0654,30.7,317.0,,0.716666666666667
0,USA-AD-1276,Italy,IT,721730,201601,56.3457,2,2,15.0341,3,3,1.9438,4,5,0.0189,3.0,3.0,-0.0008,6.0,6.0,-0.2601,12.0,12.0,3.11,5,7,0,2016,72,0.001454,0.004113,0.002659,1.819451,6.775556,1.236221,31077.679268,0.026363,0.002358,2.451302,8284.006,9047.517,3.171527,2.074283,0.001454,-0.046493,113,51,46449401209.0654,30.7,317.0,,0.716666666666667
0,USA-AD-1276,Italy,IT,721790,201601,1.5,1,1,1.5,1,1,-0.1667,2,1,19.2,2.0,1.0,-0.9376,5.0,3.0,-0.9391,7.0,4.0,3.11,11,7,5,2016,72,0.000117,0.000181,6.4e-05,1.819451,6.775556,1.236221,31077.679268,0.026363,0.002358,2.451302,8284.006,9047.517,3.171527,2.074283,0.000117,-0.046493,113,51,46449401209.0654,30.7,317.0,,0.716666666666667
0,USA-AD-1276,Italy,IT,722592,201601,,0,0,,0,0,,0,0,-0.2851,3.0,3.0,-0.3136,6.0,6.0,-0.1804,12.0,12.0,3.11,5,7,0,2016,72,0.0,0.0,0.0,1.819451,6.775556,1.236221,31077.679268,0.026363,0.002358,2.451302,8284.006,9047.517,3.171527,2.074283,0.0,-0.046493,113,51,46449401209.0654,30.7,317.0,,0.716666666666667
0,USA-AD-1276,Italy,IT,722599,201601,3.9935,1,1,-0.2466,3,2,-0.3208,4,2,-0.5699,3.0,2.0,-0.6903,6.0,3.0,-0.8377,12.0,4.0,3.11,31,7,17,2016,72,0.002447,0.000979,-0.001468,1.819451,6.775556,1.236221,31077.679268,0.026363,0.002358,2.451302,8284.006,9047.517,3.171527,2.074283,0.002447,-0.046493,113,51,46449401209.0654,30.7,317.0,,0.716666666666667
0,USA-AD-1276,Italy,IT,722699,201601,-1.0,1,0,-1.0,1,0,-1.0,1,0,,0.0,3.0,22.6441,3.0,5.0,2.6476,9.0,9.0,3.11,31,7,17,2016,72,5e-06,0.0,-5e-06,1.819451,6.775556,1.236221,31077.679268,0.026363,0.002358,2.451302,8284.006,9047.517,3.171527,2.074283,5e-06,-0.046493,113,51,46449401209.0654,30.7,317.0,512049548.0,0.716666666666667
0,USA-AD-1276,Italy,IT,722860,201601,0.1951,3,3,0.1525,6,6,0.1112,12,12,8.0044,2.0,3.0,-0.5402,4.0,4.0,-0.531,9.0,9.0,3.11,13,7,2,2016,72,0.012175,0.010334,-0.001842,1.819451,6.775556,1.236221,31077.679268,0.026363,0.002358,2.451302,8284.006,9047.517,3.171527,2.074283,0.012175,-0.046493,113,51,46449401209.0654,30.7,317.0,475638738.0,0.716666666666667
0,USA-AD-1276,Italy,IT,722990,201601,0.3133,3,3,0.2162,6,6,0.1691,12,11,0.0336,3.0,3.0,-0.0198,6.0,6.0,-0.1075,12.0,12.0,3.11,12,7,5,2016,72,0.00691,0.009508,0.002598,1.819451,6.775556,1.236221,31077.679268,0.026363,0.002358,2.451302,8284.006,9047.517,3.171527,2.074283,0.00691,-0.046493,113,51,46449401209.0654,30.7,317.0,1699926639.0,0.716666666666667
0,USA-AD-1279,China,CN,290339,201602,0.0961,3,3,0.1582,6,6,-0.0173,12,12,-0.967,3.0,3.0,-0.954,6.0,6.0,-0.9205,12.0,12.0,210.46,1,7,2,2016,29,0.611564,0.539917,-0.071647,1.819451,6.775556,6.775556,8679.377045,0.026363,0.066959,2.451302,11183.43,1168.165,3.171527,2.074283,0.611564,-0.046493,112,51,191337035941.993,32.18,329.0,,0.390756302521008
0,USA-AD-1279,China,CN,382478,201602,1.7847,3,3,2.2342,6,6,2.0181,12,12,,0.0,0.0,,0.0,0.0,,0.0,2.0,210.46,1,7,0,2016,38,0.628124,0.831435,0.203311,1.819451,6.775556,6.775556,8679.377045,0.026363,0.066959,2.451302,11183.43,1168.165,3.171527,2.074283,0.628124,-0.046493,112,51,191337035941.993,32.18,329.0,,0.390756302521008
0,USA-AD-1281,Mexico,MX,730661,201603,,0,0,,0,0,,0,0,1.1447,3.0,3.0,0.3088,6.0,6.0,0.3106,12.0,12.0,13.65,4,8,8,2016,73,0.0,0.0,0.0,1.819451,6.775556,1.772493,10100.502121,0.026363,0.177672,2.451302,2468.405,11711.42,3.171527,2.074283,0.0,-0.046493,111,51,-25282312906.9999,38.21,429.0,,0.529166666666667
0,USA-AD-1282,Turkey,TR,730661,201603,,0,0,,0,0,,0,0,1.1447,3.0,3.0,0.3088,6.0,6.0,0.3106,12.0,12.0,14.48,4,8,8,2016,73,0.0,0.0,0.0,1.819451,6.775556,3.323665,11279.616953,0.026363,0.11034,2.451302,9705.772,7937.729,3.171527,2.074283,0.0,-0.046493,111,51,-22165000000.0,38.21,429.0,,0.651260504201681
0,USA-AD-1283,Brazil,BR,720916,201603,,0,0,,0,0,,0,1,-0.2087,3.0,3.0,-0.1499,6.0,6.0,-0.1575,12.0,12.0,38.93,23,7,17,2016,72,0.0,9e-06,9e-06,1.819451,6.775556,-3.275917,8577.84278,0.026363,0.049418,2.451302,8088.514,17793.04,3.171527,2.074283,0.0,-0.046493,111,51,-30528825466.82,38.21,429.0,,0.504201680672269
0,USA-AD-1283,Brazil,BR,720917,201603,,0,0,,0,0,,0,0,0.3378,3.0,3.0,0.0828,6.0,6.0,-0.1134,12.0,12.0,38.93,23,7,17,2016,72,0.0,0.0,0.0,1.819451,6.775556,-3.275917,8577.84278,0.026363,0.049418,2.451302,8088.514,17793.04,3.171527,2.074283,0.0,-0.046493,111,51,-30528825466.82,38.21,429.0,,0.504201680672269
0,USA-AD-1283,Brazil,BR,720925,201603,,0,0,,0,0,-1.0,1,0,,0.0,0.0,,0.0,0.0,,0.0,0.0,38.93,23,7,17,2016,72,0.000184,0.0,-0.000184,1.819451,6.775556,-3.275917,8577.84278,0.026363,0.049418,2.451302,8088.514,17793.04,3.171527,2.074283,0.000184,-0.046493,111,51,-30528825466.82,38.21,429.0,,0.504201680672269
0,USA-AD-1283,Brazil,BR,720926,201603,,0,1,1.4169,1,1,0.9273,2,1,-1.0,1.0,0.0,-1.0,4.0,0.0,-0.9978,7.0,1.0,38.93,23,7,17,2016,72,0.002711,0.015434,0.012724,1.819451,6.775556,-3.275917,8577.84278,0.026363,0.049418,2.451302,8088.514,17793.04,3.171527,2.074283,0.002711,-0.046493,111,51,-30528825466.82,38.21,429.0,,0.504201680672269
0,USA-AD-1283,Brazil,BR,720927,201603,703.5,1,1,703.5,1,1,-0.7524,3,1,,0.0,0.0,,0.0,0.0,,0.0,0.0,38.93,23,7,17,2016,72,0.012016,0.008641,-0.003375,1.819451,6.775556,-3.275917,8577.84278,0.026363,0.049418,2.451302,8088.514,17793.04,3.171527,2.074283,0.012016,-0.046493,111,51,-30528825466.82,38.21,429.0,,0.504201680672269
0,USA-AD-1283,Brazil,BR,720990,201603,,0,0,,0,0,,0,0,,0.0,0.0,-1.0,1.0,0.0,-0.9703,2.0,1.0,38.93,26,7,23,2016,72,0.0,0.0,0.0,1.819451,6.775556,-3.275917,8577.84278,0.026363,0.049418,2.451302,8088.514,17793.04,3.171527,2.074283,0.0,-0.046493,111,51,-30528825466.82,38.21,429.0,426094695.0,0.504201680672269
0,USA-AD-1283,Brazil,BR,721070,201603,,0,0,-1.0,1,0,-1.0,2,0,0.4587,3.0,3.0,0.3743,6.0,6.0,0.1993,12.0,12.0,38.93,34,7,23,2016,72,,0.0,,1.819451,6.775556,-3.275917,8577.84278,0.026363,0.049418,2.451302,8088.514,17793.04,3.171527,2.074283,,-0.046493,111,51,-30528825466.82,38.21,429.0,8429299641.000001,0.504201680672269
1,USA-AD-1283,Brazil,BR,721090,201603,-1.0,2,0,22.3333,3,1,298.2733,4,3,,0.0,1.0,3.8452,3.0,3.0,6.6508,8.0,7.0,38.93,34,7,23,2016,72,,0.008357,,1.819451,6.775556,-3.275917,8577.84278,0.026363,0.049418,2.451302,8088.514,17793.04,3.171527,2.074283,,-0.046493,111,51,-30528825466.82,38.21,429.0,1208734270.0,0.504201680672269
0,USA-AD-1283,Brazil,BR,721123,201603,,0,0,,0,0,-1.0,2,0,,0.0,1.0,1.0526,1.0,1.0,7.1185,2.0,6.0,38.93,23,7,17,2016,72,0.001929,0.0,-0.001929,1.819451,6.775556,-3.275917,8577.84278,0.026363,0.049418,2.451302,8088.514,17793.04,3.171527,2.074283,0.001929,-0.046493,111,51,-30528825466.82,38.21,429.0,,0.504201680672269
0,USA-AD-1283,Brazil,BR,721129,201603,,0,0,,0,0,,0,0,0.9381,3.0,3.0,0.119,6.0,6.0,-0.1744,12.0,12.0,38.93,25,7,23,2016,72,0.0,0.0,0.0,1.819451,6.775556,-3.275917,8577.84278,0.026363,0.049418,2.451302,8088.514,17793.04,3.171527,2.074283,0.0,-0.046493,111,51,-30528825466.82,38.21,429.0,1118984717.0,0.504201680672269
0,USA-AD-1283,Brazil,BR,721190,201603,-1.0,1,0,-1.0,1,0,-1.0,1,0,-0.0829,3.0,2.0,2.1126,3.0,5.0,9.74,4.0,11.0,38.93,33,7,23,2016,72,3.3e-05,0.0,-3.3e-05,1.819451,6.775556,-3.275917,8577.84278,0.026363,0.049418,2.451302,8088.514,17793.04,3.171527,2.074283,6.7e-05,-0.046493,111,51,-30528825466.82,38.21,429.0,415818218.0,0.504201680672269
0,USA-AD-1283,Brazil,BR,721240,201603,,0,0,,0,1,,0,3,0.053,3.0,3.0,-0.2135,6.0,6.0,-0.5275,12.0,12.0,38.93,34,7,23,2016,72,,0.000368,,1.819451,6.775556,-3.275917,8577.84278,0.026363,0.049418,2.451302,8088.514,17793.04,3.171527,2.074283,,-0.046493,111,51,-30528825466.82,38.21,429.0,782888592.0000001,0.504201680672269
0,USA-AD-1283,Brazil,BR,721250,201603,,0,0,,0,0,,0,0,0.6638,2.0,2.0,-0.0849,4.0,4.0,-0.3927,10.0,10.0,38.93,34,7,23,2016,72,,0.0,,1.819451,6.775556,-3.275917,8577.84278,0.026363,0.049418,2.451302,8088.514,17793.04,3.171527,2.074283,,-0.046493,111,51,-30528825466.82,38.21,429.0,733137873.0,0.504201680672269
0,USA-AD-1283,Brazil,BR,721710,201603,,0,0,,0,0,-1.0,1,0,0.2511,3.0,3.0,0.3092,6.0,6.0,0.0691,12.0,12.0,38.93,10,7,6,2016,72,9.5e-05,0.0,-9.5e-05,1.819451,6.775556,-3.275917,8577.84278,0.026363,0.049418,2.451302,8088.514,17793.04,3.171527,2.074283,9.5e-05,-0.046493,111,51,-30528825466.82,38.21,429.0,,0.504201680672269
0,USA-AD-1283,Brazil,BR,721790,201603,,0,0,,0,0,,0,0,-0.9903,2.0,1.0,-0.7434,4.0,3.0,-0.9495,8.0,5.0,38.93,11,7,5,2016,72,,0.0,,1.819451,6.775556,-3.275917,8577.84278,0.026363,0.049418,2.451302,8088.514,17793.04,3.171527,2.074283,,-0.046493,111,51,-30528825466.82,38.21,429.0,,0.504201680672269
0,USA-AD-1283,Brazil,BR,722519,201603,,0,0,,0,0,,0,0,0.2719,3.0,3.0,-0.0643,5.0,5.0,-0.3924,11.0,11.0,38.93,28,7,17,2016,72,0.0,0.0,0.0,1.819451,6.775556,-3.275917,8577.84278,0.026363,0.049418,2.451302,8088.514,17793.04,3.171527,2.074283,0.0,-0.046493,111,51,-30528825466.82,38.21,429.0,,0.504201680672269
0,USA-AD-1283,Brazil,BR,722550,201603,,0,0,,0,0,,0,0,0.0377,3.0,3.0,-0.1626,6.0,6.0,-0.1936,12.0,12.0,38.93,26,7,17,2016,72,0.0,0.0,0.0,1.819451,6.775556,-3.275917,8577.84278,0.026363,0.049418,2.451302,8088.514,17793.04,3.171527,2.074283,0.0,-0.046493,111,51,-30528825466.82,38.21,429.0,2564409856.0,0.504201680672269
0,USA-AD-1283,Brazil,BR,722599,201603,,0,0,,0,0,,0,0,-0.4591,2.0,2.0,-0.7495,5.0,2.0,-0.8999,11.0,4.0,38.93,31,7,17,2016,72,,0.0,,1.819451,6.775556,-3.275917,8577.84278,0.026363,0.049418,2.451302,8088.514,17793.04,3.171527,2.074283,,-0.046493,111,51,-30528825466.82,38.21,429.0,,0.504201680672269
0,USA-AD-1283,Brazil,BR,722692,201603,,0,0,,0,0,,0,0,0.0554,1.0,1.0,13.7261,3.0,4.0,10.3022,7.0,7.0,38.93,23,7,17,2016,72,0.0,0.0,0.0,1.819451,6.775556,-3.275917,8577.84278,0.026363,0.049418,2.451302,8088.514,17793.04,3.171527,2.074283,0.0,-0.046493,111,51,-30528825466.82,38.21,429.0,977980824.0,0.504201680672269
0,USA-AD-1283,Brazil,BR,722850,201603,,0,1,,0,1,1.5441,1,2,0.0782,3.0,3.0,0.294,6.0,6.0,0.1338,12.0,12.0,38.93,8,7,0,2016,72,0.004886,0.010331,0.005445,1.819451,6.775556,-3.275917,8577.84278,0.026363,0.049418,2.451302,8088.514,17793.04,3.171527,2.074283,0.004886,-0.046493,111,51,-30528825466.82,38.21,429.0,1736522936.0,0.504201680672269
0,USA-AD-1283,Brazil,BR,722990,201603,,0,0,,0,0,,0,0,0.0797,3.0,3.0,0.0509,6.0,6.0,-0.0992,12.0,12.0,38.93,12,7,5,2016,72,,0.0,,1.819451,6.775556,-3.275917,8577.84278,0.026363,0.049418,2.451302,8088.514,17793.04,3.171527,2.074283,,-0.046493,111,51,-30528825466.82,38.21,429.0,1699926639.0,0.504201680672269
0,USA-AD-1284,China,CN,720915,201603,-0.329,3,1,-0.3298,6,2,-0.6191,10,3,5.0,1.0,2.0,0.0013,2.0,2.0,0.1553,2.0,4.0,265.79,23,7,17,2016,72,0.992836,0.833822,-0.159015,1.819451,6.775556,6.775556,8679.377045,0.026363,0.066959,2.451302,11183.43,1168.165,3.171527,2.074283,0.992836,-0.046493,111,51,191337035941.993,38.21,429.0,,0.390756302521008
0,USA-AD-1284,China,CN,720916,201603,0.3862,3,3,0.4545,6,6,0.1886,12,12,-0.2087,3.0,3.0,-0.1499,6.0,6.0,-0.1575,12.0,12.0,265.79,23,7,17,2016,72,0.674319,0.766418,0.092098,1.819451,6.775556,6.775556,8679.377045,0.026363,0.066959,2.451302,11183.43,1168.165,3.171527,2.074283,0.674319,-0.046493,111,51,191337035941.993,38.21,429.0,,0.390756302521008
0,USA-AD-1284,China,CN,720917,201603,0.1506,3,3,0.0876,6,6,-0.1007,12,12,0.3378,3.0,3.0,0.0828,6.0,6.0,-0.1134,12.0,12.0,265.79,23,7,17,2016,72,0.752655,0.783363,0.030708,1.819451,6.775556,6.775556,8679.377045,0.026363,0.066959,2.451302,11183.43,1168.165,3.171527,2.074283,0.752655,-0.046493,111,51,191337035941.993,38.21,429.0,,0.390756302521008
0,USA-AD-1284,China,CN,720918,201603,-0.3496,3,3,-0.4044,6,6,-0.5325,12,12,0.5341,3.0,3.0,-0.1823,6.0,6.0,-0.5973,12.0,8.0,265.79,23,7,17,2016,72,0.743681,0.385462,-0.358219,1.819451,6.775556,6.775556,8679.377045,0.026363,0.066959,2.451302,11183.43,1168.165,3.171527,2.074283,0.743681,-0.046493,111,51,191337035941.993,38.21,429.0,,0.390756302521008
0,USA-AD-1284,China,CN,720925,201603,-0.2401,1,1,-0.9226,3,1,1.2162,5,4,,0.0,0.0,,0.0,0.0,,0.0,0.0,265.79,23,7,17,2016,72,0.000563,0.000886,0.000323,1.819451,6.775556,6.775556,8679.377045,0.026363,0.066959,2.451302,11183.43,1168.165,3.171527,2.074283,0.000563,-0.046493,111,51,191337035941.993,38.21,429.0,,0.390756302521008
0,USA-AD-1284,China,CN,720926,201603,-0.423,3,3,-0.3605,6,6,-0.4526,12,10,-1.0,1.0,0.0,-1.0,4.0,0.0,-0.9978,7.0,1.0,265.79,23,7,17,2016,72,0.292246,0.281179,-0.011066,1.819451,6.775556,6.775556,8679.377045,0.026363,0.066959,2.451302,11183.43,1168.165,3.171527,2.074283,0.292246,-0.046493,111,51,191337035941.993,38.21,429.0,,0.390756302521008
0,USA-AD-1284,China,CN,720927,201603,0.7817,3,3,0.026,6,5,-0.1338,12,10,,0.0,0.0,,0.0,0.0,,0.0,0.0,265.79,23,7,17,2016,72,0.302664,0.300226,-0.002438,1.819451,6.775556,6.775556,8679.377045,0.026363,0.066959,2.451302,11183.43,1168.165,3.171527,2.074283,0.302664,-0.046493,111,51,191337035941.993,38.21,429.0,,0.390756302521008
0,USA-AD-1284,China,CN,720928,201603,,0,0,,0,1,-0.9999,4,1,,0.0,0.0,,0.0,0.0,,0.0,0.0,265.79,23,7,17,2016,72,0.048406,0.009145,-0.039262,1.819451,6.775556,6.775556,8679.377045,0.026363,0.066959,2.451302,11183.43,1168.165,3.171527,2.074283,0.048406,-0.046493,111,51,191337035941.993,38.21,429.0,,0.390756302521008
0,USA-AD-1284,China,CN,720990,201603,0.9661,3,3,0.0988,6,6,0.1491,12,12,,0.0,0.0,-1.0,1.0,0.0,-0.9703,2.0,1.0,265.79,26,7,23,2016,72,0.221435,0.225711,0.004276,1.819451,6.775556,6.775556,8679.377045,0.026363,0.066959,2.451302,11183.43,1168.165,3.171527,2.074283,0.221435,-0.046493,111,51,191337035941.993,38.21,429.0,426094695.0,0.390756302521008
0,USA-AD-1284,China,CN,721070,201603,-0.0965,3,3,0.0411,6,6,0.0642,12,12,0.4587,3.0,3.0,0.3743,6.0,6.0,0.1993,12.0,12.0,265.79,34,7,23,2016,72,,5.387806,,1.819451,6.775556,6.775556,8679.377045,0.026363,0.066959,2.451302,11183.43,1168.165,3.171527,2.074283,,-0.046493,111,51,191337035941.993,38.21,429.0,8429299641.000001,0.390756302521008
1,USA-AD-1284,China,CN,721090,201603,1.2526,3,3,0.7209,6,6,3.4751,12,12,,0.0,1.0,3.8452,3.0,3.0,6.6508,8.0,7.0,265.79,34,7,23,2016,72,,1.211341,,1.819451,6.775556,6.775556,8679.377045,0.026363,0.066959,2.451302,11183.43,1168.165,3.171527,2.074283,,-0.046493,111,51,191337035941.993,38.21,429.0,1208734270.0,0.390756302521008
0,USA-AD-1284,China,CN,721123,201603,0.1595,3,3,-0.1923,6,6,-0.0182,12,12,,0.0,1.0,1.0526,1.0,1.0,7.1185,2.0,6.0,265.79,23,7,17,2016,72,0.231643,0.249982,0.018339,1.819451,6.775556,6.775556,8679.377045,0.026363,0.066959,2.451302,11183.43,1168.165,3.171527,2.074283,0.231643,-0.046493,111,51,191337035941.993,38.21,429.0,,0.390756302521008
0,USA-AD-1284,China,CN,721129,201603,1.6106,3,3,0.845,6,6,0.5402,12,12,0.9381,3.0,3.0,0.119,6.0,6.0,-0.1744,12.0,12.0,265.79,25,7,23,2016,72,0.328305,0.369674,0.041369,1.819451,6.775556,6.775556,8679.377045,0.026363,0.066959,2.451302,11183.43,1168.165,3.171527,2.074283,0.328305,-0.046493,111,51,191337035941.993,38.21,429.0,1118984717.0,0.390756302521008
0,USA-AD-1284,China,CN,721190,201603,-0.17,3,3,-0.3296,6,6,-0.3786,12,12,-0.0829,3.0,2.0,2.1126,3.0,5.0,9.74,4.0,11.0,265.79,33,7,23,2016,72,0.340515,0.333333,-0.007182,1.819451,6.775556,6.775556,8679.377045,0.026363,0.066959,2.451302,11183.43,1168.165,3.171527,2.074283,0.340515,-0.046493,111,51,191337035941.993,38.21,429.0,415818218.0,0.390756302521008
0,USA-AD-1284,China,CN,721240,201603,1.5391,3,3,0.9184,6,6,0.3321,12,12,0.053,3.0,3.0,-0.2135,6.0,6.0,-0.5275,12.0,12.0,265.79,34,7,23,2016,72,,15.391064,,1.819451,6.775556,6.775556,8679.377045,0.026363,0.066959,2.451302,11183.43,1168.165,3.171527,2.074283,,-0.046493,111,51,191337035941.993,38.21,429.0,782888592.0000001,0.390756302521008
0,USA-AD-1284,China,CN,721250,201603,2.0071,3,3,0.8144,6,6,3.1158,12,12,0.6638,2.0,2.0,-0.0849,4.0,4.0,-0.3927,10.0,10.0,265.79,34,7,23,2016,72,,0.694989,,1.819451,6.775556,6.775556,8679.377045,0.026363,0.066959,2.451302,11183.43,1168.165,3.171527,2.074283,,-0.046493,111,51,191337035941.993,38.21,429.0,733137873.0,0.390756302521008
0,USA-AD-1284,China,CN,721510,201603,,0,2,,0,2,3.4783,1,5,,0.0,0.0,,0.0,1.0,,0.0,4.0,265.79,8,7,0,2016,72,0.06989,0.102872,0.032982,1.819451,6.775556,6.775556,8679.377045,0.026363,0.066959,2.451302,11183.43,1168.165,3.171527,2.074283,0.06989,-0.046493,111,51,191337035941.993,38.21,429.0,680457087.0,0.390756302521008
0,USA-AD-1284,China,CN,721550,201603,0.1464,3,3,0.3626,6,6,1.3857,12,12,1.5473,3.0,3.0,1.3622,6.0,5.0,0.3196,11.0,10.0,265.79,8,7,0,2016,72,0.128236,0.266759,0.138524,1.819451,6.775556,6.775556,8679.377045,0.026363,0.066959,2.451302,11183.43,1168.165,3.171527,2.074283,0.128236,-0.046493,111,51,191337035941.993,38.21,429.0,,0.390756302521008
0,USA-AD-1284,China,CN,721590,201603,0.3338,3,3,0.5383,6,6,-0.0062,12,12,0.7518,2.0,2.0,-0.3283,5.0,5.0,0.0997,11.0,11.0,265.79,17,7,23,2016,72,,4.579753,,1.819451,6.775556,6.775556,8679.377045,0.026363,0.066959,2.451302,11183.43,1168.165,3.171527,2.074283,,-0.046493,111,51,191337035941.993,38.21,429.0,554430086.0,0.390756302521008
0,USA-AD-1284,China,CN,721710,201603,0.7434,3,3,0.4583,6,6,0.3289,12,12,0.2511,3.0,3.0,0.3092,6.0,6.0,0.0691,12.0,12.0,265.79,10,7,6,2016,72,0.546122,0.607359,0.061237,1.819451,6.775556,6.775556,8679.377045,0.026363,0.066959,2.451302,11183.43,1168.165,3.171527,2.074283,0.546122,-0.046493,111,51,191337035941.993,38.21,429.0,,0.390756302521008
0,USA-AD-1284,China,CN,721790,201603,-0.0823,3,3,0.1133,6,6,-0.0884,12,12,-0.9903,2.0,1.0,-0.7434,4.0,3.0,-0.9495,8.0,5.0,265.79,11,7,5,2016,72,,4.591998,,1.819451,6.775556,6.775556,8679.377045,0.026363,0.066959,2.451302,11183.43,1168.165,3.171527,2.074283,,-0.046493,111,51,191337035941.993,38.21,429.0,,0.390756302521008
0,USA-AD-1284,China,CN,722519,201603,0.2627,3,3,0.3406,6,6,0.0835,12,12,0.2719,3.0,3.0,-0.0643,5.0,5.0,-0.3924,11.0,11.0,265.79,28,7,17,2016,72,0.980116,0.843883,-0.136233,1.819451,6.775556,6.775556,8679.377045,0.026363,0.066959,2.451302,11183.43,1168.165,3.171527,2.074283,0.980116,-0.046493,111,51,191337035941.993,38.21,429.0,,0.390756302521008
0,USA-AD-1284,China,CN,722550,201603,-0.9992,2,1,-0.979,5,4,0.2318,11,10,0.0377,3.0,3.0,-0.1626,6.0,6.0,-0.1936,12.0,12.0,265.79,26,7,17,2016,72,0.04802,0.027601,-0.020419,1.819451,6.775556,6.775556,8679.377045,0.026363,0.066959,2.451302,11183.43,1168.165,3.171527,2.074283,0.04802,-0.046493,111,51,191337035941.993,38.21,429.0,2564409856.0,0.390756302521008
0,USA-AD-1284,China,CN,722599,201603,0.2791,3,3,0.5127,6,6,0.3346,12,12,-0.4591,2.0,2.0,-0.7495,5.0,2.0,-0.8999,11.0,4.0,265.79,31,7,17,2016,72,,4.299912,,1.819451,6.775556,6.775556,8679.377045,0.026363,0.066959,2.451302,11183.43,1168.165,3.171527,2.074283,,-0.046493,111,51,191337035941.993,38.21,429.0,,0.390756302521008
1,USA-AD-1284,China,CN,722619,201603,64.2531,1,3,371.0988,2,5,1.2413,4,9,-1.0,2.0,0.0,-0.9985,2.0,1.0,0.7074,2.0,2.0,265.79,28,7,17,2016,72,0.077221,0.257192,0.179972,1.819451,6.775556,6.775556,8679.377045,0.026363,0.066959,2.451302,11183.43,1168.165,3.171527,2.074283,0.077221,-0.046493,111,51,191337035941.993,38.21,429.0,,0.390756302521008
0,USA-AD-1284,China,CN,722692,201603,0.3195,3,3,0.5069,6,6,0.0533,12,12,0.0554,1.0,1.0,13.7261,3.0,4.0,10.3022,7.0,7.0,265.79,23,7,17,2016,72,0.030898,0.017513,-0.013385,1.819451,6.775556,6.775556,8679.377045,0.026363,0.066959,2.451302,11183.43,1168.165,3.171527,2.074283,0.030898,-0.046493,111,51,191337035941.993,38.21,429.0,977980824.0,0.390756302521008
0,USA-AD-1284,China,CN,722699,201603,-0.48,3,3,0.4951,6,6,0.2531,12,12,12.8578,2.0,2.0,29.8285,3.0,4.0,2.7476,9.0,7.0,265.79,31,7,17,2016,72,,1.212016,,1.819451,6.775556,6.775556,8679.377045,0.026363,0.066959,2.451302,11183.43,1168.165,3.171527,2.074283,,-0.046493,111,51,191337035941.993,38.21,429.0,512049548.0,0.390756302521008
0,USA-AD-1284,China,CN,722850,201603,1.174,3,3,1.4966,6,6,1.3362,12,12,0.0782,3.0,3.0,0.294,6.0,6.0,0.1338,12.0,12.0,265.79,8,7,0,2016,72,0.070849,0.132942,0.062094,1.819451,6.775556,6.775556,8679.377045,0.026363,0.066959,2.451302,11183.43,1168.165,3.171527,2.074283,0.070849,-0.046493,111,51,191337035941.993,38.21,429.0,1736522936.0,0.390756302521008
0,USA-AD-1284,China,CN,722860,201603,-0.2084,3,3,-0.0927,6,6,-0.1132,12,12,-0.9938,2.0,1.0,-0.5796,5.0,4.0,-0.7386,9.0,7.0,265.79,13,7,2,2016,72,,4.864469,,1.819451,6.775556,6.775556,8679.377045,0.026363,0.066959,2.451302,11183.43,1168.165,3.171527,2.074283,,-0.046493,111,51,191337035941.993,38.21,429.0,475638738.0,0.390756302521008
0,USA-AD-1284,China,CN,722990,201603,0.8557,3,3,0.6906,6,6,0.1251,12,12,0.0797,3.0,3.0,0.0509,6.0,6.0,-0.0992,12.0,12.0,265.79,12,7,5,2016,72,,2.331829,,1.819451,6.775556,6.775556,8679.377045,0.026363,0.066959,2.451302,11183.43,1168.165,3.171527,2.074283,,-0.046493,111,51,191337035941.993,38.21,429.0,1699926639.0,0.390756302521008
0,USA-AD-1285,India,IN,720915,201603,,0,0,,0,0,,0,0,5.0,1.0,2.0,0.0013,2.0,2.0,0.1553,2.0,4.0,6.78,23,7,17,2016,72,0.0,0.0,0.0,1.819451,6.775556,8.256306,1694.46535,0.026363,0.04744,2.451302,13131.91,5108.001,3.171527,2.074283,0.0,-0.046493,111,51,-12113787707.3688,38.21,429.0,,0.404166666666667
0,USA-AD-1285,India,IN,720916,201603,-0.3983,1,1,2.9331,1,2,-0.6198,4,4,-0.2087,3.0,3.0,-0.1499,6.0,6.0,-0.1575,12.0,12.0,6.78,23,7,17,2016,72,9.3e-05,4.7e-05,-4.6e-05,1.819451,6.775556,8.256306,1694.46535,0.026363,0.04744,2.451302,13131.91,5108.001,3.171527,2.074283,9.3e-05,-0.046493,111,51,-12113787707.3688,38.21,429.0,,0.404166666666667
0,USA-AD-1285,India,IN,720917,201603,,0,2,,0,5,31.0895,4,10,0.3378,3.0,3.0,0.0828,6.0,6.0,-0.1134,12.0,12.0,6.78,23,7,17,2016,72,0.000805,0.01097,0.010165,1.819451,6.775556,8.256306,1694.46535,0.026363,0.04744,2.451302,13131.91,5108.001,3.171527,2.074283,0.000805,-0.046493,111,51,-12113787707.3688,38.21,429.0,,0.404166666666667
0,USA-AD-1285,India,IN,720918,201603,-1.0,1,0,-0.8056,1,2,-0.8056,1,2,0.5341,3.0,3.0,-0.1823,6.0,6.0,-0.5973,12.0,8.0,6.78,23,7,17,2016,72,5.2e-05,2.3e-05,-2.9e-05,1.819451,6.775556,8.256306,1694.46535,0.026363,0.04744,2.451302,13131.91,5108.001,3.171527,2.074283,5.2e-05,-0.046493,111,51,-12113787707.3688,38.21,429.0,,0.404166666666667
0,USA-AD-1285,India,IN,720925,201603,,0,0,,0,0,-1.0,5,0,,0.0,0.0,,0.0,0.0,,0.0,0.0,6.78,23,7,17,2016,72,0.000304,0.0,-0.000304,1.819451,6.775556,8.256306,1694.46535,0.026363,0.04744,2.451302,13131.91,5108.001,3.171527,2.074283,0.000304,-0.046493,111,51,-12113787707.3688,38.21,429.0,,0.404166666666667
0,USA-AD-1285,India,IN,720926,201603,-0.9018,3,1,-0.9054,5,1,-0.9286,10,1,-1.0,1.0,0.0,-1.0,4.0,0.0,-0.9978,7.0,1.0,6.78,23,7,17,2016,72,0.07282,0.014532,-0.058288,1.819451,6.775556,8.256306,1694.46535,0.026363,0.04744,2.451302,13131.91,5108.001,3.171527,2.074283,0.07282,-0.046493,111,51,-12113787707.3688,38.21,429.0,,0.404166666666667
0,USA-AD-1285,India,IN,720927,201603,-1.0,2,0,-1.0,4,0,-0.7642,8,3,,0.0,0.0,,0.0,0.0,,0.0,0.0,6.78,23,7,17,2016,72,0.138518,0.026986,-0.111532,1.819451,6.775556,8.256306,1694.46535,0.026363,0.04744,2.451302,13131.91,5108.001,3.171527,2.074283,0.138518,-0.046493,111,51,-12113787707.3688,38.21,429.0,,0.404166666666667
0,USA-AD-1285,India,IN,720928,201603,,0,0,,0,0,,0,1,,0.0,0.0,,0.0,0.0,,0.0,0.0,6.78,23,7,17,2016,72,0.0,0.002472,0.002472,1.819451,6.775556,8.256306,1694.46535,0.026363,0.04744,2.451302,13131.91,5108.001,3.171527,2.074283,0.0,-0.046493,111,51,-12113787707.3688,38.21,429.0,,0.404166666666667
0,USA-AD-1285,India,IN,720990,201603,0.2997,1,1,0.7411,3,4,0.5953,7,6,,0.0,0.0,-1.0,1.0,0.0,-0.9703,2.0,1.0,6.78,26,7,23,2016,72,0.001218,0.001949,0.000731,1.819451,6.775556,8.256306,1694.46535,0.026363,0.04744,2.451302,13131.91,5108.001,3.171527,2.074283,0.001218,-0.046493,111,51,-12113787707.3688,38.21,429.0,426094695.0,0.404166666666667
0,USA-AD-1285,India,IN,721070,201603,,0,0,,0,2,,0,3,0.4587,3.0,3.0,0.3743,6.0,6.0,0.1993,12.0,12.0,6.78,34,7,23,2016,72,,0.000308,,1.819451,6.775556,8.256306,1694.46535,0.026363,0.04744,2.451302,13131.91,5108.001,3.171527,2.074283,,-0.046493,111,51,-12113787707.3688,38.21,429.0,8429299641.000001,0.404166666666667
1,USA-AD-1285,India,IN,721090,201603,-1.0,1,0,-0.2612,3,1,11.4505,5,5,,0.0,1.0,3.8452,3.0,3.0,6.6508,8.0,7.0,6.78,34,7,23,2016,72,,0.006887,,1.819451,6.775556,8.256306,1694.46535,0.026363,0.04744,2.451302,13131.91,5108.001,3.171527,2.074283,,-0.046493,111,51,-12113787707.3688,38.21,429.0,1208734270.0,0.404166666666667
1,USA-AD-1285,India,IN,721123,201603,-1.0,1,0,-0.6504,2,2,80.4767,2,5,,0.0,1.0,1.0526,1.0,1.0,7.1185,2.0,6.0,6.78,23,7,17,2016,72,0.000273,0.035616,0.035344,1.819451,6.775556,8.256306,1694.46535,0.026363,0.04744,2.451302,13131.91,5108.001,3.171527,2.074283,0.000273,-0.046493,111,51,-12113787707.3688,38.21,429.0,,0.404166666666667
0,USA-AD-1285,India,IN,721129,201603,0.2223,1,2,-0.4377,3,4,-0.3655,9,9,0.9381,3.0,3.0,0.119,6.0,6.0,-0.1744,12.0,12.0,6.78,25,7,23,2016,72,0.103579,0.048412,-0.055167,1.819451,6.775556,8.256306,1694.46535,0.026363,0.04744,2.451302,13131.91,5108.001,3.171527,2.074283,0.103579,-0.046493,111,51,-12113787707.3688,38.21,429.0,1118984717.0,0.404166666666667
1,USA-AD-1285,India,IN,721190,201603,2.7573,1,2,2.6957,3,3,24.0567,3,4,-0.0829,3.0,2.0,2.1126,3.0,5.0,9.74,4.0,11.0,6.78,33,7,23,2016,72,8.7e-05,0.001998,0.001911,1.819451,6.775556,8.256306,1694.46535,0.026363,0.04744,2.451302,13131.91,5108.001,3.171527,2.074283,8.7e-05,-0.046493,111,51,-12113787707.3688,38.21,429.0,415818218.0,0.404166666666667
0,USA-AD-1285,India,IN,721240,201603,,0,0,-1.0,1,0,-1.0,1,0,0.053,3.0,3.0,-0.2135,6.0,6.0,-0.5275,12.0,12.0,6.78,34,7,23,2016,72,,0.0,,1.819451,6.775556,8.256306,1694.46535,0.026363,0.04744,2.451302,13131.91,5108.001,3.171527,2.074283,,-0.046493,111,51,-12113787707.3688,38.21,429.0,782888592.0000001,0.404166666666667
0,USA-AD-1285,India,IN,721250,201603,,0,0,,0,0,-0.9774,1,1,0.6638,2.0,2.0,-0.0849,4.0,4.0,-0.3927,10.0,10.0,6.78,34,7,23,2016,72,,8e-05,,1.819451,6.775556,8.256306,1694.46535,0.026363,0.04744,2.451302,13131.91,5108.001,3.171527,2.074283,,-0.046493,111,51,-12113787707.3688,38.21,429.0,733137873.0,0.404166666666667
0,USA-AD-1285,India,IN,721510,201603,,0,0,,0,0,,0,0,,0.0,0.0,,0.0,1.0,,0.0,4.0,6.78,8,7,0,2016,72,0.0,0.0,0.0,1.819451,6.775556,8.256306,1694.46535,0.026363,0.04744,2.451302,13131.91,5108.001,3.171527,2.074283,0.0,-0.046493,111,51,-12113787707.3688,38.21,429.0,680457087.0,0.404166666666667
0,USA-AD-1285,India,IN,721550,201603,,0,0,,0,0,,0,0,1.5473,3.0,3.0,1.3622,6.0,5.0,0.3196,11.0,10.0,6.78,8,7,0,2016,72,0.0,0.0,0.0,1.819451,6.775556,8.256306,1694.46535,0.026363,0.04744,2.451302,13131.91,5108.001,3.171527,2.074283,0.0,-0.046493,111,51,-12113787707.3688,38.21,429.0,,0.404166666666667
0,USA-AD-1285,India,IN,721590,201603,,0,0,-1.0,2,0,-0.6648,3,2,0.7518,2.0,2.0,-0.3283,5.0,5.0,0.0997,11.0,11.0,6.78,17,7,23,2016,72,,0.000109,,1.819451,6.775556,8.256306,1694.46535,0.026363,0.04744,2.451302,13131.91,5108.001,3.171527,2.074283,,-0.046493,111,51,-12113787707.3688,38.21,429.0,554430086.0,0.404166666666667
0,USA-AD-1285,India,IN,721710,201603,,0,0,,0,1,,0,4,0.2511,3.0,3.0,0.3092,6.0,6.0,0.0691,12.0,12.0,6.78,10,7,6,2016,72,0.0,0.000925,0.000925,1.819451,6.775556,8.256306,1694.46535,0.026363,0.04744,2.451302,13131.91,5108.001,3.171527,2.074283,0.0,-0.046493,111,51,-12113787707.3688,38.21,429.0,,0.404166666666667
0,USA-AD-1285,India,IN,721790,201603,,0,0,,0,1,,0,1,-0.9903,2.0,1.0,-0.7434,4.0,3.0,-0.9495,8.0,5.0,6.78,11,7,5,2016,72,,0.000165,,1.819451,6.775556,8.256306,1694.46535,0.026363,0.04744,2.451302,13131.91,5108.001,3.171527,2.074283,,-0.046493,111,51,-12113787707.3688,38.21,429.0,,0.404166666666667
0,USA-AD-1285,India,IN,722519,201603,,0,0,,0,0,,0,0,0.2719,3.0,3.0,-0.0643,5.0,5.0,-0.3924,11.0,11.0,6.78,28,7,17,2016,72,0.0,0.0,0.0,1.819451,6.775556,8.256306,1694.46535,0.026363,0.04744,2.451302,13131.91,5108.001,3.171527,2.074283,0.0,-0.046493,111,51,-12113787707.3688,38.21,429.0,,0.404166666666667
0,USA-AD-1285,India,IN,722550,201603,,0,1,,0,1,,0,1,0.0377,3.0,3.0,-0.1626,6.0,6.0,-0.1936,12.0,12.0,6.78,26,7,17,2016,72,0.0,7.4e-05,7.4e-05,1.819451,6.775556,8.256306,1694.46535,0.026363,0.04744,2.451302,13131.91,5108.001,3.171527,2.074283,0.0,-0.046493,111,51,-12113787707.3688,38.21,429.0,2564409856.0,0.404166666666667
0,USA-AD-1285,India,IN,722599,201603,-0.0523,2,2,-0.4408,3,2,-0.3637,5,4,-0.4591,2.0,2.0,-0.7495,5.0,2.0,-0.8999,11.0,4.0,6.78,31,7,17,2016,72,,0.009727,,1.819451,6.775556,8.256306,1694.46535,0.026363,0.04744,2.451302,13131.91,5108.001,3.171527,2.074283,,-0.046493,111,51,-12113787707.3688,38.21,429.0,,0.404166666666667
0,USA-AD-1285,India,IN,722619,201603,,0,0,,0,0,,0,1,-1.0,2.0,0.0,-0.9985,2.0,1.0,0.7074,2.0,2.0,6.78,28,7,17,2016,72,0.0,1.1e-05,1.1e-05,1.819451,6.775556,8.256306,1694.46535,0.026363,0.04744,2.451302,13131.91,5108.001,3.171527,2.074283,0.0,-0.046493,111,51,-12113787707.3688,38.21,429.0,,0.404166666666667
0,USA-AD-1285,India,IN,722692,201603,-1.0,1,0,-1.0,1,0,-1.0,1,0,0.0554,1.0,1.0,13.7261,3.0,4.0,10.3022,7.0,7.0,6.78,23,7,17,2016,72,5.4e-05,0.0,-5.4e-05,1.819451,6.775556,8.256306,1694.46535,0.026363,0.04744,2.451302,13131.91,5108.001,3.171527,2.074283,5.4e-05,-0.046493,111,51,-12113787707.3688,38.21,429.0,977980824.0,0.404166666666667
0,USA-AD-1285,India,IN,722699,201603,1.1215,3,2,-0.4603,6,4,0.2883,12,8,12.8578,2.0,2.0,29.8285,3.0,4.0,2.7476,9.0,7.0,6.78,31,7,17,2016,72,,0.052784,,1.819451,6.775556,8.256306,1694.46535,0.026363,0.04744,2.451302,13131.91,5108.001,3.171527,2.074283,,-0.046493,111,51,-12113787707.3688,38.21,429.0,512049548.0,0.404166666666667
0,USA-AD-1285,India,IN,722850,201603,,0,0,,0,0,,0,0,0.0782,3.0,3.0,0.294,6.0,6.0,0.1338,12.0,12.0,6.78,8,7,0,2016,72,0.0,0.0,0.0,1.819451,6.775556,8.256306,1694.46535,0.026363,0.04744,2.451302,13131.91,5108.001,3.171527,2.074283,0.0,-0.046493,111,51,-12113787707.3688,38.21,429.0,1736522936.0,0.404166666666667
0,USA-AD-1285,India,IN,722860,201603,-1.0,1,0,0.1459,1,1,-0.5397,5,5,-0.9938,2.0,1.0,-0.5796,5.0,4.0,-0.7386,9.0,7.0,6.78,13,7,2,2016,72,,0.001239,,1.819451,6.775556,8.256306,1694.46535,0.026363,0.04744,2.451302,13131.91,5108.001,3.171527,2.074283,,-0.046493,111,51,-12113787707.3688,38.21,429.0,475638738.0,0.404166666666667
0,USA-AD-1285,India,IN,722990,201603,,0,1,,0,1,-0.1825,1,2,0.0797,3.0,3.0,0.0509,6.0,6.0,-0.0992,12.0,12.0,6.78,12,7,5,2016,72,,0.000901,,1.819451,6.775556,8.256306,1694.46535,0.026363,0.04744,2.451302,13131.91,5108.001,3.171527,2.074283,,-0.046493,111,51,-12113787707.3688,38.21,429.0,1699926639.0,0.404166666666667
0,USA-AD-1286,Japan,JP,720915,201603,,0,0,,0,1,,0,3,5.0,1.0,2.0,0.0013,2.0,2.0,0.1553,2.0,4.0,71.35,23,7,17,2016,72,0.0,0.142901,0.142901,1.819451,6.775556,0.753827,35242.199377,0.026363,-0.101212,2.451302,10286.19,951.7373,3.171527,2.074283,0.0,-0.046493,111,51,197049392532.181,38.21,429.0,,0.6875
0,USA-AD-1286,Japan,JP,720916,201603,0.3218,3,3,0.2285,6,6,0.0634,12,12,-0.2087,3.0,3.0,-0.1499,6.0,6.0,-0.1575,12.0,12.0,71.35,23,7,17,2016,72,0.20399,0.188917,-0.015073,1.819451,6.775556,0.753827,35242.199377,0.026363,-0.101212,2.451302,10286.19,951.7373,3.171527,2.074283,0.20399,-0.046493,111,51,197049392532.181,38.21,429.0,,0.6875
0,USA-AD-1286,Japan,JP,720917,201603,-0.403,3,3,0.0011,6,6,-0.1016,12,12,0.3378,3.0,3.0,0.0828,6.0,6.0,-0.1134,12.0,12.0,71.35,23,7,17,2016,72,0.187256,0.174191,-0.013065,1.819451,6.775556,0.753827,35242.199377,0.026363,-0.101212,2.451302,10286.19,951.7373,3.171527,2.074283,0.187256,-0.046493,111,51,197049392532.181,38.21,429.0,,0.6875
0,USA-AD-1286,Japan,JP,720918,201603,3.9853,3,3,4.8666,6,6,1.9674,12,12,0.5341,3.0,3.0,-0.1823,6.0,6.0,-0.5973,12.0,8.0,71.35,23,7,17,2016,72,0.251436,0.610397,0.358961,1.819451,6.775556,0.753827,35242.199377,0.026363,-0.101212,2.451302,10286.19,951.7373,3.171527,2.074283,0.251436,-0.046493,111,51,197049392532.181,38.21,429.0,,0.6875
0,USA-AD-1286,Japan,JP,720925,201603,0.1393,3,3,0.1581,6,6,0.4112,10,12,,0.0,0.0,,0.0,0.0,,0.0,0.0,71.35,23,7,17,2016,72,0.998372,0.996436,-0.001937,1.819451,6.775556,0.753827,35242.199377,0.026363,-0.101212,2.451302,10286.19,951.7373,3.171527,2.074283,0.998372,-0.046493,111,51,197049392532.181,38.21,429.0,,0.6875
0,USA-AD-1286,Japan,JP,720926,201603,0.2482,2,2,-0.6083,4,4,-0.6143,5,5,-1.0,1.0,0.0,-1.0,4.0,0.0,-0.9978,7.0,1.0,71.35,23,7,17,2016,72,0.066978,0.147924,0.080946,1.819451,6.775556,0.753827,35242.199377,0.026363,-0.101212,2.451302,10286.19,951.7373,3.171527,2.074283,0.066978,-0.046493,111,51,197049392532.181,38.21,429.0,,0.6875
0,USA-AD-1286,Japan,JP,720927,201603,0.0911,2,2,1.2683,3,5,2.2435,6,11,,0.0,0.0,,0.0,0.0,,0.0,0.0,71.35,23,7,17,2016,72,0.101406,0.330494,0.229088,1.819451,6.775556,0.753827,35242.199377,0.026363,-0.101212,2.451302,10286.19,951.7373,3.171527,2.074283,0.101406,-0.046493,111,51,197049392532.181,38.21,429.0,,0.6875
0,USA-AD-1286,Japan,JP,720990,201603,0.5109,3,3,0.9851,6,6,0.4683,12,12,,0.0,0.0,-1.0,1.0,0.0,-0.9703,2.0,1.0,71.35,26,7,23,2016,72,0.746065,0.753581,0.007517,1.819451,6.775556,0.753827,35242.199377,0.026363,-0.101212,2.451302,10286.19,951.7373,3.171527,2.074283,0.746065,-0.046493,111,51,197049392532.181,38.21,429.0,426094695.0,0.6875
0,USA-AD-1286,Japan,JP,721070,201603,-0.3743,1,2,-0.618,3,3,-0.9352,9,7,0.4587,3.0,3.0,0.3743,6.0,6.0,0.1993,12.0,12.0,71.35,34,7,23,2016,72,,0.008287,,1.819451,6.775556,0.753827,35242.199377,0.026363,-0.101212,2.451302,10286.19,951.7373,3.171527,2.074283,,-0.046493,111,51,197049392532.181,38.21,429.0,8429299641.000001,0.6875
0,USA-AD-1286,Japan,JP,721090,201603,0.5477,3,3,-0.0813,6,6,0.05,12,12,,0.0,1.0,3.8452,3.0,3.0,6.6508,8.0,7.0,71.35,34,7,23,2016,72,,2.3635,,1.819451,6.775556,0.753827,35242.199377,0.026363,-0.101212,2.451302,10286.19,951.7373,3.171527,2.074283,,-0.046493,111,51,197049392532.181,38.21,429.0,1208734270.0,0.6875
0,USA-AD-1286,Japan,JP,721123,201603,-0.4244,2,3,-0.4537,4,6,-0.2727,10,12,,0.0,1.0,1.0526,1.0,1.0,7.1185,2.0,6.0,71.35,23,7,17,2016,72,0.42428,0.4135,-0.01078,1.819451,6.775556,0.753827,35242.199377,0.026363,-0.101212,2.451302,10286.19,951.7373,3.171527,2.074283,0.42428,-0.046493,111,51,197049392532.181,38.21,429.0,,0.6875
0,USA-AD-1286,Japan,JP,721129,201603,0.1742,3,3,0.8429,6,6,0.5859,12,12,0.9381,3.0,3.0,0.119,6.0,6.0,-0.1744,12.0,12.0,71.35,25,7,23,2016,72,0.076352,0.159681,0.083329,1.819451,6.775556,0.753827,35242.199377,0.026363,-0.101212,2.451302,10286.19,951.7373,3.171527,2.074283,0.076352,-0.046493,111,51,197049392532.181,38.21,429.0,1118984717.0,0.6875
0,USA-AD-1286,Japan,JP,721190,201603,0.1444,3,3,0.0974,6,6,0.0047,12,12,-0.0829,3.0,2.0,2.1126,3.0,5.0,9.74,4.0,11.0,71.35,33,7,23,2016,72,0.078202,0.069817,-0.008385,1.819451,6.775556,0.753827,35242.199377,0.026363,-0.101212,2.451302,10286.19,951.7373,3.171527,2.074283,0.156404,-0.046493,111,51,197049392532.181,38.21,429.0,415818218.0,0.6875
0,USA-AD-1286,Japan,JP,721240,201603,0.22,3,3,0.8746,6,6,1.042,12,12,0.053,3.0,3.0,-0.2135,6.0,6.0,-0.5275,12.0,12.0,71.35,34,7,23,2016,72,,2.369645,,1.819451,6.775556,0.753827,35242.199377,0.026363,-0.101212,2.451302,10286.19,951.7373,3.171527,2.074283,,-0.046493,111,51,197049392532.181,38.21,429.0,782888592.0000001,0.6875
0,USA-AD-1286,Japan,JP,721250,201603,-0.1393,3,3,-0.0215,6,6,-0.1526,12,12,0.6638,2.0,2.0,-0.0849,4.0,4.0,-0.3927,10.0,10.0,71.35,34,7,23,2016,72,,5.146216,,1.819451,6.775556,0.753827,35242.199377,0.026363,-0.101212,2.451302,10286.19,951.7373,3.171527,2.074283,,-0.046493,111,51,197049392532.181,38.21,429.0,733137873.0,0.6875
0,USA-AD-1286,Japan,JP,721510,201603,-0.0509,3,3,0.0219,5,6,0.403,11,11,,0.0,0.0,,0.0,1.0,,0.0,4.0,71.35,8,7,0,2016,72,0.297378,0.21379,-0.083588,1.819451,6.775556,0.753827,35242.199377,0.026363,-0.101212,2.451302,10286.19,951.7373,3.171527,2.074283,0.297378,-0.046493,111,51,197049392532.181,38.21,429.0,680457087.0,0.6875
0,USA-AD-1286,Japan,JP,721550,201603,0.1578,3,3,0.226,6,6,0.9757,12,12,1.5473,3.0,3.0,1.3622,6.0,5.0,0.3196,11.0,10.0,71.35,8,7,0,2016,72,0.277579,0.522926,0.245347,1.819451,6.775556,0.753827,35242.199377,0.026363,-0.101212,2.451302,10286.19,951.7373,3.171527,2.074283,0.277579,-0.046493,111,51,197049392532.181,38.21,429.0,,0.6875
0,USA-AD-1286,Japan,JP,721590,201603,-0.0031,3,3,0.0119,6,6,-0.4331,12,12,0.7518,2.0,2.0,-0.3283,5.0,5.0,0.0997,11.0,11.0,71.35,17,7,23,2016,72,,0.863892,,1.819451,6.775556,0.753827,35242.199377,0.026363,-0.101212,2.451302,10286.19,951.7373,3.171527,2.074283,,-0.046493,111,51,197049392532.181,38.21,429.0,554430086.0,0.6875
0,USA-AD-1286,Japan,JP,721710,201603,-0.0758,3,3,-0.0709,6,6,-0.2402,12,12,0.2511,3.0,3.0,0.3092,6.0,6.0,0.0691,12.0,12.0,71.35,10,7,6,2016,72,0.374091,0.336216,-0.037875,1.819451,6.775556,0.753827,35242.199377,0.026363,-0.101212,2.451302,10286.19,951.7373,3.171527,2.074283,0.374091,-0.046493,111,51,197049392532.181,38.21,429.0,,0.6875
0,USA-AD-1286,Japan,JP,721790,201603,-0.144,3,3,-0.0343,6,6,-0.5749,12,12,-0.9903,2.0,1.0,-0.7434,4.0,3.0,-0.9495,8.0,5.0,71.35,11,7,5,2016,72,,1.534959,,1.819451,6.775556,0.753827,35242.199377,0.026363,-0.101212,2.451302,10286.19,951.7373,3.171527,2.074283,,-0.046493,111,51,197049392532.181,38.21,429.0,,0.6875
0,USA-AD-1286,Japan,JP,722519,201603,0.2018,3,3,-0.5392,6,6,-0.0901,12,12,0.2719,3.0,3.0,-0.0643,5.0,5.0,-0.3924,11.0,11.0,71.35,28,7,17,2016,72,0.165766,0.089296,-0.07647,1.819451,6.775556,0.753827,35242.199377,0.026363,-0.101212,2.451302,10286.19,951.7373,3.171527,2.074283,0.331533,-0.046493,111,51,197049392532.181,38.21,429.0,,0.6875
0,USA-AD-1286,Japan,JP,722550,201603,0.042,3,3,0.5285,6,6,0.3598,12,12,0.0377,3.0,3.0,-0.1626,6.0,6.0,-0.1936,12.0,12.0,71.35,26,7,17,2016,72,1.084165,0.89861,-0.185555,1.819451,6.775556,0.753827,35242.199377,0.026363,-0.101212,2.451302,10286.19,951.7373,3.171527,2.074283,1.084165,-0.046493,111,51,197049392532.181,38.21,429.0,2564409856.0,0.6875
0,USA-AD-1286,Japan,JP,722599,201603,27.996,2,3,-0.1511,5,6,-0.7978,11,11,-0.4591,2.0,2.0,-0.7495,5.0,2.0,-0.8999,11.0,4.0,71.35,31,7,17,2016,72,,0.12913,,1.819451,6.775556,0.753827,35242.199377,0.026363,-0.101212,2.451302,10286.19,951.7373,3.171527,2.074283,,-0.046493,111,51,197049392532.181,38.21,429.0,,0.6875
0,USA-AD-1286,Japan,JP,722619,201603,-0.258,3,3,-0.1019,6,6,0.1534,12,12,-1.0,2.0,0.0,-0.9985,2.0,1.0,0.7074,2.0,2.0,71.35,28,7,17,2016,72,1.098989,0.72769,-0.371299,1.819451,6.775556,0.753827,35242.199377,0.026363,-0.101212,2.451302,10286.19,951.7373,3.171527,2.074283,2.197977,-0.046493,111,51,197049392532.181,38.21,429.0,,0.6875
0,USA-AD-1286,Japan,JP,722692,201603,0.1179,3,3,-0.372,6,6,-0.5476,12,12,0.0554,1.0,1.0,13.7261,3.0,4.0,10.3022,7.0,7.0,71.35,23,7,17,2016,72,0.153952,0.069705,-0.084247,1.819451,6.775556,0.753827,35242.199377,0.026363,-0.101212,2.451302,10286.19,951.7373,3.171527,2.074283,0.153952,-0.046493,111,51,197049392532.181,38.21,429.0,977980824.0,0.6875
0,USA-AD-1286,Japan,JP,722699,201603,-0.5608,3,3,-0.5941,6,6,-0.5959,12,12,12.8578,2.0,2.0,29.8285,3.0,4.0,2.7476,9.0,7.0,71.35,31,7,17,2016,72,,2.715533,,1.819451,6.775556,0.753827,35242.199377,0.026363,-0.101212,2.451302,10286.19,951.7373,3.171527,2.074283,,-0.046493,111,51,197049392532.181,38.21,429.0,512049548.0,0.6875
0,USA-AD-1286,Japan,JP,722850,201603,-0.0323,3,3,0.0959,6,6,0.1951,12,12,0.0782,3.0,3.0,0.294,6.0,6.0,0.1338,12.0,12.0,71.35,8,7,0,2016,72,0.198666,0.209377,0.010711,1.819451,6.775556,0.753827,35242.199377,0.026363,-0.101212,2.451302,10286.19,951.7373,3.171527,2.074283,0.198666,-0.046493,111,51,197049392532.181,38.21,429.0,1736522936.0,0.6875
0,USA-AD-1286,Japan,JP,722860,201603,-0.0915,3,3,-0.1051,6,6,-0.1686,12,12,-0.9938,2.0,1.0,-0.5796,5.0,4.0,-0.7386,9.0,7.0,71.35,13,7,2,2016,72,,0.60687,,1.819451,6.775556,0.753827,35242.199377,0.026363,-0.101212,2.451302,10286.19,951.7373,3.171527,2.074283,,-0.046493,111,51,197049392532.181,38.21,429.0,475638738.0,0.6875
0,USA-AD-1286,Japan,JP,722990,201603,0.4411,3,3,0.4548,6,6,-0.1839,12,12,0.0797,3.0,3.0,0.0509,6.0,6.0,-0.0992,12.0,12.0,71.35,12,7,5,2016,72,,3.906424,,1.819451,6.775556,0.753827,35242.199377,0.026363,-0.101212,2.451302,10286.19,951.7373,3.171527,2.074283,,-0.046493,111,51,197049392532.181,38.21,429.0,1699926639.0,0.6875
0,USA-AD-1289,Russia,RU,720915,201603,,0,0,,0,0,,0,0,5.0,1.0,2.0,0.0013,2.0,2.0,0.1553,2.0,4.0,14.76,23,7,17,2016,72,0.0,0.0,0.0,1.819451,6.775556,0.19369,9269.319336,0.026363,0.100402,2.451302,8915.321,6009.905,3.171527,2.074283,0.0,-0.046493,111,51,24468809999.9999,38.21,429.0,,0.418103448275862
0,USA-AD-1289,Russia,RU,720916,201603,,0,0,,0,0,,0,0,-0.2087,3.0,3.0,-0.1499,6.0,6.0,-0.1575,12.0,12.0,14.76,23,7,17,2016,72,0.0,0.0,0.0,1.819451,6.775556,0.19369,9269.319336,0.026363,0.100402,2.451302,8915.321,6009.905,3.171527,2.074283,0.0,-0.046493,111,51,24468809999.9999,38.21,429.0,,0.418103448275862
0,USA-AD-1289,Russia,RU,720917,201603,,0,1,,0,1,,0,1,0.3378,3.0,3.0,0.0828,6.0,6.0,-0.1134,12.0,12.0,14.76,23,7,17,2016,72,0.0,5e-06,5e-06,1.819451,6.775556,0.19369,9269.319336,0.026363,0.100402,2.451302,8915.321,6009.905,3.171527,2.074283,0.0,-0.046493,111,51,24468809999.9999,38.21,429.0,,0.418103448275862
0,USA-AD-1289,Russia,RU,720918,201603,,0,0,-1.0,1,0,-1.0,2,0,0.5341,3.0,3.0,-0.1823,6.0,6.0,-0.5973,12.0,8.0,14.76,23,7,17,2016,72,0.002912,0.0,-0.002912,1.819451,6.775556,0.19369,9269.319336,0.026363,0.100402,2.451302,8915.321,6009.905,3.171527,2.074283,0.002912,-0.046493,111,51,24468809999.9999,38.21,429.0,,0.418103448275862
0,USA-AD-1289,Russia,RU,720926,201603,,0,0,,0,0,,0,0,-1.0,1.0,0.0,-1.0,4.0,0.0,-0.9978,7.0,1.0,14.76,23,7,17,2016,72,0.0,0.0,0.0,1.819451,6.775556,0.19369,9269.319336,0.026363,0.100402,2.451302,8915.321,6009.905,3.171527,2.074283,0.0,-0.046493,111,51,24468809999.9999,38.21,429.0,,0.418103448275862
0,USA-AD-1289,Russia,RU,720927,201603,,0,1,,0,1,,0,1,,0.0,0.0,,0.0,0.0,,0.0,0.0,14.76,23,7,17,2016,72,0.0,0.000681,0.000681,1.819451,6.775556,0.19369,9269.319336,0.026363,0.100402,2.451302,8915.321,6009.905,3.171527,2.074283,0.0,-0.046493,111,51,24468809999.9999,38.21,429.0,,0.418103448275862
0,USA-AD-1289,Russia,RU,720990,201603,,0,0,,0,0,,0,0,,0.0,0.0,-1.0,1.0,0.0,-0.9703,2.0,1.0,14.76,26,7,23,2016,72,0.0,0.0,0.0,1.819451,6.775556,0.19369,9269.319336,0.026363,0.100402,2.451302,8915.321,6009.905,3.171527,2.074283,0.0,-0.046493,111,51,24468809999.9999,38.21,429.0,426094695.0,0.418103448275862
0,USA-AD-1289,Russia,RU,721070,201603,-0.7832,2,2,-0.6872,3,3,-0.3645,4,4,0.4587,3.0,3.0,0.3743,6.0,6.0,0.1993,12.0,12.0,14.76,34,7,23,2016,72,,0.001394,,1.819451,6.775556,0.19369,9269.319336,0.026363,0.100402,2.451302,8915.321,6009.905,3.171527,2.074283,,-0.046493,111,51,24468809999.9999,38.21,429.0,8429299641.000001,0.418103448275862
0,USA-AD-1289,Russia,RU,721090,201603,,0,0,,0,0,,0,0,,0.0,1.0,3.8452,3.0,3.0,6.6508,8.0,7.0,14.76,34,7,23,2016,72,,0.0,,1.819451,6.775556,0.19369,9269.319336,0.026363,0.100402,2.451302,8915.321,6009.905,3.171527,2.074283,,-0.046493,111,51,24468809999.9999,38.21,429.0,1208734270.0,0.418103448275862
0,USA-AD-1289,Russia,RU,721123,201603,,0,0,,0,0,-1.0,1,0,,0.0,1.0,1.0526,1.0,1.0,7.1185,2.0,6.0,14.76,23,7,17,2016,72,1.7e-05,0.0,-1.7e-05,1.819451,6.775556,0.19369,9269.319336,0.026363,0.100402,2.451302,8915.321,6009.905,3.171527,2.074283,1.7e-05,-0.046493,111,51,24468809999.9999,38.21,429.0,,0.418103448275862
0,USA-AD-1289,Russia,RU,721129,201603,,0,0,,0,0,,0,0,0.9381,3.0,3.0,0.119,6.0,6.0,-0.1744,12.0,12.0,14.76,25,7,23,2016,72,0.0,0.0,0.0,1.819451,6.775556,0.19369,9269.319336,0.026363,0.100402,2.451302,8915.321,6009.905,3.171527,2.074283,0.0,-0.046493,111,51,24468809999.9999,38.21,429.0,1118984717.0,0.418103448275862
0,USA-AD-1289,Russia,RU,721190,201603,,0,0,,0,0,,0,0,-0.0829,3.0,2.0,2.1126,3.0,5.0,9.74,4.0,11.0,14.76,33,7,23,2016,72,0.0,0.0,0.0,1.819451,6.775556,0.19369,9269.319336,0.026363,0.100402,2.451302,8915.321,6009.905,3.171527,2.074283,0.0,-0.046493,111,51,24468809999.9999,38.21,429.0,415818218.0,0.418103448275862
0,USA-AD-1289,Russia,RU,721240,201603,,0,0,,0,0,,0,0,0.053,3.0,3.0,-0.2135,6.0,6.0,-0.5275,12.0,12.0,14.76,34,7,23,2016,72,,0.0,,1.819451,6.775556,0.19369,9269.319336,0.026363,0.100402,2.451302,8915.321,6009.905,3.171527,2.074283,,-0.046493,111,51,24468809999.9999,38.21,429.0,782888592.0000001,0.418103448275862
0,USA-AD-1289,Russia,RU,721250,201603,,0,0,,0,0,,0,0,0.6638,2.0,2.0,-0.0849,4.0,4.0,-0.3927,10.0,10.0,14.76,34,7,23,2016,72,,0.0,,1.819451,6.775556,0.19369,9269.319336,0.026363,0.100402,2.451302,8915.321,6009.905,3.171527,2.074283,,-0.046493,111,51,24468809999.9999,38.21,429.0,733137873.0,0.418103448275862
0,USA-AD-1289,Russia,RU,721590,201603,,0,0,,0,1,,0,1,0.7518,2.0,2.0,-0.3283,5.0,5.0,0.0997,11.0,11.0,14.76,17,7,23,2016,72,,0.011456,,1.819451,6.775556,0.19369,9269.319336,0.026363,0.100402,2.451302,8915.321,6009.905,3.171527,2.074283,,-0.046493,111,51,24468809999.9999,38.21,429.0,554430086.0,0.418103448275862
0,USA-AD-1289,Russia,RU,721710,201603,,0,0,,0,0,,0,0,0.2511,3.0,3.0,0.3092,6.0,6.0,0.0691,12.0,12.0,14.76,10,7,6,2016,72,0.0,0.0,0.0,1.819451,6.775556,0.19369,9269.319336,0.026363,0.100402,2.451302,8915.321,6009.905,3.171527,2.074283,0.0,-0.046493,111,51,24468809999.9999,38.21,429.0,,0.418103448275862
0,USA-AD-1289,Russia,RU,721790,201603,,0,0,,0,0,-1.0,1,0,-0.9903,2.0,1.0,-0.7434,4.0,3.0,-0.9495,8.0,5.0,14.76,11,7,5,2016,72,,0.0,,1.819451,6.775556,0.19369,9269.319336,0.026363,0.100402,2.451302,8915.321,6009.905,3.171527,2.074283,,-0.046493,111,51,24468809999.9999,38.21,429.0,,0.418103448275862
0,USA-AD-1289,Russia,RU,722519,201603,,0,0,-1.0,1,0,-1.0,1,0,0.2719,3.0,3.0,-0.0643,5.0,5.0,-0.3924,11.0,11.0,14.76,28,7,17,2016,72,0.001669,0.0,-0.001669,1.819451,6.775556,0.19369,9269.319336,0.026363,0.100402,2.451302,8915.321,6009.905,3.171527,2.074283,0.001669,-0.046493,111,51,24468809999.9999,38.21,429.0,,0.418103448275862
0,USA-AD-1289,Russia,RU,722550,201603,,0,0,,0,0,,0,0,0.0377,3.0,3.0,-0.1626,6.0,6.0,-0.1936,12.0,12.0,14.76,26,7,17,2016,72,0.0,0.0,0.0,1.819451,6.775556,0.19369,9269.319336,0.026363,0.100402,2.451302,8915.321,6009.905,3.171527,2.074283,0.0,-0.046493,111,51,24468809999.9999,38.21,429.0,2564409856.0,0.418103448275862
0,USA-AD-1289,Russia,RU,722599,201603,,0,0,,0,0,,0,0,-0.4591,2.0,2.0,-0.7495,5.0,2.0,-0.8999,11.0,4.0,14.76,31,7,17,2016,72,,0.0,,1.819451,6.775556,0.19369,9269.319336,0.026363,0.100402,2.451302,8915.321,6009.905,3.171527,2.074283,,-0.046493,111,51,24468809999.9999,38.21,429.0,,0.418103448275862
0,USA-AD-1289,Russia,RU,722619,201603,,0,0,,0,0,-1.0,1,0,-1.0,2.0,0.0,-0.9985,2.0,1.0,0.7074,2.0,2.0,14.76,28,7,17,2016,72,9.3e-05,0.0,-9.3e-05,1.819451,6.775556,0.19369,9269.319336,0.026363,0.100402,2.451302,8915.321,6009.905,3.171527,2.074283,9.3e-05,-0.046493,111,51,24468809999.9999,38.21,429.0,,0.418103448275862
0,USA-AD-1289,Russia,RU,722699,201603,-0.2039,2,2,-0.2193,3,3,0.1118,5,8,12.8578,2.0,2.0,29.8285,3.0,4.0,2.7476,9.0,7.0,14.76,31,7,17,2016,72,,0.004992,,1.819451,6.775556,0.19369,9269.319336,0.026363,0.100402,2.451302,8915.321,6009.905,3.171527,2.074283,,-0.046493,111,51,24468809999.9999,38.21,429.0,512049548.0,0.418103448275862
0,USA-AD-1289,Russia,RU,722990,201603,,0,1,,0,1,,0,1,0.0797,3.0,3.0,0.0509,6.0,6.0,-0.0992,12.0,12.0,14.76,12,7,5,2016,72,,2.9e-05,,1.819451,6.775556,0.19369,9269.319336,0.026363,0.100402,2.451302,8915.321,6009.905,3.171527,2.074283,,-0.046493,111,51,24468809999.9999,38.21,429.0,1699926639.0,0.418103448275862
0,USA-AD-1290,United Kingdom,GB,720915,201603,,0,2,,0,2,,0,3,5.0,1.0,2.0,0.0013,2.0,2.0,0.1553,2.0,4.0,28.03,23,7,17,2016,72,0.0,0.010121,0.010121,1.819451,6.775556,2.20652,45888.010513,0.026363,0.131525,2.451302,6878.493,8931.778,3.171527,2.074283,0.0,-0.046493,111,51,-147868520452.342,38.21,429.0,,0.783333333333333
0,USA-AD-1290,United Kingdom,GB,720916,201603,-1.0,2,0,-1.0,3,0,-1.0,3,0,-0.2087,3.0,3.0,-0.1499,6.0,6.0,-0.1575,12.0,12.0,28.03,23,7,17,2016,72,0.000323,0.0,-0.000323,1.819451,6.775556,2.20652,45888.010513,0.026363,0.131525,2.451302,6878.493,8931.778,3.171527,2.074283,0.000323,-0.046493,111,51,-147868520452.342,38.21,429.0,,0.783333333333333
0,USA-AD-1290,United Kingdom,GB,720917,201603,,0,0,,0,0,,0,0,0.3378,3.0,3.0,0.0828,6.0,6.0,-0.1134,12.0,12.0,28.03,23,7,17,2016,72,0.0,0.0,0.0,1.819451,6.775556,2.20652,45888.010513,0.026363,0.131525,2.451302,6878.493,8931.778,3.171527,2.074283,0.0,-0.046493,111,51,-147868520452.342,38.21,429.0,,0.783333333333333
0,USA-AD-1290,United Kingdom,GB,720918,201603,,0,0,,0,0,,0,0,0.5341,3.0,3.0,-0.1823,6.0,6.0,-0.5973,12.0,8.0,28.03,23,7,17,2016,72,2e-06,0.0,-2e-06,1.819451,6.775556,2.20652,45888.010513,0.026363,0.131525,2.451302,6878.493,8931.778,3.171527,2.074283,2e-06,-0.046493,111,51,-147868520452.342,38.21,429.0,,0.783333333333333
0,USA-AD-1290,United Kingdom,GB,720925,201603,,0,0,-1.0,1,0,-1.0,1,0,,0.0,0.0,,0.0,0.0,,0.0,0.0,28.03,23,7,17,2016,72,2.4e-05,0.0,-2.4e-05,1.819451,6.775556,2.20652,45888.010513,0.026363,0.131525,2.451302,6878.493,8931.778,3.171527,2.074283,2.4e-05,-0.046493,111,51,-147868520452.342,38.21,429.0,,0.783333333333333
0,USA-AD-1290,United Kingdom,GB,720927,201603,,0,1,,0,1,,0,1,,0.0,0.0,,0.0,0.0,,0.0,0.0,28.03,23,7,17,2016,72,0.0,0.132142,0.132142,1.819451,6.775556,2.20652,45888.010513,0.026363,0.131525,2.451302,6878.493,8931.778,3.171527,2.074283,0.0,-0.046493,111,51,-147868520452.342,38.21,429.0,,0.783333333333333
0,USA-AD-1290,United Kingdom,GB,720990,201603,,0,1,,0,1,,0,1,,0.0,0.0,-1.0,1.0,0.0,-0.9703,2.0,1.0,28.03,26,7,23,2016,72,0.0,0.000249,0.000249,1.819451,6.775556,2.20652,45888.010513,0.026363,0.131525,2.451302,6878.493,8931.778,3.171527,2.074283,0.0,-0.046493,111,51,-147868520452.342,38.21,429.0,426094695.0,0.783333333333333
0,USA-AD-1290,United Kingdom,GB,721070,201603,1.4916,1,1,2.4395,2,2,0.354,4,3,0.4587,3.0,3.0,0.3743,6.0,6.0,0.1993,12.0,12.0,28.03,34,7,23,2016,72,,0.005142,,1.819451,6.775556,2.20652,45888.010513,0.026363,0.131525,2.451302,6878.493,8931.778,3.171527,2.074283,,-0.046493,111,51,-147868520452.342,38.21,429.0,8429299641.000001,0.783333333333333
0,USA-AD-1290,United Kingdom,GB,721090,201603,,0,0,1.0,1,2,-0.8688,2,4,,0.0,1.0,3.8452,3.0,3.0,6.6508,8.0,7.0,28.03,34,7,23,2016,72,,0.000963,,1.819451,6.775556,2.20652,45888.010513,0.026363,0.131525,2.451302,6878.493,8931.778,3.171527,2.074283,,-0.046493,111,51,-147868520452.342,38.21,429.0,1208734270.0,0.783333333333333
0,USA-AD-1290,United Kingdom,GB,721123,201603,,0,0,,0,0,-1.0,1,0,,0.0,1.0,1.0526,1.0,1.0,7.1185,2.0,6.0,28.03,23,7,17,2016,72,0.001216,0.000176,-0.00104,1.819451,6.775556,2.20652,45888.010513,0.026363,0.131525,2.451302,6878.493,8931.778,3.171527,2.074283,0.001216,-0.046493,111,51,-147868520452.342,38.21,429.0,,0.783333333333333
0,USA-AD-1290,United Kingdom,GB,721129,201603,,0,0,,0,0,,0,0,0.9381,3.0,3.0,0.119,6.0,6.0,-0.1744,12.0,12.0,28.03,25,7,23,2016,72,0.0,0.0,0.0,1.819451,6.775556,2.20652,45888.010513,0.026363,0.131525,2.451302,6878.493,8931.778,3.171527,2.074283,0.0,-0.046493,111,51,-147868520452.342,38.21,429.0,1118984717.0,0.783333333333333
0,USA-AD-1290,United Kingdom,GB,721190,201603,-0.9134,2,1,-0.9134,2,1,-0.8798,4,2,-0.0829,3.0,2.0,2.1126,3.0,5.0,9.74,4.0,11.0,28.03,33,7,23,2016,72,0.002684,0.001244,-0.00144,1.819451,6.775556,2.20652,45888.010513,0.026363,0.131525,2.451302,6878.493,8931.778,3.171527,2.074283,0.005369,-0.046493,111,51,-147868520452.342,38.21,429.0,415818218.0,0.783333333333333
0,USA-AD-1290,United Kingdom,GB,721240,201603,,0,1,,0,1,,0,1,0.053,3.0,3.0,-0.2135,6.0,6.0,-0.5275,12.0,12.0,28.03,34,7,23,2016,72,,0.000445,,1.819451,6.775556,2.20652,45888.010513,0.026363,0.131525,2.451302,6878.493,8931.778,3.171527,2.074283,,-0.046493,111,51,-147868520452.342,38.21,429.0,782888592.0000001,0.783333333333333
0,USA-AD-1290,United Kingdom,GB,721250,201603,,0,0,-1.0,1,0,-1.0,2,0,0.6638,2.0,2.0,-0.0849,4.0,4.0,-0.3927,10.0,10.0,28.03,34,7,23,2016,72,,0.0,,1.819451,6.775556,2.20652,45888.010513,0.026363,0.131525,2.451302,6878.493,8931.778,3.171527,2.074283,,-0.046493,111,51,-147868520452.342,38.21,429.0,733137873.0,0.783333333333333
0,USA-AD-1290,United Kingdom,GB,721550,201603,,0,0,,0,0,,0,1,1.5473,3.0,3.0,1.3622,6.0,5.0,0.3196,11.0,10.0,28.03,8,7,0,2016,72,0.000131,0.00022,8.9e-05,1.819451,6.775556,2.20652,45888.010513,0.026363,0.131525,2.451302,6878.493,8931.778,3.171527,2.074283,0.000131,-0.046493,111,51,-147868520452.342,38.21,429.0,,0.783333333333333
0,USA-AD-1290,United Kingdom,GB,721590,201603,116.0,1,3,57.5,2,3,3.3704,3,4,0.7518,2.0,2.0,-0.3283,5.0,5.0,0.0997,11.0,11.0,28.03,17,7,23,2016,72,,0.000473,,1.819451,6.775556,2.20652,45888.010513,0.026363,0.131525,2.451302,6878.493,8931.778,3.171527,2.074283,,-0.046493,111,51,-147868520452.342,38.21,429.0,554430086.0,0.783333333333333
0,USA-AD-1290,United Kingdom,GB,721710,201603,,0,2,0.0439,2,2,1.1129,4,5,0.2511,3.0,3.0,0.3092,6.0,6.0,0.0691,12.0,12.0,28.03,10,7,6,2016,72,0.000258,0.000511,0.000253,1.819451,6.775556,2.20652,45888.010513,0.026363,0.131525,2.451302,6878.493,8931.778,3.171527,2.074283,0.000258,-0.046493,111,51,-147868520452.342,38.21,429.0,,0.783333333333333
0,USA-AD-1290,United Kingdom,GB,721790,201603,-1.0,2,0,-0.6667,4,2,-0.125,9,8,-0.9903,2.0,1.0,-0.7434,4.0,3.0,-0.9495,8.0,5.0,28.03,11,7,5,2016,72,,6.3e-05,,1.819451,6.775556,2.20652,45888.010513,0.026363,0.131525,2.451302,6878.493,8931.778,3.171527,2.074283,,-0.046493,111,51,-147868520452.342,38.21,429.0,,0.783333333333333
0,USA-AD-1290,United Kingdom,GB,722519,201603,,0,0,,0,0,,0,0,0.2719,3.0,3.0,-0.0643,5.0,5.0,-0.3924,11.0,11.0,28.03,28,7,17,2016,72,0.0,0.0,0.0,1.819451,6.775556,2.20652,45888.010513,0.026363,0.131525,2.451302,6878.493,8931.778,3.171527,2.074283,0.0,-0.046493,111,51,-147868520452.342,38.21,429.0,,0.783333333333333
0,USA-AD-1290,United Kingdom,GB,722550,201603,,0,0,,0,0,,0,0,0.0377,3.0,3.0,-0.1626,6.0,6.0,-0.1936,12.0,12.0,28.03,26,7,17,2016,72,0.0,0.0,0.0,1.819451,6.775556,2.20652,45888.010513,0.026363,0.131525,2.451302,6878.493,8931.778,3.171527,2.074283,0.0,-0.046493,111,51,-147868520452.342,38.21,429.0,2564409856.0,0.783333333333333
0,USA-AD-1290,United Kingdom,GB,722599,201603,,0,0,-0.8112,3,2,-0.8287,4,2,-0.4591,2.0,2.0,-0.7495,5.0,2.0,-0.8999,11.0,4.0,28.03,31,7,17,2016,72,,0.004725,,1.819451,6.775556,2.20652,45888.010513,0.026363,0.131525,2.451302,6878.493,8931.778,3.171527,2.074283,,-0.046493,111,51,-147868520452.342,38.21,429.0,,0.783333333333333
1,USA-AD-1290,United Kingdom,GB,722692,201603,66.4636,1,1,33.0413,2,1,33.0413,2,1,0.0554,1.0,1.0,13.7261,3.0,4.0,10.3022,7.0,7.0,28.03,23,7,17,2016,72,0.000672,0.00139,0.000718,1.819451,6.775556,2.20652,45888.010513,0.026363,0.131525,2.451302,6878.493,8931.778,3.171527,2.074283,0.000672,-0.046493,111,51,-147868520452.342,38.21,429.0,977980824.0,0.783333333333333
0,USA-AD-1290,United Kingdom,GB,722699,201603,-1.0,1,0,257.375,2,2,0.0182,4,4,12.8578,2.0,2.0,29.8285,3.0,4.0,2.7476,9.0,7.0,28.03,31,7,17,2016,72,,0.009072,,1.819451,6.775556,2.20652,45888.010513,0.026363,0.131525,2.451302,6878.493,8931.778,3.171527,2.074283,,-0.046493,111,51,-147868520452.342,38.21,429.0,512049548.0,0.783333333333333
0,USA-AD-1290,United Kingdom,GB,722850,201603,,0,1,-0.6865,2,1,-0.6818,4,3,0.0782,3.0,3.0,0.294,6.0,6.0,0.1338,12.0,12.0,28.03,8,7,0,2016,72,0.001487,0.000511,-0.000976,1.819451,6.775556,2.20652,45888.010513,0.026363,0.131525,2.451302,6878.493,8931.778,3.171527,2.074283,0.001487,-0.046493,111,51,-147868520452.342,38.21,429.0,1736522936.0,0.783333333333333
0,USA-AD-1290,United Kingdom,GB,722860,201603,-0.6302,3,3,-0.6045,6,5,-0.1845,12,9,-0.9938,2.0,1.0,-0.5796,5.0,4.0,-0.7386,9.0,7.0,28.03,13,7,2,2016,72,,0.003957,,1.819451,6.775556,2.20652,45888.010513,0.026363,0.131525,2.451302,6878.493,8931.778,3.171527,2.074283,,-0.046493,111,51,-147868520452.342,38.21,429.0,475638738.0,0.783333333333333
0,USA-AD-1290,United Kingdom,GB,722990,201603,-1.0,1,0,-0.9459,3,1,97.2941,5,3,0.0797,3.0,3.0,0.0509,6.0,6.0,-0.0992,12.0,12.0,28.03,12,7,5,2016,72,,0.002873,,1.819451,6.775556,2.20652,45888.010513,0.026363,0.131525,2.451302,6878.493,8931.778,3.171527,2.074283,,-0.046493,111,51,-147868520452.342,38.21,429.0,1699926639.0,0.783333333333333
0,USA-AD-1291,Australia,AU,720810,201603,,0,0,,0,1,,0,1,1.1242,3.0,3.0,0.0855,6.0,6.0,0.1774,12.0,11.0,23.25,18,7,17,2016,72,0.0,0.000311,0.000311,1.819451,6.775556,2.755641,57632.999593,0.026363,0.010611,2.451302,14802.03,8112.907,3.171527,2.074283,0.0,-0.046493,111,51,-43642992157.1875,38.21,429.0,,0.781512605042017
0,USA-AD-1291,Australia,AU,720825,201603,,0,0,,0,0,,0,0,0.635,2.0,3.0,-0.0191,5.0,6.0,-0.1974,11.0,11.0,23.25,18,7,17,2016,72,0.0,0.0,0.0,1.819451,6.775556,2.755641,57632.999593,0.026363,0.010611,2.451302,14802.03,8112.907,3.171527,2.074283,0.0,-0.046493,111,51,-43642992157.1875,38.21,429.0,,0.781512605042017
0,USA-AD-1291,Australia,AU,720826,201603,,0,0,,0,0,,0,0,2.8026,3.0,3.0,0.3184,6.0,6.0,0.1156,12.0,12.0,23.25,18,7,17,2016,72,0.0,0.0,0.0,1.819451,6.775556,2.755641,57632.999593,0.026363,0.010611,2.451302,14802.03,8112.907,3.171527,2.074283,0.0,-0.046493,111,51,-43642992157.1875,38.21,429.0,,0.781512605042017
0,USA-AD-1291,Australia,AU,720827,201603,,0,0,,0,0,,0,0,0.5073,3.0,3.0,0.3453,6.0,6.0,0.1597,12.0,12.0,23.25,18,7,17,2016,72,0.0,0.0,0.0,1.819451,6.775556,2.755641,57632.999593,0.026363,0.010611,2.451302,14802.03,8112.907,3.171527,2.074283,0.0,-0.046493,111,51,-43642992157.1875,38.21,429.0,,0.781512605042017
0,USA-AD-1291,Australia,AU,720836,201603,,0,0,,0,0,,0,0,1.586,3.0,3.0,0.4048,6.0,6.0,-0.2453,12.0,11.0,23.25,18,7,17,2016,72,0.0,0.0,0.0,1.819451,6.775556,2.755641,57632.999593,0.026363,0.010611,2.451302,14802.03,8112.907,3.171527,2.074283,0.0,-0.046493,111,51,-43642992157.1875,38.21,429.0,,0.781512605042017
0,USA-AD-1291,Australia,AU,720837,201603,,0,0,,0,1,-0.2977,1,1,-0.4327,3.0,3.0,0.6622,6.0,6.0,0.7698,12.0,12.0,23.25,18,7,17,2016,72,0.005313,0.003547,-0.001766,1.819451,6.775556,2.755641,57632.999593,0.026363,0.010611,2.451302,14802.03,8112.907,3.171527,2.074283,0.005313,-0.046493,111,51,-43642992157.1875,38.21,429.0,,0.781512605042017
0,USA-AD-1291,Australia,AU,720838,201603,,0,0,,0,1,0.321,1,1,-0.1244,3.0,3.0,0.0479,6.0,6.0,-0.3852,12.0,12.0,23.25,18,7,17,2016,72,0.00737,0.009128,0.001758,1.819451,6.775556,2.755641,57632.999593,0.026363,0.010611,2.451302,14802.03,8112.907,3.171527,2.074283,0.00737,-0.046493,111,51,-43642992157.1875,38.21,429.0,,0.781512605042017
0,USA-AD-1291,Australia,AU,720839,201603,-0.7595,1,1,22613.627,1,2,1.0404,2,2,0.1747,3.0,3.0,0.4863,6.0,6.0,-0.1962,12.0,12.0,23.25,18,7,17,2016,72,0.001998,0.003637,0.001638,1.819451,6.775556,2.755641,57632.999593,0.026363,0.010611,2.451302,14802.03,8112.907,3.171527,2.074283,0.001998,-0.046493,111,51,-43642992157.1875,38.21,429.0,,0.781512605042017
0,USA-AD-1291,Australia,AU,720840,201603,,0,0,,0,0,,0,0,,0.0,1.0,,0.0,2.0,685.6,1.0,3.0,23.25,25,7,19,2016,72,0.0,0.0,0.0,1.819451,6.775556,2.755641,57632.999593,0.026363,0.010611,2.451302,14802.03,8112.907,3.171527,2.074283,0.0,-0.046493,111,51,-43642992157.1875,38.21,429.0,,0.781512605042017
0,USA-AD-1291,Australia,AU,720853,201603,,0,0,,0,0,,0,0,-0.9262,1.0,1.0,-0.9359,3.0,2.0,-0.9359,3.0,2.0,23.25,25,7,19,2016,72,0.0,0.0,0.0,1.819451,6.775556,2.755641,57632.999593,0.026363,0.010611,2.451302,14802.03,8112.907,3.171527,2.074283,0.0,-0.046493,111,51,-43642992157.1875,38.21,429.0,,0.781512605042017
0,USA-AD-1291,Australia,AU,720854,201603,,0,0,,0,0,,0,0,-1.0,1.0,0.0,-0.9999,1.0,1.0,-0.9999,1.0,1.0,23.25,18,7,17,2016,72,0.0,0.0,0.0,1.819451,6.775556,2.755641,57632.999593,0.026363,0.010611,2.451302,14802.03,8112.907,3.171527,2.074283,0.0,-0.046493,111,51,-43642992157.1875,38.21,429.0,,0.781512605042017
0,USA-AD-1291,Australia,AU,720890,201603,,0,0,,0,0,-1.0,2,0,5139.0,1.0,2.0,5139.0,1.0,2.0,0.5511,3.0,7.0,23.25,31,7,23,2016,72,0.001199,0.0,-0.001199,1.819451,6.775556,2.755641,57632.999593,0.026363,0.010611,2.451302,14802.03,8112.907,3.171527,2.074283,0.001199,-0.046493,111,51,-43642992157.1875,38.21,429.0,975666853.0,0.781512605042017
0,USA-AD-1291,Australia,AU,721070,201603,,0,0,,0,0,,0,0,0.4587,3.0,3.0,0.3743,6.0,6.0,0.1993,12.0,12.0,23.25,34,7,23,2016,72,,0.0,,1.819451,6.775556,2.755641,57632.999593,0.026363,0.010611,2.451302,14802.03,8112.907,3.171527,2.074283,,-0.046493,111,51,-43642992157.1875,38.21,429.0,8429299641.000001,0.781512605042017
0,USA-AD-1291,Australia,AU,721114,201603,,0,0,,0,0,,0,0,,0.0,0.0,,0.0,0.0,-1.0,1.0,0.0,23.25,25,7,19,2016,72,0.0,0.0,0.0,1.819451,6.775556,2.755641,57632.999593,0.026363,0.010611,2.451302,14802.03,8112.907,3.171527,2.074283,0.0,-0.046493,111,51,-43642992157.1875,38.21,429.0,,0.781512605042017
0,USA-AD-1291,Australia,AU,721119,201603,,0,0,,0,0,,0,1,-1.0,1.0,0.0,-1.0,2.0,0.0,-0.663,2.0,1.0,23.25,24,7,23,2016,72,0.0,0.019006,0.019006,1.819451,6.775556,2.755641,57632.999593,0.026363,0.010611,2.451302,14802.03,8112.907,3.171527,2.074283,0.0,-0.046493,111,51,-43642992157.1875,38.21,429.0,2065155.0,0.781512605042017
0,USA-AD-1291,Australia,AU,721190,201603,,0,0,,0,0,,0,0,-0.0829,3.0,2.0,2.1126,3.0,5.0,9.74,4.0,11.0,23.25,33,7,23,2016,72,0.0,0.0,0.0,1.819451,6.775556,2.755641,57632.999593,0.026363,0.010611,2.451302,14802.03,8112.907,3.171527,2.074283,0.0,-0.046493,111,51,-43642992157.1875,38.21,429.0,415818218.0,0.781512605042017
0,USA-AD-1291,Australia,AU,721240,201603,0.1785,3,3,-0.3535,6,6,-0.0684,11,11,0.053,3.0,3.0,-0.2135,6.0,6.0,-0.5275,12.0,12.0,23.25,34,7,23,2016,72,,0.697826,,1.819451,6.775556,2.755641,57632.999593,0.026363,0.010611,2.451302,14802.03,8112.907,3.171527,2.074283,,-0.046493,111,51,-43642992157.1875,38.21,429.0,782888592.0000001,0.781512605042017
0,USA-AD-1291,Australia,AU,721250,201603,,0,0,,0,0,,0,0,0.6638,2.0,2.0,-0.0849,4.0,4.0,-0.3927,10.0,10.0,23.25,34,7,23,2016,72,,0.0,,1.819451,6.775556,2.755641,57632.999593,0.026363,0.010611,2.451302,14802.03,8112.907,3.171527,2.074283,,-0.046493,111,51,-43642992157.1875,38.21,429.0,733137873.0,0.781512605042017
0,USA-AD-1291,Australia,AU,721499,201603,,0,0,,0,0,,0,0,0.7267,3.0,3.0,0.2186,6.0,6.0,-0.027,11.0,12.0,23.25,7,7,0,2016,72,0.0,0.0,0.0,1.819451,6.775556,2.755641,57632.999593,0.026363,0.010611,2.451302,14802.03,8112.907,3.171527,2.074283,0.0,-0.046493,111,51,-43642992157.1875,38.21,429.0,,0.781512605042017
0,USA-AD-1291,Australia,AU,721590,201603,,0,0,,0,1,-0.9824,4,1,0.7518,2.0,2.0,-0.3283,5.0,5.0,0.0997,11.0,11.0,23.25,17,7,23,2016,72,,0.000973,,1.819451,6.775556,2.755641,57632.999593,0.026363,0.010611,2.451302,14802.03,8112.907,3.171527,2.074283,,-0.046493,111,51,-43642992157.1875,38.21,429.0,554430086.0,0.781512605042017
0,USA-AD-1291,Australia,AU,722511,201603,,0,0,,0,0,,0,0,0.122,3.0,3.0,-0.5769,6.0,5.0,0.4492,12.0,11.0,23.25,25,7,17,2016,72,0.0,0.0,0.0,1.819451,6.775556,2.755641,57632.999593,0.026363,0.010611,2.451302,14802.03,8112.907,3.171527,2.074283,0.0,-0.046493,111,51,-43642992157.1875,38.21,429.0,,0.781512605042017
0,USA-AD-1291,Australia,AU,722519,201603,,0,0,,0,0,,0,0,0.2719,3.0,3.0,-0.0643,5.0,5.0,-0.3924,11.0,11.0,23.25,28,7,17,2016,72,0.0,0.0,0.0,1.819451,6.775556,2.755641,57632.999593,0.026363,0.010611,2.451302,14802.03,8112.907,3.171527,2.074283,0.0,-0.046493,111,51,-43642992157.1875,38.21,429.0,,0.781512605042017
0,USA-AD-1291,Australia,AU,722540,201603,,0,0,,0,0,,0,0,,0.0,1.0,,0.0,2.0,0.3374,3.0,4.0,23.25,25,7,17,2016,72,0.0,0.0,0.0,1.819451,6.775556,2.755641,57632.999593,0.026363,0.010611,2.451302,14802.03,8112.907,3.171527,2.074283,0.0,-0.046493,111,51,-43642992157.1875,38.21,429.0,5029436982.0,0.781512605042017
0,USA-AD-1291,Australia,AU,722599,201603,,0,0,-1.0,1,0,-1.0,1,0,-0.4591,2.0,2.0,-0.7495,5.0,2.0,-0.8999,11.0,4.0,23.25,31,7,17,2016,72,,0.0,,1.819451,6.775556,2.755641,57632.999593,0.026363,0.010611,2.451302,14802.03,8112.907,3.171527,2.074283,,-0.046493,111,51,-43642992157.1875,38.21,429.0,,0.781512605042017
0,USA-AD-1291,Australia,AU,722611,201603,,0,0,,0,0,,0,0,,0.0,2.0,,0.0,2.0,,0.0,2.0,23.25,25,7,17,2016,72,0.0,0.0,0.0,1.819451,6.775556,2.755641,57632.999593,0.026363,0.010611,2.451302,14802.03,8112.907,3.171527,2.074283,0.0,-0.046493,111,51,-43642992157.1875,38.21,429.0,,0.781512605042017
0,USA-AD-1291,Australia,AU,722619,201603,,0,0,,0,0,,0,0,-1.0,2.0,0.0,-0.9985,2.0,1.0,0.7074,2.0,2.0,23.25,28,7,17,2016,72,0.0,0.0,0.0,1.819451,6.775556,2.755641,57632.999593,0.026363,0.010611,2.451302,14802.03,8112.907,3.171527,2.074283,0.0,-0.046493,111,51,-43642992157.1875,38.21,429.0,,0.781512605042017
0,USA-AD-1291,Australia,AU,722860,201603,,0,2,,0,4,,0,5,-0.9938,2.0,1.0,-0.5796,5.0,4.0,-0.7386,9.0,7.0,23.25,13,7,2,2016,72,,0.002762,,1.819451,6.775556,2.755641,57632.999593,0.026363,0.010611,2.451302,14802.03,8112.907,3.171527,2.074283,,-0.046493,111,51,-43642992157.1875,38.21,429.0,475638738.0,0.781512605042017
0,USA-AD-1292,Brazil,BR,720825,201603,,0,0,,0,0,,0,0,0.635,2.0,3.0,-0.0191,5.0,6.0,-0.1974,11.0,11.0,33.91,18,7,17,2016,72,0.0,0.0,0.0,1.819451,6.775556,-3.275917,8577.84278,0.026363,0.049418,2.451302,8088.514,17793.04,3.171527,2.074283,0.0,-0.046493,111,51,-30528825466.82,38.21,429.0,,0.504201680672269
0,USA-AD-1292,Brazil,BR,720826,201603,,0,0,,0,0,,0,0,2.8026,3.0,3.0,0.3184,6.0,6.0,0.1156,12.0,12.0,33.91,18,7,17,2016,72,0.0,0.0,0.0,1.819451,6.775556,-3.275917,8577.84278,0.026363,0.049418,2.451302,8088.514,17793.04,3.171527,2.074283,0.0,-0.046493,111,51,-30528825466.82,38.21,429.0,,0.504201680672269
0,USA-AD-1292,Brazil,BR,720827,201603,,0,0,,0,0,-0.64,1,2,0.5073,3.0,3.0,0.3453,6.0,6.0,0.1597,12.0,12.0,33.91,18,7,17,2016,72,3.7e-05,3.3e-05,-3e-06,1.819451,6.775556,-3.275917,8577.84278,0.026363,0.049418,2.451302,8088.514,17793.04,3.171527,2.074283,3.7e-05,-0.046493,111,51,-30528825466.82,38.21,429.0,,0.504201680672269
0,USA-AD-1292,Brazil,BR,720837,201603,,0,0,,0,0,,0,0,-0.4327,3.0,3.0,0.6622,6.0,6.0,0.7698,12.0,12.0,33.91,18,7,17,2016,72,0.0,0.0,0.0,1.819451,6.775556,-3.275917,8577.84278,0.026363,0.049418,2.451302,8088.514,17793.04,3.171527,2.074283,0.0,-0.046493,111,51,-30528825466.82,38.21,429.0,,0.504201680672269
0,USA-AD-1292,Brazil,BR,720853,201603,,0,0,,0,0,-1.0,1,0,-0.9262,1.0,1.0,-0.9359,3.0,2.0,-0.9359,3.0,2.0,33.91,25,7,19,2016,72,8e-06,0.0,-8e-06,1.819451,6.775556,-3.275917,8577.84278,0.026363,0.049418,2.451302,8088.514,17793.04,3.171527,2.074283,8e-06,-0.046493,111,51,-30528825466.82,38.21,429.0,,0.504201680672269
0,USA-AD-1292,Brazil,BR,720854,201603,,0,2,,0,2,162.0685,1,2,-1.0,1.0,0.0,-0.9999,1.0,1.0,-0.9999,1.0,1.0,33.91,18,7,17,2016,72,0.000201,0.061278,0.061077,1.819451,6.775556,-3.275917,8577.84278,0.026363,0.049418,2.451302,8088.514,17793.04,3.171527,2.074283,0.000201,-0.046493,111,51,-30528825466.82,38.21,429.0,,0.504201680672269
0,USA-AD-1292,Brazil,BR,720890,201603,,0,0,,0,0,,0,0,5139.0,1.0,2.0,5139.0,1.0,2.0,0.5511,3.0,7.0,33.91,31,7,23,2016,72,0.0,0.0,0.0,1.819451,6.775556,-3.275917,8577.84278,0.026363,0.049418,2.451302,8088.514,17793.04,3.171527,2.074283,0.0,-0.046493,111,51,-30528825466.82,38.21,429.0,975666853.0,0.504201680672269
0,USA-AD-1292,Brazil,BR,721070,201603,,0,0,-1.0,1,0,-1.0,2,0,0.4587,3.0,3.0,0.3743,6.0,6.0,0.1993,12.0,12.0,33.91,34,7,23,2016,72,,0.0,,1.819451,6.775556,-3.275917,8577.84278,0.026363,0.049418,2.451302,8088.514,17793.04,3.171527,2.074283,,-0.046493,111,51,-30528825466.82,38.21,429.0,8429299641.000001,0.504201680672269
1,USA-AD-1292,Brazil,BR,721090,201603,-1.0,2,0,22.3333,3,1,298.2733,4,3,,0.0,1.0,3.8452,3.0,3.0,6.6508,8.0,7.0,33.91,34,7,23,2016,72,,0.008357,,1.819451,6.775556,-3.275917,8577.84278,0.026363,0.049418,2.451302,8088.514,17793.04,3.171527,2.074283,,-0.046493,111,51,-30528825466.82,38.21,429.0,1208734270.0,0.504201680672269
0,USA-AD-1292,Brazil,BR,721119,201603,,0,1,4192.5,1,1,-0.2045,3,3,-1.0,1.0,0.0,-1.0,2.0,0.0,-0.663,2.0,1.0,33.91,24,7,23,2016,72,0.038199,0.024837,-0.013362,1.819451,6.775556,-3.275917,8577.84278,0.026363,0.049418,2.451302,8088.514,17793.04,3.171527,2.074283,0.038199,-0.046493,111,51,-30528825466.82,38.21,429.0,2065155.0,0.504201680672269
0,USA-AD-1292,Brazil,BR,721190,201603,-1.0,1,0,-1.0,1,0,-1.0,1,0,-0.0829,3.0,2.0,2.1126,3.0,5.0,9.74,4.0,11.0,33.91,33,7,23,2016,72,3.3e-05,0.0,-3.3e-05,1.819451,6.775556,-3.275917,8577.84278,0.026363,0.049418,2.451302,8088.514,17793.04,3.171527,2.074283,6.7e-05,-0.046493,111,51,-30528825466.82,38.21,429.0,415818218.0,0.504201680672269
0,USA-AD-1292,Brazil,BR,721240,201603,,0,0,,0,1,,0,3,0.053,3.0,3.0,-0.2135,6.0,6.0,-0.5275,12.0,12.0,33.91,34,7,23,2016,72,,0.000368,,1.819451,6.775556,-3.275917,8577.84278,0.026363,0.049418,2.451302,8088.514,17793.04,3.171527,2.074283,,-0.046493,111,51,-30528825466.82,38.21,429.0,782888592.0000001,0.504201680672269
0,USA-AD-1292,Brazil,BR,721250,201603,,0,0,,0,0,,0,0,0.6638,2.0,2.0,-0.0849,4.0,4.0,-0.3927,10.0,10.0,33.91,34,7,23,2016,72,,0.0,,1.819451,6.775556,-3.275917,8577.84278,0.026363,0.049418,2.451302,8088.514,17793.04,3.171527,2.074283,,-0.046493,111,51,-30528825466.82,38.21,429.0,733137873.0,0.504201680672269
0,USA-AD-1292,Brazil,BR,721499,201603,,0,0,,0,0,,0,0,0.7267,3.0,3.0,0.2186,6.0,6.0,-0.027,11.0,12.0,33.91,7,7,0,2016,72,0.0,0.0,0.0,1.819451,6.775556,-3.275917,8577.84278,0.026363,0.049418,2.451302,8088.514,17793.04,3.171527,2.074283,0.0,-0.046493,111,51,-30528825466.82,38.21,429.0,,0.504201680672269
0,USA-AD-1292,Brazil,BR,722511,201603,,0,0,,0,0,,0,0,0.122,3.0,3.0,-0.5769,6.0,5.0,0.4492,12.0,11.0,33.91,25,7,17,2016,72,0.0,0.0,0.0,1.819451,6.775556,-3.275917,8577.84278,0.026363,0.049418,2.451302,8088.514,17793.04,3.171527,2.074283,0.0,-0.046493,111,51,-30528825466.82,38.21,429.0,,0.504201680672269
0,USA-AD-1292,Brazil,BR,722519,201603,,0,0,,0,0,,0,0,0.2719,3.0,3.0,-0.0643,5.0,5.0,-0.3924,11.0,11.0,33.91,28,7,17,2016,72,0.0,0.0,0.0,1.819451,6.775556,-3.275917,8577.84278,0.026363,0.049418,2.451302,8088.514,17793.04,3.171527,2.074283,0.0,-0.046493,111,51,-30528825466.82,38.21,429.0,,0.504201680672269
0,USA-AD-1292,Brazil,BR,722540,201603,,0,0,,0,0,,0,0,,0.0,1.0,,0.0,2.0,0.3374,3.0,4.0,33.91,25,7,17,2016,72,0.0,0.0,0.0,1.819451,6.775556,-3.275917,8577.84278,0.026363,0.049418,2.451302,8088.514,17793.04,3.171527,2.074283,0.0,-0.046493,111,51,-30528825466.82,38.21,429.0,5029436982.0,0.504201680672269
0,USA-AD-1292,Brazil,BR,722599,201603,,0,0,,0,0,,0,0,-0.4591,2.0,2.0,-0.7495,5.0,2.0,-0.8999,11.0,4.0,33.91,31,7,17,2016,72,,0.0,,1.819451,6.775556,-3.275917,8577.84278,0.026363,0.049418,2.451302,8088.514,17793.04,3.171527,2.074283,,-0.046493,111,51,-30528825466.82,38.21,429.0,,0.504201680672269
1,USA-AD-1292,Brazil,BR,722691,201603,,0,0,,0,1,1.7769,1,1,,0.0,2.0,16.7611,1.0,2.0,3.8172,4.0,4.0,33.91,25,7,17,2016,72,0.001035,0.003328,0.002293,1.819451,6.775556,-3.275917,8577.84278,0.026363,0.049418,2.451302,8088.514,17793.04,3.171527,2.074283,0.001035,-0.046493,111,51,-30528825466.82,38.21,429.0,561778544.0,0.504201680672269
0,USA-AD-1293,Japan,JP,720810,201603,-0.7303,1,2,2.5388,3,4,0.8255,7,9,1.1242,3.0,3.0,0.0855,6.0,6.0,0.1774,12.0,11.0,10.24,18,7,17,2016,72,0.028183,0.034263,0.00608,1.819451,6.775556,0.753827,35242.199377,0.026363,-0.101212,2.451302,10286.19,951.7373,3.171527,2.074283,0.028183,-0.046493,111,51,197049392532.181,38.21,429.0,,0.6875
0,USA-AD-1293,Japan,JP,720825,201603,0.2842,3,3,0.7437,6,6,0.1053,12,12,0.635,2.0,3.0,-0.0191,5.0,6.0,-0.1974,11.0,11.0,10.24,18,7,17,2016,72,0.538538,0.947072,0.408534,1.819451,6.775556,0.753827,35242.199377,0.026363,-0.101212,2.451302,10286.19,951.7373,3.171527,2.074283,0.538538,-0.046493,111,51,197049392532.181,38.21,429.0,,0.6875
0,USA-AD-1293,Japan,JP,720826,201603,0.8109,3,3,0.5967,6,6,0.7628,12,12,2.8026,3.0,3.0,0.3184,6.0,6.0,0.1156,12.0,12.0,10.24,18,7,17,2016,72,0.414086,0.632787,0.218701,1.819451,6.775556,0.753827,35242.199377,0.026363,-0.101212,2.451302,10286.19,951.7373,3.171527,2.074283,0.414086,-0.046493,111,51,197049392532.181,38.21,429.0,,0.6875
0,USA-AD-1293,Japan,JP,720827,201603,0.91,3,3,0.6795,6,6,0.6898,12,12,0.5073,3.0,3.0,0.3453,6.0,6.0,0.1597,12.0,12.0,10.24,18,7,17,2016,72,0.447989,0.687291,0.239302,1.819451,6.775556,0.753827,35242.199377,0.026363,-0.101212,2.451302,10286.19,951.7373,3.171527,2.074283,0.447989,-0.046493,111,51,197049392532.181,38.21,429.0,,0.6875
0,USA-AD-1293,Japan,JP,720836,201603,-0.0033,3,3,0.1302,6,6,0.0859,12,12,1.586,3.0,3.0,0.4048,6.0,6.0,-0.2453,12.0,11.0,10.24,18,7,17,2016,72,0.186128,0.223939,0.037811,1.819451,6.775556,0.753827,35242.199377,0.026363,-0.101212,2.451302,10286.19,951.7373,3.171527,2.074283,0.186128,-0.046493,111,51,197049392532.181,38.21,429.0,,0.6875
0,USA-AD-1293,Japan,JP,720837,201603,-0.3835,3,3,-0.1804,6,6,-0.0766,12,12,-0.4327,3.0,3.0,0.6622,6.0,6.0,0.7698,12.0,12.0,10.24,18,7,17,2016,72,0.453121,0.427542,-0.02558,1.819451,6.775556,0.753827,35242.199377,0.026363,-0.101212,2.451302,10286.19,951.7373,3.171527,2.074283,0.453121,-0.046493,111,51,197049392532.181,38.21,429.0,,0.6875
0,USA-AD-1293,Japan,JP,720838,201603,0.4797,3,3,0.2636,6,6,0.2141,12,12,-0.1244,3.0,3.0,0.0479,6.0,6.0,-0.3852,12.0,12.0,10.24,18,7,17,2016,72,0.489595,0.596001,0.106406,1.819451,6.775556,0.753827,35242.199377,0.026363,-0.101212,2.451302,10286.19,951.7373,3.171527,2.074283,0.489595,-0.046493,111,51,197049392532.181,38.21,429.0,,0.6875
0,USA-AD-1293,Japan,JP,720839,201603,0.1105,3,3,0.1822,6,6,0.1157,12,12,0.1747,3.0,3.0,0.4863,6.0,6.0,-0.1962,12.0,12.0,10.24,18,7,17,2016,72,0.593697,0.644987,0.051291,1.819451,6.775556,0.753827,35242.199377,0.026363,-0.101212,2.451302,10286.19,951.7373,3.171527,2.074283,0.593697,-0.046493,111,51,197049392532.181,38.21,429.0,,0.6875
0,USA-AD-1293,Japan,JP,720840,201603,,0,1,,0,2,,0,2,,0.0,1.0,,0.0,2.0,685.6,1.0,3.0,10.24,25,7,19,2016,72,0.0,0.685321,0.685321,1.819451,6.775556,0.753827,35242.199377,0.026363,-0.101212,2.451302,10286.19,951.7373,3.171527,2.074283,0.0,-0.046493,111,51,197049392532.181,38.21,429.0,,0.6875
0,USA-AD-1293,Japan,JP,720853,201603,-0.85,2,1,-0.1791,4,3,0.2907,6,6,-0.9262,1.0,1.0,-0.9359,3.0,2.0,-0.9359,3.0,2.0,10.24,25,7,19,2016,72,0.07039,0.020264,-0.050126,1.819451,6.775556,0.753827,35242.199377,0.026363,-0.101212,2.451302,10286.19,951.7373,3.171527,2.074283,0.07039,-0.046493,111,51,197049392532.181,38.21,429.0,,0.6875
0,USA-AD-1293,Japan,JP,720854,201603,0.891,3,3,-0.7801,6,6,-0.7676,11,9,-1.0,1.0,0.0,-0.9999,1.0,1.0,-0.9999,1.0,1.0,10.24,18,7,17,2016,72,0.377599,0.091459,-0.28614,1.819451,6.775556,0.753827,35242.199377,0.026363,-0.101212,2.451302,10286.19,951.7373,3.171527,2.074283,0.377599,-0.046493,111,51,197049392532.181,38.21,429.0,,0.6875
0,USA-AD-1293,Japan,JP,720890,201603,-0.6758,3,3,-0.5221,6,6,-0.3059,12,12,5139.0,1.0,2.0,5139.0,1.0,2.0,0.5511,3.0,7.0,10.24,31,7,23,2016,72,0.081775,0.158442,0.076667,1.819451,6.775556,0.753827,35242.199377,0.026363,-0.101212,2.451302,10286.19,951.7373,3.171527,2.074283,0.081775,-0.046493,111,51,197049392532.181,38.21,429.0,975666853.0,0.6875
0,USA-AD-1293,Japan,JP,721070,201603,-0.3743,1,2,-0.618,3,3,-0.9352,9,7,0.4587,3.0,3.0,0.3743,6.0,6.0,0.1993,12.0,12.0,10.24,34,7,23,2016,72,,0.008287,,1.819451,6.775556,0.753827,35242.199377,0.026363,-0.101212,2.451302,10286.19,951.7373,3.171527,2.074283,,-0.046493,111,51,197049392532.181,38.21,429.0,8429299641.000001,0.6875
0,USA-AD-1293,Japan,JP,721090,201603,0.5477,3,3,-0.0813,6,6,0.05,12,12,,0.0,1.0,3.8452,3.0,3.0,6.6508,8.0,7.0,10.24,34,7,23,2016,72,,2.3635,,1.819451,6.775556,0.753827,35242.199377,0.026363,-0.101212,2.451302,10286.19,951.7373,3.171527,2.074283,,-0.046493,111,51,197049392532.181,38.21,429.0,1208734270.0,0.6875
0,USA-AD-1293,Japan,JP,721114,201603,,0,0,,0,0,-1.0,6,0,,0.0,0.0,,0.0,0.0,-1.0,1.0,0.0,10.24,25,7,19,2016,72,0.306255,0.0,-0.306255,1.819451,6.775556,0.753827,35242.199377,0.026363,-0.101212,2.451302,10286.19,951.7373,3.171527,2.074283,0.306255,-0.046493,111,51,197049392532.181,38.21,429.0,,0.6875
0,USA-AD-1293,Japan,JP,721119,201603,14.0289,1,2,244.1771,3,5,0.8056,9,7,-1.0,1.0,0.0,-1.0,2.0,0.0,-0.663,2.0,1.0,10.24,24,7,23,2016,72,0.162863,0.126372,-0.036491,1.819451,6.775556,0.753827,35242.199377,0.026363,-0.101212,2.451302,10286.19,951.7373,3.171527,2.074283,0.162863,-0.046493,111,51,197049392532.181,38.21,429.0,2065155.0,0.6875
0,USA-AD-1293,Japan,JP,721190,201603,0.1444,3,3,0.0974,6,6,0.0047,12,12,-0.0829,3.0,2.0,2.1126,3.0,5.0,9.74,4.0,11.0,10.24,33,7,23,2016,72,0.078202,0.069817,-0.008385,1.819451,6.775556,0.753827,35242.199377,0.026363,-0.101212,2.451302,10286.19,951.7373,3.171527,2.074283,0.156404,-0.046493,111,51,197049392532.181,38.21,429.0,415818218.0,0.6875
0,USA-AD-1293,Japan,JP,721240,201603,0.22,3,3,0.8746,6,6,1.042,12,12,0.053,3.0,3.0,-0.2135,6.0,6.0,-0.5275,12.0,12.0,10.24,34,7,23,2016,72,,2.369645,,1.819451,6.775556,0.753827,35242.199377,0.026363,-0.101212,2.451302,10286.19,951.7373,3.171527,2.074283,,-0.046493,111,51,197049392532.181,38.21,429.0,782888592.0000001,0.6875
0,USA-AD-1293,Japan,JP,721250,201603,-0.1393,3,3,-0.0215,6,6,-0.1526,12,12,0.6638,2.0,2.0,-0.0849,4.0,4.0,-0.3927,10.0,10.0,10.24,34,7,23,2016,72,,5.146216,,1.819451,6.775556,0.753827,35242.199377,0.026363,-0.101212,2.451302,10286.19,951.7373,3.171527,2.074283,,-0.046493,111,51,197049392532.181,38.21,429.0,733137873.0,0.6875
0,USA-AD-1293,Japan,JP,721491,201603,-0.295,3,3,-0.2464,6,6,-0.0519,11,12,,0.0,0.0,,0.0,0.0,,0.0,0.0,10.24,15,7,0,2016,72,0.657701,0.650052,-0.007648,1.819451,6.775556,0.753827,35242.199377,0.026363,-0.101212,2.451302,10286.19,951.7373,3.171527,2.074283,0.657701,-0.046493,111,51,197049392532.181,38.21,429.0,,0.6875
0,USA-AD-1293,Japan,JP,721499,201603,-0.0318,3,3,0.1357,6,6,-0.0702,12,12,0.7267,3.0,3.0,0.2186,6.0,6.0,-0.027,11.0,12.0,10.24,7,7,0,2016,72,0.347854,0.450759,0.102906,1.819451,6.775556,0.753827,35242.199377,0.026363,-0.101212,2.451302,10286.19,951.7373,3.171527,2.074283,0.347854,-0.046493,111,51,197049392532.181,38.21,429.0,,0.6875
0,USA-AD-1293,Japan,JP,721590,201603,-0.0031,3,3,0.0119,6,6,-0.4331,12,12,0.7518,2.0,2.0,-0.3283,5.0,5.0,0.0997,11.0,11.0,10.24,17,7,23,2016,72,,0.863892,,1.819451,6.775556,0.753827,35242.199377,0.026363,-0.101212,2.451302,10286.19,951.7373,3.171527,2.074283,,-0.046493,111,51,197049392532.181,38.21,429.0,554430086.0,0.6875
0,USA-AD-1293,Japan,JP,722511,201603,-0.0988,3,3,0.1319,6,6,0.927,12,12,0.122,3.0,3.0,-0.5769,6.0,5.0,0.4492,12.0,11.0,10.24,25,7,17,2016,72,0.295351,0.600875,0.305524,1.819451,6.775556,0.753827,35242.199377,0.026363,-0.101212,2.451302,10286.19,951.7373,3.171527,2.074283,0.295351,-0.046493,111,51,197049392532.181,38.21,429.0,,0.6875
0,USA-AD-1293,Japan,JP,722519,201603,0.2018,3,3,-0.5392,6,6,-0.0901,12,12,0.2719,3.0,3.0,-0.0643,5.0,5.0,-0.3924,11.0,11.0,10.24,28,7,17,2016,72,0.165766,0.089296,-0.07647,1.819451,6.775556,0.753827,35242.199377,0.026363,-0.101212,2.451302,10286.19,951.7373,3.171527,2.074283,0.331533,-0.046493,111,51,197049392532.181,38.21,429.0,,0.6875
0,USA-AD-1293,Japan,JP,722530,201603,-0.5993,3,2,2.1104,4,5,3.2203,7,11,-0.1914,3.0,3.0,-0.3931,6.0,5.0,-0.4683,12.0,7.0,10.24,18,7,17,2016,72,0.012762,0.021833,0.009071,1.819451,6.775556,0.753827,35242.199377,0.026363,-0.101212,2.451302,10286.19,951.7373,3.171527,2.074283,0.012762,-0.046493,111,51,197049392532.181,38.21,429.0,7835918882.0,0.6875
0,USA-AD-1293,Japan,JP,722540,201603,-0.5261,3,3,-0.3482,6,6,-0.1641,12,12,,0.0,1.0,,0.0,2.0,0.3374,3.0,4.0,10.24,25,7,17,2016,72,0.112937,0.114033,0.001095,1.819451,6.775556,0.753827,35242.199377,0.026363,-0.101212,2.451302,10286.19,951.7373,3.171527,2.074283,0.112937,-0.046493,111,51,197049392532.181,38.21,429.0,5029436982.0,0.6875
0,USA-AD-1293,Japan,JP,722599,201603,27.996,2,3,-0.1511,5,6,-0.7978,11,11,-0.4591,2.0,2.0,-0.7495,5.0,2.0,-0.8999,11.0,4.0,10.24,31,7,17,2016,72,,0.12913,,1.819451,6.775556,0.753827,35242.199377,0.026363,-0.101212,2.451302,10286.19,951.7373,3.171527,2.074283,,-0.046493,111,51,197049392532.181,38.21,429.0,,0.6875
0,USA-AD-1293,Japan,JP,722611,201603,-0.7236,3,3,-0.3214,6,6,-0.3955,12,12,,0.0,2.0,,0.0,2.0,,0.0,2.0,10.24,25,7,17,2016,72,1.0505,0.891675,-0.158825,1.819451,6.775556,0.753827,35242.199377,0.026363,-0.101212,2.451302,10286.19,951.7373,3.171527,2.074283,1.0505,-0.046493,111,51,197049392532.181,38.21,429.0,,0.6875
0,USA-AD-1293,Japan,JP,722619,201603,-0.258,3,3,-0.1019,6,6,0.1534,12,12,-1.0,2.0,0.0,-0.9985,2.0,1.0,0.7074,2.0,2.0,10.24,28,7,17,2016,72,1.098989,0.72769,-0.371299,1.819451,6.775556,0.753827,35242.199377,0.026363,-0.101212,2.451302,10286.19,951.7373,3.171527,2.074283,2.197977,-0.046493,111,51,197049392532.181,38.21,429.0,,0.6875
0,USA-AD-1293,Japan,JP,722691,201603,-0.3797,3,3,-0.7478,6,6,-0.8377,12,12,,0.0,2.0,16.7611,1.0,2.0,3.8172,4.0,4.0,10.24,25,7,17,2016,72,0.531428,0.397225,-0.134203,1.819451,6.775556,0.753827,35242.199377,0.026363,-0.101212,2.451302,10286.19,951.7373,3.171527,2.074283,0.531428,-0.046493,111,51,197049392532.181,38.21,429.0,561778544.0,0.6875
0,USA-AD-1293,Japan,JP,722699,201603,-0.5608,3,3,-0.5941,6,6,-0.5959,12,12,12.8578,2.0,2.0,29.8285,3.0,4.0,2.7476,9.0,7.0,10.24,31,7,17,2016,72,,2.715533,,1.819451,6.775556,0.753827,35242.199377,0.026363,-0.101212,2.451302,10286.19,951.7373,3.171527,2.074283,,-0.046493,111,51,197049392532.181,38.21,429.0,512049548.0,0.6875
0,USA-AD-1293,Japan,JP,722860,201603,-0.0915,3,3,-0.1051,6,6,-0.1686,12,12,-0.9938,2.0,1.0,-0.5796,5.0,4.0,-0.7386,9.0,7.0,10.24,13,7,2,2016,72,,0.60687,,1.819451,6.775556,0.753827,35242.199377,0.026363,-0.101212,2.451302,10286.19,951.7373,3.171527,2.074283,,-0.046493,111,51,197049392532.181,38.21,429.0,475638738.0,0.6875
0,USA-AD-1295,Netherlands,NL,720826,201603,,0,0,,0,1,,0,1,2.8026,3.0,3.0,0.3184,6.0,6.0,0.1156,12.0,12.0,5.07,18,7,17,2016,72,0.0,0.000391,0.000391,1.819451,6.775556,2.424286,46655.036338,0.026363,0.002358,2.451302,7281.814,8679.86,3.171527,2.074283,0.0,-0.046493,111,51,56964432570.2651,38.21,429.0,,0.7125
0,USA-AD-1295,Netherlands,NL,720827,201603,,0,0,,0,2,,0,2,0.5073,3.0,3.0,0.3453,6.0,6.0,0.1597,12.0,12.0,5.07,18,7,17,2016,72,0.0,0.000724,0.000724,1.819451,6.775556,2.424286,46655.036338,0.026363,0.002358,2.451302,7281.814,8679.86,3.171527,2.074283,0.0,-0.046493,111,51,56964432570.2651,38.21,429.0,,0.7125
0,USA-AD-1295,Netherlands,NL,720854,201603,,0,0,,0,1,,0,1,-1.0,1.0,0.0,-0.9999,1.0,1.0,-0.9999,1.0,1.0,5.07,18,7,17,2016,72,0.0,0.007262,0.007262,1.819451,6.775556,2.424286,46655.036338,0.026363,0.002358,2.451302,7281.814,8679.86,3.171527,2.074283,0.0,-0.046493,111,51,56964432570.2651,38.21,429.0,,0.7125
1,USA-AD-1295,Netherlands,NL,720890,201603,,0,0,,0,0,66.9171,1,1,5139.0,1.0,2.0,5139.0,1.0,2.0,0.5511,3.0,7.0,5.07,31,7,23,2016,72,2e-06,0.000423,0.000421,1.819451,6.775556,2.424286,46655.036338,0.026363,0.002358,2.451302,7281.814,8679.86,3.171527,2.074283,2e-06,-0.046493,111,51,56964432570.2651,38.21,429.0,975666853.0,0.7125
0,USA-AD-1295,Netherlands,NL,721070,201603,,0,0,,0,0,,0,0,0.4587,3.0,3.0,0.3743,6.0,6.0,0.1993,12.0,12.0,5.07,34,7,23,2016,72,,0.0,,1.819451,6.775556,2.424286,46655.036338,0.026363,0.002358,2.451302,7281.814,8679.86,3.171527,2.074283,,-0.046493,111,51,56964432570.2651,38.21,429.0,8429299641.000001,0.7125
0,USA-AD-1295,Netherlands,NL,721090,201603,,0,0,-1.0,1,0,-1.0,1,0,,0.0,1.0,3.8452,3.0,3.0,6.6508,8.0,7.0,5.07,34,7,23,2016,72,,0.0,,1.819451,6.775556,2.424286,46655.036338,0.026363,0.002358,2.451302,7281.814,8679.86,3.171527,2.074283,,-0.046493,111,51,56964432570.2651,38.21,429.0,1208734270.0,0.7125
0,USA-AD-1295,Netherlands,NL,721114,201603,,0,0,,0,1,,0,1,,0.0,0.0,,0.0,0.0,-1.0,1.0,0.0,5.07,25,7,19,2016,72,0.0,0.002285,0.002285,1.819451,6.775556,2.424286,46655.036338,0.026363,0.002358,2.451302,7281.814,8679.86,3.171527,2.074283,0.0,-0.046493,111,51,56964432570.2651,38.21,429.0,,0.7125
0,USA-AD-1295,Netherlands,NL,721119,201603,,0,0,,0,1,,0,2,-1.0,1.0,0.0,-1.0,2.0,0.0,-0.663,2.0,1.0,5.07,24,7,23,2016,72,0.0,0.005091,0.005091,1.819451,6.775556,2.424286,46655.036338,0.026363,0.002358,2.451302,7281.814,8679.86,3.171527,2.074283,0.0,-0.046493,111,51,56964432570.2651,38.21,429.0,2065155.0,0.7125
0,USA-AD-1295,Netherlands,NL,721190,201603,-1.0,1,0,-1.0,1,0,-1.0,1,0,-0.0829,3.0,2.0,2.1126,3.0,5.0,9.74,4.0,11.0,5.07,33,7,23,2016,72,0.001327,2e-06,-0.001325,1.819451,6.775556,2.424286,46655.036338,0.026363,0.002358,2.451302,7281.814,8679.86,3.171527,2.074283,0.001327,-0.046493,111,51,56964432570.2651,38.21,429.0,415818218.0,0.7125
0,USA-AD-1295,Netherlands,NL,721240,201603,,0,0,,0,0,,0,0,0.053,3.0,3.0,-0.2135,6.0,6.0,-0.5275,12.0,12.0,5.07,34,7,23,2016,72,,0.0,,1.819451,6.775556,2.424286,46655.036338,0.026363,0.002358,2.451302,7281.814,8679.86,3.171527,2.074283,,-0.046493,111,51,56964432570.2651,38.21,429.0,782888592.0000001,0.7125
0,USA-AD-1295,Netherlands,NL,721250,201603,,0,0,,0,0,-1.0,3,0,0.6638,2.0,2.0,-0.0849,4.0,4.0,-0.3927,10.0,10.0,5.07,34,7,23,2016,72,,0.0,,1.819451,6.775556,2.424286,46655.036338,0.026363,0.002358,2.451302,7281.814,8679.86,3.171527,2.074283,,-0.046493,111,51,56964432570.2651,38.21,429.0,733137873.0,0.7125
0,USA-AD-1295,Netherlands,NL,721491,201603,,0,0,-1.0,1,0,-1.0,2,0,,0.0,0.0,,0.0,0.0,,0.0,0.0,5.07,15,7,0,2016,72,2.3e-05,0.0,-2.3e-05,1.819451,6.775556,2.424286,46655.036338,0.026363,0.002358,2.451302,7281.814,8679.86,3.171527,2.074283,2.3e-05,-0.046493,111,51,56964432570.2651,38.21,429.0,,0.7125
0,USA-AD-1295,Netherlands,NL,721499,201603,,0,0,,0,1,,0,3,0.7267,3.0,3.0,0.2186,6.0,6.0,-0.027,11.0,12.0,5.07,7,7,0,2016,72,0.0,5.5e-05,5.5e-05,1.819451,6.775556,2.424286,46655.036338,0.026363,0.002358,2.451302,7281.814,8679.86,3.171527,2.074283,0.0,-0.046493,111,51,56964432570.2651,38.21,429.0,,0.7125
0,USA-AD-1295,Netherlands,NL,721590,201603,-0.9635,1,1,0.1722,4,2,1.345,7,6,0.7518,2.0,2.0,-0.3283,5.0,5.0,0.0997,11.0,11.0,5.07,17,7,23,2016,72,,0.002119,,1.819451,6.775556,2.424286,46655.036338,0.026363,0.002358,2.451302,7281.814,8679.86,3.171527,2.074283,,-0.046493,111,51,56964432570.2651,38.21,429.0,554430086.0,0.7125
0,USA-AD-1295,Netherlands,NL,722540,201603,,0,0,,0,1,0.7346,1,4,,0.0,1.0,,0.0,2.0,0.3374,3.0,4.0,5.07,25,7,17,2016,72,0.000141,0.000318,0.000177,1.819451,6.775556,2.424286,46655.036338,0.026363,0.002358,2.451302,7281.814,8679.86,3.171527,2.074283,0.000141,-0.046493,111,51,56964432570.2651,38.21,429.0,5029436982.0,0.7125
0,USA-AD-1295,Netherlands,NL,722599,201603,,0,0,-1.0,1,0,-1.0,3,0,-0.4591,2.0,2.0,-0.7495,5.0,2.0,-0.8999,11.0,4.0,5.07,31,7,17,2016,72,,0.0,,1.819451,6.775556,2.424286,46655.036338,0.026363,0.002358,2.451302,7281.814,8679.86,3.171527,2.074283,,-0.046493,111,51,56964432570.2651,38.21,429.0,,0.7125
0,USA-AD-1295,Netherlands,NL,722699,201603,-1.0,1,0,-1.0,1,0,-1.0,3,0,12.8578,2.0,2.0,29.8285,3.0,4.0,2.7476,9.0,7.0,5.07,31,7,17,2016,72,,0.0,,1.819451,6.775556,2.424286,46655.036338,0.026363,0.002358,2.451302,7281.814,8679.86,3.171527,2.074283,,-0.046493,111,51,56964432570.2651,38.21,429.0,512049548.0,0.7125
0,USA-AD-1295,Netherlands,NL,722860,201603,,0,0,,0,2,0.5459,2,3,-0.9938,2.0,1.0,-0.5796,5.0,4.0,-0.7386,9.0,7.0,5.07,13,7,2,2016,72,,0.000462,,1.819451,6.775556,2.424286,46655.036338,0.026363,0.002358,2.451302,7281.814,8679.86,3.171527,2.074283,,-0.046493,111,51,56964432570.2651,38.21,429.0,475638738.0,0.7125
0,USA-AD-1296,Turkey,TR,720810,201603,,0,0,,0,0,,0,0,1.1242,3.0,3.0,0.0855,6.0,6.0,0.1774,12.0,11.0,6.82,18,7,17,2016,72,0.0,0.0,0.0,1.819451,6.775556,3.323665,11279.616953,0.026363,0.11034,2.451302,9705.772,7937.729,3.171527,2.074283,0.0,-0.046493,111,51,-22165000000.0,38.21,429.0,,0.651260504201681
0,USA-AD-1296,Turkey,TR,720825,201603,,0,0,,0,0,,0,0,0.635,2.0,3.0,-0.0191,5.0,6.0,-0.1974,11.0,11.0,6.82,18,7,17,2016,72,0.0,0.0,0.0,1.819451,6.775556,3.323665,11279.616953,0.026363,0.11034,2.451302,9705.772,7937.729,3.171527,2.074283,0.0,-0.046493,111,51,-22165000000.0,38.21,429.0,,0.651260504201681
0,USA-AD-1296,Turkey,TR,720826,201603,,0,0,,0,0,,0,0,2.8026,3.0,3.0,0.3184,6.0,6.0,0.1156,12.0,12.0,6.82,18,7,17,2016,72,0.0,0.0,0.0,1.819451,6.775556,3.323665,11279.616953,0.026363,0.11034,2.451302,9705.772,7937.729,3.171527,2.074283,0.0,-0.046493,111,51,-22165000000.0,38.21,429.0,,0.651260504201681
0,USA-AD-1296,Turkey,TR,720827,201603,,0,0,,0,0,,0,0,0.5073,3.0,3.0,0.3453,6.0,6.0,0.1597,12.0,12.0,6.82,18,7,17,2016,72,0.0,0.0,0.0,1.819451,6.775556,3.323665,11279.616953,0.026363,0.11034,2.451302,9705.772,7937.729,3.171527,2.074283,0.0,-0.046493,111,51,-22165000000.0,38.21,429.0,,0.651260504201681
0,USA-AD-1296,Turkey,TR,720836,201603,,0,0,,0,0,-1.0,3,0,1.586,3.0,3.0,0.4048,6.0,6.0,-0.2453,12.0,11.0,6.82,18,7,17,2016,72,0.000926,0.0,-0.000926,1.819451,6.775556,3.323665,11279.616953,0.026363,0.11034,2.451302,9705.772,7937.729,3.171527,2.074283,0.000926,-0.046493,111,51,-22165000000.0,38.21,429.0,,0.651260504201681
0,USA-AD-1296,Turkey,TR,720837,201603,,0,0,,0,0,-1.0,1,0,-0.4327,3.0,3.0,0.6622,6.0,6.0,0.7698,12.0,12.0,6.82,18,7,17,2016,72,0.000448,0.0,-0.000448,1.819451,6.775556,3.323665,11279.616953,0.026363,0.11034,2.451302,9705.772,7937.729,3.171527,2.074283,0.000448,-0.046493,111,51,-22165000000.0,38.21,429.0,,0.651260504201681
0,USA-AD-1296,Turkey,TR,720838,201603,,0,0,,0,0,,0,0,-0.1244,3.0,3.0,0.0479,6.0,6.0,-0.3852,12.0,12.0,6.82,18,7,17,2016,72,0.0,0.0,0.0,1.819451,6.775556,3.323665,11279.616953,0.026363,0.11034,2.451302,9705.772,7937.729,3.171527,2.074283,0.0,-0.046493,111,51,-22165000000.0,38.21,429.0,,0.651260504201681
0,USA-AD-1296,Turkey,TR,720839,201603,,0,0,,0,0,,0,0,0.1747,3.0,3.0,0.4863,6.0,6.0,-0.1962,12.0,12.0,6.82,18,7,17,2016,72,0.0,0.0,0.0,1.819451,6.775556,3.323665,11279.616953,0.026363,0.11034,2.451302,9705.772,7937.729,3.171527,2.074283,0.0,-0.046493,111,51,-22165000000.0,38.21,429.0,,0.651260504201681
0,USA-AD-1296,Turkey,TR,721070,201603,,0,0,,0,0,,0,0,0.4587,3.0,3.0,0.3743,6.0,6.0,0.1993,12.0,12.0,6.82,34,7,23,2016,72,,0.0,,1.819451,6.775556,3.323665,11279.616953,0.026363,0.11034,2.451302,9705.772,7937.729,3.171527,2.074283,,-0.046493,111,51,-22165000000.0,38.21,429.0,8429299641.000001,0.651260504201681
0,USA-AD-1296,Turkey,TR,721090,201603,,0,0,,0,1,,0,1,,0.0,1.0,3.8452,3.0,3.0,6.6508,8.0,7.0,6.82,34,7,23,2016,72,,0.000104,,1.819451,6.775556,3.323665,11279.616953,0.026363,0.11034,2.451302,9705.772,7937.729,3.171527,2.074283,,-0.046493,111,51,-22165000000.0,38.21,429.0,1208734270.0,0.651260504201681
0,USA-AD-1296,Turkey,TR,721190,201603,,0,0,-1.0,1,0,-1.0,2,0,-0.0829,3.0,2.0,2.1126,3.0,5.0,9.74,4.0,11.0,6.82,33,7,23,2016,72,0.080184,1e-06,-0.080183,1.819451,6.775556,3.323665,11279.616953,0.026363,0.11034,2.451302,9705.772,7937.729,3.171527,2.074283,0.080184,-0.046493,111,51,-22165000000.0,38.21,429.0,415818218.0,0.651260504201681
0,USA-AD-1296,Turkey,TR,721240,201603,,0,0,,0,0,,0,1,0.053,3.0,3.0,-0.2135,6.0,6.0,-0.5275,12.0,12.0,6.82,34,7,23,2016,72,,0.013349,,1.819451,6.775556,3.323665,11279.616953,0.026363,0.11034,2.451302,9705.772,7937.729,3.171527,2.074283,,-0.046493,111,51,-22165000000.0,38.21,429.0,782888592.0000001,0.651260504201681
0,USA-AD-1296,Turkey,TR,721250,201603,,0,0,,0,0,,0,0,0.6638,2.0,2.0,-0.0849,4.0,4.0,-0.3927,10.0,10.0,6.82,34,7,23,2016,72,,0.0,,1.819451,6.775556,3.323665,11279.616953,0.026363,0.11034,2.451302,9705.772,7937.729,3.171527,2.074283,,-0.046493,111,51,-22165000000.0,38.21,429.0,733137873.0,0.651260504201681
0,USA-AD-1296,Turkey,TR,721590,201603,,0,0,,0,0,,0,1,0.7518,2.0,2.0,-0.3283,5.0,5.0,0.0997,11.0,11.0,6.82,17,7,23,2016,72,,2.1e-05,,1.819451,6.775556,3.323665,11279.616953,0.026363,0.11034,2.451302,9705.772,7937.729,3.171527,2.074283,,-0.046493,111,51,-22165000000.0,38.21,429.0,554430086.0,0.651260504201681
0,USA-AD-1296,Turkey,TR,722511,201603,,0,0,,0,0,,0,0,0.122,3.0,3.0,-0.5769,6.0,5.0,0.4492,12.0,11.0,6.82,25,7,17,2016,72,0.0,0.0,0.0,1.819451,6.775556,3.323665,11279.616953,0.026363,0.11034,2.451302,9705.772,7937.729,3.171527,2.074283,0.0,-0.046493,111,51,-22165000000.0,38.21,429.0,,0.651260504201681
0,USA-AD-1296,Turkey,TR,722519,201603,,0,0,,0,0,,0,0,0.2719,3.0,3.0,-0.0643,5.0,5.0,-0.3924,11.0,11.0,6.82,28,7,17,2016,72,0.0,0.0,0.0,1.819451,6.775556,3.323665,11279.616953,0.026363,0.11034,2.451302,9705.772,7937.729,3.171527,2.074283,0.0,-0.046493,111,51,-22165000000.0,38.21,429.0,,0.651260504201681
0,USA-AD-1296,Turkey,TR,722530,201603,,0,0,,0,0,,0,0,-0.1914,3.0,3.0,-0.3931,6.0,5.0,-0.4683,12.0,7.0,6.82,18,7,17,2016,72,0.0,0.0,0.0,1.819451,6.775556,3.323665,11279.616953,0.026363,0.11034,2.451302,9705.772,7937.729,3.171527,2.074283,0.0,-0.046493,111,51,-22165000000.0,38.21,429.0,7835918882.0,0.651260504201681
0,USA-AD-1296,Turkey,TR,722540,201603,,0,0,,0,0,,0,0,,0.0,1.0,,0.0,2.0,0.3374,3.0,4.0,6.82,25,7,17,2016,72,0.0,0.0,0.0,1.819451,6.775556,3.323665,11279.616953,0.026363,0.11034,2.451302,9705.772,7937.729,3.171527,2.074283,0.0,-0.046493,111,51,-22165000000.0,38.21,429.0,5029436982.0,0.651260504201681
0,USA-AD-1296,Turkey,TR,722611,201603,,0,0,,0,0,,0,0,,0.0,2.0,,0.0,2.0,,0.0,2.0,6.82,25,7,17,2016,72,0.0,0.0,0.0,1.819451,6.775556,3.323665,11279.616953,0.026363,0.11034,2.451302,9705.772,7937.729,3.171527,2.074283,0.0,-0.046493,111,51,-22165000000.0,38.21,429.0,,0.651260504201681
0,USA-AD-1296,Turkey,TR,722699,201603,,0,0,,0,0,2.3235,1,1,12.8578,2.0,2.0,29.8285,3.0,4.0,2.7476,9.0,7.0,6.82,31,7,17,2016,72,,7.7e-05,,1.819451,6.775556,3.323665,11279.616953,0.026363,0.11034,2.451302,9705.772,7937.729,3.171527,2.074283,,-0.046493,111,51,-22165000000.0,38.21,429.0,512049548.0,0.651260504201681
0,USA-AD-1297,United Kingdom,GB,720810,201603,,0,0,-1.0,1,0,-1.0,1,0,1.1242,3.0,3.0,0.0855,6.0,6.0,0.1774,12.0,11.0,49.05,18,7,17,2016,72,8e-06,0.0,-8e-06,1.819451,6.775556,2.20652,45888.010513,0.026363,0.131525,2.451302,6878.493,8931.778,3.171527,2.074283,8e-06,-0.046493,111,51,-147868520452.342,38.21,429.0,,0.783333333333333
0,USA-AD-1297,United Kingdom,GB,720825,201603,,0,0,,0,0,,0,0,0.635,2.0,3.0,-0.0191,5.0,6.0,-0.1974,11.0,11.0,49.05,18,7,17,2016,72,0.0,0.0,0.0,1.819451,6.775556,2.20652,45888.010513,0.026363,0.131525,2.451302,6878.493,8931.778,3.171527,2.074283,0.0,-0.046493,111,51,-147868520452.342,38.21,429.0,,0.783333333333333
0,USA-AD-1297,United Kingdom,GB,720826,201603,,0,0,,0,0,,0,0,2.8026,3.0,3.0,0.3184,6.0,6.0,0.1156,12.0,12.0,49.05,18,7,17,2016,72,0.0,0.0,0.0,1.819451,6.775556,2.20652,45888.010513,0.026363,0.131525,2.451302,6878.493,8931.778,3.171527,2.074283,0.0,-0.046493,111,51,-147868520452.342,38.21,429.0,,0.783333333333333
0,USA-AD-1297,United Kingdom,GB,720827,201603,,0,0,,0,0,,0,0,0.5073,3.0,3.0,0.3453,6.0,6.0,0.1597,12.0,12.0,49.05,18,7,17,2016,72,0.0,0.0,0.0,1.819451,6.775556,2.20652,45888.010513,0.026363,0.131525,2.451302,6878.493,8931.778,3.171527,2.074283,0.0,-0.046493,111,51,-147868520452.342,38.21,429.0,,0.783333333333333
0,USA-AD-1297,United Kingdom,GB,720836,201603,,0,0,,0,0,,0,0,1.586,3.0,3.0,0.4048,6.0,6.0,-0.2453,12.0,11.0,49.05,18,7,17,2016,72,0.0,0.0,0.0,1.819451,6.775556,2.20652,45888.010513,0.026363,0.131525,2.451302,6878.493,8931.778,3.171527,2.074283,0.0,-0.046493,111,51,-147868520452.342,38.21,429.0,,0.783333333333333
0,USA-AD-1297,United Kingdom,GB,720837,201603,,0,0,,0,0,,0,0,-0.4327,3.0,3.0,0.6622,6.0,6.0,0.7698,12.0,12.0,49.05,18,7,17,2016,72,0.0,0.0,0.0,1.819451,6.775556,2.20652,45888.010513,0.026363,0.131525,2.451302,6878.493,8931.778,3.171527,2.074283,0.0,-0.046493,111,51,-147868520452.342,38.21,429.0,,0.783333333333333
0,USA-AD-1297,United Kingdom,GB,720838,201603,,0,0,,0,0,,0,0,-0.1244,3.0,3.0,0.0479,6.0,6.0,-0.3852,12.0,12.0,49.05,18,7,17,2016,72,0.0,0.0,0.0,1.819451,6.775556,2.20652,45888.010513,0.026363,0.131525,2.451302,6878.493,8931.778,3.171527,2.074283,0.0,-0.046493,111,51,-147868520452.342,38.21,429.0,,0.783333333333333
0,USA-AD-1297,United Kingdom,GB,720839,201603,,0,0,,0,0,,0,0,0.1747,3.0,3.0,0.4863,6.0,6.0,-0.1962,12.0,12.0,49.05,18,7,17,2016,72,0.0,0.0,0.0,1.819451,6.775556,2.20652,45888.010513,0.026363,0.131525,2.451302,6878.493,8931.778,3.171527,2.074283,0.0,-0.046493,111,51,-147868520452.342,38.21,429.0,,0.783333333333333
0,USA-AD-1297,United Kingdom,GB,720840,201603,,0,0,,0,0,-1.0,3,0,,0.0,1.0,,0.0,2.0,685.6,1.0,3.0,49.05,25,7,19,2016,72,0.461732,0.0,-0.461732,1.819451,6.775556,2.20652,45888.010513,0.026363,0.131525,2.451302,6878.493,8931.778,3.171527,2.074283,0.461732,-0.046493,111,51,-147868520452.342,38.21,429.0,,0.783333333333333
0,USA-AD-1297,United Kingdom,GB,720854,201603,,0,0,,0,0,-1.0,1,0,-1.0,1.0,0.0,-0.9999,1.0,1.0,-0.9999,1.0,1.0,49.05,18,7,17,2016,72,0.00296,0.0,-0.00296,1.819451,6.775556,2.20652,45888.010513,0.026363,0.131525,2.451302,6878.493,8931.778,3.171527,2.074283,0.00296,-0.046493,111,51,-147868520452.342,38.21,429.0,,0.783333333333333
0,USA-AD-1297,United Kingdom,GB,720890,201603,-1.0,1,0,-1.0,2,0,-1.0,2,0,5139.0,1.0,2.0,5139.0,1.0,2.0,0.5511,3.0,7.0,49.05,31,7,23,2016,72,8.5e-05,0.0,-8.5e-05,1.819451,6.775556,2.20652,45888.010513,0.026363,0.131525,2.451302,6878.493,8931.778,3.171527,2.074283,8.5e-05,-0.046493,111,51,-147868520452.342,38.21,429.0,975666853.0,0.783333333333333
0,USA-AD-1297,United Kingdom,GB,721070,201603,1.4916,1,1,2.4395,2,2,0.354,4,3,0.4587,3.0,3.0,0.3743,6.0,6.0,0.1993,12.0,12.0,49.05,34,7,23,2016,72,,0.005142,,1.819451,6.775556,2.20652,45888.010513,0.026363,0.131525,2.451302,6878.493,8931.778,3.171527,2.074283,,-0.046493,111,51,-147868520452.342,38.21,429.0,8429299641.000001,0.783333333333333
0,USA-AD-1297,United Kingdom,GB,721090,201603,,0,0,1.0,1,2,-0.8688,2,4,,0.0,1.0,3.8452,3.0,3.0,6.6508,8.0,7.0,49.05,34,7,23,2016,72,,0.000963,,1.819451,6.775556,2.20652,45888.010513,0.026363,0.131525,2.451302,6878.493,8931.778,3.171527,2.074283,,-0.046493,111,51,-147868520452.342,38.21,429.0,1208734270.0,0.783333333333333
0,USA-AD-1297,United Kingdom,GB,721114,201603,,0,0,,0,0,,0,1,,0.0,0.0,,0.0,0.0,-1.0,1.0,0.0,49.05,25,7,19,2016,72,0.0,0.000529,0.000529,1.819451,6.775556,2.20652,45888.010513,0.026363,0.131525,2.451302,6878.493,8931.778,3.171527,2.074283,0.0,-0.046493,111,51,-147868520452.342,38.21,429.0,,0.783333333333333
0,USA-AD-1297,United Kingdom,GB,721119,201603,-1.0,2,0,-1.0,4,0,-0.9956,6,2,-1.0,1.0,0.0,-1.0,2.0,0.0,-0.663,2.0,1.0,49.05,24,7,23,2016,72,0.003808,0.000456,-0.003352,1.819451,6.775556,2.20652,45888.010513,0.026363,0.131525,2.451302,6878.493,8931.778,3.171527,2.074283,0.003808,-0.046493,111,51,-147868520452.342,38.21,429.0,2065155.0,0.783333333333333
0,USA-AD-1297,United Kingdom,GB,721190,201603,-0.9134,2,1,-0.9134,2,1,-0.8798,4,2,-0.0829,3.0,2.0,2.1126,3.0,5.0,9.74,4.0,11.0,49.05,33,7,23,2016,72,0.002684,0.001244,-0.00144,1.819451,6.775556,2.20652,45888.010513,0.026363,0.131525,2.451302,6878.493,8931.778,3.171527,2.074283,0.005369,-0.046493,111,51,-147868520452.342,38.21,429.0,415818218.0,0.783333333333333
0,USA-AD-1297,United Kingdom,GB,721240,201603,,0,1,,0,1,,0,1,0.053,3.0,3.0,-0.2135,6.0,6.0,-0.5275,12.0,12.0,49.05,34,7,23,2016,72,,0.000445,,1.819451,6.775556,2.20652,45888.010513,0.026363,0.131525,2.451302,6878.493,8931.778,3.171527,2.074283,,-0.046493,111,51,-147868520452.342,38.21,429.0,782888592.0000001,0.783333333333333
0,USA-AD-1297,United Kingdom,GB,721250,201603,,0,0,-1.0,1,0,-1.0,2,0,0.6638,2.0,2.0,-0.0849,4.0,4.0,-0.3927,10.0,10.0,49.05,34,7,23,2016,72,,0.0,,1.819451,6.775556,2.20652,45888.010513,0.026363,0.131525,2.451302,6878.493,8931.778,3.171527,2.074283,,-0.046493,111,51,-147868520452.342,38.21,429.0,733137873.0,0.783333333333333
0,USA-AD-1297,United Kingdom,GB,721491,201603,,0,0,,0,0,,0,1,,0.0,0.0,,0.0,0.0,,0.0,0.0,49.05,15,7,0,2016,72,0.0,0.000911,0.000911,1.819451,6.775556,2.20652,45888.010513,0.026363,0.131525,2.451302,6878.493,8931.778,3.171527,2.074283,0.0,-0.046493,111,51,-147868520452.342,38.21,429.0,,0.783333333333333
0,USA-AD-1297,United Kingdom,GB,721499,201603,-1.0,3,0,-0.1128,4,1,-0.1046,4,2,0.7267,3.0,3.0,0.2186,6.0,6.0,-0.027,11.0,12.0,49.05,7,7,0,2016,72,0.000381,0.000996,0.000615,1.819451,6.775556,2.20652,45888.010513,0.026363,0.131525,2.451302,6878.493,8931.778,3.171527,2.074283,0.000381,-0.046493,111,51,-147868520452.342,38.21,429.0,,0.783333333333333
0,USA-AD-1297,United Kingdom,GB,721590,201603,116.0,1,3,57.5,2,3,3.3704,3,4,0.7518,2.0,2.0,-0.3283,5.0,5.0,0.0997,11.0,11.0,49.05,17,7,23,2016,72,,0.000473,,1.819451,6.775556,2.20652,45888.010513,0.026363,0.131525,2.451302,6878.493,8931.778,3.171527,2.074283,,-0.046493,111,51,-147868520452.342,38.21,429.0,554430086.0,0.783333333333333
0,USA-AD-1297,United Kingdom,GB,722519,201603,,0,0,,0,0,,0,0,0.2719,3.0,3.0,-0.0643,5.0,5.0,-0.3924,11.0,11.0,49.05,28,7,17,2016,72,0.0,0.0,0.0,1.819451,6.775556,2.20652,45888.010513,0.026363,0.131525,2.451302,6878.493,8931.778,3.171527,2.074283,0.0,-0.046493,111,51,-147868520452.342,38.21,429.0,,0.783333333333333
0,USA-AD-1297,United Kingdom,GB,722530,201603,1.4426,1,1,4.1475,1,3,0.9856,2,4,-0.1914,3.0,3.0,-0.3931,6.0,5.0,-0.4683,12.0,7.0,49.05,18,7,17,2016,72,1.4e-05,2.3e-05,9e-06,1.819451,6.775556,2.20652,45888.010513,0.026363,0.131525,2.451302,6878.493,8931.778,3.171527,2.074283,1.4e-05,-0.046493,111,51,-147868520452.342,38.21,429.0,7835918882.0,0.783333333333333
0,USA-AD-1297,United Kingdom,GB,722540,201603,,0,0,,0,1,,0,3,,0.0,1.0,,0.0,2.0,0.3374,3.0,4.0,49.05,25,7,17,2016,72,0.0,8.7e-05,8.7e-05,1.819451,6.775556,2.20652,45888.010513,0.026363,0.131525,2.451302,6878.493,8931.778,3.171527,2.074283,0.0,-0.046493,111,51,-147868520452.342,38.21,429.0,5029436982.0,0.783333333333333
0,USA-AD-1297,United Kingdom,GB,722599,201603,,0,0,-0.8112,3,2,-0.8287,4,2,-0.4591,2.0,2.0,-0.7495,5.0,2.0,-0.8999,11.0,4.0,49.05,31,7,17,2016,72,,0.004725,,1.819451,6.775556,2.20652,45888.010513,0.026363,0.131525,2.451302,6878.493,8931.778,3.171527,2.074283,,-0.046493,111,51,-147868520452.342,38.21,429.0,,0.783333333333333
0,USA-AD-1297,United Kingdom,GB,722691,201603,,0,0,,0,0,-1.0,1,0,,0.0,2.0,16.7611,1.0,2.0,3.8172,4.0,4.0,49.05,25,7,17,2016,72,6e-06,0.0,-6e-06,1.819451,6.775556,2.20652,45888.010513,0.026363,0.131525,2.451302,6878.493,8931.778,3.171527,2.074283,6e-06,-0.046493,111,51,-147868520452.342,38.21,429.0,561778544.0,0.783333333333333
0,USA-AD-1297,United Kingdom,GB,722699,201603,-1.0,1,0,257.375,2,2,0.0182,4,4,12.8578,2.0,2.0,29.8285,3.0,4.0,2.7476,9.0,7.0,49.05,31,7,17,2016,72,,0.009072,,1.819451,6.775556,2.20652,45888.010513,0.026363,0.131525,2.451302,6878.493,8931.778,3.171527,2.074283,,-0.046493,111,51,-147868520452.342,38.21,429.0,512049548.0,0.783333333333333
0,USA-AD-1297,United Kingdom,GB,722860,201603,-0.6302,3,3,-0.6045,6,5,-0.1845,12,9,-0.9938,2.0,1.0,-0.5796,5.0,4.0,-0.7386,9.0,7.0,49.05,13,7,2,2016,72,,0.003957,,1.819451,6.775556,2.20652,45888.010513,0.026363,0.131525,2.451302,6878.493,8931.778,3.171527,2.074283,,-0.046493,111,51,-147868520452.342,38.21,429.0,475638738.0,0.783333333333333
0,USA-AD-1298,India,IN,730640,201605,981.6667,1,3,-0.923,4,4,-0.9263,7,4,-0.2637,3.0,3.0,-0.293,6.0,6.0,-0.1967,12.0,12.0,18.9,8,7,29,2016,73,0.012738,0.002238,-0.010501,1.819451,6.775556,8.256306,1694.46535,0.026363,0.04744,2.451302,13131.91,5108.001,3.171527,2.074283,0.012738,-0.046493,109,51,-12113787707.3688,46.74,612.0,3398622689.0,0.404166666666667
0,USA-AD-1299,Oman,OM,730619,201606,,0,0,,0,0,,0,0,-0.0926,3.0,3.0,0.0805,6.0,6.0,0.3931,12.0,12.0,7.86,9,7,8,2016,73,0.0,0.0,0.0,1.819451,6.775556,5.046424,18830.605721,0.026363,0.0,2.451302,12482.55,6785.76,3.171527,2.074283,0.0,-0.046493,108,51,-12479457859.6827,48.25,660.0,,0.394067796610169
0,USA-AD-1299,Oman,OM,730630,201606,,0,0,,0,0,,0,0,0.9785,3.0,3.0,1.2805,6.0,6.0,1.3322,12.0,12.0,7.86,23,7,24,2016,73,0.0,0.0,0.0,1.819451,6.775556,5.046424,18830.605721,0.026363,0.0,2.451302,12482.55,6785.76,3.171527,2.074283,0.0,-0.046493,108,51,-12479457859.6827,48.25,660.0,5793378044.0,0.394067796610169
0,USA-AD-1299,Oman,OM,730650,201606,,0,0,,0,0,,0,0,0.247,3.0,3.0,0.0951,6.0,6.0,0.5,12.0,12.0,7.86,16,7,8,2016,73,0.0,0.0,0.0,1.819451,6.775556,5.046424,18830.605721,0.026363,0.0,2.451302,12482.55,6785.76,3.171527,2.074283,0.0,-0.046493,108,51,-12479457859.6827,48.25,660.0,743492279.0,0.394067796610169
0,USA-AD-1300,Pakistan,PK,730619,201606,,0,0,,0,0,,0,0,-0.0926,3.0,3.0,0.0805,6.0,6.0,0.3931,12.0,12.0,11.8,9,7,8,2016,73,0.0,0.0,0.0,1.819451,6.775556,6.573838,1452.186583,0.026363,0.01946,2.451302,12267.36,5303.876,3.171527,2.074283,0.0,-0.046493,108,51,-7190898000.0,48.25,660.0,,0.415966386554622
0,USA-AD-1300,Pakistan,PK,730630,201606,,0,0,,0,1,,0,1,0.9785,3.0,3.0,1.2805,6.0,6.0,1.3322,12.0,12.0,11.8,23,7,24,2016,73,0.0,0.000497,0.000497,1.819451,6.775556,6.573838,1452.186583,0.026363,0.01946,2.451302,12267.36,5303.876,3.171527,2.074283,0.0,-0.046493,108,51,-7190898000.0,48.25,660.0,5793378044.0,0.415966386554622
0,USA-AD-1300,Pakistan,PK,730650,201606,,0,0,,0,0,,0,0,0.247,3.0,3.0,0.0951,6.0,6.0,0.5,12.0,12.0,11.8,16,7,8,2016,73,0.0,0.0,0.0,1.819451,6.775556,6.573838,1452.186583,0.026363,0.01946,2.451302,12267.36,5303.876,3.171527,2.074283,0.0,-0.046493,108,51,-7190898000.0,48.25,660.0,743492279.0,0.415966386554622
0,USA-AD-1302,United Arab Emirates,AE,730619,201606,,0,0,,0,0,,0,0,-0.0926,3.0,3.0,0.0805,6.0,6.0,0.3931,12.0,12.0,7.86,9,7,8,2016,73,0.0,0.0,0.0,1.819451,6.775556,5.657933,45168.498247,0.026363,0.0,2.451302,12196.15,6864.77,3.171527,2.074283,0.0,-0.046493,108,51,,48.25,660.0,,0.428571428571429
0,USA-AD-1302,United Arab Emirates,AE,730630,201606,-1.0,1,0,-1.0,1,0,-0.9628,1,2,0.9785,3.0,3.0,1.2805,6.0,6.0,1.3322,12.0,12.0,7.86,23,7,24,2016,73,0.001061,0.000618,-0.000443,1.819451,6.775556,5.657933,45168.498247,0.026363,0.0,2.451302,12196.15,6864.77,3.171527,2.074283,0.001061,-0.046493,108,51,,48.25,660.0,5793378044.0,0.428571428571429
0,USA-AD-1302,United Arab Emirates,AE,730650,201606,,0,0,,0,0,,0,0,0.247,3.0,3.0,0.0951,6.0,6.0,0.5,12.0,12.0,7.86,16,7,8,2016,73,0.0,0.0,0.0,1.819451,6.775556,5.657933,45168.498247,0.026363,0.0,2.451302,12196.15,6864.77,3.171527,2.074283,0.0,-0.046493,108,51,,48.25,660.0,743492279.0,0.428571428571429
0,USA-AD-1303,Vietnam,VN,730619,201606,,0,0,,0,0,,0,0,-0.0926,3.0,3.0,0.0805,6.0,6.0,0.3931,12.0,12.0,113.18,9,7,8,2016,73,0.0,0.0,0.0,1.819451,6.775556,6.690009,2715.578874,0.026363,0.010943,2.451302,13715.75,3257.774,3.171527,2.074283,0.0,-0.046493,108,51,625000000.0,48.25,660.0,,0.398058252427184
0,USA-AD-1303,Vietnam,VN,730630,201606,-0.1563,3,3,0.0145,6,6,0.2235,12,12,0.9785,3.0,3.0,1.2805,6.0,6.0,1.3322,12.0,12.0,113.18,23,7,24,2016,73,0.033052,0.041814,0.008763,1.819451,6.775556,6.690009,2715.578874,0.026363,0.010943,2.451302,13715.75,3257.774,3.171527,2.074283,0.033052,-0.046493,108,51,625000000.0,48.25,660.0,5793378044.0,0.398058252427184
0,USA-AD-1303,Vietnam,VN,730650,201606,,0,0,,0,0,,0,0,0.247,3.0,3.0,0.0951,6.0,6.0,0.5,12.0,12.0,113.18,16,7,8,2016,73,0.0,0.0,0.0,1.819451,6.775556,6.690009,2715.578874,0.026363,0.010943,2.451302,13715.75,3257.774,3.171527,2.074283,0.0,-0.046493,108,51,625000000.0,48.25,660.0,743492279.0,0.398058252427184
0,USA-AD-1304,Canada,CA,732599,201606,,0,0,-0.9903,1,1,-0.9903,1,1,-0.7312,3.0,3.0,-0.699,6.0,6.0,1.6669,12.0,12.0,100.47,2,7,23,2016,73,0.000214,9e-06,-0.000205,1.819451,6.775556,1.038551,43551.342598,0.026363,0.03662,2.451302,2079.297,10032.81,3.171527,2.074283,0.000214,-0.046493,108,51,-47262580270.0756,48.25,660.0,2770103815.0,0.875
0,USA-AD-1304,Canada,CA,732619,201606,-1.0,1,0,-0.9908,2,1,-0.1273,3,3,-0.2094,3.0,3.0,-0.1445,6.0,6.0,0.1484,12.0,12.0,100.47,6,7,0,2016,73,0.000119,6.4e-05,-5.5e-05,1.819451,6.775556,1.038551,43551.342598,0.026363,0.03662,2.451302,2079.297,10032.81,3.171527,2.074283,0.000119,-0.046493,108,51,-47262580270.0756,48.25,660.0,3419553245.0,0.875
1,USA-AD-1304,Canada,CA,843131,201606,100.527,2,3,26.6213,4,3,17.5889,6,5,1.5084,3.0,3.0,2.0927,6.0,6.0,2.1708,12.0,12.0,100.47,2,7,5,2016,84,0.000652,0.001189,0.000537,1.819451,6.775556,1.038551,43551.342598,0.026363,0.03662,2.451302,2079.297,10032.81,3.171527,2.074283,0.000652,-0.046493,108,51,-47262580270.0756,48.25,660.0,4800739302.0,0.875
0,USA-AD-1304,Canada,CA,843139,201606,-0.8447,2,2,1.212,4,4,0.0713,8,9,0.4142,3.0,3.0,-0.5502,6.0,6.0,-0.5284,12.0,12.0,100.47,3,7,14,2016,84,0.00137,0.00119,-0.00018,1.819451,6.775556,1.038551,43551.342598,0.026363,0.03662,2.451302,2079.297,10032.81,3.171527,2.074283,0.00137,-0.046493,108,51,-47262580270.0756,48.25,660.0,6917411138.0,0.875
0,USA-AD-1304,Canada,CA,848330,201606,-0.7237,3,3,-0.5523,6,6,-0.4075,12,12,-0.1037,3.0,3.0,-0.128,6.0,6.0,-0.0952,12.0,12.0,100.47,23,7,28,2016,84,0.007513,0.006288,-0.001226,1.819451,6.775556,1.038551,43551.342598,0.026363,0.03662,2.451302,2079.297,10032.81,3.171527,2.074283,0.007513,-0.046493,108,51,-47262580270.0756,48.25,660.0,5602894425.0,0.875
0,USA-AD-1304,Canada,CA,848350,201606,-0.0985,3,3,-0.0184,6,6,-0.2063,12,12,-0.0402,3.0,3.0,0.0717,6.0,6.0,0.0787,12.0,12.0,100.47,2,7,14,2016,84,0.211232,0.172577,-0.038655,1.819451,6.775556,1.038551,43551.342598,0.026363,0.03662,2.451302,2079.297,10032.81,3.171527,2.074283,0.211232,-0.046493,108,51,-47262580270.0756,48.25,660.0,6364269435.0,0.875
0,USA-AD-1304,Canada,CA,848390,201606,-0.4895,3,3,-0.3018,6,6,-0.4169,12,12,0.1829,3.0,3.0,0.0147,6.0,6.0,-0.1563,12.0,12.0,100.47,23,7,28,2016,84,0.002357,0.001769,-0.000588,1.819451,6.775556,1.038551,43551.342598,0.026363,0.03662,2.451302,2079.297,10032.81,3.171527,2.074283,0.002357,-0.046493,108,51,-47262580270.0756,48.25,660.0,10830337881.000002,0.875
0,USA-AD-1305,China,CN,732510,201606,0.3004,3,3,0.656,6,6,1.8411,12,12,-0.6599,3.0,3.0,-0.6929,5.0,4.0,-0.7766,9.0,4.0,401.68,2,7,0,2016,73,0.853552,0.935256,0.081704,1.819451,6.775556,6.775556,8679.377045,0.026363,0.066959,2.451302,11183.43,1168.165,3.171527,2.074283,0.853552,-0.046493,108,51,191337035941.993,48.25,660.0,2190272365.0,0.390756302521008
0,USA-AD-1305,China,CN,732599,201606,-0.0819,3,3,-0.057,6,6,-0.1584,12,12,-0.7312,3.0,3.0,-0.699,6.0,6.0,1.6669,12.0,12.0,401.68,2,7,23,2016,73,0.831785,0.746846,-0.084939,1.819451,6.775556,6.775556,8679.377045,0.026363,0.066959,2.451302,11183.43,1168.165,3.171527,2.074283,0.831785,-0.046493,108,51,191337035941.993,48.25,660.0,2770103815.0,0.390756302521008
0,USA-AD-1305,China,CN,732619,201606,0.4198,3,3,0.5423,6,6,0.0924,12,12,-0.2094,3.0,3.0,-0.1445,6.0,6.0,0.1484,12.0,12.0,401.68,6,7,0,2016,73,0.447584,0.57461,0.127027,1.819451,6.775556,6.775556,8679.377045,0.026363,0.066959,2.451302,11183.43,1168.165,3.171527,2.074283,0.447584,-0.046493,108,51,191337035941.993,48.25,660.0,3419553245.0,0.390756302521008
0,USA-AD-1305,China,CN,843131,201606,0.3701,3,3,0.3755,6,6,0.5312,12,12,1.5084,3.0,3.0,2.0927,6.0,6.0,2.1708,12.0,12.0,401.68,2,7,5,2016,84,0.646412,0.600034,-0.046377,1.819451,6.775556,6.775556,8679.377045,0.026363,0.066959,2.451302,11183.43,1168.165,3.171527,2.074283,0.646412,-0.046493,108,51,191337035941.993,48.25,660.0,4800739302.0,0.390756302521008
0,USA-AD-1305,China,CN,843139,201606,0.1451,3,3,0.2127,6,6,0.3622,12,12,0.4142,3.0,3.0,-0.5502,6.0,6.0,-0.5284,12.0,12.0,401.68,3,7,14,2016,84,0.441379,0.423949,-0.01743,1.819451,6.775556,6.775556,8679.377045,0.026363,0.066959,2.451302,11183.43,1168.165,3.171527,2.074283,0.441379,-0.046493,108,51,191337035941.993,48.25,660.0,6917411138.0,0.390756302521008
0,USA-AD-1305,China,CN,848330,201606,-0.0582,3,3,0.0839,6,6,0.3978,12,12,-0.1037,3.0,3.0,-0.128,6.0,6.0,-0.0952,12.0,12.0,401.68,23,7,28,2016,84,0.209408,0.292292,0.082884,1.819451,6.775556,6.775556,8679.377045,0.026363,0.066959,2.451302,11183.43,1168.165,3.171527,2.074283,0.209408,-0.046493,108,51,191337035941.993,48.25,660.0,5602894425.0,0.390756302521008
0,USA-AD-1305,China,CN,848350,201606,-0.0304,3,3,0.024,6,6,0.0225,12,12,-0.0402,3.0,3.0,0.0717,6.0,6.0,0.0787,12.0,12.0,401.68,2,7,14,2016,84,0.39421,0.425938,0.031728,1.819451,6.775556,6.775556,8679.377045,0.026363,0.066959,2.451302,11183.43,1168.165,3.171527,2.074283,0.39421,-0.046493,108,51,191337035941.993,48.25,660.0,6364269435.0,0.390756302521008
0,USA-AD-1305,China,CN,848390,201606,0.0677,3,3,0.1447,6,6,0.2407,12,12,0.1829,3.0,3.0,0.0147,6.0,6.0,-0.1563,12.0,12.0,401.68,23,7,28,2016,84,0.148871,0.191704,0.042833,1.819451,6.775556,6.775556,8679.377045,0.026363,0.066959,2.451302,11183.43,1168.165,3.171527,2.074283,0.148871,-0.046493,108,51,191337035941.993,48.25,660.0,10830337881.000002,0.390756302521008
0,USA-AD-1306,China,CN,845011,201607,0.1346,3,3,0.0133,6,6,0.2826,12,12,-0.2892,3.0,3.0,-0.0872,6.0,6.0,0.4381,12.0,12.0,80.49,3,7,4,2016,84,0.47117,0.471817,0.000647,1.819451,6.775556,6.775556,8679.377045,0.026363,0.066959,2.451302,11183.43,1168.165,3.171527,2.074283,0.47117,-0.046493,107,51,191337035941.993,44.95,656.0,7680823293.0,0.390756302521008
0,USA-AD-1306,China,CN,845020,201607,0.5942,3,3,0.6003,6,6,0.4686,12,12,0.6766,3.0,3.0,0.777,6.0,6.0,1.0907,12.0,12.0,80.49,3,7,4,2016,84,0.582186,0.389132,-0.193054,1.819451,6.775556,6.775556,8679.377045,0.026363,0.066959,2.451302,11183.43,1168.165,3.171527,2.074283,0.582186,-0.046493,107,51,191337035941.993,44.95,656.0,3588797797.0,0.390756302521008
0,USA-AD-1306,China,CN,845090,201607,-0.1347,3,3,-0.4195,6,6,-0.3982,12,12,-0.3991,3.0,3.0,-0.4551,6.0,6.0,-0.5939,12.0,12.0,80.49,3,7,4,2016,84,0.457005,0.354057,-0.102948,1.819451,6.775556,6.775556,8679.377045,0.026363,0.066959,2.451302,11183.43,1168.165,3.171527,2.074283,0.457005,-0.046493,107,51,191337035941.993,44.95,656.0,1760029703.0,0.390756302521008
0,USA-AD-1309,China,CN,392020,201608,-0.1908,3,3,-0.1711,6,6,-0.0092,12,12,-0.0856,3.0,3.0,-0.1549,6.0,6.0,-0.1247,12.0,12.0,66.74,1,7,0,2016,39,0.178971,0.160348,-0.018623,1.819451,6.775556,6.775556,8679.377045,0.026363,0.066959,2.451302,11183.43,1168.165,3.171527,2.074283,0.178971,-0.046493,106,51,191337035941.993,45.84,711.0,9073144140.0,0.390756302521008
0,USA-AD-1309,China,CN,392590,201608,0.1436,3,3,0.3074,6,6,0.4203,12,12,-0.7557,3.0,3.0,-0.8263,6.0,5.0,-0.5224,12.0,11.0,66.74,1,7,0,2016,39,0.402641,0.392876,-0.009765,1.819451,6.775556,6.775556,8679.377045,0.026363,0.066959,2.451302,11183.43,1168.165,3.171527,2.074283,0.402641,-0.046493,106,51,191337035941.993,45.84,711.0,4998758767.0,0.390756302521008
0,USA-AD-1309,China,CN,392690,201608,0.0646,3,3,0.1934,6,6,0.2141,12,12,-0.0193,3.0,3.0,0.0541,6.0,6.0,0.1287,12.0,12.0,66.74,10,7,27,2016,39,0.306362,0.308105,0.001743,1.819451,6.775556,6.775556,8679.377045,0.026363,0.066959,2.451302,11183.43,1168.165,3.171527,2.074283,0.306362,-0.046493,106,51,191337035941.993,45.84,711.0,56748038852.0,0.390756302521008
0,USA-AD-1310,China,CN,701940,201609,0.0741,3,3,-0.0008,6,6,0.2908,12,12,,0.0,2.0,3.6289,2.0,3.0,0.8383,4.0,9.0,162.47,1,8,0,2016,70,0.855631,0.747659,-0.107972,1.819451,6.775556,6.775556,8679.377045,0.026363,0.066959,2.451302,11183.43,1168.165,3.171527,2.074283,0.855631,-0.046493,105,51,191337035941.993,46.57,875.0,,0.390756302521008
0,USA-AD-1310,China,CN,701951,201609,-0.2435,3,3,-0.2653,6,6,-0.4511,12,12,-0.5353,2.0,2.0,0.0835,3.0,4.0,0.3081,7.0,9.0,162.47,1,8,0,2016,70,0.736731,0.606808,-0.129923,1.819451,6.775556,6.775556,8679.377045,0.026363,0.066959,2.451302,11183.43,1168.165,3.171527,2.074283,0.736731,-0.046493,105,51,191337035941.993,46.57,875.0,,0.390756302521008
0,USA-AD-1310,China,CN,701952,201609,-0.1384,3,3,-0.0341,6,6,0.0563,12,12,-0.3649,3.0,3.0,-0.0537,5.0,6.0,0.5319,9.0,12.0,162.47,1,8,0,2016,70,0.141062,0.138931,-0.002131,1.819451,6.775556,6.775556,8679.377045,0.026363,0.066959,2.451302,11183.43,1168.165,3.171527,2.074283,0.141062,-0.046493,105,51,191337035941.993,46.57,875.0,,0.390756302521008
0,USA-AD-1310,China,CN,701959,201609,-0.1591,3,3,-0.0987,6,6,0.0229,12,12,-0.4538,3.0,3.0,-0.3942,6.0,6.0,-0.3043,12.0,12.0,162.47,1,8,0,2016,70,0.475655,0.503401,0.027746,1.819451,6.775556,6.775556,8679.377045,0.026363,0.066959,2.451302,11183.43,1168.165,3.171527,2.074283,0.475655,-0.046493,105,51,191337035941.993,46.57,875.0,,0.390756302521008
0,USA-AD-1310,China,CN,701990,201609,0.0156,3,3,-0.0282,6,6,0.0348,12,12,1.0526,3.0,3.0,-0.5162,6.0,6.0,-0.2117,12.0,12.0,162.47,1,8,0,2016,70,0.540308,0.604911,0.064603,1.819451,6.775556,6.775556,8679.377045,0.026363,0.066959,2.451302,11183.43,1168.165,3.171527,2.074283,0.540308,-0.046493,105,51,191337035941.993,46.57,875.0,2457029725.0,0.390756302521008
0,USA-AD-1311,China,CN,401120,201609,0.0626,3,3,0.2691,6,6,0.5286,12,12,0.061,3.0,3.0,0.0921,6.0,6.0,0.159,12.0,12.0,22.57,6,7,8,2016,40,0.835032,0.574327,-0.260705,1.819451,6.775556,6.775556,8679.377045,0.026363,0.066959,2.451302,11183.43,1168.165,3.171527,2.074283,0.835032,-0.046493,105,51,191337035941.993,46.57,875.0,22103789528.0,0.390756302521008
0,USA-AD-1311,China,CN,401199,201609,-0.0643,3,3,-0.2956,6,4,-0.5972,12,4,,0.0,1.0,-0.5886,1.0,1.0,-0.6996,3.0,1.0,22.57,2,7,1,2016,40,0.999952,0.667251,-0.332701,1.819451,6.775556,6.775556,8679.377045,0.026363,0.066959,2.451302,11183.43,1168.165,3.171527,2.074283,0.999952,-0.046493,105,51,191337035941.993,46.57,875.0,5555164985.0,0.390756302521008
0,USA-AD-1311,China,CN,870870,201609,-0.0036,3,3,0.1613,6,6,0.4151,12,12,0.0052,3.0,3.0,-0.0054,6.0,6.0,-0.0747,12.0,12.0,22.57,5,7,14,2016,87,0.687974,0.614326,-0.073648,1.819451,6.775556,6.775556,8679.377045,0.026363,0.066959,2.451302,11183.43,1168.165,3.171527,2.074283,0.687974,-0.046493,105,51,191337035941.993,46.57,875.0,17298567500.0,0.390756302521008
0,USA-AD-1312,China,CN,721913,201609,0.1136,3,3,0.2734,6,6,0.1514,12,12,,0.0,0.0,,0.0,0.0,,0.0,0.0,75.9,9,7,17,2016,72,0.631304,0.66991,0.038606,1.819451,6.775556,6.775556,8679.377045,0.026363,0.066959,2.451302,11183.43,1168.165,3.171527,2.074283,0.631304,-0.046493,105,51,191337035941.993,46.57,875.0,3976764212.0,0.390756302521008
0,USA-AD-1312,China,CN,721914,201609,-0.2351,3,3,0.0026,6,6,0.0461,12,12,,0.0,0.0,-0.9993,1.0,1.0,-0.9993,1.0,1.0,75.9,9,7,17,2016,72,0.877779,0.810963,-0.066816,1.819451,6.775556,6.775556,8679.377045,0.026363,0.066959,2.451302,11183.43,1168.165,3.171527,2.074283,0.877779,-0.046493,105,51,191337035941.993,46.57,875.0,1184073243.0,0.390756302521008
0,USA-AD-1312,China,CN,721923,201609,0.2256,3,3,-0.2212,6,6,-0.0819,12,12,,0.0,0.0,,0.0,0.0,,0.0,0.0,75.9,1,7,0,2016,72,0.67202,0.557778,-0.114242,1.819451,6.775556,6.775556,8679.377045,0.026363,0.066959,2.451302,11183.43,1168.165,3.171527,2.074283,0.67202,-0.046493,105,51,191337035941.993,46.57,875.0,342046000.0,0.390756302521008
0,USA-AD-1312,China,CN,721924,201609,0.0141,3,3,-0.2899,6,6,0.0667,12,12,-0.3148,3.0,3.0,-0.4784,6.0,6.0,-0.2176,12.0,12.0,75.9,1,7,0,2016,72,0.508373,0.661887,0.153514,1.819451,6.775556,6.775556,8679.377045,0.026363,0.066959,2.451302,11183.43,1168.165,3.171527,2.074283,0.508373,-0.046493,105,51,191337035941.993,46.57,875.0,120668004.0,0.390756302521008
0,USA-AD-1312,China,CN,721932,201609,0.1059,3,3,0.0889,6,6,0.0997,12,12,2.6519,1.0,3.0,0.7739,3.0,4.0,3.5875,4.0,9.0,75.9,9,7,17,2016,72,0.692888,0.805059,0.112171,1.819451,6.775556,6.775556,8679.377045,0.026363,0.066959,2.451302,11183.43,1168.165,3.171527,2.074283,0.692888,-0.046493,105,51,191337035941.993,46.57,875.0,1409422414.0,0.390756302521008
0,USA-AD-1312,China,CN,721933,201609,0.041,3,3,0.0252,6,6,0.1364,12,12,0.1177,3.0,3.0,0.0419,6.0,6.0,0.1713,12.0,12.0,75.9,9,7,17,2016,72,0.751057,0.762862,0.011805,1.819451,6.775556,6.775556,8679.377045,0.026363,0.066959,2.451302,11183.43,1168.165,3.171527,2.074283,0.751057,-0.046493,105,51,191337035941.993,46.57,875.0,5770954116.0,0.390756302521008
0,USA-AD-1312,China,CN,721934,201609,-0.0118,3,3,0.016,6,6,0.1811,12,12,0.3584,3.0,3.0,0.2412,6.0,6.0,0.2837,12.0,12.0,75.9,9,7,17,2016,72,0.704439,0.734935,0.030495,1.819451,6.775556,6.775556,8679.377045,0.026363,0.066959,2.451302,11183.43,1168.165,3.171527,2.074283,0.704439,-0.046493,105,51,191337035941.993,46.57,875.0,4263522307.0,0.390756302521008
0,USA-AD-1312,China,CN,721935,201609,0.153,3,3,-0.1592,6,6,0.0953,12,12,3.5672,2.0,3.0,2.3099,4.0,5.0,1.576,9.0,11.0,75.9,9,7,17,2016,72,0.72127,0.744778,0.023508,1.819451,6.775556,6.775556,8679.377045,0.026363,0.066959,2.451302,11183.43,1168.165,3.171527,2.074283,0.72127,-0.046493,105,51,191337035941.993,46.57,875.0,841168160.0,0.390756302521008
0,USA-AD-1312,China,CN,721990,201609,-0.0305,3,3,-0.0586,6,6,0.0718,12,12,0.6314,3.0,3.0,0.1635,6.0,6.0,-0.1416,12.0,12.0,75.9,12,7,18,2016,72,0.733352,0.663813,-0.069539,1.819451,6.775556,6.775556,8679.377045,0.026363,0.066959,2.451302,11183.43,1168.165,3.171527,2.074283,0.733352,-0.046493,105,51,191337035941.993,46.57,875.0,1021261076.0,0.390756302521008
0,USA-AD-1312,China,CN,722012,201609,-0.5915,3,3,-0.0419,6,6,-0.3114,12,12,,0.0,1.0,,0.0,2.0,2.1078,3.0,2.0,75.9,9,7,17,2016,72,0.275214,0.206184,-0.06903,1.819451,6.775556,6.775556,8679.377045,0.026363,0.066959,2.451302,11183.43,1168.165,3.171527,2.074283,0.275214,-0.046493,105,51,191337035941.993,46.57,875.0,294286866.99999994,0.390756302521008
0,USA-AD-1312,China,CN,722020,201609,0.1786,3,3,0.1172,6,6,0.2978,12,12,-0.1942,3.0,3.0,-0.1661,6.0,6.0,0.0129,12.0,12.0,75.9,12,7,18,2016,72,0.342329,0.386531,0.044202,1.819451,6.775556,6.775556,8679.377045,0.026363,0.066959,2.451302,11183.43,1168.165,3.171527,2.074283,0.342329,-0.046493,105,51,191337035941.993,46.57,875.0,3137385384.0,0.390756302521008
0,USA-AD-1312,China,CN,722090,201609,-0.1212,3,3,-0.0222,6,6,0.0328,12,12,-0.7031,3.0,3.0,1.5391,6.0,6.0,6.2921,12.0,12.0,75.9,12,7,18,2016,72,0.276446,0.294037,0.01759,1.819451,6.775556,6.775556,8679.377045,0.026363,0.066959,2.451302,11183.43,1168.165,3.171527,2.074283,0.276446,-0.046493,105,51,191337035941.993,46.57,875.0,531461481.0,0.390756302521008
0,USA-AD-1313,China,CN,290339,201610,-0.2698,3,3,-0.1255,6,6,0.1615,12,12,0.1274,3.0,3.0,0.1574,6.0,6.0,-0.331,12.0,12.0,188.94,1,7,2,2016,29,,0.656591,,1.819451,6.775556,6.775556,8679.377045,0.026363,0.066959,2.451302,11183.43,1168.165,3.171527,2.074283,,-0.046493,104,51,191337035941.993,49.52,857.0,,0.390756302521008
0,USA-AD-1316,China,CN,281119,201611,1.027,3,3,0.3514,6,6,0.3684,12,12,0.2942,3.0,2.0,0.181,6.0,5.0,0.525,12.0,11.0,179.97,2,7,8,2016,28,0.105084,0.133438,0.028354,1.819451,6.775556,6.775556,8679.377045,0.026363,0.066959,2.451302,11183.43,1168.165,3.171527,2.074283,0.105084,-0.046493,103,51,191337035941.993,44.73,1204.0,374961521.0,0.390756302521008
0,USA-AD-1316,China,CN,293190,201611,0.2434,3,3,0.1158,6,6,0.0013,12,12,0.1669,3.0,3.0,0.7885,6.0,6.0,0.1695,12.0,12.0,179.97,1,7,0,2016,29,0.256695,0.258175,0.00148,1.819451,6.775556,6.775556,8679.377045,0.026363,0.066959,2.451302,11183.43,1168.165,3.171527,2.074283,0.256695,-0.046493,103,51,191337035941.993,44.73,1204.0,,0.390756302521008
0,USA-AD-1317,Austria,AT,720851,201611,-1.0,1,0,-1.0,1,0,-1.0,2,0,-0.3016,3.0,3.0,-0.4074,6.0,6.0,-0.4715,12.0,12.0,41.97,18,7,19,2016,72,3e-05,0.0,-3e-05,1.819451,6.775556,2.11722,44362.670281,0.026363,0.002358,2.451302,8124.255,8469.964,3.171527,2.074283,3e-05,-0.046493,103,51,10123622307.2765,44.73,1204.0,,0.651260504201681
0,USA-AD-1317,Austria,AT,720852,201611,,0,1,,0,1,2.2296,2,1,-0.5283,3.0,3.0,-0.3393,6.0,6.0,-0.2412,12.0,12.0,41.97,18,7,19,2016,72,0.00349,0.017348,0.013858,1.819451,6.775556,2.11722,44362.670281,0.026363,0.002358,2.451302,8124.255,8469.964,3.171527,2.074283,0.00349,-0.046493,103,51,10123622307.2765,44.73,1204.0,,0.651260504201681
1,USA-AD-1317,Austria,AT,720890,201611,65.8182,1,1,65.8182,1,1,81.0909,1,2,1761.0,1.0,3.0,20.997,2.0,5.0,3.2963,4.0,7.0,41.97,31,7,23,2016,72,,0.000442,,1.819451,6.775556,2.11722,44362.670281,0.026363,0.002358,2.451302,8124.255,8469.964,3.171527,2.074283,,-0.046493,103,51,10123622307.2765,44.73,1204.0,975666853.0,0.651260504201681
0,USA-AD-1317,Austria,AT,721070,201611,,0,0,,0,0,,0,0,-0.1392,3.0,3.0,-0.0833,6.0,6.0,0.0486,12.0,12.0,41.97,34,7,23,2016,72,,0.0,,1.819451,6.775556,2.11722,44362.670281,0.026363,0.002358,2.451302,8124.255,8469.964,3.171527,2.074283,,-0.046493,103,51,10123622307.2765,44.73,1204.0,8429299641.000001,0.651260504201681
0,USA-AD-1317,Austria,AT,721090,201611,-1.0,2,0,-1.0,3,0,-0.9999,6,2,2.3139,1.0,2.0,0.2027,4.0,4.0,0.2872,5.0,5.0,41.97,34,7,23,2016,72,,6.2e-05,,1.819451,6.775556,2.11722,44362.670281,0.026363,0.002358,2.451302,8124.255,8469.964,3.171527,2.074283,,-0.046493,103,51,10123622307.2765,44.73,1204.0,1208734270.0,0.651260504201681
0,USA-AD-1317,Austria,AT,721114,201611,,0,0,-1.0,1,0,-1.0,1,0,,0.0,0.0,,0.0,0.0,,0.0,1.0,41.97,25,7,19,2016,72,,0.0,,1.819451,6.775556,2.11722,44362.670281,0.026363,0.002358,2.451302,8124.255,8469.964,3.171527,2.074283,,-0.046493,103,51,10123622307.2765,44.73,1204.0,,0.651260504201681
0,USA-AD-1317,Austria,AT,721190,201611,,0,0,,0,1,,0,2,0.2616,3.0,3.0,0.3598,6.0,6.0,0.7561,10.0,11.0,41.97,33,7,23,2016,72,,0.000686,,1.819451,6.775556,2.11722,44362.670281,0.026363,0.002358,2.451302,8124.255,8469.964,3.171527,2.074283,,-0.046493,103,51,10123622307.2765,44.73,1204.0,415818218.0,0.651260504201681
0,USA-AD-1317,Austria,AT,721240,201611,,0,0,,0,0,,0,0,-0.1483,3.0,3.0,-0.568,6.0,5.0,-0.7652,12.0,10.0,41.97,34,7,23,2016,72,,0.0,,1.819451,6.775556,2.11722,44362.670281,0.026363,0.002358,2.451302,8124.255,8469.964,3.171527,2.074283,,-0.046493,103,51,10123622307.2765,44.73,1204.0,782888592.0000001,0.651260504201681
0,USA-AD-1317,Austria,AT,721410,201611,,0,0,,0,0,,0,1,,0.0,0.0,,0.0,1.0,,0.0,1.0,41.97,12,7,0,2016,72,0.0,0.002728,0.002728,1.819451,6.775556,2.11722,44362.670281,0.026363,0.002358,2.451302,8124.255,8469.964,3.171527,2.074283,0.0,-0.046493,103,51,10123622307.2765,44.73,1204.0,430714950.0,0.651260504201681
0,USA-AD-1317,Austria,AT,721491,201611,,0,0,,0,0,,0,1,,0.0,0.0,,0.0,0.0,,0.0,0.0,41.97,15,7,0,2016,72,,0.000367,,1.819451,6.775556,2.11722,44362.670281,0.026363,0.002358,2.451302,8124.255,8469.964,3.171527,2.074283,,-0.046493,103,51,10123622307.2765,44.73,1204.0,,0.651260504201681
0,USA-AD-1317,Austria,AT,722540,201611,3.0045,3,3,0.5704,6,5,0.0953,12,11,-1.0,3.0,0.0,-0.9948,3.0,1.0,-0.3309,4.0,3.0,41.97,25,7,17,2016,72,,0.039862,,1.819451,6.775556,2.11722,44362.670281,0.026363,0.002358,2.451302,8124.255,8469.964,3.171527,2.074283,,-0.046493,103,51,10123622307.2765,44.73,1204.0,5029436982.0,0.651260504201681
0,USA-AD-1317,Austria,AT,722599,201611,,0,0,,0,0,,0,1,-1.0,1.0,0.0,279.0,1.0,1.0,-0.9999,6.0,1.0,41.97,31,7,17,2016,72,,0.000485,,1.819451,6.775556,2.11722,44362.670281,0.026363,0.002358,2.451302,8124.255,8469.964,3.171527,2.074283,,-0.046493,103,51,10123622307.2765,44.73,1204.0,,0.651260504201681
0,USA-AD-1317,Austria,AT,722620,201611,-0.7085,2,1,0.1431,3,3,1.774,3,7,,0.0,0.0,,0.0,0.0,,0.0,1.0,41.97,12,7,0,2016,72,0.074065,0.121916,0.047851,1.819451,6.775556,2.11722,44362.670281,0.026363,0.002358,2.451302,8124.255,8469.964,3.171527,2.074283,0.074065,-0.046493,103,51,10123622307.2765,44.73,1204.0,90285556.0,0.651260504201681
0,USA-AD-1317,Austria,AT,722691,201611,0.2249,2,2,0.7663,3,4,0.1464,8,10,-1.0,1.0,0.0,5.0131,2.0,2.0,2.1345,3.0,4.0,41.97,25,7,17,2016,72,,0.01789,,1.819451,6.775556,2.11722,44362.670281,0.026363,0.002358,2.451302,8124.255,8469.964,3.171527,2.074283,,-0.046493,103,51,10123622307.2765,44.73,1204.0,561778544.0,0.651260504201681
0,USA-AD-1317,Austria,AT,722699,201611,2.5927,1,2,0.8834,2,2,0.8834,2,2,-0.9991,2.0,1.0,-0.9985,4.0,2.0,-0.941,8.0,6.0,41.97,31,7,17,2016,72,,0.001693,,1.819451,6.775556,2.11722,44362.670281,0.026363,0.002358,2.451302,8124.255,8469.964,3.171527,2.074283,,-0.046493,103,51,10123622307.2765,44.73,1204.0,512049548.0,0.651260504201681
0,USA-AD-1318,Belgium,BE,720851,201611,2.4427,3,3,1.1105,6,6,-0.0256,12,12,-0.3016,3.0,3.0,-0.4074,6.0,6.0,-0.4715,12.0,12.0,8.5,18,7,19,2016,72,0.009193,0.015335,0.006142,1.819451,6.775556,1.193503,41172.886283,0.026363,0.002358,2.451302,7302.655,8817.223,3.171527,2.074283,0.009193,-0.046493,103,51,2646800222.52573,44.73,1204.0,,0.725
0,USA-AD-1318,Belgium,BE,720852,201611,,0,2,16.0736,2,4,6.4367,7,8,-0.5283,3.0,3.0,-0.3393,6.0,6.0,-0.2412,12.0,12.0,8.5,18,7,19,2016,72,0.00414,0.05024,0.0461,1.819451,6.775556,1.193503,41172.886283,0.026363,0.002358,2.451302,7302.655,8817.223,3.171527,2.074283,0.00414,-0.046493,103,51,2646800222.52573,44.73,1204.0,,0.725
0,USA-AD-1318,Belgium,BE,720890,201611,0.0605,1,1,0.0605,1,1,-0.9542,2,1,1761.0,1.0,3.0,20.997,2.0,5.0,3.2963,4.0,7.0,8.5,31,7,23,2016,72,,0.000798,,1.819451,6.775556,1.193503,41172.886283,0.026363,0.002358,2.451302,7302.655,8817.223,3.171527,2.074283,,-0.046493,103,51,2646800222.52573,44.73,1204.0,975666853.0,0.725
0,USA-AD-1318,Belgium,BE,721070,201611,,0,0,,0,0,-1.0,1,0,-0.1392,3.0,3.0,-0.0833,6.0,6.0,0.0486,12.0,12.0,8.5,34,7,23,2016,72,,0.0,,1.819451,6.775556,1.193503,41172.886283,0.026363,0.002358,2.451302,7302.655,8817.223,3.171527,2.074283,,-0.046493,103,51,2646800222.52573,44.73,1204.0,8429299641.000001,0.725
0,USA-AD-1318,Belgium,BE,721090,201611,-0.6202,3,2,0.7106,4,4,2.0021,8,8,2.3139,1.0,2.0,0.2027,4.0,4.0,0.2872,5.0,5.0,8.5,34,7,23,2016,72,,0.019846,,1.819451,6.775556,1.193503,41172.886283,0.026363,0.002358,2.451302,7302.655,8817.223,3.171527,2.074283,,-0.046493,103,51,2646800222.52573,44.73,1204.0,1208734270.0,0.725
0,USA-AD-1318,Belgium,BE,721114,201611,,0,0,-1.0,1,0,-1.0,1,0,,0.0,0.0,,0.0,0.0,,0.0,1.0,8.5,25,7,19,2016,72,,0.0,,1.819451,6.775556,1.193503,41172.886283,0.026363,0.002358,2.451302,7302.655,8817.223,3.171527,2.074283,,-0.046493,103,51,2646800222.52573,44.73,1204.0,,0.725
0,USA-AD-1318,Belgium,BE,721190,201611,,0,1,,0,1,,0,1,0.2616,3.0,3.0,0.3598,6.0,6.0,0.7561,10.0,11.0,8.5,33,7,23,2016,72,,0.000302,,1.819451,6.775556,1.193503,41172.886283,0.026363,0.002358,2.451302,7302.655,8817.223,3.171527,2.074283,,-0.046493,103,51,2646800222.52573,44.73,1204.0,415818218.0,0.725
0,USA-AD-1318,Belgium,BE,721240,201611,-1.0,2,0,44.0,2,1,-0.4444,3,3,-0.1483,3.0,3.0,-0.568,6.0,5.0,-0.7652,12.0,10.0,8.5,34,7,23,2016,72,,0.000111,,1.819451,6.775556,1.193503,41172.886283,0.026363,0.002358,2.451302,7302.655,8817.223,3.171527,2.074283,,-0.046493,103,51,2646800222.52573,44.73,1204.0,782888592.0000001,0.725
0,USA-AD-1318,Belgium,BE,721250,201611,,0,0,,0,0,,0,0,1.2206,3.0,3.0,0.5769,5.0,6.0,-0.0831,8.0,7.0,8.5,34,7,23,2016,72,,1e-06,,1.819451,6.775556,1.193503,41172.886283,0.026363,0.002358,2.451302,7302.655,8817.223,3.171527,2.074283,,-0.046493,103,51,2646800222.52573,44.73,1204.0,733137873.0,0.725
0,USA-AD-1318,Belgium,BE,722511,201611,,0,0,,0,0,,0,0,2.3695,2.0,3.0,2.8312,5.0,6.0,2.4833,11.0,12.0,8.5,25,7,17,2016,72,,0.0,,1.819451,6.775556,1.193503,41172.886283,0.026363,0.002358,2.451302,7302.655,8817.223,3.171527,2.074283,,-0.046493,103,51,2646800222.52573,44.73,1204.0,,0.725
0,USA-AD-1318,Belgium,BE,722519,201611,,0,0,,0,0,,0,0,-0.3272,2.0,3.0,-0.1269,5.0,6.0,-0.1596,10.0,12.0,8.5,28,7,17,2016,72,,0.0,,1.819451,6.775556,1.193503,41172.886283,0.026363,0.002358,2.451302,7302.655,8817.223,3.171527,2.074283,,-0.046493,103,51,2646800222.52573,44.73,1204.0,,0.725
0,USA-AD-1318,Belgium,BE,722540,201611,0.7942,3,3,0.1163,6,6,0.1324,12,12,-1.0,3.0,0.0,-0.9948,3.0,1.0,-0.3309,4.0,3.0,8.5,25,7,17,2016,72,,0.053605,,1.819451,6.775556,1.193503,41172.886283,0.026363,0.002358,2.451302,7302.655,8817.223,3.171527,2.074283,,-0.046493,103,51,2646800222.52573,44.73,1204.0,5029436982.0,0.725
0,USA-AD-1318,Belgium,BE,722599,201611,,0,0,,0,0,,0,0,-1.0,1.0,0.0,279.0,1.0,1.0,-0.9999,6.0,1.0,8.5,31,7,17,2016,72,,0.0,,1.819451,6.775556,1.193503,41172.886283,0.026363,0.002358,2.451302,7302.655,8817.223,3.171527,2.074283,,-0.046493,103,51,2646800222.52573,44.73,1204.0,,0.725
0,USA-AD-1318,Belgium,BE,722611,201611,,0,0,,0,0,,0,0,,0.0,0.0,,0.0,0.0,228.08,2.0,2.0,8.5,25,7,17,2016,72,,0.0,,1.819451,6.775556,1.193503,41172.886283,0.026363,0.002358,2.451302,7302.655,8817.223,3.171527,2.074283,,-0.046493,103,51,2646800222.52573,44.73,1204.0,,0.725
0,USA-AD-1318,Belgium,BE,722699,201611,273.2992,1,2,273.2992,1,2,6.039,2,3,-0.9991,2.0,1.0,-0.9985,4.0,2.0,-0.941,8.0,6.0,8.5,31,7,17,2016,72,,0.009006,,1.819451,6.775556,1.193503,41172.886283,0.026363,0.002358,2.451302,7302.655,8817.223,3.171527,2.074283,,-0.046493,103,51,2646800222.52573,44.73,1204.0,512049548.0,0.725
0,USA-AD-1319,Brazil,BR,720851,201609,-1.0,1,0,-1.0,1,0,-1.0,1,0,-0.113,3.0,3.0,-0.3719,6.0,6.0,-0.354,12.0,12.0,74.52,18,5,19,2016,72,7.5e-05,,,1.819451,6.775556,-3.275917,8577.84278,0.026363,0.049418,2.451302,8088.514,17793.04,3.171527,2.074283,7.5e-05,-0.046493,105,51,-30528825466.82,46.57,875.0,,0.504201680672269
0,USA-AD-1319,Brazil,BR,720852,201609,,0,1,,0,2,,0,2,-0.7573,3.0,3.0,-0.7583,6.0,6.0,-0.3715,12.0,12.0,74.52,18,5,19,2016,72,0.0,,,1.819451,6.775556,-3.275917,8577.84278,0.026363,0.049418,2.451302,8088.514,17793.04,3.171527,2.074283,0.0,-0.046493,105,51,-30528825466.82,46.57,875.0,,0.504201680672269
0,USA-AD-1319,Brazil,BR,721070,201609,,0,0,,0,0,-0.9639,1,1,0.1788,3.0,3.0,0.0808,6.0,6.0,0.2413,12.0,12.0,74.52,34,5,23,2016,72,,,,1.819451,6.775556,-3.275917,8577.84278,0.026363,0.049418,2.451302,8088.514,17793.04,3.171527,2.074283,,-0.046493,105,51,-30528825466.82,46.57,875.0,8429299641.000001,0.504201680672269
0,USA-AD-1319,Brazil,BR,721090,201609,8.6888,1,1,13.986,1,2,13.3702,4,2,-0.7296,2.0,2.0,0.1034,3.0,4.0,0.5547,6.0,6.0,74.52,34,5,23,2016,72,,,,1.819451,6.775556,-3.275917,8577.84278,0.026363,0.049418,2.451302,8088.514,17793.04,3.171527,2.074283,,-0.046493,105,51,-30528825466.82,46.57,875.0,1208734270.0,0.504201680672269
0,USA-AD-1319,Brazil,BR,721113,201609,,0,0,,0,0,,0,0,,0.0,0.0,,0.0,1.0,,0.0,3.0,74.52,18,5,19,2016,72,0.0,0.0,0.0,1.819451,6.775556,-3.275917,8577.84278,0.026363,0.049418,2.451302,8088.514,17793.04,3.171527,2.074283,0.0,-0.046493,105,51,-30528825466.82,46.57,875.0,,0.504201680672269
0,USA-AD-1319,Brazil,BR,721119,201609,,0,1,0.4777,1,2,0.4774,2,2,,0.0,1.0,,0.0,1.0,-0.6543,2.0,2.0,74.52,24,5,23,2016,72,,0.028834,,1.819451,6.775556,-3.275917,8577.84278,0.026363,0.049418,2.451302,8088.514,17793.04,3.171527,2.074283,,-0.046493,105,51,-30528825466.82,46.57,875.0,2065155.0,0.504201680672269
1,USA-AD-1319,Brazil,BR,721190,201609,,0,0,,0,0,35.4762,1,1,0.8265,3.0,3.0,1.6748,5.0,6.0,2.4784,8.0,12.0,74.52,33,5,23,2016,72,,,,1.819451,6.775556,-3.275917,8577.84278,0.026363,0.049418,2.451302,8088.514,17793.04,3.171527,2.074283,,-0.046493,105,51,-30528825466.82,46.57,875.0,415818218.0,0.504201680672269
0,USA-AD-1319,Brazil,BR,721240,201609,-0.9412,1,1,-0.8235,1,2,-0.7647,1,3,-0.0675,3.0,3.0,-0.4335,6.0,6.0,-0.6925,12.0,10.0,74.52,34,5,23,2016,72,,,,1.819451,6.775556,-3.275917,8577.84278,0.026363,0.049418,2.451302,8088.514,17793.04,3.171527,2.074283,,-0.046493,105,51,-30528825466.82,46.57,875.0,782888592.0000001,0.504201680672269
0,USA-AD-1319,Brazil,BR,721250,201609,,0,0,,0,0,,0,0,1.9134,2.0,3.0,0.6383,4.0,6.0,0.0264,8.0,9.0,74.52,34,5,23,2016,72,,,,1.819451,6.775556,-3.275917,8577.84278,0.026363,0.049418,2.451302,8088.514,17793.04,3.171527,2.074283,,-0.046493,105,51,-30528825466.82,46.57,875.0,733137873.0,0.504201680672269
0,USA-AD-1319,Brazil,BR,722511,201609,,0,0,,0,0,,0,0,2.5944,2.0,3.0,3.0307,5.0,6.0,2.1584,11.0,12.0,74.52,25,5,17,2016,72,,,,1.819451,6.775556,-3.275917,8577.84278,0.026363,0.049418,2.451302,8088.514,17793.04,3.171527,2.074283,,-0.046493,105,51,-30528825466.82,46.57,875.0,,0.504201680672269
0,USA-AD-1319,Brazil,BR,722519,201609,,0,0,,0,0,,0,0,3.9232,2.0,3.0,0.2818,5.0,6.0,0.1601,10.0,12.0,74.52,28,5,17,2016,72,,,,1.819451,6.775556,-3.275917,8577.84278,0.026363,0.049418,2.451302,8088.514,17793.04,3.171527,2.074283,,-0.046493,105,51,-30528825466.82,46.57,875.0,,0.504201680672269
0,USA-AD-1319,Brazil,BR,722599,201609,,0,0,,0,0,,0,0,,0.0,1.0,-0.9997,2.0,2.0,-0.9999,7.0,2.0,74.52,31,5,17,2016,72,,,,1.819451,6.775556,-3.275917,8577.84278,0.026363,0.049418,2.451302,8088.514,17793.04,3.171527,2.074283,,-0.046493,105,51,-30528825466.82,46.57,875.0,,0.504201680672269
0,USA-AD-1319,Brazil,BR,722611,201609,,0,0,,0,0,,0,0,,0.0,0.0,-1.0,2.0,0.0,228.08,2.0,2.0,74.52,25,5,17,2016,72,,,,1.819451,6.775556,-3.275917,8577.84278,0.026363,0.049418,2.451302,8088.514,17793.04,3.171527,2.074283,,-0.046493,105,51,-30528825466.82,46.57,875.0,,0.504201680672269
1,USA-AD-1319,Brazil,BR,722691,201609,-1.0,1,0,-1.0,1,0,1.704,1,3,,0.0,1.0,0.2371,2.0,2.0,1.6778,3.0,4.0,74.52,25,5,17,2016,72,,,,1.819451,6.775556,-3.275917,8577.84278,0.026363,0.049418,2.451302,8088.514,17793.04,3.171527,2.074283,,-0.046493,105,51,-30528825466.82,46.57,875.0,561778544.0,0.504201680672269
0,USA-AD-1319,Brazil,BR,722699,201609,,0,0,,0,0,,0,0,-0.8962,2.0,2.0,-0.9428,4.0,3.0,-0.9216,7.0,7.0,74.52,31,5,17,2016,72,,,,1.819451,6.775556,-3.275917,8577.84278,0.026363,0.049418,2.451302,8088.514,17793.04,3.171527,2.074283,,-0.046493,105,51,-30528825466.82,46.57,875.0,512049548.0,0.504201680672269
0,USA-AD-1320,China,CN,720840,201611,,0,0,,0,0,-1.0,1,0,-1.0,1.0,0.0,-1.0,3.0,0.0,-1.0,3.0,0.0,68.27,25,7,19,2016,72,,0.0,,1.819451,6.775556,6.775556,8679.377045,0.026363,0.066959,2.451302,11183.43,1168.165,3.171527,2.074283,,-0.046493,103,51,191337035941.993,44.73,1204.0,,0.390756302521008
0,USA-AD-1320,China,CN,720851,201611,-0.0804,3,3,-0.3023,6,6,-0.5239,12,12,-0.3016,3.0,3.0,-0.4074,6.0,6.0,-0.4715,12.0,12.0,68.27,18,7,19,2016,72,0.549693,0.527081,-0.022612,1.819451,6.775556,6.775556,8679.377045,0.026363,0.066959,2.451302,11183.43,1168.165,3.171527,2.074283,0.549693,-0.046493,103,51,191337035941.993,44.73,1204.0,,0.390756302521008
0,USA-AD-1320,China,CN,720852,201611,-0.4317,3,3,-0.3869,6,6,-0.2382,12,12,-0.5283,3.0,3.0,-0.3393,6.0,6.0,-0.2412,12.0,12.0,68.27,18,7,19,2016,72,0.296896,0.405222,0.108326,1.819451,6.775556,6.775556,8679.377045,0.026363,0.066959,2.451302,11183.43,1168.165,3.171527,2.074283,0.296896,-0.046493,103,51,191337035941.993,44.73,1204.0,,0.390756302521008
0,USA-AD-1320,China,CN,720853,201611,-0.9948,3,1,-0.9216,5,3,0.4003,10,9,-1.0,1.0,0.0,-1.0,1.0,0.0,-1.0,4.0,0.0,68.27,25,7,19,2016,72,,0.105395,,1.819451,6.775556,6.775556,8679.377045,0.026363,0.066959,2.451302,11183.43,1168.165,3.171527,2.074283,,-0.046493,103,51,191337035941.993,44.73,1204.0,,0.390756302521008
0,USA-AD-1320,China,CN,720890,201611,-0.7087,3,3,-0.8448,6,6,-0.8528,12,12,1761.0,1.0,3.0,20.997,2.0,5.0,3.2963,4.0,7.0,68.27,31,7,23,2016,72,,0.868942,,1.819451,6.775556,6.775556,8679.377045,0.026363,0.066959,2.451302,11183.43,1168.165,3.171527,2.074283,,-0.046493,103,51,191337035941.993,44.73,1204.0,975666853.0,0.390756302521008
0,USA-AD-1320,China,CN,721070,201611,-0.0904,3,3,-0.0651,6,6,-0.1026,12,12,-0.1392,3.0,3.0,-0.0833,6.0,6.0,0.0486,12.0,12.0,68.27,34,7,23,2016,72,,1.479877,,1.819451,6.775556,6.775556,8679.377045,0.026363,0.066959,2.451302,11183.43,1168.165,3.171527,2.074283,,-0.046493,103,51,191337035941.993,44.73,1204.0,8429299641.000001,0.390756302521008
0,USA-AD-1320,China,CN,721090,201611,2.507,3,3,4.0432,6,6,3.8963,12,12,2.3139,1.0,2.0,0.2027,4.0,4.0,0.2872,5.0,5.0,68.27,34,7,23,2016,72,,0.64769,,1.819451,6.775556,6.775556,8679.377045,0.026363,0.066959,2.451302,11183.43,1168.165,3.171527,2.074283,,-0.046493,103,51,191337035941.993,44.73,1204.0,1208734270.0,0.390756302521008
0,USA-AD-1320,China,CN,721113,201611,,0,0,,0,0,,0,1,,0.0,0.0,,0.0,2.0,,0.0,3.0,68.27,18,7,19,2016,72,,,,1.819451,6.775556,6.775556,8679.377045,0.026363,0.066959,2.451302,11183.43,1168.165,3.171527,2.074283,,-0.046493,103,51,191337035941.993,44.73,1204.0,,0.390756302521008
0,USA-AD-1320,China,CN,721114,201611,-0.7481,3,3,-0.7592,5,4,-0.7701,10,6,,0.0,0.0,,0.0,0.0,,0.0,1.0,68.27,25,7,19,2016,72,,1.066102,,1.819451,6.775556,6.775556,8679.377045,0.026363,0.066959,2.451302,11183.43,1168.165,3.171527,2.074283,,-0.046493,103,51,191337035941.993,44.73,1204.0,,0.390756302521008
0,USA-AD-1320,China,CN,721119,201611,-0.2609,3,3,-0.2363,6,6,-0.0351,12,12,,0.0,1.0,,0.0,1.0,-0.6543,2.0,2.0,68.27,24,7,23,2016,72,,4.715913,,1.819451,6.775556,6.775556,8679.377045,0.026363,0.066959,2.451302,11183.43,1168.165,3.171527,2.074283,,-0.046493,103,51,191337035941.993,44.73,1204.0,2065155.0,0.390756302521008
0,USA-AD-1320,China,CN,721190,201611,0.2689,3,3,-0.0208,6,6,-0.3626,12,12,0.2616,3.0,3.0,0.3598,6.0,6.0,0.7561,10.0,11.0,68.27,33,7,23,2016,72,,0.477228,,1.819451,6.775556,6.775556,8679.377045,0.026363,0.066959,2.451302,11183.43,1168.165,3.171527,2.074283,,-0.046493,103,51,191337035941.993,44.73,1204.0,415818218.0,0.390756302521008
0,USA-AD-1320,China,CN,721240,201611,-0.5116,3,3,-0.7439,6,6,-0.8342,12,12,-0.1483,3.0,3.0,-0.568,6.0,5.0,-0.7652,12.0,10.0,68.27,34,7,23,2016,72,,0.909004,,1.819451,6.775556,6.775556,8679.377045,0.026363,0.066959,2.451302,11183.43,1168.165,3.171527,2.074283,,-0.046493,103,51,191337035941.993,44.73,1204.0,782888592.0000001,0.390756302521008
0,USA-AD-1320,China,CN,721250,201611,0.2409,3,3,-0.1606,6,6,-0.351,12,12,1.2206,3.0,3.0,0.5769,5.0,6.0,-0.0831,8.0,7.0,68.27,34,7,23,2016,72,,0.098653,,1.819451,6.775556,6.775556,8679.377045,0.026363,0.066959,2.451302,11183.43,1168.165,3.171527,2.074283,,-0.046493,103,51,191337035941.993,44.73,1204.0,733137873.0,0.390756302521008
0,USA-AD-1320,China,CN,721410,201611,0.1948,3,3,0.1267,6,6,-0.0172,12,12,,0.0,0.0,,0.0,1.0,,0.0,1.0,68.27,12,7,0,2016,72,0.964656,0.616153,-0.348503,1.819451,6.775556,6.775556,8679.377045,0.026363,0.066959,2.451302,11183.43,1168.165,3.171527,2.074283,0.964656,-0.046493,103,51,191337035941.993,44.73,1204.0,430714950.0,0.390756302521008
0,USA-AD-1320,China,CN,721430,201611,-0.2096,2,3,-0.1475,2,5,-0.6104,3,5,,0.0,0.0,,0.0,0.0,,0.0,0.0,68.27,15,7,24,2016,72,0.673234,0.542124,-0.131109,1.819451,6.775556,6.775556,8679.377045,0.026363,0.066959,2.451302,11183.43,1168.165,3.171527,2.074283,0.673234,-0.046493,103,51,191337035941.993,44.73,1204.0,261345950.0,0.390756302521008
0,USA-AD-1320,China,CN,721491,201611,-0.939,3,3,-0.9154,6,6,-0.9235,12,12,,0.0,0.0,,0.0,0.0,,0.0,0.0,68.27,15,7,0,2016,72,,1.018738,,1.819451,6.775556,6.775556,8679.377045,0.026363,0.066959,2.451302,11183.43,1168.165,3.171527,2.074283,,-0.046493,103,51,191337035941.993,44.73,1204.0,,0.390756302521008
0,USA-AD-1320,China,CN,722511,201611,1.114,3,3,0.4745,6,6,-0.3819,12,12,2.3695,2.0,3.0,2.8312,5.0,6.0,2.4833,11.0,12.0,68.27,25,7,17,2016,72,,0.522015,,1.819451,6.775556,6.775556,8679.377045,0.026363,0.066959,2.451302,11183.43,1168.165,3.171527,2.074283,,-0.046493,103,51,191337035941.993,44.73,1204.0,,0.390756302521008
0,USA-AD-1320,China,CN,722519,201611,0.0795,3,3,-0.1786,6,6,-0.1915,12,12,-0.3272,2.0,3.0,-0.1269,5.0,6.0,-0.1596,10.0,12.0,68.27,28,7,17,2016,72,,1.166696,,1.819451,6.775556,6.775556,8679.377045,0.026363,0.066959,2.451302,11183.43,1168.165,3.171527,2.074283,,-0.046493,103,51,191337035941.993,44.73,1204.0,,0.390756302521008
0,USA-AD-1320,China,CN,722540,201611,-0.3409,3,3,-0.2501,6,6,-0.373,12,12,-1.0,3.0,0.0,-0.9948,3.0,1.0,-0.3309,4.0,3.0,68.27,25,7,17,2016,72,,0.807002,,1.819451,6.775556,6.775556,8679.377045,0.026363,0.066959,2.451302,11183.43,1168.165,3.171527,2.074283,,-0.046493,103,51,191337035941.993,44.73,1204.0,5029436982.0,0.390756302521008
0,USA-AD-1320,China,CN,722599,201611,-0.0236,3,3,-0.0685,6,6,-0.1342,12,12,-1.0,1.0,0.0,279.0,1.0,1.0,-0.9999,6.0,1.0,68.27,31,7,17,2016,72,,1.26403,,1.819451,6.775556,6.775556,8679.377045,0.026363,0.066959,2.451302,11183.43,1168.165,3.171527,2.074283,,-0.046493,103,51,191337035941.993,44.73,1204.0,,0.390756302521008
0,USA-AD-1320,China,CN,722611,201611,,0,3,,0,4,,0,8,,0.0,0.0,,0.0,0.0,228.08,2.0,2.0,68.27,25,7,17,2016,72,,0.146683,,1.819451,6.775556,6.775556,8679.377045,0.026363,0.066959,2.451302,11183.43,1168.165,3.171527,2.074283,,-0.046493,103,51,191337035941.993,44.73,1204.0,,0.390756302521008
0,USA-AD-1320,China,CN,722619,201611,-0.3281,2,2,-0.0498,4,5,0.5268,8,10,-1.0,2.0,0.0,-1.0,2.0,0.0,-1.0,4.0,0.0,68.27,28,7,17,2016,72,,0.577952,,1.819451,6.775556,6.775556,8679.377045,0.026363,0.066959,2.451302,11183.43,1168.165,3.171527,2.074283,,-0.046493,103,51,191337035941.993,44.73,1204.0,,0.390756302521008
0,USA-AD-1320,China,CN,722620,201611,0.0489,3,2,2.1888,5,5,1.6281,9,7,,0.0,0.0,,0.0,0.0,,0.0,1.0,68.27,12,7,0,2016,72,0.044233,0.070881,0.026648,1.819451,6.775556,6.775556,8679.377045,0.026363,0.066959,2.451302,11183.43,1168.165,3.171527,2.074283,0.044233,-0.046493,103,51,191337035941.993,44.73,1204.0,90285556.0,0.390756302521008
0,USA-AD-1320,China,CN,722691,201611,-0.2429,3,3,-0.322,6,6,-0.2071,12,12,-1.0,1.0,0.0,5.0131,2.0,2.0,2.1345,3.0,4.0,68.27,25,7,17,2016,72,,0.598188,,1.819451,6.775556,6.775556,8679.377045,0.026363,0.066959,2.451302,11183.43,1168.165,3.171527,2.074283,,-0.046493,103,51,191337035941.993,44.73,1204.0,561778544.0,0.390756302521008
0,USA-AD-1320,China,CN,722699,201611,1.1111,3,3,0.6113,6,6,1.2467,12,12,-0.9991,2.0,1.0,-0.9985,4.0,2.0,-0.941,8.0,6.0,68.27,31,7,17,2016,72,,0.463446,,1.819451,6.775556,6.775556,8679.377045,0.026363,0.066959,2.451302,11183.43,1168.165,3.171527,2.074283,,-0.046493,103,51,191337035941.993,44.73,1204.0,512049548.0,0.390756302521008
0,USA-AD-1321,France,FR,720851,201611,,0,1,-0.7866,2,2,-0.3533,7,6,-0.3016,3.0,3.0,-0.4074,6.0,6.0,-0.4715,12.0,12.0,8.62,18,7,19,2016,72,0.005453,0.005124,-0.000328,1.819451,6.775556,0.860031,36920.534285,0.026363,0.002358,2.451302,7456.767,9225.815,3.171527,2.074283,0.005453,-0.046493,103,51,-13306414663.5738,44.73,1204.0,,0.7625
0,USA-AD-1321,France,FR,720852,201611,,0,0,,0,0,,0,3,-0.5283,3.0,3.0,-0.3393,6.0,6.0,-0.2412,12.0,12.0,8.62,18,7,19,2016,72,0.0,0.00222,0.00222,1.819451,6.775556,0.860031,36920.534285,0.026363,0.002358,2.451302,7456.767,9225.815,3.171527,2.074283,0.0,-0.046493,103,51,-13306414663.5738,44.73,1204.0,,0.7625
0,USA-AD-1321,France,FR,720853,201611,,0,0,,0,0,,0,0,-1.0,1.0,0.0,-1.0,1.0,0.0,-1.0,4.0,0.0,8.62,25,7,19,2016,72,,0.0,,1.819451,6.775556,0.860031,36920.534285,0.026363,0.002358,2.451302,7456.767,9225.815,3.171527,2.074283,,-0.046493,103,51,-13306414663.5738,44.73,1204.0,,0.7625
0,USA-AD-1321,France,FR,720890,201611,,0,0,-1.0,1,0,-0.9993,2,1,1761.0,1.0,3.0,20.997,2.0,5.0,3.2963,4.0,7.0,8.62,31,7,23,2016,72,,0.000747,,1.819451,6.775556,0.860031,36920.534285,0.026363,0.002358,2.451302,7456.767,9225.815,3.171527,2.074283,,-0.046493,103,51,-13306414663.5738,44.73,1204.0,975666853.0,0.7625
0,USA-AD-1321,France,FR,721070,201611,,0,0,,0,0,,0,1,-0.1392,3.0,3.0,-0.0833,6.0,6.0,0.0486,12.0,12.0,8.62,34,7,23,2016,72,,1e-06,,1.819451,6.775556,0.860031,36920.534285,0.026363,0.002358,2.451302,7456.767,9225.815,3.171527,2.074283,,-0.046493,103,51,-13306414663.5738,44.73,1204.0,8429299641.000001,0.7625
0,USA-AD-1321,France,FR,721090,201611,118.9514,1,1,134.2257,1,2,55.8862,2,3,2.3139,1.0,2.0,0.2027,4.0,4.0,0.2872,5.0,5.0,8.62,34,7,23,2016,72,,0.003083,,1.819451,6.775556,0.860031,36920.534285,0.026363,0.002358,2.451302,7456.767,9225.815,3.171527,2.074283,,-0.046493,103,51,-13306414663.5738,44.73,1204.0,1208734270.0,0.7625
0,USA-AD-1321,France,FR,721114,201611,,0,1,,0,1,,0,1,,0.0,0.0,,0.0,0.0,,0.0,1.0,8.62,25,7,19,2016,72,,0.006485,,1.819451,6.775556,0.860031,36920.534285,0.026363,0.002358,2.451302,7456.767,9225.815,3.171527,2.074283,,-0.046493,103,51,-13306414663.5738,44.73,1204.0,,0.7625
0,USA-AD-1321,France,FR,721119,201611,,0,0,,0,0,,0,0,,0.0,1.0,,0.0,1.0,-0.6543,2.0,2.0,8.62,24,7,23,2016,72,,0.0,,1.819451,6.775556,0.860031,36920.534285,0.026363,0.002358,2.451302,7456.767,9225.815,3.171527,2.074283,,-0.046493,103,51,-13306414663.5738,44.73,1204.0,2065155.0,0.7625
0,USA-AD-1321,France,FR,721190,201611,-0.3227,1,2,0.8347,4,5,0.5849,8,10,0.2616,3.0,3.0,0.3598,6.0,6.0,0.7561,10.0,11.0,8.62,33,7,23,2016,72,,0.017512,,1.819451,6.775556,0.860031,36920.534285,0.026363,0.002358,2.451302,7456.767,9225.815,3.171527,2.074283,,-0.046493,103,51,-13306414663.5738,44.73,1204.0,415818218.0,0.7625
0,USA-AD-1321,France,FR,721240,201611,,0,0,,0,0,,0,0,-0.1483,3.0,3.0,-0.568,6.0,5.0,-0.7652,12.0,10.0,8.62,34,7,23,2016,72,,0.0,,1.819451,6.775556,0.860031,36920.534285,0.026363,0.002358,2.451302,7456.767,9225.815,3.171527,2.074283,,-0.046493,103,51,-13306414663.5738,44.73,1204.0,782888592.0000001,0.7625
0,USA-AD-1321,France,FR,721491,201611,,0,0,,0,0,-1.0,1,0,,0.0,0.0,,0.0,0.0,,0.0,0.0,8.62,15,7,0,2016,72,,0.0,,1.819451,6.775556,0.860031,36920.534285,0.026363,0.002358,2.451302,7456.767,9225.815,3.171527,2.074283,,-0.046493,103,51,-13306414663.5738,44.73,1204.0,,0.7625
0,USA-AD-1321,France,FR,722511,201611,,0,0,,0,0,,0,1,2.3695,2.0,3.0,2.8312,5.0,6.0,2.4833,11.0,12.0,8.62,25,7,17,2016,72,,0.01838,,1.819451,6.775556,0.860031,36920.534285,0.026363,0.002358,2.451302,7456.767,9225.815,3.171527,2.074283,,-0.046493,103,51,-13306414663.5738,44.73,1204.0,,0.7625
0,USA-AD-1321,France,FR,722540,201611,87.6805,1,3,10.0201,3,6,0.9823,8,11,-1.0,3.0,0.0,-0.9948,3.0,1.0,-0.3309,4.0,3.0,8.62,25,7,17,2016,72,,0.018206,,1.819451,6.775556,0.860031,36920.534285,0.026363,0.002358,2.451302,7456.767,9225.815,3.171527,2.074283,,-0.046493,103,51,-13306414663.5738,44.73,1204.0,5029436982.0,0.7625
0,USA-AD-1321,France,FR,722599,201611,,0,0,,0,0,-0.9985,1,1,-1.0,1.0,0.0,279.0,1.0,1.0,-0.9999,6.0,1.0,8.62,31,7,17,2016,72,,7e-06,,1.819451,6.775556,0.860031,36920.534285,0.026363,0.002358,2.451302,7456.767,9225.815,3.171527,2.074283,,-0.046493,103,51,-13306414663.5738,44.73,1204.0,,0.7625
0,USA-AD-1321,France,FR,722699,201611,0.9328,2,3,0.2452,4,5,-0.0963,10,11,-0.9991,2.0,1.0,-0.9985,4.0,2.0,-0.941,8.0,6.0,8.62,31,7,17,2016,72,,0.042174,,1.819451,6.775556,0.860031,36920.534285,0.026363,0.002358,2.451302,7456.767,9225.815,3.171527,2.074283,,-0.046493,103,51,-13306414663.5738,44.73,1204.0,512049548.0,0.7625
0,USA-AD-1322,Germany,DE,720840,201611,,0,0,,0,0,-1.0,1,0,-1.0,1.0,0.0,-1.0,3.0,0.0,-1.0,3.0,0.0,6.56,25,7,19,2016,72,,0.0,,1.819451,6.775556,2.222222,42516.933706,0.026363,0.002358,2.451302,7595.452,8503.73,3.171527,2.074283,,-0.046493,103,51,314857603893.818,44.73,1204.0,,0.741666666666667
0,USA-AD-1322,Germany,DE,720851,201611,-0.592,3,3,-0.7171,6,6,-0.8605,12,12,-0.3016,3.0,3.0,-0.4074,6.0,6.0,-0.4715,12.0,12.0,6.56,18,7,19,2016,72,0.015995,0.004274,-0.011721,1.819451,6.775556,2.222222,42516.933706,0.026363,0.002358,2.451302,7595.452,8503.73,3.171527,2.074283,0.015995,-0.046493,103,51,314857603893.818,44.73,1204.0,,0.741666666666667
0,USA-AD-1322,Germany,DE,720852,201611,-0.8708,2,2,0.139,4,5,-0.0101,7,8,-0.5283,3.0,3.0,-0.3393,6.0,6.0,-0.2412,12.0,12.0,6.56,18,7,19,2016,72,0.00543,0.011747,0.006318,1.819451,6.775556,2.222222,42516.933706,0.026363,0.002358,2.451302,7595.452,8503.73,3.171527,2.074283,0.00543,-0.046493,103,51,314857603893.818,44.73,1204.0,,0.741666666666667
0,USA-AD-1322,Germany,DE,720853,201611,,0,0,-0.9998,2,1,-0.9936,3,3,-1.0,1.0,0.0,-1.0,1.0,0.0,-1.0,4.0,0.0,6.56,25,7,19,2016,72,,0.001446,,1.819451,6.775556,2.222222,42516.933706,0.026363,0.002358,2.451302,7595.452,8503.73,3.171527,2.074283,,-0.046493,103,51,314857603893.818,44.73,1204.0,,0.741666666666667
0,USA-AD-1322,Germany,DE,720890,201611,,0,2,873.05,1,4,-0.9357,5,4,1761.0,1.0,3.0,20.997,2.0,5.0,3.2963,4.0,7.0,6.56,31,7,23,2016,72,,0.002959,,1.819451,6.775556,2.222222,42516.933706,0.026363,0.002358,2.451302,7595.452,8503.73,3.171527,2.074283,,-0.046493,103,51,314857603893.818,44.73,1204.0,975666853.0,0.741666666666667
0,USA-AD-1322,Germany,DE,721070,201611,,0,0,,0,0,-0.9973,2,1,-0.1392,3.0,3.0,-0.0833,6.0,6.0,0.0486,12.0,12.0,6.56,34,7,23,2016,72,,2e-06,,1.819451,6.775556,2.222222,42516.933706,0.026363,0.002358,2.451302,7595.452,8503.73,3.171527,2.074283,,-0.046493,103,51,314857603893.818,44.73,1204.0,8429299641.000001,0.741666666666667
0,USA-AD-1322,Germany,DE,721090,201611,6.3533,2,3,1.2976,5,6,-0.2857,11,11,2.3139,1.0,2.0,0.2027,4.0,4.0,0.2872,5.0,5.0,6.56,34,7,23,2016,72,,0.007128,,1.819451,6.775556,2.222222,42516.933706,0.026363,0.002358,2.451302,7595.452,8503.73,3.171527,2.074283,,-0.046493,103,51,314857603893.818,44.73,1204.0,1208734270.0,0.741666666666667
0,USA-AD-1322,Germany,DE,721113,201611,,0,0,,0,1,,0,3,,0.0,0.0,,0.0,2.0,,0.0,3.0,6.56,18,7,19,2016,72,,,,1.819451,6.775556,2.222222,42516.933706,0.026363,0.002358,2.451302,7595.452,8503.73,3.171527,2.074283,,-0.046493,103,51,314857603893.818,44.73,1204.0,,0.741666666666667
0,USA-AD-1322,Germany,DE,721114,201611,,0,1,-0.9741,1,1,-0.9755,2,1,,0.0,0.0,,0.0,0.0,,0.0,1.0,6.56,25,7,19,2016,72,,0.001227,,1.819451,6.775556,2.222222,42516.933706,0.026363,0.002358,2.451302,7595.452,8503.73,3.171527,2.074283,,-0.046493,103,51,314857603893.818,44.73,1204.0,,0.741666666666667
0,USA-AD-1322,Germany,DE,721119,201611,37.1641,1,1,35.892,2,1,2.3736,3,4,,0.0,1.0,,0.0,1.0,-0.6543,2.0,2.0,6.56,24,7,23,2016,72,,0.591075,,1.819451,6.775556,2.222222,42516.933706,0.026363,0.002358,2.451302,7595.452,8503.73,3.171527,2.074283,,-0.046493,103,51,314857603893.818,44.73,1204.0,2065155.0,0.741666666666667
1,USA-AD-1322,Germany,DE,721190,201611,6.8327,2,3,1.1562,5,6,1.5108,9,11,0.2616,3.0,3.0,0.3598,6.0,6.0,0.7561,10.0,11.0,6.56,33,7,23,2016,72,,0.019534,,1.819451,6.775556,2.222222,42516.933706,0.026363,0.002358,2.451302,7595.452,8503.73,3.171527,2.074283,,-0.046493,103,51,314857603893.818,44.73,1204.0,415818218.0,0.741666666666667
0,USA-AD-1322,Germany,DE,721240,201611,0.2027,3,1,0.2074,3,2,-0.1761,6,5,-0.1483,3.0,3.0,-0.568,6.0,5.0,-0.7652,12.0,10.0,6.56,34,7,23,2016,72,,0.024487,,1.819451,6.775556,2.222222,42516.933706,0.026363,0.002358,2.451302,7595.452,8503.73,3.171527,2.074283,,-0.046493,103,51,314857603893.818,44.73,1204.0,782888592.0000001,0.741666666666667
0,USA-AD-1322,Germany,DE,721250,201611,0.1914,2,2,-0.5091,4,5,-0.3928,9,11,1.2206,3.0,3.0,0.5769,5.0,6.0,-0.0831,8.0,7.0,6.56,34,7,23,2016,72,,0.025463,,1.819451,6.775556,2.222222,42516.933706,0.026363,0.002358,2.451302,7595.452,8503.73,3.171527,2.074283,,-0.046493,103,51,314857603893.818,44.73,1204.0,733137873.0,0.741666666666667
0,USA-AD-1322,Germany,DE,721410,201611,,0,1,,0,1,6.1006,1,1,,0.0,0.0,,0.0,1.0,,0.0,1.0,6.56,12,7,0,2016,72,0.000637,0.002032,0.001396,1.819451,6.775556,2.222222,42516.933706,0.026363,0.002358,2.451302,7595.452,8503.73,3.171527,2.074283,0.000637,-0.046493,103,51,314857603893.818,44.73,1204.0,430714950.0,0.741666666666667
0,USA-AD-1322,Germany,DE,721491,201611,-1.0,1,0,-0.5204,2,1,-0.3345,3,2,,0.0,0.0,,0.0,0.0,,0.0,0.0,6.56,15,7,0,2016,72,,0.000936,,1.819451,6.775556,2.222222,42516.933706,0.026363,0.002358,2.451302,7595.452,8503.73,3.171527,2.074283,,-0.046493,103,51,314857603893.818,44.73,1204.0,,0.741666666666667
1,USA-AD-1322,Germany,DE,722511,201611,,0,0,,0,0,1.6807,1,2,2.3695,2.0,3.0,2.8312,5.0,6.0,2.4833,11.0,12.0,6.56,25,7,17,2016,72,,0.010311,,1.819451,6.775556,2.222222,42516.933706,0.026363,0.002358,2.451302,7595.452,8503.73,3.171527,2.074283,,-0.046493,103,51,314857603893.818,44.73,1204.0,,0.741666666666667
0,USA-AD-1322,Germany,DE,722519,201611,-1.0,1,0,-1.0,2,0,-0.2931,2,2,-0.3272,2.0,3.0,-0.1269,5.0,6.0,-0.1596,10.0,12.0,6.56,28,7,17,2016,72,,0.001484,,1.819451,6.775556,2.222222,42516.933706,0.026363,0.002358,2.451302,7595.452,8503.73,3.171527,2.074283,,-0.046493,103,51,314857603893.818,44.73,1204.0,,0.741666666666667
0,USA-AD-1322,Germany,DE,722540,201611,-0.4909,3,3,-0.64,6,6,-0.3737,12,12,-1.0,3.0,0.0,-0.9948,3.0,1.0,-0.3309,4.0,3.0,6.56,25,7,17,2016,72,,0.068689,,1.819451,6.775556,2.222222,42516.933706,0.026363,0.002358,2.451302,7595.452,8503.73,3.171527,2.074283,,-0.046493,103,51,314857603893.818,44.73,1204.0,5029436982.0,0.741666666666667
0,USA-AD-1322,Germany,DE,722599,201611,0.7295,2,2,-0.6345,5,3,-0.7596,7,8,-1.0,1.0,0.0,279.0,1.0,1.0,-0.9999,6.0,1.0,6.56,31,7,17,2016,72,,0.003966,,1.819451,6.775556,2.222222,42516.933706,0.026363,0.002358,2.451302,7595.452,8503.73,3.171527,2.074283,,-0.046493,103,51,314857603893.818,44.73,1204.0,,0.741666666666667
0,USA-AD-1322,Germany,DE,722619,201611,-1.0,1,0,-1.0,2,0,-1.0,2,0,-1.0,2.0,0.0,-1.0,2.0,0.0,-1.0,4.0,0.0,6.56,28,7,17,2016,72,,0.0,,1.819451,6.775556,2.222222,42516.933706,0.026363,0.002358,2.451302,7595.452,8503.73,3.171527,2.074283,,-0.046493,103,51,314857603893.818,44.73,1204.0,,0.741666666666667
0,USA-AD-1322,Germany,DE,722620,201611,0.906,2,1,2.8366,3,3,4.8897,6,6,,0.0,0.0,,0.0,0.0,,0.0,1.0,6.56,12,7,0,2016,72,0.088548,0.015021,-0.073527,1.819451,6.775556,2.222222,42516.933706,0.026363,0.002358,2.451302,7595.452,8503.73,3.171527,2.074283,0.088548,-0.046493,103,51,314857603893.818,44.73,1204.0,90285556.0,0.741666666666667
1,USA-AD-1322,Germany,DE,722691,201611,-0.9703,3,2,-0.7179,5,5,1.0423,8,11,-1.0,1.0,0.0,5.0131,2.0,2.0,2.1345,3.0,4.0,6.56,25,7,17,2016,72,,0.083023,,1.819451,6.775556,2.222222,42516.933706,0.026363,0.002358,2.451302,7595.452,8503.73,3.171527,2.074283,,-0.046493,103,51,314857603893.818,44.73,1204.0,561778544.0,0.741666666666667
0,USA-AD-1322,Germany,DE,722699,201611,2.4773,3,3,1.323,6,6,1.4054,12,12,-0.9991,2.0,1.0,-0.9985,4.0,2.0,-0.941,8.0,6.0,6.56,31,7,17,2016,72,,0.326174,,1.819451,6.775556,2.222222,42516.933706,0.026363,0.002358,2.451302,7595.452,8503.73,3.171527,2.074283,,-0.046493,103,51,314857603893.818,44.73,1204.0,512049548.0,0.741666666666667
0,USA-AD-1323,Italy,IT,720851,201611,,0,0,2.65,1,1,0.5368,2,1,-0.3016,3.0,3.0,-0.4074,6.0,6.0,-0.4715,12.0,12.0,8.34,18,7,19,2016,72,2e-06,8e-06,6e-06,1.819451,6.775556,1.236221,31077.679268,0.026363,0.002358,2.451302,8284.006,9047.517,3.171527,2.074283,2e-06,-0.046493,103,51,46449401209.0654,44.73,1204.0,,0.716666666666667
0,USA-AD-1323,Italy,IT,720852,201611,,0,0,98.5375,1,2,0.0554,2,2,-0.5283,3.0,3.0,-0.3393,6.0,6.0,-0.2412,12.0,12.0,8.34,18,7,19,2016,72,0.000507,0.000951,0.000444,1.819451,6.775556,1.236221,31077.679268,0.026363,0.002358,2.451302,8284.006,9047.517,3.171527,2.074283,0.000507,-0.046493,103,51,46449401209.0654,44.73,1204.0,,0.716666666666667
0,USA-AD-1323,Italy,IT,720890,201611,,0,0,,0,0,-0.9278,1,2,1761.0,1.0,3.0,20.997,2.0,5.0,3.2963,4.0,7.0,8.34,31,7,23,2016,72,,5.4e-05,,1.819451,6.775556,1.236221,31077.679268,0.026363,0.002358,2.451302,8284.006,9047.517,3.171527,2.074283,,-0.046493,103,51,46449401209.0654,44.73,1204.0,975666853.0,0.716666666666667
0,USA-AD-1323,Italy,IT,721070,201611,,0,0,-1.0,1,0,-1.0,1,0,-0.1392,3.0,3.0,-0.0833,6.0,6.0,0.0486,12.0,12.0,8.34,34,7,23,2016,72,,0.0,,1.819451,6.775556,1.236221,31077.679268,0.026363,0.002358,2.451302,8284.006,9047.517,3.171527,2.074283,,-0.046493,103,51,46449401209.0654,44.73,1204.0,8429299641.000001,0.716666666666667
0,USA-AD-1323,Italy,IT,721114,201611,,0,0,,0,0,,0,0,,0.0,0.0,,0.0,0.0,,0.0,1.0,8.34,25,7,19,2016,72,,0.0,,1.819451,6.775556,1.236221,31077.679268,0.026363,0.002358,2.451302,8284.006,9047.517,3.171527,2.074283,,-0.046493,103,51,46449401209.0654,44.73,1204.0,,0.716666666666667
0,USA-AD-1323,Italy,IT,721119,201611,,0,0,,0,1,4051.0,1,1,,0.0,1.0,,0.0,1.0,-0.6543,2.0,2.0,8.34,24,7,23,2016,72,,0.065118,,1.819451,6.775556,1.236221,31077.679268,0.026363,0.002358,2.451302,8284.006,9047.517,3.171527,2.074283,,-0.046493,103,51,46449401209.0654,44.73,1204.0,2065155.0,0.716666666666667
1,USA-AD-1323,Italy,IT,721190,201611,,0,0,-1.0,1,0,17.5616,2,3,0.2616,3.0,3.0,0.3598,6.0,6.0,0.7561,10.0,11.0,8.34,33,7,23,2016,72,,0.0011,,1.819451,6.775556,1.236221,31077.679268,0.026363,0.002358,2.451302,8284.006,9047.517,3.171527,2.074283,,-0.046493,103,51,46449401209.0654,44.73,1204.0,415818218.0,0.716666666666667
0,USA-AD-1323,Italy,IT,721240,201611,,0,0,,0,0,,0,0,-0.1483,3.0,3.0,-0.568,6.0,5.0,-0.7652,12.0,10.0,8.34,34,7,23,2016,72,,0.0,,1.819451,6.775556,1.236221,31077.679268,0.026363,0.002358,2.451302,8284.006,9047.517,3.171527,2.074283,,-0.046493,103,51,46449401209.0654,44.73,1204.0,782888592.0000001,0.716666666666667
0,USA-AD-1323,Italy,IT,721250,201611,-1.0,1,0,176.9214,1,1,0.6768,3,2,1.2206,3.0,3.0,0.5769,5.0,6.0,-0.0831,8.0,7.0,8.34,34,7,23,2016,72,,0.031235,,1.819451,6.775556,1.236221,31077.679268,0.026363,0.002358,2.451302,8284.006,9047.517,3.171527,2.074283,,-0.046493,103,51,46449401209.0654,44.73,1204.0,733137873.0,0.716666666666667
0,USA-AD-1323,Italy,IT,721410,201611,-1.0,1,0,-1.0,1,0,-1.0,1,0,,0.0,0.0,,0.0,1.0,,0.0,1.0,8.34,12,7,0,2016,72,0.000644,0.0,-0.000644,1.819451,6.775556,1.236221,31077.679268,0.026363,0.002358,2.451302,8284.006,9047.517,3.171527,2.074283,0.000644,-0.046493,103,51,46449401209.0654,44.73,1204.0,430714950.0,0.716666666666667
0,USA-AD-1323,Italy,IT,722511,201611,,0,0,,0,0,,0,1,2.3695,2.0,3.0,2.8312,5.0,6.0,2.4833,11.0,12.0,8.34,25,7,17,2016,72,,7e-06,,1.819451,6.775556,1.236221,31077.679268,0.026363,0.002358,2.451302,8284.006,9047.517,3.171527,2.074283,,-0.046493,103,51,46449401209.0654,44.73,1204.0,,0.716666666666667
0,USA-AD-1323,Italy,IT,722519,201611,,0,0,,0,0,,0,0,-0.3272,2.0,3.0,-0.1269,5.0,6.0,-0.1596,10.0,12.0,8.34,28,7,17,2016,72,,0.0,,1.819451,6.775556,1.236221,31077.679268,0.026363,0.002358,2.451302,8284.006,9047.517,3.171527,2.074283,,-0.046493,103,51,46449401209.0654,44.73,1204.0,,0.716666666666667
0,USA-AD-1323,Italy,IT,722540,201611,-1.0,1,0,172.5429,1,1,172.5429,1,1,-1.0,3.0,0.0,-0.9948,3.0,1.0,-0.3309,4.0,3.0,8.34,25,7,17,2016,72,,5.9e-05,,1.819451,6.775556,1.236221,31077.679268,0.026363,0.002358,2.451302,8284.006,9047.517,3.171527,2.074283,,-0.046493,103,51,46449401209.0654,44.73,1204.0,5029436982.0,0.716666666666667
0,USA-AD-1323,Italy,IT,722599,201611,,0,0,,0,0,-1.0,3,0,-1.0,1.0,0.0,279.0,1.0,1.0,-0.9999,6.0,1.0,8.34,31,7,17,2016,72,,0.0,,1.819451,6.775556,1.236221,31077.679268,0.026363,0.002358,2.451302,8284.006,9047.517,3.171527,2.074283,,-0.046493,103,51,46449401209.0654,44.73,1204.0,,0.716666666666667
0,USA-AD-1323,Italy,IT,722699,201611,,0,0,,0,1,139.3,1,1,-0.9991,2.0,1.0,-0.9985,4.0,2.0,-0.941,8.0,6.0,8.34,31,7,17,2016,72,,0.003325,,1.819451,6.775556,1.236221,31077.679268,0.026363,0.002358,2.451302,8284.006,9047.517,3.171527,2.074283,,-0.046493,103,51,46449401209.0654,44.73,1204.0,512049548.0,0.716666666666667
0,USA-AD-1324,Japan,JP,720840,201611,,0,0,-1.0,2,0,-0.7621,2,2,-1.0,1.0,0.0,-1.0,3.0,0.0,-1.0,3.0,0.0,14.96,25,7,19,2016,72,,0.743478,,1.819451,6.775556,0.753827,35242.199377,0.026363,-0.101212,2.451302,10286.19,951.7373,3.171527,2.074283,,-0.046493,103,51,197049392532.181,44.73,1204.0,,0.6875
0,USA-AD-1324,Japan,JP,720851,201611,-0.1384,3,3,-0.304,6,6,-0.4318,12,12,-0.3016,3.0,3.0,-0.4074,6.0,6.0,-0.4715,12.0,12.0,14.96,18,7,19,2016,72,0.409636,0.445027,0.035391,1.819451,6.775556,0.753827,35242.199377,0.026363,-0.101212,2.451302,10286.19,951.7373,3.171527,2.074283,0.409636,-0.046493,103,51,197049392532.181,44.73,1204.0,,0.6875
0,USA-AD-1324,Japan,JP,720852,201611,-0.8672,3,3,-0.855,6,6,-0.6896,12,12,-0.5283,3.0,3.0,-0.3393,6.0,6.0,-0.2412,12.0,12.0,14.96,18,7,19,2016,72,0.589257,0.425176,-0.16408,1.819451,6.775556,0.753827,35242.199377,0.026363,-0.101212,2.451302,10286.19,951.7373,3.171527,2.074283,0.589257,-0.046493,103,51,197049392532.181,44.73,1204.0,,0.6875
0,USA-AD-1324,Japan,JP,720853,201611,-0.1477,2,1,-0.0723,3,3,0.0336,6,6,-1.0,1.0,0.0,-1.0,1.0,0.0,-1.0,4.0,0.0,14.96,25,7,19,2016,72,,0.098546,,1.819451,6.775556,0.753827,35242.199377,0.026363,-0.101212,2.451302,10286.19,951.7373,3.171527,2.074283,,-0.046493,103,51,197049392532.181,44.73,1204.0,,0.6875
0,USA-AD-1324,Japan,JP,720890,201611,0.2181,3,3,0.1206,6,6,-0.2127,12,12,1761.0,1.0,3.0,20.997,2.0,5.0,3.2963,4.0,7.0,14.96,31,7,23,2016,72,,0.452797,,1.819451,6.775556,0.753827,35242.199377,0.026363,-0.101212,2.451302,10286.19,951.7373,3.171527,2.074283,,-0.046493,103,51,197049392532.181,44.73,1204.0,975666853.0,0.6875
0,USA-AD-1324,Japan,JP,721070,201611,-0.026,1,2,0.958,2,5,-0.1268,6,9,-0.1392,3.0,3.0,-0.0833,6.0,6.0,0.0486,12.0,12.0,14.96,34,7,23,2016,72,,0.002936,,1.819451,6.775556,0.753827,35242.199377,0.026363,-0.101212,2.451302,10286.19,951.7373,3.171527,2.074283,,-0.046493,103,51,197049392532.181,44.73,1204.0,8429299641.000001,0.6875
0,USA-AD-1324,Japan,JP,721090,201611,-0.2407,3,3,-0.3054,6,6,-0.4861,12,12,2.3139,1.0,2.0,0.2027,4.0,4.0,0.2872,5.0,5.0,14.96,34,7,23,2016,72,,0.366231,,1.819451,6.775556,0.753827,35242.199377,0.026363,-0.101212,2.451302,10286.19,951.7373,3.171527,2.074283,,-0.046493,103,51,197049392532.181,44.73,1204.0,1208734270.0,0.6875
0,USA-AD-1324,Japan,JP,721114,201611,,0,0,,0,1,,0,4,,0.0,0.0,,0.0,0.0,,0.0,1.0,14.96,25,7,19,2016,72,,0.208075,,1.819451,6.775556,0.753827,35242.199377,0.026363,-0.101212,2.451302,10286.19,951.7373,3.171527,2.074283,,-0.046493,103,51,197049392532.181,44.73,1204.0,,0.6875
0,USA-AD-1324,Japan,JP,721119,201611,1.2586,2,1,-0.9951,4,1,-0.8753,7,5,,0.0,1.0,,0.0,1.0,-0.6543,2.0,2.0,14.96,24,7,23,2016,72,,0.263557,,1.819451,6.775556,0.753827,35242.199377,0.026363,-0.101212,2.451302,10286.19,951.7373,3.171527,2.074283,,-0.046493,103,51,197049392532.181,44.73,1204.0,2065155.0,0.6875
1,USA-AD-1324,Japan,JP,721190,201611,-0.1918,3,3,1.5318,6,6,0.5917,12,12,0.2616,3.0,3.0,0.3598,6.0,6.0,0.7561,10.0,11.0,14.96,33,7,23,2016,72,,0.168514,,1.819451,6.775556,0.753827,35242.199377,0.026363,-0.101212,2.451302,10286.19,951.7373,3.171527,2.074283,,-0.046493,103,51,197049392532.181,44.73,1204.0,415818218.0,0.6875
0,USA-AD-1324,Japan,JP,721240,201611,-0.6269,3,3,0.9189,6,6,1.1468,12,12,-0.1483,3.0,3.0,-0.568,6.0,5.0,-0.7652,12.0,10.0,14.96,34,7,23,2016,72,,0.72644,,1.819451,6.775556,0.753827,35242.199377,0.026363,-0.101212,2.451302,10286.19,951.7373,3.171527,2.074283,,-0.046493,103,51,197049392532.181,44.73,1204.0,782888592.0000001,0.6875
0,USA-AD-1324,Japan,JP,721250,201611,-0.3152,3,3,-0.3583,6,6,-0.3737,12,12,1.2206,3.0,3.0,0.5769,5.0,6.0,-0.0831,8.0,7.0,14.96,34,7,23,2016,72,,1.221319,,1.819451,6.775556,0.753827,35242.199377,0.026363,-0.101212,2.451302,10286.19,951.7373,3.171527,2.074283,,-0.046493,103,51,197049392532.181,44.73,1204.0,733137873.0,0.6875
0,USA-AD-1324,Japan,JP,721410,201611,21.7889,2,2,22.6941,4,5,36.6597,6,11,,0.0,0.0,,0.0,1.0,,0.0,1.0,14.96,12,7,0,2016,72,0.024084,0.355651,0.331567,1.819451,6.775556,0.753827,35242.199377,0.026363,-0.101212,2.451302,10286.19,951.7373,3.171527,2.074283,0.024084,-0.046493,103,51,197049392532.181,44.73,1204.0,430714950.0,0.6875
0,USA-AD-1324,Japan,JP,721430,201611,-0.1014,3,3,-0.2843,5,6,0.1012,11,12,,0.0,0.0,,0.0,0.0,,0.0,0.0,14.96,15,7,24,2016,72,0.29548,0.443846,0.148366,1.819451,6.775556,0.753827,35242.199377,0.026363,-0.101212,2.451302,10286.19,951.7373,3.171527,2.074283,0.29548,-0.046493,103,51,197049392532.181,44.73,1204.0,261345950.0,0.6875
0,USA-AD-1324,Japan,JP,721491,201611,0.3572,3,3,-0.288,6,4,-0.7742,12,7,,0.0,0.0,,0.0,0.0,,0.0,0.0,14.96,15,7,0,2016,72,,4.501029,,1.819451,6.775556,0.753827,35242.199377,0.026363,-0.101212,2.451302,10286.19,951.7373,3.171527,2.074283,,-0.046493,103,51,197049392532.181,44.73,1204.0,,0.6875
0,USA-AD-1324,Japan,JP,722511,201611,0.2036,3,3,0.4077,6,6,0.3176,12,12,2.3695,2.0,3.0,2.8312,5.0,6.0,2.4833,11.0,12.0,14.96,25,7,17,2016,72,,1.113879,,1.819451,6.775556,0.753827,35242.199377,0.026363,-0.101212,2.451302,10286.19,951.7373,3.171527,2.074283,,-0.046493,103,51,197049392532.181,44.73,1204.0,,0.6875
0,USA-AD-1324,Japan,JP,722519,201611,-0.0994,3,3,0.0008,6,6,0.1756,12,12,-0.3272,2.0,3.0,-0.1269,5.0,6.0,-0.1596,10.0,12.0,14.96,28,7,17,2016,72,,0.133323,,1.819451,6.775556,0.753827,35242.199377,0.026363,-0.101212,2.451302,10286.19,951.7373,3.171527,2.074283,,-0.046493,103,51,197049392532.181,44.73,1204.0,,0.6875
0,USA-AD-1324,Japan,JP,722540,201611,1.0252,3,3,0.442,6,6,0.1566,12,12,-1.0,3.0,0.0,-0.9948,3.0,1.0,-0.3309,4.0,3.0,14.96,25,7,17,2016,72,,0.262386,,1.819451,6.775556,0.753827,35242.199377,0.026363,-0.101212,2.451302,10286.19,951.7373,3.171527,2.074283,,-0.046493,103,51,197049392532.181,44.73,1204.0,5029436982.0,0.6875
0,USA-AD-1324,Japan,JP,722599,201611,1.3,2,3,2.1867,5,6,0.9764,10,11,-1.0,1.0,0.0,279.0,1.0,1.0,-0.9999,6.0,1.0,14.96,31,7,17,2016,72,,0.053051,,1.819451,6.775556,0.753827,35242.199377,0.026363,-0.101212,2.451302,10286.19,951.7373,3.171527,2.074283,,-0.046493,103,51,197049392532.181,44.73,1204.0,,0.6875
0,USA-AD-1324,Japan,JP,722611,201611,0.1819,3,3,0.0318,6,6,-0.069,12,12,,0.0,0.0,,0.0,0.0,228.08,2.0,2.0,14.96,25,7,17,2016,72,,1.374185,,1.819451,6.775556,0.753827,35242.199377,0.026363,-0.101212,2.451302,10286.19,951.7373,3.171527,2.074283,,-0.046493,103,51,197049392532.181,44.73,1204.0,,0.6875
0,USA-AD-1324,Japan,JP,722619,201611,0.0077,3,3,0.2317,6,6,0.1441,12,12,-1.0,2.0,0.0,-1.0,2.0,0.0,-1.0,4.0,0.0,14.96,28,7,17,2016,72,,0.99463,,1.819451,6.775556,0.753827,35242.199377,0.026363,-0.101212,2.451302,10286.19,951.7373,3.171527,2.074283,,-0.046493,103,51,197049392532.181,44.73,1204.0,,0.6875
0,USA-AD-1324,Japan,JP,722620,201611,-0.1902,3,3,0.1613,6,6,0.8729,12,12,,0.0,0.0,,0.0,0.0,,0.0,1.0,14.96,12,7,0,2016,72,0.585807,0.582498,-0.003309,1.819451,6.775556,0.753827,35242.199377,0.026363,-0.101212,2.451302,10286.19,951.7373,3.171527,2.074283,0.585807,-0.046493,103,51,197049392532.181,44.73,1204.0,90285556.0,0.6875
0,USA-AD-1324,Japan,JP,722691,201611,-0.283,3,3,-0.2485,6,6,-0.8886,12,12,-1.0,1.0,0.0,5.0131,2.0,2.0,2.1345,3.0,4.0,14.96,25,7,17,2016,72,,0.407815,,1.819451,6.775556,0.753827,35242.199377,0.026363,-0.101212,2.451302,10286.19,951.7373,3.171527,2.074283,,-0.046493,103,51,197049392532.181,44.73,1204.0,561778544.0,0.6875
0,USA-AD-1324,Japan,JP,722699,201611,0.1405,3,3,0.1563,6,6,-0.4265,12,12,-0.9991,2.0,1.0,-0.9985,4.0,2.0,-0.941,8.0,6.0,14.96,31,7,17,2016,72,,0.610425,,1.819451,6.775556,0.753827,35242.199377,0.026363,-0.101212,2.451302,10286.19,951.7373,3.171527,2.074283,,-0.046493,103,51,197049392532.181,44.73,1204.0,512049548.0,0.6875
0,USA-AD-1326,South Africa,ZA,720851,201609,,0,0,,0,0,,0,0,-0.113,3.0,3.0,-0.3719,6.0,6.0,-0.354,12.0,12.0,87.72,18,5,19,2016,72,0.0,,,1.819451,6.775556,0.664552,6095.29506,0.026363,0.152887,2.451302,14418.61,12792.46,3.171527,2.074283,0.0,-0.046493,105,51,-8521994957.00947,46.57,875.0,,0.435344827586207
0,USA-AD-1326,South Africa,ZA,721070,201609,,0,0,,0,0,,0,0,0.1788,3.0,3.0,0.0808,6.0,6.0,0.2413,12.0,12.0,87.72,34,5,23,2016,72,,,,1.819451,6.775556,0.664552,6095.29506,0.026363,0.152887,2.451302,14418.61,12792.46,3.171527,2.074283,,-0.046493,105,51,-8521994957.00947,46.57,875.0,8429299641.000001,0.435344827586207
0,USA-AD-1326,South Africa,ZA,721114,201609,,0,0,,0,0,-1.0,1,0,,0.0,0.0,,0.0,0.0,,0.0,0.0,87.72,25,5,19,2016,72,,,,1.819451,6.775556,0.664552,6095.29506,0.026363,0.152887,2.451302,14418.61,12792.46,3.171527,2.074283,,-0.046493,105,51,-8521994957.00947,46.57,875.0,,0.435344827586207
1,USA-AD-1326,South Africa,ZA,721190,201609,,0,0,-1.0,1,0,56.8462,1,1,0.8265,3.0,3.0,1.6748,5.0,6.0,2.4784,8.0,12.0,87.72,33,5,23,2016,72,,,,1.819451,6.775556,0.664552,6095.29506,0.026363,0.152887,2.451302,14418.61,12792.46,3.171527,2.074283,,-0.046493,105,51,-8521994957.00947,46.57,875.0,415818218.0,0.435344827586207
0,USA-AD-1326,South Africa,ZA,721240,201609,,0,0,,0,0,,0,0,-0.0675,3.0,3.0,-0.4335,6.0,6.0,-0.6925,12.0,10.0,87.72,34,5,23,2016,72,,,,1.819451,6.775556,0.664552,6095.29506,0.026363,0.152887,2.451302,14418.61,12792.46,3.171527,2.074283,,-0.046493,105,51,-8521994957.00947,46.57,875.0,782888592.0000001,0.435344827586207
0,USA-AD-1326,South Africa,ZA,722511,201609,,0,0,,0,0,,0,0,2.5944,2.0,3.0,3.0307,5.0,6.0,2.1584,11.0,12.0,87.72,25,5,17,2016,72,,,,1.819451,6.775556,0.664552,6095.29506,0.026363,0.152887,2.451302,14418.61,12792.46,3.171527,2.074283,,-0.046493,105,51,-8521994957.00947,46.57,875.0,,0.435344827586207
0,USA-AD-1326,South Africa,ZA,722611,201609,,0,0,,0,0,,0,0,,0.0,0.0,-1.0,2.0,0.0,228.08,2.0,2.0,87.72,25,5,17,2016,72,,,,1.819451,6.775556,0.664552,6095.29506,0.026363,0.152887,2.451302,14418.61,12792.46,3.171527,2.074283,,-0.046493,105,51,-8521994957.00947,46.57,875.0,,0.435344827586207
0,USA-AD-1327,Taiwan,TW,720851,201611,,0,0,-0.6914,1,1,-0.6914,1,1,-0.3016,3.0,3.0,-0.4074,6.0,6.0,-0.4715,12.0,12.0,3.51,18,7,19,2016,72,7.7e-05,3e-06,-7.4e-05,1.819451,6.775556,,,0.026363,,2.451302,12155.88,1520.398,3.171527,2.074283,7.7e-05,-0.046493,103,51,,44.73,1204.0,,
0,USA-AD-1327,Taiwan,TW,720852,201611,,0,0,,0,0,,0,0,-0.5283,3.0,3.0,-0.3393,6.0,6.0,-0.2412,12.0,12.0,3.51,18,7,19,2016,72,0.0,0.0,0.0,1.819451,6.775556,,,0.026363,,2.451302,12155.88,1520.398,3.171527,2.074283,0.0,-0.046493,103,51,,44.73,1204.0,,
0,USA-AD-1327,Taiwan,TW,720890,201611,,0,0,-1.0,1,0,-1.0,5,0,1761.0,1.0,3.0,20.997,2.0,5.0,3.2963,4.0,7.0,3.51,31,7,23,2016,72,,0.0,,1.819451,6.775556,,,0.026363,,2.451302,12155.88,1520.398,3.171527,2.074283,,-0.046493,103,51,,44.73,1204.0,975666853.0,
0,USA-AD-1327,Taiwan,TW,721070,201611,,0,0,,0,0,-1.0,1,0,-0.1392,3.0,3.0,-0.0833,6.0,6.0,0.0486,12.0,12.0,3.51,34,7,23,2016,72,,0.0,,1.819451,6.775556,,,0.026363,,2.451302,12155.88,1520.398,3.171527,2.074283,,-0.046493,103,51,,44.73,1204.0,8429299641.000001,
0,USA-AD-1327,Taiwan,TW,721090,201611,0.1253,3,3,0.4935,5,6,0.6502,9,12,2.3139,1.0,2.0,0.2027,4.0,4.0,0.2872,5.0,5.0,3.51,34,7,23,2016,72,,0.05848,,1.819451,6.775556,,,0.026363,,2.451302,12155.88,1520.398,3.171527,2.074283,,-0.046493,103,51,,44.73,1204.0,1208734270.0,
0,USA-AD-1327,Taiwan,TW,721114,201611,,0,0,,0,0,,0,0,,0.0,0.0,,0.0,0.0,,0.0,1.0,3.51,25,7,19,2016,72,,0.0,,1.819451,6.775556,,,0.026363,,2.451302,12155.88,1520.398,3.171527,2.074283,,-0.046493,103,51,,44.73,1204.0,,
0,USA-AD-1327,Taiwan,TW,721119,201611,1.7027,1,3,0.6753,4,4,0.37,9,7,,0.0,1.0,,0.0,1.0,-0.6543,2.0,2.0,3.51,24,7,23,2016,72,,0.521728,,1.819451,6.775556,,,0.026363,,2.451302,12155.88,1520.398,3.171527,2.074283,,-0.046493,103,51,,44.73,1204.0,2065155.0,
1,USA-AD-1327,Taiwan,TW,721190,201611,-1.0,1,0,-1.0,1,0,8.0,1,1,0.2616,3.0,3.0,0.3598,6.0,6.0,0.7561,10.0,11.0,3.51,33,7,23,2016,72,,0.000295,,1.819451,6.775556,,,0.026363,,2.451302,12155.88,1520.398,3.171527,2.074283,,-0.046493,103,51,,44.73,1204.0,415818218.0,
0,USA-AD-1327,Taiwan,TW,721240,201611,,0,1,,0,1,,0,1,-0.1483,3.0,3.0,-0.568,6.0,5.0,-0.7652,12.0,10.0,3.51,34,7,23,2016,72,,3.6e-05,,1.819451,6.775556,,,0.026363,,2.451302,12155.88,1520.398,3.171527,2.074283,,-0.046493,103,51,,44.73,1204.0,782888592.0000001,
0,USA-AD-1327,Taiwan,TW,721250,201611,,0,0,,0,0,,0,0,1.2206,3.0,3.0,0.5769,5.0,6.0,-0.0831,8.0,7.0,3.51,34,7,23,2016,72,,0.0,,1.819451,6.775556,,,0.026363,,2.451302,12155.88,1520.398,3.171527,2.074283,,-0.046493,103,51,,44.73,1204.0,733137873.0,
0,USA-AD-1327,Taiwan,TW,721410,201611,,0,0,,0,1,,0,1,,0.0,0.0,,0.0,1.0,,0.0,1.0,3.51,12,7,0,2016,72,0.0,0.00114,0.00114,1.819451,6.775556,,,0.026363,,2.451302,12155.88,1520.398,3.171527,2.074283,0.0,-0.046493,103,51,,44.73,1204.0,430714950.0,
0,USA-AD-1327,Taiwan,TW,721430,201611,0.0072,1,1,-0.4938,2,1,-0.6627,3,1,,0.0,0.0,,0.0,0.0,,0.0,0.0,3.51,15,7,24,2016,72,0.029619,0.013923,-0.015696,1.819451,6.775556,,,0.026363,,2.451302,12155.88,1520.398,3.171527,2.074283,0.029619,-0.046493,103,51,,44.73,1204.0,261345950.0,
1,USA-AD-1327,Taiwan,TW,722511,201611,-0.7715,3,3,0.1785,6,6,0.5462,9,12,2.3695,2.0,3.0,2.8312,5.0,6.0,2.4833,11.0,12.0,3.51,25,7,17,2016,72,,0.199616,,1.819451,6.775556,,,0.026363,,2.451302,12155.88,1520.398,3.171527,2.074283,,-0.046493,103,51,,44.73,1204.0,,
0,USA-AD-1327,Taiwan,TW,722519,201611,1.318,1,3,0.6283,3,4,-0.4759,9,7,-0.3272,2.0,3.0,-0.1269,5.0,6.0,-0.1596,10.0,12.0,3.51,28,7,17,2016,72,,0.025003,,1.819451,6.775556,,,0.026363,,2.451302,12155.88,1520.398,3.171527,2.074283,,-0.046493,103,51,,44.73,1204.0,,
0,USA-AD-1327,Taiwan,TW,722540,201611,,0,0,,0,0,,0,0,-1.0,3.0,0.0,-0.9948,3.0,1.0,-0.3309,4.0,3.0,3.51,25,7,17,2016,72,,0.0,,1.819451,6.775556,,,0.026363,,2.451302,12155.88,1520.398,3.171527,2.074283,,-0.046493,103,51,,44.73,1204.0,5029436982.0,
0,USA-AD-1327,Taiwan,TW,722599,201611,,0,1,-0.6156,1,1,-0.6156,1,1,-1.0,1.0,0.0,279.0,1.0,1.0,-0.9999,6.0,1.0,3.51,31,7,17,2016,72,,0.0002,,1.819451,6.775556,,,0.026363,,2.451302,12155.88,1520.398,3.171527,2.074283,,-0.046493,103,51,,44.73,1204.0,,
0,USA-AD-1327,Taiwan,TW,722611,201611,0.01,1,1,-0.495,2,1,-0.495,2,1,,0.0,0.0,,0.0,0.0,228.08,2.0,2.0,3.51,25,7,17,2016,72,,0.026807,,1.819451,6.775556,,,0.026363,,2.451302,12155.88,1520.398,3.171527,2.074283,,-0.046493,103,51,,44.73,1204.0,,
0,USA-AD-1327,Taiwan,TW,722619,201611,,0,1,,0,1,,0,1,-1.0,2.0,0.0,-1.0,2.0,0.0,-1.0,4.0,0.0,3.51,28,7,17,2016,72,,0.000142,,1.819451,6.775556,,,0.026363,,2.451302,12155.88,1520.398,3.171527,2.074283,,-0.046493,103,51,,44.73,1204.0,,
0,USA-AD-1327,Taiwan,TW,722620,201611,,0,0,,0,0,,0,1,,0.0,0.0,,0.0,0.0,,0.0,1.0,3.51,12,7,0,2016,72,0.0,0.00023,0.00023,1.819451,6.775556,,,0.026363,,2.451302,12155.88,1520.398,3.171527,2.074283,0.0,-0.046493,103,51,,44.73,1204.0,90285556.0,
0,USA-AD-1327,Taiwan,TW,722691,201611,,0,0,,0,0,,0,0,-1.0,1.0,0.0,5.0131,2.0,2.0,2.1345,3.0,4.0,3.51,25,7,17,2016,72,,0.0,,1.819451,6.775556,,,0.026363,,2.451302,12155.88,1520.398,3.171527,2.074283,,-0.046493,103,51,,44.73,1204.0,561778544.0,
0,USA-AD-1327,Taiwan,TW,722699,201611,,0,1,,0,1,,0,2,-0.9991,2.0,1.0,-0.9985,4.0,2.0,-0.941,8.0,6.0,3.51,31,7,17,2016,72,,1.5e-05,,1.819451,6.775556,,,0.026363,,2.451302,12155.88,1520.398,3.171527,2.074283,,-0.046493,103,51,,44.73,1204.0,512049548.0,
0,USA-AD-1328,Turkey,TR,720851,201609,,0,0,,0,0,-1.0,1,0,-0.113,3.0,3.0,-0.3719,6.0,6.0,-0.354,12.0,12.0,42.02,18,5,19,2016,72,5e-05,,,1.819451,6.775556,3.323665,11279.616953,0.026363,0.11034,2.451302,9705.772,7937.729,3.171527,2.074283,5e-05,-0.046493,105,51,-22165000000.0,46.57,875.0,,0.651260504201681
0,USA-AD-1328,Turkey,TR,720852,201609,,0,0,,0,0,,0,0,-0.7573,3.0,3.0,-0.7583,6.0,6.0,-0.3715,12.0,12.0,42.02,18,5,19,2016,72,0.0,,,1.819451,6.775556,3.323665,11279.616953,0.026363,0.11034,2.451302,9705.772,7937.729,3.171527,2.074283,0.0,-0.046493,105,51,-22165000000.0,46.57,875.0,,0.651260504201681
0,USA-AD-1328,Turkey,TR,721070,201609,,0,0,,0,0,,0,0,0.1788,3.0,3.0,0.0808,6.0,6.0,0.2413,12.0,12.0,42.02,34,5,23,2016,72,,,,1.819451,6.775556,3.323665,11279.616953,0.026363,0.11034,2.451302,9705.772,7937.729,3.171527,2.074283,,-0.046493,105,51,-22165000000.0,46.57,875.0,8429299641.000001,0.651260504201681
0,USA-AD-1328,Turkey,TR,721090,201609,-1.0,1,0,-1.0,1,0,-1.0,1,0,-0.7296,2.0,2.0,0.1034,3.0,4.0,0.5547,6.0,6.0,42.02,34,5,23,2016,72,,,,1.819451,6.775556,3.323665,11279.616953,0.026363,0.11034,2.451302,9705.772,7937.729,3.171527,2.074283,,-0.046493,105,51,-22165000000.0,46.57,875.0,1208734270.0,0.651260504201681
0,USA-AD-1328,Turkey,TR,721113,201609,,0,0,,0,1,,0,1,,0.0,0.0,,0.0,1.0,,0.0,3.0,42.02,18,5,19,2016,72,0.0,0.034453,0.034453,1.819451,6.775556,3.323665,11279.616953,0.026363,0.11034,2.451302,9705.772,7937.729,3.171527,2.074283,0.0,-0.046493,105,51,-22165000000.0,46.57,875.0,,0.651260504201681
0,USA-AD-1328,Turkey,TR,721190,201609,,0,0,,0,0,-1.0,1,0,0.8265,3.0,3.0,1.6748,5.0,6.0,2.4784,8.0,12.0,42.02,33,5,23,2016,72,,,,1.819451,6.775556,3.323665,11279.616953,0.026363,0.11034,2.451302,9705.772,7937.729,3.171527,2.074283,,-0.046493,105,51,-22165000000.0,46.57,875.0,415818218.0,0.651260504201681
0,USA-AD-1328,Turkey,TR,721240,201609,,0,1,,0,1,,0,3,-0.0675,3.0,3.0,-0.4335,6.0,6.0,-0.6925,12.0,10.0,42.02,34,5,23,2016,72,,,,1.819451,6.775556,3.323665,11279.616953,0.026363,0.11034,2.451302,9705.772,7937.729,3.171527,2.074283,,-0.046493,105,51,-22165000000.0,46.57,875.0,782888592.0000001,0.651260504201681
0,USA-AD-1328,Turkey,TR,721250,201609,,0,0,,0,0,,0,0,1.9134,2.0,3.0,0.6383,4.0,6.0,0.0264,8.0,9.0,42.02,34,5,23,2016,72,,,,1.819451,6.775556,3.323665,11279.616953,0.026363,0.11034,2.451302,9705.772,7937.729,3.171527,2.074283,,-0.046493,105,51,-22165000000.0,46.57,875.0,733137873.0,0.651260504201681
0,USA-AD-1328,Turkey,TR,722511,201609,,0,0,,0,0,,0,0,2.5944,2.0,3.0,3.0307,5.0,6.0,2.1584,11.0,12.0,42.02,25,5,17,2016,72,,,,1.819451,6.775556,3.323665,11279.616953,0.026363,0.11034,2.451302,9705.772,7937.729,3.171527,2.074283,,-0.046493,105,51,-22165000000.0,46.57,875.0,,0.651260504201681
0,USA-AD-1328,Turkey,TR,722519,201609,,0,0,,0,0,,0,0,3.9232,2.0,3.0,0.2818,5.0,6.0,0.1601,10.0,12.0,42.02,28,5,17,2016,72,,,,1.819451,6.775556,3.323665,11279.616953,0.026363,0.11034,2.451302,9705.772,7937.729,3.171527,2.074283,,-0.046493,105,51,-22165000000.0,46.57,875.0,,0.651260504201681
0,USA-AD-1328,Turkey,TR,722540,201609,,0,0,,0,0,,0,0,5.3402,1.0,2.0,5.2677,2.0,2.0,9.2402,2.0,4.0,42.02,25,5,17,2016,72,,,,1.819451,6.775556,3.323665,11279.616953,0.026363,0.11034,2.451302,9705.772,7937.729,3.171527,2.074283,,-0.046493,105,51,-22165000000.0,46.57,875.0,5029436982.0,0.651260504201681
0,USA-AD-1328,Turkey,TR,722611,201609,,0,0,,0,0,,0,0,,0.0,0.0,-1.0,2.0,0.0,228.08,2.0,2.0,42.02,25,5,17,2016,72,,,,1.819451,6.775556,3.323665,11279.616953,0.026363,0.11034,2.451302,9705.772,7937.729,3.171527,2.074283,,-0.046493,105,51,-22165000000.0,46.57,875.0,,0.651260504201681
0,USA-AD-1328,Turkey,TR,722699,201609,,0,1,,0,1,,0,1,-0.8962,2.0,2.0,-0.9428,4.0,3.0,-0.9216,7.0,7.0,42.02,31,5,17,2016,72,,,,1.819451,6.775556,3.323665,11279.616953,0.026363,0.11034,2.451302,9705.772,7937.729,3.171527,2.074283,,-0.046493,105,51,-22165000000.0,46.57,875.0,512049548.0,0.651260504201681
0,USA-AD-1329,China,CN,310221,201611,0.2863,3,3,0.9708,6,6,0.2513,12,12,,0.0,0.0,,0.0,1.0,-0.9999,1.0,1.0,493.46,1,5,0,2016,31,0.650008,0.248055,-0.401953,1.819451,6.775556,6.775556,8679.377045,0.026363,0.066959,2.451302,11183.43,1168.165,3.171527,2.074283,0.650008,-0.046493,103,51,191337035941.993,44.73,1204.0,1993561717.0,0.390756302521008
0,USA-AD-1341,China,CN,441210,201706,-0.4798,3,3,-0.4982,6,6,-0.2659,12,12,,0.0,2.0,-0.9531,1.0,3.0,45.6771,2.0,5.0,114.72,1,7,4,2017,44,0.739562,0.93987,0.200308,2.457622,6.891266,6.891266,9221.514038,-0.025644,0.017199,2.491161,11183.43,1168.165,3.433192,4.255003,0.739562,0.039217,96,37,188676126121.161,46.37,901.0,,0.30952380952381
0,USA-AD-1341,China,CN,441231,201706,-0.2014,3,3,-0.0203,6,6,0.2014,12,12,,0.0,0.0,,0.0,1.0,,0.0,1.0,114.72,1,7,6,2017,44,0.120149,0.062412,-0.057737,2.457622,6.891266,6.891266,9221.514038,-0.025644,0.017199,2.491161,11183.43,1168.165,3.433192,4.255003,0.120149,0.039217,96,37,188676126121.161,46.37,901.0,,0.30952380952381
0,USA-AD-1341,China,CN,441232,201706,,0,0,-1.0,2,0,-1.0,8,0,,0.0,0.0,,0.0,0.0,,0.0,0.0,114.72,1,7,6,2017,44,0.113475,,,2.457622,6.891266,6.891266,9221.514038,-0.025644,0.017199,2.491161,11183.43,1168.165,3.433192,4.255003,0.113475,0.039217,96,37,188676126121.161,46.37,901.0,,0.30952380952381
0,USA-AD-1341,China,CN,441239,201706,-0.1625,3,3,-0.2065,6,6,-0.5047,12,12,,0.0,0.0,,0.0,0.0,,0.0,0.0,114.72,1,7,6,2017,44,0.841154,0.565722,-0.275431,2.457622,6.891266,6.891266,9221.514038,-0.025644,0.017199,2.491161,11183.43,1168.165,3.433192,4.255003,0.841154,0.039217,96,37,188676126121.161,46.37,901.0,,0.30952380952381
0,USA-AD-1341,China,CN,441294,201706,0.1311,3,3,-0.1413,6,6,-0.1351,12,12,,0.0,0.0,,0.0,0.0,,0.0,0.0,114.72,1,7,6,2017,44,0.129862,0.105726,-0.024136,2.457622,6.891266,6.891266,9221.514038,-0.025644,0.017199,2.491161,11183.43,1168.165,3.433192,4.255003,0.129862,0.039217,96,37,188676126121.161,46.37,901.0,,0.30952380952381
0,USA-AD-1341,China,CN,441299,201706,-0.0296,3,3,-0.0147,6,6,0.0977,12,12,1.3043,1.0,2.0,0.5986,2.0,3.0,-0.3255,6.0,4.0,114.72,1,7,6,2017,44,0.839018,0.807336,-0.031682,2.457622,6.891266,6.891266,9221.514038,-0.025644,0.017199,2.491161,11183.43,1168.165,3.433192,4.255003,0.839018,0.039217,96,37,188676126121.161,46.37,901.0,3506526205.0,0.30952380952381
0,USA-AD-1342,Canada,CA,440710,201706,,0,0,-1.0,2,0,-1.0,8,0,,0.0,0.0,,0.0,0.0,,0.0,0.0,6.87,1,6,16,2017,44,0.106546,,,2.457622,6.891266,3.033835,44339.388669,-0.025644,-0.02088,2.491161,2079.297,10032.81,3.433192,4.255003,0.106546,0.039217,96,37,-46235966235.5001,46.37,901.0,20966466394.0,0.751968503937008
0,USA-AD-1342,Canada,CA,440910,201706,,0,0,-0.8346,1,1,-0.8346,1,1,,0.0,1.0,,0.0,1.0,,0.0,1.0,6.87,3,6,16,2017,44,0.000778,0.000294,-0.000483,2.457622,6.891266,3.033835,44339.388669,-0.025644,-0.02088,2.491161,2079.297,10032.81,3.433192,4.255003,0.000778,0.039217,96,37,-46235966235.5001,46.37,901.0,2282933237.0,0.751968503937008
0,USA-AD-1342,Canada,CA,441520,201706,-1.0,2,0,-1.0,3,0,-1.0,3,0,0.0487,3.0,3.0,-0.1005,6.0,6.0,0.0261,12.0,12.0,6.87,1,6,0,2017,44,0.000297,0.0,-0.000297,2.457622,6.891266,3.033835,44339.388669,-0.025644,-0.02088,2.491161,2079.297,10032.81,3.433192,4.255003,0.000297,0.039217,96,37,-46235966235.5001,46.37,901.0,2414766571.0,0.751968503937008
0,USA-AD-1342,Canada,CA,441890,201706,,0,0,,0,0,-1.0,5,0,,0.0,0.0,-1.0,1.0,0.0,-1.0,3.0,0.0,6.87,1,6,0,2017,44,0.043718,,,2.457622,6.891266,3.033835,44339.388669,-0.025644,-0.02088,2.491161,2079.297,10032.81,3.433192,4.255003,0.043718,0.039217,96,37,-46235966235.5001,46.37,901.0,8414715629.000001,0.751968503937008
0,USA-AD-1342,Canada,CA,442190,201706,,0,0,-1.0,1,0,-1.0,3,0,,0.0,0.0,-1.0,1.0,0.0,-1.0,7.0,0.0,6.87,1,6,0,2017,44,9.9e-05,,,2.457622,6.891266,3.033835,44339.388669,-0.025644,-0.02088,2.491161,2079.297,10032.81,3.433192,4.255003,9.9e-05,0.039217,96,37,-46235966235.5001,46.37,901.0,5979956498.0,0.751968503937008
0,USA-AD-1343,Australia,AU,280469,201710,,0,0,,0,0,,0,0,-0.43,3.0,2.0,-0.4648,5.0,3.0,-0.6194,10.0,5.0,20.79,11,7,26,2017,28,0.0,0.0,0.0,2.457622,6.891266,2.29331,57991.771347,-0.025644,-0.030074,2.491161,14802.03,8112.907,3.433192,4.255003,0.0,0.039217,92,37,-39996696843.9993,57.51,1522.0,3264732452.9999995,0.673228346456693
0,USA-AD-1344,Brazil,BR,280469,201710,-0.125,3,3,0.5,5,6,2.0714,6,10,-0.43,3.0,2.0,-0.4648,5.0,3.0,-0.6194,10.0,5.0,56.24,11,7,26,2017,28,0.008353,0.025804,0.017452,2.457622,6.891266,1.322869,8628.252096,-0.025644,-0.085906,2.491161,8088.514,17793.04,3.433192,4.255003,0.008353,0.039217,92,37,-25263598550.21,57.51,1522.0,3264732452.9999995,0.329365079365079
0,USA-AD-1345,Norway,NO,280469,201710,0.4718,3,3,0.494,6,6,0.2789,12,12,-0.43,3.0,2.0,-0.4648,5.0,3.0,-0.6194,10.0,5.0,3.74,11,7,26,2017,28,0.079733,0.100009,0.020277,2.457622,6.891266,2.463746,76247.411645,-0.025644,-0.015278,2.491161,7056.674,7834.675,3.433192,4.255003,0.079733,0.039217,92,37,21649914925.1116,57.51,1522.0,3264732452.9999995,0.598425196850394
1,USA-AD-1346,China,CN,760611,201711,0.6137,3,3,0.3611,6,6,1.3947,12,12,0.6777,3.0,3.0,1.5983,6.0,6.0,1.9852,12.0,11.0,151.7,6,8,0,2017,76,0.840533,0.950181,0.109648,2.457622,6.891266,6.891266,9221.514038,-0.025644,0.017199,2.491161,11183.43,1168.165,3.433192,4.255003,0.840533,0.039217,91,37,188676126121.161,62.71,1578.0,3686958548.0,0.30952380952381
0,USA-AD-1346,China,CN,760612,201711,0.1731,3,3,0.1667,6,6,0.2591,12,12,-0.1686,3.0,3.0,0.2913,6.0,6.0,0.7934,12.0,12.0,151.7,7,8,13,2017,76,0.378388,0.433685,0.055297,2.457622,6.891266,6.891266,9221.514038,-0.025644,0.017199,2.491161,11183.43,1168.165,3.433192,4.255003,0.378388,0.039217,91,37,188676126121.161,62.71,1578.0,24428545743.0,0.30952380952381
0,USA-AD-1346,China,CN,760691,201711,-0.4516,3,3,-0.5309,6,6,-0.4627,12,12,167.0909,2.0,3.0,167.0909,2.0,3.0,42.2999,7.0,9.0,151.7,6,8,0,2017,76,0.333813,0.198525,-0.135288,2.457622,6.891266,6.891266,9221.514038,-0.025644,0.017199,2.491161,11183.43,1168.165,3.433192,4.255003,0.333813,0.039217,91,37,188676126121.161,62.71,1578.0,926990866.0,0.30952380952381
0,USA-AD-1346,China,CN,760692,201711,0.0202,3,3,-0.0829,6,6,0.198,12,12,5.3119,2.0,3.0,-0.348,5.0,5.0,0.7479,11.0,10.0,151.7,6,8,0,2017,76,0.375328,0.504502,0.129173,2.457622,6.891266,6.891266,9221.514038,-0.025644,0.017199,2.491161,11183.43,1168.165,3.433192,4.255003,0.375328,0.039217,91,37,188676126121.161,62.71,1578.0,1965742361.0,0.30952380952381
1,USA-AD-1346,China,CN,760711,201711,0.3243,3,3,0.2749,6,6,0.4179,12,12,0.7797,3.0,3.0,1.4808,6.0,6.0,3.4649,12.0,12.0,151.7,6,8,0,2017,76,0.873773,0.910009,0.036235,2.457622,6.891266,6.891266,9221.514038,-0.025644,0.017199,2.491161,11183.43,1168.165,3.433192,4.255003,0.873773,0.039217,91,37,188676126121.161,62.71,1578.0,5355099375.0,0.30952380952381
0,USA-AD-1346,China,CN,760719,201711,-0.1703,3,3,-0.1767,6,6,-0.1635,12,12,0.1401,3.0,3.0,2.0137,6.0,6.0,3.9067,12.0,12.0,151.7,6,8,0,2017,76,0.537164,0.515656,-0.021508,2.457622,6.891266,6.891266,9221.514038,-0.025644,0.017199,2.491161,11183.43,1168.165,3.433192,4.255003,0.537164,0.039217,91,37,188676126121.161,62.71,1578.0,3232969708.0,0.30952380952381
0,USA-AD-1348,Indonesia,ID,382600,201710,,0,2,2.4606,1,3,4.8118,1,6,-0.6551,2.0,1.0,-0.3187,2.0,2.0,-0.3685,5.0,5.0,50.71,2,7,0,2017,38,0.019771,0.323663,0.303892,2.457622,6.891266,5.069786,3553.519993,-0.025644,0.005448,2.491161,15535.87,5081.576,3.433192,4.255003,0.019771,0.039217,92,37,-16195634380.3563,57.51,1522.0,,0.297619047619048
0,USA-AD-1350,Italy,IT,721391,201710,,0,0,,0,1,,0,1,-1.0,1.0,1.0,-1.0,3.0,1.0,-0.4644,8.0,5.0,22.06,20,6,20,2017,72,0.0,5e-06,5e-06,2.457622,6.891266,1.6037,31635.522771,-0.025644,-0.020163,2.491161,8284.006,9047.517,3.433192,4.255003,0.0,0.039217,92,37,48867633147.5787,57.51,1522.0,,0.618110236220472
0,USA-AD-1350,Italy,IT,721399,201710,,0,0,,0,0,,0,0,,0.0,0.0,-1.0,1.0,0.0,-1.0,4.0,0.0,22.06,20,6,20,2017,72,0.0,0.0,0.0,2.457622,6.891266,1.6037,31635.522771,-0.025644,-0.020163,2.491161,8284.006,9047.517,3.433192,4.255003,0.0,0.039217,92,37,48867633147.5787,57.51,1522.0,,0.618110236220472
0,USA-AD-1350,Italy,IT,722720,201710,,0,1,,0,1,-0.4613,1,3,,0.0,0.0,,0.0,0.0,-1.0,1.0,0.0,22.06,21,6,23,2017,72,0.402985,0.009766,-0.393219,2.457622,6.891266,1.6037,31635.522771,-0.025644,-0.020163,2.491161,8284.006,9047.517,3.433192,4.255003,0.402985,0.039217,92,37,48867633147.5787,57.51,1522.0,430050189.0,0.618110236220472
0,USA-AD-1350,Italy,IT,722790,201710,24.5549,1,2,0.3059,2,4,-0.561,7,8,-1.0,3.0,0.0,-0.8319,6.0,1.0,-0.8407,11.0,2.0,22.06,22,6,24,2017,72,0.001849,0.002005,0.000156,2.457622,6.891266,1.6037,31635.522771,-0.025644,-0.020163,2.491161,8284.006,9047.517,3.433192,4.255003,0.001849,0.039217,92,37,48867633147.5787,57.51,1522.0,4877059873.0,0.618110236220472
0,USA-AD-1354,Spain,ES,721391,201710,,0,0,,0,0,,0,0,-1.0,1.0,1.0,-1.0,3.0,1.0,-0.4644,8.0,5.0,20.25,20,6,20,2017,72,0.0,0.0,0.0,2.457622,6.891266,2.896042,27426.281015,-0.025644,-0.020163,2.491161,7437.157,10101.71,3.433192,4.255003,0.0,0.039217,92,37,37386832124.5693,57.51,1522.0,,0.611111111111111
0,USA-AD-1354,Spain,ES,721399,201710,,0,0,,0,0,,0,0,,0.0,0.0,-1.0,1.0,0.0,-1.0,4.0,0.0,20.25,20,6,20,2017,72,0.0,0.0,0.0,2.457622,6.891266,2.896042,27426.281015,-0.025644,-0.020163,2.491161,7437.157,10101.71,3.433192,4.255003,0.0,0.039217,92,37,37386832124.5693,57.51,1522.0,,0.611111111111111
0,USA-AD-1354,Spain,ES,722790,201710,,0,0,,0,0,,0,0,-1.0,3.0,0.0,-0.8319,6.0,1.0,-0.8407,11.0,2.0,20.25,22,6,24,2017,72,0.0,0.0,0.0,2.457622,6.891266,2.896042,27426.281015,-0.025644,-0.020163,2.491161,7437.157,10101.71,3.433192,4.255003,0.0,0.039217,92,37,37386832124.5693,57.51,1522.0,4877059873.0,0.611111111111111
0,USA-AD-1355,Turkey,TR,721391,201710,,0,0,,0,0,,0,0,-1.0,1.0,1.0,-1.0,3.0,1.0,-0.4644,8.0,5.0,5.31,20,6,20,2017,72,0.0,0.0,0.0,2.457622,6.891266,7.825857,12005.645982,-0.025644,0.207937,2.491161,9705.772,7937.729,3.433192,4.255003,0.0,0.039217,92,37,-35141000000.0,57.51,1522.0,,0.53968253968254
0,USA-AD-1355,Turkey,TR,722790,201710,,0,0,,0,0,,0,0,-1.0,3.0,0.0,-0.8319,6.0,1.0,-0.8407,11.0,2.0,5.31,22,6,24,2017,72,0.0,0.0,0.0,2.457622,6.891266,7.825857,12005.645982,-0.025644,0.207937,2.491161,9705.772,7937.729,3.433192,4.255003,0.0,0.039217,92,37,-35141000000.0,57.51,1522.0,4877059873.0,0.53968253968254
0,USA-AD-1357,United Arab Emirates,AE,721391,201709,,0,0,,0,2,,0,4,-1.0,1.0,1.0,-1.0,4.0,1.0,-0.6743,9.0,4.0,84.1,20,5,20,2017,72,0.0,,,2.457622,6.891266,-1.061377,43293.020382,-0.025644,0.0,2.491161,12196.15,6864.77,3.433192,4.255003,0.0,0.039217,93,37,,56.15,1356.0,,0.31496062992126
0,USA-AD-1357,United Arab Emirates,AE,722790,201709,,0,0,,0,1,,0,1,-0.5322,3.0,1.0,-0.5374,6.0,2.0,-0.6019,11.0,3.0,84.1,22,5,24,2017,72,0.0,,,2.457622,6.891266,-1.061377,43293.020382,-0.025644,0.0,2.491161,12196.15,6864.77,3.433192,4.255003,0.0,0.039217,93,37,,56.15,1356.0,4877059873.0,0.31496062992126
0,USA-AD-1358,United Kingdom,GB,721391,201710,,0,0,,0,0,,0,2,-1.0,1.0,1.0,-1.0,3.0,1.0,-0.4644,8.0,5.0,41.96,20,6,20,2017,72,0.0,0.000495,0.000495,2.457622,6.891266,3.023222,47018.025476,-0.025644,0.049069,2.491161,6878.493,8931.778,3.433192,4.255003,0.0,0.039217,92,37,-93747523536.9687,57.51,1522.0,,0.68503937007874
0,USA-AD-1358,United Kingdom,GB,721399,201710,-1.0,1,0,-1.0,1,0,6318.5,1,1,,0.0,0.0,-1.0,1.0,0.0,-1.0,4.0,0.0,41.96,20,6,20,2017,72,2e-06,0.000155,0.000153,2.457622,6.891266,3.023222,47018.025476,-0.025644,0.049069,2.491161,6878.493,8931.778,3.433192,4.255003,2e-06,0.039217,92,37,-93747523536.9687,57.51,1522.0,,0.68503937007874
0,USA-AD-1358,United Kingdom,GB,722790,201710,0.25,2,1,-0.7248,3,1,-0.8125,4,1,-1.0,3.0,0.0,-0.8319,6.0,1.0,-0.8407,11.0,2.0,41.96,22,6,24,2017,72,1.2e-05,1.6e-05,4e-06,2.457622,6.891266,3.023222,47018.025476,-0.025644,0.049069,2.491161,6878.493,8931.778,3.433192,4.255003,1.2e-05,0.039217,92,37,-93747523536.9687,57.51,1522.0,4877059873.0,0.68503937007874
0,USA-AD-1359,China,CN,731700,201711,0.1806,3,3,-0.0599,6,6,-0.0825,12,12,0.0285,3.0,3.0,0.1163,6.0,6.0,0.1703,12.0,12.0,58.93,11,7,20,2017,73,0.911987,0.903497,-0.00849,2.457622,6.891266,6.891266,9221.514038,-0.025644,0.017199,2.491161,11183.43,1168.165,3.433192,4.255003,0.911987,0.039217,91,37,188676126121.161,62.71,1578.0,2559870584.0,0.30952380952381
0,USA-AD-1359,China,CN,830520,201711,0.0992,3,3,0.1236,6,6,-0.0608,12,12,0.403,3.0,3.0,0.3862,6.0,6.0,0.1935,12.0,12.0,58.93,3,7,0,2017,83,0.836321,0.833927,-0.002394,2.457622,6.891266,6.891266,9221.514038,-0.025644,0.017199,2.491161,11183.43,1168.165,3.433192,4.255003,0.836321,0.039217,91,37,188676126121.161,62.71,1578.0,443605533.0,0.30952380952381
0,USA-AD-1360,China,CN,732690,201711,0.1239,3,3,-0.0599,6,6,-0.0719,12,12,0.0757,3.0,3.0,0.0923,6.0,6.0,0.111,12.0,12.0,130.09,7,7,15,2017,73,0.341197,0.324578,-0.01662,2.457622,6.891266,6.891266,9221.514038,-0.025644,0.017199,2.491161,11183.43,1168.165,3.433192,4.255003,0.341197,0.039217,91,37,188676126121.161,62.71,1578.0,43010862928.0,0.30952380952381
0,USA-AD-1360,China,CN,940320,201711,0.1904,3,3,0.039,6,6,0.095,12,12,1.2132,3.0,3.0,0.6675,6.0,6.0,0.8758,12.0,12.0,130.09,6,7,16,2017,94,0.764164,0.826654,0.062489,2.457622,6.891266,6.891266,9221.514038,-0.025644,0.017199,2.491161,11183.43,1168.165,3.433192,4.255003,0.764164,0.039217,91,37,188676126121.161,62.71,1578.0,15624409915.0,0.30952380952381
0,USA-AD-1361,Vietnam,VN,732690,201711,-0.0129,3,3,0.2443,6,6,0.7453,12,12,0.0757,3.0,3.0,0.0923,6.0,6.0,0.111,12.0,12.0,230.31,7,7,15,2017,73,0.010409,0.017303,0.006894,2.457622,6.891266,6.94019,2868.1368,-0.025644,0.019835,2.491161,13715.75,3257.774,3.433192,4.255003,0.010409,0.039217,91,37,-1649000000.0,62.71,1578.0,43010862928.0,0.282258064516129
0,USA-AD-1361,Vietnam,VN,940320,201711,0.9714,3,3,-0.157,6,6,-0.0077,12,12,1.2132,3.0,3.0,0.6675,6.0,6.0,0.8758,12.0,12.0,230.31,6,7,16,2017,94,0.014675,0.018213,0.003537,2.457622,6.891266,6.94019,2868.1368,-0.025644,0.019835,2.491161,13715.75,3257.774,3.433192,4.255003,0.014675,0.039217,91,37,-1649000000.0,62.71,1578.0,15624409915.0,0.282258064516129
0,USA-AD-1362,China,CN,730431,201711,0.1172,3,3,0.2249,6,6,0.176,12,12,0.0833,3.0,3.0,0.2391,6.0,5.0,-0.1132,12.0,8.0,186.89,15,7,22,2017,73,0.510962,0.678455,0.167493,2.457622,6.891266,6.891266,9221.514038,-0.025644,0.017199,2.491161,11183.43,1168.165,3.433192,4.255003,0.510962,0.039217,91,37,188676126121.161,62.71,1578.0,1627884558.0,0.30952380952381
0,USA-AD-1362,China,CN,730451,201711,0.0636,3,3,-0.3226,6,6,-0.4603,12,12,-1.0,2.0,0.0,-0.7619,4.0,3.0,-0.7519,6.0,5.0,186.89,15,7,22,2017,73,0.426465,0.305911,-0.120555,2.457622,6.891266,6.891266,9221.514038,-0.025644,0.017199,2.491161,11183.43,1168.165,3.433192,4.255003,0.426465,0.039217,91,37,188676126121.161,62.71,1578.0,621815013.0,0.30952380952381
0,USA-AD-1362,China,CN,730630,201711,-0.4187,3,3,-0.4683,6,6,-0.4469,12,12,-0.0201,3.0,3.0,-0.1298,6.0,6.0,-0.4876,12.0,12.0,186.89,23,7,25,2017,73,1.220923,0.527266,-0.693657,2.457622,6.891266,6.891266,9221.514038,-0.025644,0.017199,2.491161,11183.43,1168.165,3.433192,4.255003,1.220923,0.039217,91,37,188676126121.161,62.71,1578.0,6734954922.0,0.30952380952381
0,USA-AD-1362,China,CN,730650,201711,0.9331,3,3,0.159,5,6,-0.7498,9,12,-0.2319,3.0,3.0,-0.4579,6.0,6.0,-0.7264,12.0,10.0,186.89,16,7,9,2017,73,0.733866,0.207751,-0.526114,2.457622,6.891266,6.891266,9221.514038,-0.025644,0.017199,2.491161,11183.43,1168.165,3.433192,4.255003,0.733866,0.039217,91,37,188676126121.161,62.71,1578.0,796269337.0,0.30952380952381
0,USA-AD-1363,Germany,DE,730431,201711,-0.2105,3,3,-0.1339,6,6,-0.2459,12,12,0.0833,3.0,3.0,0.2391,6.0,5.0,-0.1132,12.0,8.0,75.39,15,7,22,2017,73,0.11996,0.099111,-0.02085,2.457622,6.891266,2.797907,43543.480705,-0.025644,-0.020163,2.491161,7595.452,8503.73,3.433192,4.255003,0.11996,0.039217,91,37,304192789523.706,62.71,1578.0,1627884558.0,0.62992125984252
1,USA-AD-1363,Germany,DE,730451,201711,135.9907,1,2,88.2984,3,5,48.0263,7,8,-1.0,2.0,0.0,-0.7619,4.0,3.0,-0.7519,6.0,5.0,75.39,15,7,22,2017,73,0.005062,0.129572,0.124511,2.457622,6.891266,2.797907,43543.480705,-0.025644,-0.020163,2.491161,7595.452,8503.73,3.433192,4.255003,0.005062,0.039217,91,37,304192789523.706,62.71,1578.0,621815013.0,0.62992125984252
0,USA-AD-1363,Germany,DE,730630,201711,-0.7015,3,3,-0.4466,6,6,-0.5493,12,12,-0.0201,3.0,3.0,-0.1298,6.0,6.0,-0.4876,12.0,12.0,75.39,23,7,25,2017,73,0.130808,0.025861,-0.104946,2.457622,6.891266,2.797907,43543.480705,-0.025644,-0.020163,2.491161,7595.452,8503.73,3.433192,4.255003,0.130808,0.039217,91,37,304192789523.706,62.71,1578.0,6734954922.0,0.62992125984252
0,USA-AD-1363,Germany,DE,730650,201711,,0,0,,0,1,13.7619,1,4,-0.2319,3.0,3.0,-0.4579,6.0,6.0,-0.7264,12.0,10.0,75.39,16,7,9,2017,73,0.000933,0.017724,0.016791,2.457622,6.891266,2.797907,43543.480705,-0.025644,-0.020163,2.491161,7595.452,8503.73,3.433192,4.255003,0.000933,0.039217,91,37,304192789523.706,62.71,1578.0,796269337.0,0.62992125984252
0,USA-AD-1364,India,IN,730431,201711,,0,0,,0,0,-1.0,1,0,0.0833,3.0,3.0,0.2391,6.0,5.0,-0.1132,12.0,8.0,4.86,15,7,22,2017,73,1.8e-05,0.0,-1.8e-05,2.457622,6.891266,6.795383,1788.697703,-0.025644,-0.030861,2.491161,13131.91,5108.001,3.433192,4.255003,1.8e-05,0.039217,91,37,-38167659223.511,62.71,1578.0,1627884558.0,0.321428571428571
0,USA-AD-1364,India,IN,730451,201711,,0,0,,0,0,,0,0,-1.0,2.0,0.0,-0.7619,4.0,3.0,-0.7519,6.0,5.0,4.86,15,7,22,2017,73,0.0,0.0,0.0,2.457622,6.891266,6.795383,1788.697703,-0.025644,-0.030861,2.491161,13131.91,5108.001,3.433192,4.255003,0.0,0.039217,91,37,-38167659223.511,62.71,1578.0,621815013.0,0.321428571428571
0,USA-AD-1364,India,IN,730630,201711,-0.7267,2,2,1.7485,3,5,-0.0522,5,8,-0.0201,3.0,3.0,-0.1298,6.0,6.0,-0.4876,12.0,12.0,4.86,23,7,25,2017,73,0.00129,0.000715,-0.000575,2.457622,6.891266,6.795383,1788.697703,-0.025644,-0.030861,2.491161,13131.91,5108.001,3.433192,4.255003,0.00129,0.039217,91,37,-38167659223.511,62.71,1578.0,6734954922.0,0.321428571428571
0,USA-AD-1364,India,IN,730650,201711,,0,0,,0,0,47.1026,1,1,-0.2319,3.0,3.0,-0.4579,6.0,6.0,-0.7264,12.0,10.0,4.86,16,7,9,2017,73,0.000268,0.013802,0.013535,2.457622,6.891266,6.795383,1788.697703,-0.025644,-0.030861,2.491161,13131.91,5108.001,3.433192,4.255003,0.000268,0.039217,91,37,-38167659223.511,62.71,1578.0,796269337.0,0.321428571428571
0,USA-AD-1365,Italy,IT,730431,201711,2395.0841,3,3,898.6596,6,6,11.9103,12,11,0.0833,3.0,3.0,0.2391,6.0,5.0,-0.1132,12.0,8.0,33.75,15,7,22,2017,73,0.001629,0.011136,0.009506,2.457622,6.891266,1.6037,31635.522771,-0.025644,-0.020163,2.491161,8284.006,9047.517,3.433192,4.255003,0.001629,0.039217,91,37,48867633147.5787,62.71,1578.0,1627884558.0,0.618110236220472
1,USA-AD-1365,Italy,IT,730451,201711,,0,1,39.7,1,4,1.8332,2,7,-1.0,2.0,0.0,-0.7619,4.0,3.0,-0.7519,6.0,5.0,33.75,15,7,22,2017,73,0.001296,0.01665,0.015354,2.457622,6.891266,1.6037,31635.522771,-0.025644,-0.020163,2.491161,8284.006,9047.517,3.433192,4.255003,0.001296,0.039217,91,37,48867633147.5787,62.71,1578.0,621815013.0,0.618110236220472
0,USA-AD-1365,Italy,IT,730630,201711,0.5049,3,3,-0.0715,5,5,-0.0858,10,10,-0.0201,3.0,3.0,-0.1298,6.0,6.0,-0.4876,12.0,12.0,33.75,23,7,25,2017,73,0.011384,0.005994,-0.005391,2.457622,6.891266,1.6037,31635.522771,-0.025644,-0.020163,2.491161,8284.006,9047.517,3.433192,4.255003,0.011384,0.039217,91,37,48867633147.5787,62.71,1578.0,6734954922.0,0.618110236220472
0,USA-AD-1365,Italy,IT,730650,201711,,0,0,,0,0,,0,0,-0.2319,3.0,3.0,-0.4579,6.0,6.0,-0.7264,12.0,10.0,33.75,16,7,9,2017,73,9e-06,0.0,-9e-06,2.457622,6.891266,1.6037,31635.522771,-0.025644,-0.020163,2.491161,8284.006,9047.517,3.433192,4.255003,9e-06,0.039217,91,37,48867633147.5787,62.71,1578.0,796269337.0,0.618110236220472
0,USA-AD-1367,Switzerland,CH,730431,201711,,0,1,,0,2,,0,3,0.0833,3.0,3.0,0.2391,6.0,5.0,-0.1132,12.0,8.0,36.17,15,7,22,2017,73,0.0,0.000131,0.000131,2.457622,6.891266,1.3628,84967.58865,-0.025644,-0.000713,2.491161,7734.57,8953.276,3.433192,4.255003,0.0,0.039217,91,37,36966569667.3355,62.71,1578.0,1627884558.0,0.47244094488189
0,USA-AD-1367,Switzerland,CH,730630,201711,0.3869,1,2,-0.308,3,4,-0.5538,9,7,-0.0201,3.0,3.0,-0.1298,6.0,6.0,-0.4876,12.0,12.0,36.17,23,7,25,2017,73,0.004079,0.002962,-0.001117,2.457622,6.891266,1.3628,84967.58865,-0.025644,-0.000713,2.491161,7734.57,8953.276,3.433192,4.255003,0.004079,0.039217,91,37,36966569667.3355,62.71,1578.0,6734954922.0,0.47244094488189
0,USA-AD-1367,Switzerland,CH,730650,201711,-1.0,1,0,-0.9937,2,2,-0.9859,3,4,-0.2319,3.0,3.0,-0.4579,6.0,6.0,-0.7264,12.0,10.0,36.17,16,7,9,2017,73,0.03338,0.005532,-0.027848,2.457622,6.891266,1.3628,84967.58865,-0.025644,-0.000713,2.491161,7734.57,8953.276,3.433192,4.255003,0.03338,0.039217,91,37,36966569667.3355,62.71,1578.0,796269337.0,0.47244094488189
0,USA-AD-1368,Canada,CA,880240,201710,,0,1,,0,3,,0,8,-1.0,2.0,0.0,-0.2169,3.0,1.0,-0.3588,7.0,4.0,79.82,1,5,0,2017,88,0.0,0.17447,0.17447,2.457622,6.891266,3.033835,44339.388669,-0.025644,-0.02088,2.491161,2079.297,10032.81,3.433192,4.255003,0.0,0.039217,92,37,-46235966235.5001,57.51,1522.0,153538553297.0,0.751968503937008
0,USA-AD-1369,China,CN,550320,201801,-0.0858,3,3,-0.2238,6,6,-0.3684,12,12,-0.176,3.0,3.0,-0.1604,6.0,6.0,-0.0348,12.0,12.0,170.92,5,7,19,2018,55,0.24986,0.167522,-0.082338,2.966505,6.756718,6.756718,9798.652852,-0.027266,-0.021128,3.79724,11183.43,1168.165,3.176116,3.388679,0.24986,0.036246,89,44,24130909184.4985,69.08,1152.0,5317506635.0,0.256544502617801
0,USA-AD-1370,India,IN,550320,201801,1.4975,1,2,0.2486,2,2,0.3726,4,4,-0.176,3.0,3.0,-0.1604,6.0,6.0,-0.0348,12.0,12.0,14.67,5,7,19,2018,55,0.00832,0.012515,0.004196,2.966505,6.756718,6.453851,1883.357727,-0.027266,0.050182,3.79724,13131.91,5108.001,3.176116,3.388679,0.00832,0.036246,89,44,-65599439052.6676,69.08,1152.0,5317506635.0,0.319371727748691
0,USA-AD-1372,Taiwan,TW,550320,201801,-0.1053,3,3,0.0006,6,6,-0.0698,12,12,-0.176,3.0,3.0,-0.1604,6.0,6.0,-0.0348,12.0,12.0,24.43,5,7,19,2018,55,0.150317,0.15398,0.003663,2.966505,6.756718,,,-0.027266,,3.79724,12155.88,1520.398,3.176116,3.388679,0.150317,0.036246,89,44,,69.08,1152.0,5317506635.0,
0,USA-AD-1374,Belgium,BE,291814,201801,0.6528,1,2,0.4473,4,4,0.0352,10,9,,0.0,0.0,,0.0,2.0,2.584,1.0,4.0,24.41,5,7,10,2018,29,0.006743,0.009252,0.002509,2.966505,6.756718,1.877968,42208.362565,-0.027266,-0.043417,3.79724,7302.655,8817.223,3.176116,3.388679,0.006743,0.036246,89,44,-4743198689.98165,69.08,1152.0,1577370369.9999998,0.515544041450777
0,USA-AD-1374,Belgium,BE,291815,201801,57.4803,2,3,5.8241,3,6,-0.0706,8,12,74.0,1.0,1.0,-0.9673,2.0,1.0,-0.9677,3.0,1.0,24.41,5,7,10,2018,29,0.00357,0.009351,0.005782,2.966505,6.756718,1.877968,42208.362565,-0.027266,-0.043417,3.79724,7302.655,8817.223,3.176116,3.388679,0.00357,0.036246,89,44,-4743198689.98165,69.08,1152.0,652502313.0,0.515544041450777
0,USA-AD-1374,Belgium,BE,382499,201801,0.271,3,3,0.4702,6,6,0.2975,12,12,-0.0957,3.0,3.0,-0.1155,6.0,6.0,-0.1034,12.0,12.0,24.41,8,7,0,2018,38,0.007372,0.006157,-0.001215,2.966505,6.756718,1.877968,42208.362565,-0.027266,-0.043417,3.79724,7302.655,8817.223,3.176116,3.388679,0.007372,0.036246,89,44,-4743198689.98165,69.08,1152.0,,0.515544041450777
0,USA-AD-1375,Colombia,CO,382499,201801,,0,0,-0.8421,1,1,-0.8421,1,1,-0.0957,3.0,3.0,-0.1155,6.0,6.0,-0.1034,12.0,12.0,27.48,8,7,0,2018,38,0.0,0.0,0.0,2.966505,6.756718,2.564324,6353.546429,-0.027266,0.001429,3.79724,4251.359,14747.33,3.176116,3.388679,0.0,0.036246,89,44,-14040948614.9478,69.08,1152.0,,0.328125
0,USA-AD-1376,Thailand,TH,291814,201801,,0,0,,0,1,,0,2,,0.0,0.0,,0.0,2.0,2.584,1.0,4.0,10.55,5,7,10,2018,29,0.0,8e-06,8e-06,2.966505,6.756718,4.22287,6314.199484,-0.027266,-0.048014,3.79724,13936.19,3699.128,3.176116,3.388679,0.0,0.036246,89,44,28478892998.8756,69.08,1152.0,1577370369.9999998,0.290155440414508
0,USA-AD-1376,Thailand,TH,291815,201801,,0,0,,0,0,,0,0,74.0,1.0,1.0,-0.9673,2.0,1.0,-0.9677,3.0,1.0,10.55,5,7,10,2018,29,0.0,0.0,0.0,2.966505,6.756718,4.22287,6314.199484,-0.027266,-0.048014,3.79724,13936.19,3699.128,3.176116,3.388679,0.0,0.036246,89,44,28478892998.8756,69.08,1152.0,652502313.0,0.290155440414508
0,USA-AD-1376,Thailand,TH,382499,201801,-0.1709,3,3,0.0558,6,6,-0.0698,12,12,-0.0957,3.0,3.0,-0.1155,6.0,6.0,-0.1034,12.0,12.0,10.55,8,7,0,2018,38,0.003726,0.0031,-0.000626,2.966505,6.756718,4.22287,6314.199484,-0.027266,-0.048014,3.79724,13936.19,3699.128,3.176116,3.388679,0.003726,0.036246,89,44,28478892998.8756,69.08,1152.0,,0.290155440414508
0,USA-AD-1377,Spain,ES,200570,201801,0.0626,3,3,0.3434,6,6,0.1704,12,12,,0.0,0.0,,0.0,0.0,,0.0,0.0,17.13,1,7,0,2018,20,0.698586,0.765787,0.067201,2.966505,6.756718,2.395411,27956.722547,-0.027266,-0.043417,3.79724,7437.157,10101.71,3.176116,3.388679,0.698586,0.036246,89,44,26648978231.6758,69.08,1152.0,2060900754.0,0.512953367875648
0,USA-AD-1379,Taiwan,TW,550320,201802,-0.1796,3,3,0.0905,6,6,-0.0982,12,12,0.0436,3.0,3.0,0.0205,6.0,6.0,0.0394,12.0,12.0,52.0,5,7,19,2018,55,,1.890746,,2.966505,6.756718,,,-0.027266,,3.79724,12155.88,1520.398,3.176116,3.388679,,0.036246,88,44,,65.32,1192.0,5317506635.0,
0,USA-AD-1381,China,CN,730711,201802,0.0095,3,3,0.2389,6,6,0.2681,12,12,-0.0212,3.0,3.0,0.5904,6.0,6.0,-0.0223,12.0,11.0,109.86,1,7,16,2018,73,0.897973,0.925289,0.027317,2.966505,6.756718,6.756718,9798.652852,-0.027266,-0.021128,3.79724,11183.43,1168.165,3.176116,3.388679,0.897973,0.036246,88,44,24130909184.4985,65.32,1192.0,957362721.0,0.256544502617801
0,USA-AD-1382,Canada,CA,480269,201803,,0,0,,0,0,,0,0,-0.2046,2.0,1.0,-0.6518,4.0,2.0,-0.5074,9.0,5.0,22.16,6,7,14,2018,48,1e-06,0.0,-1e-06,2.966505,6.756718,2.742963,44907.343691,-0.027266,-0.001632,3.79724,2079.297,10032.81,3.176116,3.388679,1e-06,0.036246,87,44,-41150336771.2767,66.02,1055.0,,0.582901554404145
0,USA-AD-1382,Canada,CA,480591,201803,,0,0,,0,1,,0,2,-1.0,1.0,0.0,-1.0,1.0,0.0,-0.9986,2.0,1.0,22.16,2,7,14,2018,48,0.0,0.003478,0.003478,2.966505,6.756718,2.742963,44907.343691,-0.027266,-0.001632,3.79724,2079.297,10032.81,3.176116,3.388679,0.0,0.036246,87,44,-41150336771.2767,66.02,1055.0,,0.582901554404145
0,USA-AD-1383,China,CN,730721,201803,-0.084,3,3,0.1145,6,6,0.2114,12,12,1.1652,3.0,3.0,2.9038,6.0,6.0,4.7332,12.0,12.0,257.11,3,7,25,2018,73,0.798722,0.773126,-0.025595,2.966505,6.756718,6.756718,9798.652852,-0.027266,-0.021128,3.79724,11183.43,1168.165,3.176116,3.388679,0.798722,0.036246,87,44,24130909184.4985,66.02,1055.0,1517935997.0,0.256544502617801
1,USA-AD-1384,India,IN,730721,201803,0.6173,3,3,0.7496,6,6,1.3463,12,12,1.1652,3.0,3.0,2.9038,6.0,6.0,4.7332,12.0,12.0,13.15,3,7,25,2018,73,0.07267,0.145784,0.073114,2.966505,6.756718,6.453851,1883.357727,-0.027266,0.050182,3.79724,13131.91,5108.001,3.176116,3.388679,0.07267,0.036246,87,44,-65599439052.6676,66.02,1055.0,1517935997.0,0.319371727748691
0,USA-AD-1387,Brazil,BR,390761,201805,,0,0,,0,0,,0,0,0.0513,3.0,3.0,-0.4051,6.0,6.0,-0.3247,12.0,12.0,93.6,5,7,0,2018,39,0.0,0.0,0.0,2.966505,6.756718,1.783667,8722.3353,-0.027266,0.144901,3.79724,8088.514,17793.04,3.176116,3.388679,0.0,0.036246,85,44,-53818304220.985,76.98,1090.0,,0.3359375
0,USA-AD-1387,Brazil,BR,390769,201805,,0,0,,0,0,,0,0,0.0309,3.0,3.0,0.0217,6.0,6.0,-0.066,12.0,12.0,93.6,5,7,0,2018,39,0.0,0.0,0.0,2.966505,6.756718,1.783667,8722.3353,-0.027266,0.144901,3.79724,8088.514,17793.04,3.176116,3.388679,0.0,0.036246,85,44,-53818304220.985,76.98,1090.0,,0.3359375
0,USA-AD-1388,Indonesia,ID,390761,201805,,0,0,,0,0,-1.0,1,0,0.0513,3.0,3.0,-0.4051,6.0,6.0,-0.3247,12.0,12.0,13.16,5,7,0,2018,39,9e-06,0.0,-9e-06,2.966505,6.756718,5.174292,3701.321555,-0.027266,0.06398,3.79724,15535.87,5081.576,3.176116,3.388679,9e-06,0.036246,85,44,-30633120324.4287,76.98,1090.0,,0.266839378238342
0,USA-AD-1388,Indonesia,ID,390769,201805,-0.1627,3,3,-0.3877,6,6,-0.3474,12,12,0.0309,3.0,3.0,0.0217,6.0,6.0,-0.066,12.0,12.0,13.16,5,7,0,2018,39,0.086314,0.037689,-0.048626,2.966505,6.756718,5.174292,3701.321555,-0.027266,0.06398,3.79724,15535.87,5081.576,3.176116,3.388679,0.086314,0.036246,85,44,-30633120324.4287,76.98,1090.0,,0.266839378238342
0,USA-AD-1390,Pakistan,PK,390769,201805,,0,0,,0,0,,0,0,0.0309,3.0,3.0,0.0217,6.0,6.0,-0.066,12.0,12.0,7.75,5,7,0,2018,39,0.0,0.0,0.0,2.966505,6.756718,6.151703,1561.681698,-0.027266,0.155221,3.79724,12267.36,5303.876,3.176116,3.388679,0.0,0.036246,85,44,-18858987000.0,76.98,1090.0,,0.273684210526316
0,USA-AD-1391,Taiwan,TW,390761,201805,7.702,1,1,3.7367,4,2,3.0524,5,3,0.0513,3.0,3.0,-0.4051,6.0,6.0,-0.3247,12.0,12.0,10.99,5,7,0,2018,39,0.002469,0.003746,0.001277,2.966505,6.756718,,,-0.027266,,3.79724,12155.88,1520.398,3.176116,3.388679,0.002469,0.036246,85,44,,76.98,1090.0,,
0,USA-AD-1391,Taiwan,TW,390769,201805,0.1988,3,3,0.0331,6,6,0.1952,12,12,0.0309,3.0,3.0,0.0217,6.0,6.0,-0.066,12.0,12.0,10.99,5,7,0,2018,39,0.053545,0.046613,-0.006933,2.966505,6.756718,,,-0.027266,,3.79724,12155.88,1520.398,3.176116,3.388679,0.053545,0.036246,85,44,,76.98,1090.0,,
0,USA-AD-1392,China,CN,390461,201805,-0.2018,3,3,-0.171,6,6,-0.2581,12,12,57.5714,2.0,2.0,58.5844,2.0,4.0,61.4675,2.0,6.0,208.16,5,7,30,2018,39,0.558966,0.499979,-0.058987,2.966505,6.756718,6.756718,9798.652852,-0.027266,-0.021128,3.79724,11183.43,1168.165,3.176116,3.388679,0.558966,0.036246,85,44,24130909184.4985,76.98,1090.0,1271601886.0,0.256544502617801
0,USA-AD-1392,China,CN,390469,201805,0.073,3,3,0.1121,6,6,0.1718,12,12,-0.2181,3.0,3.0,0.4625,5.0,6.0,0.5636,8.0,11.0,208.16,3,7,0,2018,39,0.249609,0.261025,0.011416,2.966505,6.756718,6.756718,9798.652852,-0.027266,-0.021128,3.79724,11183.43,1168.165,3.176116,3.388679,0.249609,0.036246,85,44,24130909184.4985,76.98,1090.0,2516733893.0,0.256544502617801
0,USA-AD-1393,India,IN,390461,201805,1.7822,3,3,0.7809,6,6,-0.0358,11,12,57.5714,2.0,2.0,58.5844,2.0,4.0,61.4675,2.0,6.0,17.16,5,7,30,2018,39,0.022933,0.030185,0.007252,2.966505,6.756718,6.453851,1883.357727,-0.027266,0.050182,3.79724,13131.91,5108.001,3.176116,3.388679,0.022933,0.036246,85,44,-65599439052.6676,76.98,1090.0,1271601886.0,0.319371727748691
1,USA-AD-1393,India,IN,390469,201805,,0,1,,0,2,,0,4,-0.2181,3.0,3.0,0.4625,5.0,6.0,0.5636,8.0,11.0,17.16,3,7,0,2018,39,0.0,0.000155,0.000155,2.966505,6.756718,6.453851,1883.357727,-0.027266,0.050182,3.79724,13131.91,5108.001,3.176116,3.388679,0.0,0.036246,85,44,-65599439052.6676,76.98,1090.0,2516733893.0,0.319371727748691
0,USA-AD-1394,China,CN,730792,201805,0.0957,3,3,-0.1356,6,6,-0.3966,12,12,0.1089,3.0,3.0,-0.0432,6.0,6.0,0.1203,12.0,12.0,142.72,5,7,0,2018,73,0.661393,0.548458,-0.112935,2.966505,6.756718,6.756718,9798.652852,-0.027266,-0.021128,3.79724,11183.43,1168.165,3.176116,3.388679,0.661393,0.036246,85,44,24130909184.4985,76.98,1090.0,1508310799.0,0.256544502617801
0,USA-AD-1394,China,CN,730799,201805,0.3613,3,3,0.3641,6,6,0.2567,12,12,0.15,3.0,3.0,0.141,6.0,6.0,0.1732,12.0,12.0,142.72,6,7,0,2018,73,0.289508,0.329361,0.039853,2.966505,6.756718,6.756718,9798.652852,-0.027266,-0.021128,3.79724,11183.43,1168.165,3.176116,3.388679,0.289508,0.036246,85,44,24130909184.4985,76.98,1090.0,5033724309.0,0.256544502617801
0,USA-AD-1394,China,CN,732619,201805,0.4733,3,3,0.3199,6,6,0.3192,12,12,0.322,3.0,3.0,1.3959,6.0,6.0,2.9204,12.0,12.0,142.72,6,7,2,2018,73,0.509701,0.650359,0.140658,2.966505,6.756718,6.756718,9798.652852,-0.027266,-0.021128,3.79724,11183.43,1168.165,3.176116,3.388679,0.509701,0.036246,85,44,24130909184.4985,76.98,1090.0,4116596847.0,0.256544502617801
0,USA-AD-1395,Italy,IT,730792,201805,22.2973,3,3,3.8155,6,6,-0.5081,11,12,0.1089,3.0,3.0,-0.0432,6.0,6.0,0.1203,12.0,12.0,49.43,5,7,0,2018,73,0.012372,0.007802,-0.00457,2.966505,6.756718,0.826647,31819.397183,-0.027266,-0.043417,3.79724,8284.006,9047.517,3.176116,3.388679,0.012372,0.036246,85,44,53985858785.4942,76.98,1090.0,1508310799.0,0.538860103626943
0,USA-AD-1395,Italy,IT,730799,201805,-0.0306,3,3,-0.1627,6,6,-0.0032,12,12,0.15,3.0,3.0,0.141,6.0,6.0,0.1732,12.0,12.0,49.43,6,7,0,2018,73,0.11813,0.115693,-0.002436,2.966505,6.756718,0.826647,31819.397183,-0.027266,-0.043417,3.79724,8284.006,9047.517,3.176116,3.388679,0.11813,0.036246,85,44,53985858785.4942,76.98,1090.0,5033724309.0,0.538860103626943
0,USA-AD-1395,Italy,IT,732619,201805,-0.4999,3,1,-0.4466,6,4,-0.0238,10,7,0.322,3.0,3.0,1.3959,6.0,6.0,2.9204,12.0,12.0,49.43,6,7,2,2018,73,0.036371,0.029826,-0.006544,2.966505,6.756718,0.826647,31819.397183,-0.027266,-0.043417,3.79724,8284.006,9047.517,3.176116,3.388679,0.036371,0.036246,85,44,53985858785.4942,76.98,1090.0,4116596847.0,0.538860103626943
0,USA-AD-1396,Taiwan,TW,730792,201805,-0.6944,3,3,-0.9308,6,5,1.8788,11,11,0.1089,3.0,3.0,-0.0432,6.0,6.0,0.1203,12.0,12.0,116.17,5,7,0,2018,73,0.00066,0.001946,0.001286,2.966505,6.756718,,,-0.027266,,3.79724,12155.88,1520.398,3.176116,3.388679,0.00066,0.036246,85,44,,76.98,1090.0,1508310799.0,
0,USA-AD-1396,Taiwan,TW,730799,201805,-0.9453,3,3,-0.6071,6,6,-0.581,12,12,0.15,3.0,3.0,0.141,6.0,6.0,0.1732,12.0,12.0,116.17,6,7,0,2018,73,0.015959,0.007903,-0.008056,2.966505,6.756718,,,-0.027266,,3.79724,12155.88,1520.398,3.176116,3.388679,0.015959,0.036246,85,44,,76.98,1090.0,5033724309.0,
0,USA-AD-1396,Taiwan,TW,732619,201805,0.1706,2,3,-0.9512,5,4,-0.7801,10,7,0.322,3.0,3.0,1.3959,6.0,6.0,2.9204,12.0,12.0,116.17,6,7,2,2018,73,0.001267,0.000839,-0.000428,2.966505,6.756718,,,-0.027266,,3.79724,12155.88,1520.398,3.176116,3.388679,0.001267,0.036246,85,44,,76.98,1090.0,4116596847.0,
0,USA-AD-1397,China,CN,291816,201807,-0.17,3,3,0.2194,6,6,0.2768,12,12,-1.0,1.0,0.0,-0.85,1.0,1.0,-0.85,1.0,1.0,213.15,2,7,0,2018,29,0.786412,0.843024,0.056612,2.966505,6.756718,6.756718,9798.652852,-0.027266,-0.021128,3.79724,11183.43,1168.165,3.176116,3.388679,0.786412,0.036246,83,44,24130909184.4985,74.25,1747.0,276913346.0,0.256544502617801
0,USA-AD-1397,China,CN,293220,201807,0.0892,3,3,0.0896,6,6,0.0334,12,12,-0.999,1.0,1.0,-0.995,3.0,2.0,-0.9977,5.0,2.0,213.15,2,7,0,2018,29,0.765345,0.785449,0.020104,2.966505,6.756718,6.756718,9798.652852,-0.027266,-0.021128,3.79724,11183.43,1168.165,3.176116,3.388679,0.765345,0.036246,83,44,24130909184.4985,74.25,1747.0,,0.256544502617801
0,USA-AD-1397,China,CN,382499,201807,0.0092,3,3,0.1229,6,6,0.0586,12,12,-0.0908,3.0,3.0,-0.1098,6.0,6.0,-0.1043,12.0,12.0,213.15,8,7,0,2018,38,,0.46295,,2.966505,6.756718,6.756718,9798.652852,-0.027266,-0.021128,3.79724,11183.43,1168.165,3.176116,3.388679,,0.036246,83,44,24130909184.4985,74.25,1747.0,,0.256544502617801
0,USA-AD-1399,China,CN,760611,201806,0.1815,3,3,0.4134,6,6,0.7106,12,12,1.5687,3.0,2.0,1.2254,6.0,5.0,5.6527,12.0,11.0,167.16,6,6,1,2018,76,,1.738012,,2.966505,6.756718,6.756718,9798.652852,-0.027266,-0.021128,3.79724,11183.43,1168.165,3.176116,3.388679,,0.036246,84,44,24130909184.4985,74.4,1385.0,4643866420.0,0.256544502617801
0,USA-AD-1399,China,CN,760612,201806,0.0771,3,3,0.0915,6,6,0.3269,12,12,-0.1741,3.0,3.0,0.2701,6.0,6.0,1.3313,12.0,12.0,167.16,7,6,14,2018,76,,0.813631,,2.966505,6.756718,6.756718,9798.652852,-0.027266,-0.021128,3.79724,11183.43,1168.165,3.176116,3.388679,,0.036246,84,44,24130909184.4985,74.4,1385.0,28057233877.0,0.256544502617801
0,USA-AD-1399,China,CN,760691,201806,-0.351,3,3,0.5242,6,6,0.2874,12,12,126.9276,1.0,3.0,63.11,3.0,6.0,93.9646,6.0,12.0,167.16,6,6,1,2018,76,,0.767287,,2.966505,6.756718,6.756718,9798.652852,-0.027266,-0.021128,3.79724,11183.43,1168.165,3.176116,3.388679,,0.036246,84,44,24130909184.4985,74.4,1385.0,961495664.0,0.256544502617801
0,USA-AD-1399,China,CN,760692,201806,0.0854,3,3,0.1435,6,6,-0.0504,12,12,1.3813,2.0,3.0,3.5308,5.0,5.0,3.5398,10.0,9.0,167.16,6,6,1,2018,76,,0.873436,,2.966505,6.756718,6.756718,9798.652852,-0.027266,-0.021128,3.79724,11183.43,1168.165,3.176116,3.388679,,0.036246,84,44,24130909184.4985,74.4,1385.0,2136715485.0,0.256544502617801
0,USA-AD-1399,China,CN,760711,201806,0.0157,3,3,0.0454,6,6,0.1784,12,12,0.0606,3.0,3.0,0.1964,6.0,6.0,0.638,12.0,12.0,167.16,6,6,1,2018,76,,1.620971,,2.966505,6.756718,6.756718,9798.652852,-0.027266,-0.021128,3.79724,11183.43,1168.165,3.176116,3.388679,,0.036246,84,44,24130909184.4985,74.4,1385.0,6219692078.0,0.256544502617801
0,USA-AD-1400,China,CN,392010,201808,-0.0216,3,3,0.1095,6,6,0.2351,12,12,-0.0782,3.0,3.0,0.1851,6.0,6.0,0.767,12.0,12.0,370.04,1,7,0,2018,39,0.225013,0.253426,0.028413,2.966505,6.756718,6.756718,9798.652852,-0.027266,-0.021128,3.79724,11183.43,1168.165,3.176116,3.388679,0.225013,0.036246,82,44,24130909184.4985,72.53,1579.0,15805912586.0,0.256544502617801
0,USA-AD-1400,China,CN,392020,201808,0.0375,3,3,-0.0257,6,6,0.0742,12,12,-0.0777,3.0,3.0,0.0865,6.0,6.0,0.0931,12.0,12.0,370.04,1,7,2,2018,39,0.160696,0.165512,0.004817,2.966505,6.756718,6.756718,9798.652852,-0.027266,-0.021128,3.79724,11183.43,1168.165,3.176116,3.388679,0.160696,0.036246,82,44,24130909184.4985,72.53,1579.0,10392503527.0,0.256544502617801
0,USA-AD-1400,China,CN,392030,201808,-0.2545,3,3,0.0789,6,6,0.2564,12,12,,0.0,2.0,-0.8557,2.0,2.0,-0.744,5.0,6.0,370.04,1,7,0,2018,39,0.409206,0.507647,0.098441,2.966505,6.756718,6.756718,9798.652852,-0.027266,-0.021128,3.79724,11183.43,1168.165,3.176116,3.388679,0.409206,0.036246,82,44,24130909184.4985,72.53,1579.0,2362241446.0,0.256544502617801
0,USA-AD-1400,China,CN,392043,201808,-0.1758,3,3,-0.1453,6,6,0.3527,12,12,0.1421,3.0,3.0,0.2207,6.0,6.0,0.0694,12.0,12.0,370.04,1,7,0,2018,39,0.191699,0.202945,0.011246,2.966505,6.756718,6.756718,9798.652852,-0.027266,-0.021128,3.79724,11183.43,1168.165,3.176116,3.388679,0.191699,0.036246,82,44,24130909184.4985,72.53,1579.0,,0.256544502617801
0,USA-AD-1400,China,CN,392049,201808,0.3232,3,3,0.3757,6,6,0.164,12,12,0.4946,3.0,3.0,0.2231,6.0,6.0,0.3733,12.0,12.0,370.04,1,7,0,2018,39,0.251327,0.286046,0.034719,2.966505,6.756718,6.756718,9798.652852,-0.027266,-0.021128,3.79724,11183.43,1168.165,3.176116,3.388679,0.251327,0.036246,82,44,24130909184.4985,72.53,1579.0,,0.256544502617801
0,USA-AD-1400,China,CN,392062,201808,-0.3625,3,3,-0.2877,6,6,-0.1601,12,12,-0.0333,3.0,3.0,0.0523,6.0,6.0,-0.0103,12.0,12.0,370.04,11,7,28,2018,39,0.131376,0.120145,-0.01123,2.966505,6.756718,6.756718,9798.652852,-0.027266,-0.021128,3.79724,11183.43,1168.165,3.176116,3.388679,0.131376,0.036246,82,44,24130909184.4985,72.53,1579.0,8270515171.0,0.256544502617801
0,USA-AD-1400,China,CN,392069,201808,-0.2356,3,3,-0.237,6,6,-0.287,12,12,-0.0449,3.0,3.0,0.0272,6.0,6.0,-0.1227,12.0,12.0,370.04,1,7,0,2018,39,0.071832,0.065786,-0.006046,2.966505,6.756718,6.756718,9798.652852,-0.027266,-0.021128,3.79724,11183.43,1168.165,3.176116,3.388679,0.071832,0.036246,82,44,24130909184.4985,72.53,1579.0,1361082899.0,0.256544502617801
0,USA-AD-1400,China,CN,392190,201808,-0.0902,3,3,-0.0179,6,6,0.0446,12,12,0.093,3.0,3.0,0.0813,6.0,6.0,0.0559,12.0,12.0,370.04,5,7,15,2018,39,0.236884,0.236478,-0.000406,2.966505,6.756718,6.756718,9798.652852,-0.027266,-0.021128,3.79724,11183.43,1168.165,3.176116,3.388679,0.236884,0.036246,82,44,24130909184.4985,72.53,1579.0,15800770147.0,0.256544502617801
0,USA-AD-1400,China,CN,392640,201808,0.2769,3,3,0.5844,6,6,0.2016,12,12,-0.6229,3.0,3.0,-0.5473,6.0,6.0,0.037,12.0,12.0,370.04,1,7,0,2018,39,0.819912,0.877587,0.057674,2.966505,6.756718,6.756718,9798.652852,-0.027266,-0.021128,3.79724,11183.43,1168.165,3.176116,3.388679,0.819912,0.036246,82,44,24130909184.4985,72.53,1579.0,2379646506.0,0.256544502617801
0,USA-AD-1400,China,CN,392690,201808,-0.0364,3,3,0.1159,6,6,0.1041,12,12,0.0425,3.0,3.0,0.1156,6.0,6.0,0.1681,12.0,12.0,370.04,10,7,29,2018,39,0.284317,0.295985,0.011668,2.966505,6.756718,6.756718,9798.652852,-0.027266,-0.021128,3.79724,11183.43,1168.165,3.176116,3.388679,0.284317,0.036246,82,44,24130909184.4985,72.53,1579.0,67931922589.0,0.256544502617801
0,USA-AD-1400,China,CN,460199,201808,-0.4382,3,3,-0.0108,6,6,0.192,12,12,,0.0,1.0,,0.0,1.0,,0.0,1.0,370.04,2,7,0,2018,46,0.511115,0.637595,0.12648,2.966505,6.756718,6.756718,9798.652852,-0.027266,-0.021128,3.79724,11183.43,1168.165,3.176116,3.388679,0.511115,0.036246,82,44,24130909184.4985,72.53,1579.0,107127273.0,0.256544502617801
0,USA-AD-1400,China,CN,460290,201808,-0.4212,3,3,-0.4193,6,6,0.0293,12,12,,0.0,2.0,,0.0,3.0,13.92,1.0,4.0,370.04,2,7,0,2018,46,0.722189,0.756617,0.034428,2.966505,6.756718,6.756718,9798.652852,-0.027266,-0.021128,3.79724,11183.43,1168.165,3.176116,3.388679,0.722189,0.036246,82,44,24130909184.4985,72.53,1579.0,512294562.0,0.256544502617801
0,USA-AD-1400,China,CN,540490,201808,-0.3742,3,3,0.4146,6,6,1.4834,12,12,,0.0,0.0,,0.0,0.0,,0.0,0.0,370.04,1,7,0,2018,54,0.236817,0.48873,0.251913,2.966505,6.756718,6.756718,9798.652852,-0.027266,-0.021128,3.79724,11183.43,1168.165,3.176116,3.388679,0.236817,0.036246,82,44,24130909184.4985,72.53,1579.0,507695223.0,0.256544502617801
0,USA-AD-1400,China,CN,560900,201808,-0.164,3,3,0.0106,6,6,0.0258,12,12,-0.5233,3.0,3.0,-0.3409,6.0,6.0,-0.3518,12.0,10.0,370.04,5,7,0,2018,56,0.541885,0.627396,0.085511,2.966505,6.756718,6.756718,9798.652852,-0.027266,-0.021128,3.79724,11183.43,1168.165,3.176116,3.388679,0.541885,0.036246,82,44,24130909184.4985,72.53,1579.0,669764181.0,0.256544502617801
0,USA-AD-1400,China,CN,630790,201808,-0.027,3,3,0.1128,6,6,0.0718,12,12,0.3101,3.0,3.0,0.2858,6.0,6.0,0.162,12.0,12.0,370.04,2,7,8,2018,63,0.679179,0.683645,0.004467,2.966505,6.756718,6.756718,9798.652852,-0.027266,-0.021128,3.79724,11183.43,1168.165,3.176116,3.388679,0.679179,0.036246,82,44,24130909184.4985,72.53,1579.0,13225830892.0,0.256544502617801
0,USA-AD-1400,China,CN,950590,201808,0.4542,3,3,0.4847,6,6,0.11,12,12,1.9707,3.0,3.0,0.5653,6.0,6.0,1.5516,12.0,12.0,370.04,3,7,14,2018,95,0.896549,0.9324,0.03585,2.966505,6.756718,6.756718,9798.652852,-0.027266,-0.021128,3.79724,11183.43,1168.165,3.176116,3.388679,0.896549,0.036246,82,44,24130909184.4985,72.53,1579.0,2536759366.0,0.256544502617801
0,USA-AD-1401,Canada,CA,730511,201808,,0,0,,0,0,,0,0,-0.5313,3.0,3.0,-0.4676,6.0,6.0,-0.18,12.0,12.0,24.38,8,7,17,2018,73,0.0,0.0,0.0,2.966505,6.756718,2.742963,44907.343691,-0.027266,-0.001632,3.79724,2079.297,10032.81,3.176116,3.388679,0.0,0.036246,82,44,-41150336771.2767,72.53,1579.0,4613573373.0,0.582901554404145
0,USA-AD-1401,Canada,CA,730512,201808,,0,0,,0,0,,0,0,-0.5999,3.0,3.0,-0.5291,6.0,6.0,-0.3703,12.0,12.0,24.38,8,7,17,2018,73,0.0,0.0,0.0,2.966505,6.756718,2.742963,44907.343691,-0.027266,-0.001632,3.79724,2079.297,10032.81,3.176116,3.388679,0.0,0.036246,82,44,-41150336771.2767,72.53,1579.0,1183890948.0,0.582901554404145
0,USA-AD-1401,Canada,CA,730519,201808,,0,0,,0,0,,0,0,,0.0,0.0,5.935,1.0,1.0,49.3512,4.0,5.0,24.38,8,7,17,2018,73,0.0,0.0,0.0,2.966505,6.756718,2.742963,44907.343691,-0.027266,-0.001632,3.79724,2079.297,10032.81,3.176116,3.388679,0.0,0.036246,82,44,-41150336771.2767,72.53,1579.0,927487088.0,0.582901554404145
0,USA-AD-1401,Canada,CA,730531,201808,,0,0,,0,0,,0,0,-0.1789,2.0,3.0,-0.5536,5.0,6.0,-0.7803,11.0,11.0,24.38,12,7,4,2018,73,0.0,0.0,0.0,2.966505,6.756718,2.742963,44907.343691,-0.027266,-0.001632,3.79724,2079.297,10032.81,3.176116,3.388679,0.0,0.036246,82,44,-41150336771.2767,72.53,1579.0,1050365438.0,0.582901554404145
0,USA-AD-1401,Canada,CA,730539,201808,,0,0,,0,0,,0,0,,0.0,0.0,-1.0,3.0,0.0,-1.0,7.0,0.0,24.38,6,7,0,2018,73,0.0,0.0,0.0,2.966505,6.756718,2.742963,44907.343691,-0.027266,-0.001632,3.79724,2079.297,10032.81,3.176116,3.388679,0.0,0.036246,82,44,-41150336771.2767,72.53,1579.0,555518808.0,0.582901554404145
0,USA-AD-1402,China,CN,730511,201808,,0,0,465.55,1,1,37.4655,2,2,-0.5313,3.0,3.0,-0.4676,6.0,6.0,-0.18,12.0,12.0,132.63,8,7,17,2018,73,0.01556,0.381276,0.365715,2.966505,6.756718,6.756718,9798.652852,-0.027266,-0.021128,3.79724,11183.43,1168.165,3.176116,3.388679,0.01556,0.036246,82,44,24130909184.4985,72.53,1579.0,4613573373.0,0.256544502617801
0,USA-AD-1402,China,CN,730512,201808,,0,0,,0,0,,0,1,-0.5999,3.0,3.0,-0.5291,6.0,6.0,-0.3703,12.0,12.0,132.63,8,7,17,2018,73,0.0,0.645135,0.645135,2.966505,6.756718,6.756718,9798.652852,-0.027266,-0.021128,3.79724,11183.43,1168.165,3.176116,3.388679,0.0,0.036246,82,44,24130909184.4985,72.53,1579.0,1183890948.0,0.256544502617801
0,USA-AD-1402,China,CN,730519,201808,,0,0,-0.9253,1,1,-0.9693,2,1,,0.0,0.0,5.935,1.0,1.0,49.3512,4.0,5.0,132.63,8,7,17,2018,73,0.217632,0.117111,-0.100521,2.966505,6.756718,6.756718,9798.652852,-0.027266,-0.021128,3.79724,11183.43,1168.165,3.176116,3.388679,0.217632,0.036246,82,44,24130909184.4985,72.53,1579.0,927487088.0,0.256544502617801
0,USA-AD-1402,China,CN,730531,201808,-0.5029,2,2,8.087,2,3,-0.1396,4,4,-0.1789,2.0,3.0,-0.5536,5.0,6.0,-0.7803,11.0,11.0,132.63,12,7,4,2018,73,0.058717,0.132831,0.074114,2.966505,6.756718,6.756718,9798.652852,-0.027266,-0.021128,3.79724,11183.43,1168.165,3.176116,3.388679,0.058717,0.036246,82,44,24130909184.4985,72.53,1579.0,1050365438.0,0.256544502617801
0,USA-AD-1402,China,CN,730539,201808,,0,0,,0,0,2.2927,1,4,,0.0,0.0,-1.0,3.0,0.0,-1.0,7.0,0.0,132.63,6,7,0,2018,73,0.055652,0.546452,0.490801,2.966505,6.756718,6.756718,9798.652852,-0.027266,-0.021128,3.79724,11183.43,1168.165,3.176116,3.388679,0.055652,0.036246,82,44,24130909184.4985,72.53,1579.0,555518808.0,0.256544502617801
0,USA-AD-1403,Greece,GR,730511,201808,,0,1,,0,1,,0,1,-0.5313,3.0,3.0,-0.4676,6.0,6.0,-0.18,12.0,12.0,22.51,8,7,17,2018,73,0.0,0.031738,0.031738,2.966505,6.756718,2.064672,18769.038962,-0.027266,-0.043417,3.79724,9319.274,8609.272,3.176116,3.388679,0.0,0.036246,82,44,-7586595753.15311,72.53,1579.0,4613573373.0,0.510362694300518
0,USA-AD-1403,Greece,GR,730531,201808,,0,0,,0,0,,0,0,-0.1789,2.0,3.0,-0.5536,5.0,6.0,-0.7803,11.0,11.0,22.51,12,7,4,2018,73,0.0,0.0,0.0,2.966505,6.756718,2.064672,18769.038962,-0.027266,-0.043417,3.79724,9319.274,8609.272,3.176116,3.388679,0.0,0.036246,82,44,-7586595753.15311,72.53,1579.0,1050365438.0,0.510362694300518
0,USA-AD-1404,India,IN,730511,201808,,0,0,-1.0,1,0,-1.0,1,0,-0.5313,3.0,3.0,-0.4676,6.0,6.0,-0.18,12.0,12.0,16.85,8,7,17,2018,73,0.006178,0.0,-0.006178,2.966505,6.756718,6.453851,1883.357727,-0.027266,0.050182,3.79724,13131.91,5108.001,3.176116,3.388679,0.006178,0.036246,82,44,-65599439052.6676,72.53,1579.0,4613573373.0,0.319371727748691
0,USA-AD-1404,India,IN,730531,201808,,0,0,,0,0,,0,0,-0.1789,2.0,3.0,-0.5536,5.0,6.0,-0.7803,11.0,11.0,16.85,12,7,4,2018,73,0.0,0.0,0.0,2.966505,6.756718,6.453851,1883.357727,-0.027266,0.050182,3.79724,13131.91,5108.001,3.176116,3.388679,0.0,0.036246,82,44,-65599439052.6676,72.53,1579.0,1050365438.0,0.319371727748691
0,USA-AD-1406,Turkey,TR,730511,201808,,0,0,,0,0,,0,0,-0.5313,3.0,3.0,-0.4676,6.0,6.0,-0.18,12.0,12.0,4.07,8,7,17,2018,73,0.0,0.0,0.0,2.966505,6.756718,3.468153,12255.008215,-0.027266,0.323518,3.79724,9705.772,7937.729,3.176116,3.388679,0.0,0.036246,82,44,-14603000000.0,72.53,1579.0,4613573373.0,0.450261780104712
0,USA-AD-1406,Turkey,TR,730531,201808,,0,0,,0,0,,0,0,-0.1789,2.0,3.0,-0.5536,5.0,6.0,-0.7803,11.0,11.0,4.07,12,7,4,2018,73,0.0,0.0,0.0,2.966505,6.756718,3.468153,12255.008215,-0.027266,0.323518,3.79724,9705.772,7937.729,3.176116,3.388679,0.0,0.036246,82,44,-14603000000.0,72.53,1579.0,1050365438.0,0.450261780104712
0,USA-AD-1407,China,CN,730300,201808,1.0502,3,3,0.0799,6,6,-0.2806,12,12,-0.9978,2.0,2.0,-0.4039,2.0,4.0,0.2909,2.0,8.0,302.61,1,6,0,2018,73,0.783926,0.592155,-0.19177,2.966505,6.756718,6.756718,9798.652852,-0.027266,-0.021128,3.79724,11183.43,1168.165,3.176116,3.388679,0.783926,0.036246,82,44,24130909184.4985,72.53,1579.0,1727785010.0,0.256544502617801
0,USA-AD-1408,China,CN,401699,201809,-0.1305,3,3,-0.099,6,6,0.1048,12,12,0.0094,3.0,3.0,-0.0235,6.0,6.0,-0.0301,12.0,12.0,26.25,3,7,0,2018,40,0.231574,0.256287,0.024713,2.966505,6.756718,6.756718,9798.652852,-0.027266,-0.021128,3.79724,11183.43,1168.165,3.176116,3.388679,0.231574,0.036246,81,44,24130909184.4985,78.89,1540.0,14166641680.0,0.256544502617801
0,USA-AD-1410,Thailand,TH,401699,201809,0.0277,3,3,-0.0566,6,6,0.0149,12,12,0.0094,3.0,3.0,-0.0235,6.0,6.0,-0.0301,12.0,12.0,5.86,3,7,0,2018,40,0.017101,0.009371,-0.00773,2.966505,6.756718,4.22287,6314.199484,-0.027266,-0.048014,3.79724,13936.19,3699.128,3.176116,3.388679,0.017101,0.036246,81,44,28478892998.8756,78.89,1540.0,14166641680.0,0.290155440414508
0,USA-AD-1411,Vietnam,VN,391739,201810,-0.2822,3,3,0.0397,6,6,0.624,12,12,0.6619,3.0,3.0,0.1379,6.0,6.0,0.0766,12.0,12.0,289.88,1,7,0,2018,39,0.034289,0.06008,0.025792,2.966505,6.756718,7.465007,3048.283276,-0.027266,0.010369,3.79724,13715.75,3257.774,3.176116,3.388679,0.034289,0.036246,80,44,5899353000.00003,81.03,1490.0,4197227460.0,0.252747252747253
0,USA-AD-1411,Vietnam,VN,392190,201810,0.3347,3,3,0.3774,6,6,0.2527,12,12,0.0776,3.0,3.0,-0.034,6.0,6.0,0.0541,12.0,12.0,289.88,5,7,15,2018,39,,0.108279,,2.966505,6.756718,7.465007,3048.283276,-0.027266,0.010369,3.79724,13715.75,3257.774,3.176116,3.388679,,0.036246,80,44,5899353000.00003,81.03,1490.0,15800770147.0,0.252747252747253
0,USA-AD-1411,Vietnam,VN,392321,201810,-0.1183,3,3,-0.0119,6,6,0.0863,12,12,0.149,3.0,3.0,0.0855,6.0,6.0,0.1334,12.0,12.0,289.88,6,7,14,2018,39,0.121855,0.124322,0.002467,2.966505,6.756718,7.465007,3048.283276,-0.027266,0.010369,3.79724,13715.75,3257.774,3.176116,3.388679,0.121855,0.036246,80,44,5899353000.00003,81.03,1490.0,11902045783.0,0.252747252747253
0,USA-AD-1411,Vietnam,VN,392329,201810,0.1106,3,3,1.0553,6,6,1.7583,12,12,-0.032,3.0,3.0,-0.0499,6.0,6.0,-0.0111,12.0,12.0,289.88,1,7,0,2018,39,0.014235,0.045076,0.030841,2.966505,6.756718,7.465007,3048.283276,-0.027266,0.010369,3.79724,13715.75,3257.774,3.176116,3.388679,0.014235,0.036246,80,44,5899353000.00003,81.03,1490.0,5186155429.0,0.252747252747253
0,USA-AD-1411,Vietnam,VN,460199,201810,-1.0,1,0,-1.0,3,0,-0.6975,3,2,-1.0,1.0,0.0,-1.0,1.0,0.0,-1.0,1.0,0.0,289.88,2,7,0,2018,46,,0.188325,,2.966505,6.756718,7.465007,3048.283276,-0.027266,0.010369,3.79724,13715.75,3257.774,3.176116,3.388679,,0.036246,80,44,5899353000.00003,81.03,1490.0,107127273.0,0.252747252747253
0,USA-AD-1411,Vietnam,VN,460290,201810,0.1688,3,3,-0.0275,6,6,-0.2767,12,12,-0.8674,2.0,1.0,-0.0212,2.0,2.0,-0.1194,3.0,3.0,289.88,2,7,0,2018,46,,1.37763,,2.966505,6.756718,7.465007,3048.283276,-0.027266,0.010369,3.79724,13715.75,3257.774,3.176116,3.388679,,0.036246,80,44,5899353000.00003,81.03,1490.0,512294562.0,0.252747252747253
0,USA-AD-1411,Vietnam,VN,590390,201810,-0.6077,3,3,-0.7444,6,6,-0.7027,12,12,-0.2493,3.0,3.0,-0.0974,6.0,6.0,0.0127,12.0,12.0,289.88,3,7,8,2018,59,0.173874,0.077093,-0.096781,2.966505,6.756718,7.465007,3048.283276,-0.027266,0.010369,3.79724,13715.75,3257.774,3.176116,3.388679,0.173874,0.036246,80,44,5899353000.00003,81.03,1490.0,3950797203.0,0.252747252747253
0,USA-AD-1411,Vietnam,VN,630533,201810,0.1637,3,3,0.2337,6,6,0.3096,12,12,-0.3123,3.0,3.0,0.024,6.0,6.0,0.1494,12.0,12.0,289.88,2,7,10,2018,63,0.20129,0.25448,0.05319,2.966505,6.756718,7.465007,3048.283276,-0.027266,0.010369,3.79724,13715.75,3257.774,3.176116,3.388679,0.20129,0.036246,80,44,5899353000.00003,81.03,1490.0,,0.252747252747253
0,USA-AD-1412,China,CN,401120,201810,-0.1292,3,3,-0.0906,6,6,0.1428,12,12,0.038,3.0,3.0,-0.1879,6.0,6.0,-0.0947,12.0,12.0,231.7,6,6,10,2018,40,0.632445,0.650882,0.018436,2.966505,6.756718,6.756718,9798.652852,-0.027266,-0.021128,3.79724,11183.43,1168.165,3.176116,3.388679,0.632445,0.036246,80,44,24130909184.4985,81.03,1490.0,23913242555.0,0.256544502617801
0,USA-AD-1412,China,CN,870870,201810,0.1981,3,3,0.2335,6,6,0.3708,12,12,0.1262,3.0,3.0,0.301,6.0,6.0,0.4942,12.0,12.0,231.7,5,6,16,2018,87,0.677899,0.742098,0.0642,2.966505,6.756718,6.756718,9798.652852,-0.027266,-0.021128,3.79724,11183.43,1168.165,3.176116,3.388679,0.677899,0.036246,80,44,24130909184.4985,81.03,1490.0,20683982505.0,0.256544502617801
0,USA-AD-1412,China,CN,870899,201810,0.1419,3,3,-0.0169,6,6,0.005,12,12,0.0778,3.0,3.0,0.0447,6.0,6.0,0.1513,12.0,12.0,231.7,23,6,30,2018,87,0.246914,0.251165,0.004251,2.966505,6.756718,6.756718,9798.652852,-0.027266,-0.021128,3.79724,11183.43,1168.165,3.176116,3.388679,0.246914,0.036246,80,44,24130909184.4985,81.03,1490.0,104730251186.0,0.256544502617801
0,USA-AD-1412,China,CN,871690,201810,0.1155,3,3,-0.0252,6,6,0.0429,12,12,2.3425,3.0,3.0,3.063,6.0,6.0,7.6058,12.0,12.0,231.7,3,6,14,2018,87,0.765999,0.770249,0.004249,2.966505,6.756718,6.756718,9798.652852,-0.027266,-0.021128,3.79724,11183.43,1168.165,3.176116,3.388679,0.765999,0.036246,80,44,24130909184.4985,81.03,1490.0,10284808136.0,0.256544502617801
0,USA-AD-1413,India,IN,292249,201810,-0.6465,3,3,-0.413,6,6,-0.4675,12,12,0.0528,3.0,3.0,0.1116,6.0,6.0,0.1065,12.0,12.0,8.24,5,6,24,2018,29,0.073009,0.074367,0.001357,2.966505,6.756718,6.453851,1883.357727,-0.027266,0.050182,3.79724,13131.91,5108.001,3.176116,3.388679,0.073009,0.036246,80,44,-65599439052.6676,81.03,1490.0,10615477623.0,0.319371727748691
0,USA-AD-1414,Japan,JP,292249,201810,0.4379,3,3,-0.1113,6,6,-0.185,12,12,0.0528,3.0,3.0,0.1116,6.0,6.0,0.1065,12.0,12.0,53.66,5,6,24,2018,29,0.153998,0.150567,-0.003431,2.966505,6.756718,0.643391,36138.529082,-0.027266,-0.015539,3.79724,10286.19,951.7373,3.176116,3.388679,0.153998,0.036246,80,44,177268535276.423,81.03,1490.0,10615477623.0,0.481865284974093
0,USA-AD-1416,China,CN,250610,201811,0.2481,3,3,0.0697,6,6,0.0023,12,12,-0.0476,3.0,3.0,-0.2689,6.0,6.0,0.1494,12.0,12.0,314.1,1,7,0,2018,25,0.348,0.486809,0.138809,2.966505,6.756718,6.756718,9798.652852,-0.027266,-0.021128,3.79724,11183.43,1168.165,3.176116,3.388679,0.348,0.036246,79,44,24130909184.4985,64.75,1231.0,559077079.0,0.256544502617801
0,USA-AD-1416,China,CN,250620,201811,0.3934,3,3,0.1595,6,6,-0.6992,12,12,,0.0,0.0,,0.0,0.0,,0.0,0.0,314.1,1,7,0,2018,25,0.586306,0.51511,-0.071196,2.966505,6.756718,6.756718,9798.652852,-0.027266,-0.021128,3.79724,11183.43,1168.165,3.176116,3.388679,0.586306,0.036246,79,44,24130909184.4985,64.75,1231.0,,0.256544502617801
0,USA-AD-1416,China,CN,681011,201811,-0.258,3,3,-0.2087,6,6,-0.1889,12,12,-1.0,1.0,0.0,-1.0,3.0,0.0,-1.0,4.0,0.0,314.1,1,7,0,2018,68,0.842975,0.821298,-0.021677,2.966505,6.756718,6.756718,9798.652852,-0.027266,-0.021128,3.79724,11183.43,1168.165,3.176116,3.388679,0.842975,0.036246,79,44,24130909184.4985,64.75,1231.0,725117212.0,0.256544502617801
0,USA-AD-1416,China,CN,681019,201811,0.3558,3,3,0.2656,6,6,0.5129,12,12,-0.9998,3.0,2.0,-0.9504,5.0,3.0,-0.9427,10.0,6.0,314.1,1,7,0,2018,68,0.57719,0.598271,0.021081,2.966505,6.756718,6.756718,9798.652852,-0.027266,-0.021128,3.79724,11183.43,1168.165,3.176116,3.388679,0.57719,0.036246,79,44,24130909184.4985,64.75,1231.0,1375662747.0,0.256544502617801
0,USA-AD-1416,China,CN,681091,201811,-0.7967,3,3,-0.6967,6,6,-0.7392,12,12,,0.0,0.0,,0.0,1.0,,0.0,1.0,314.1,1,7,0,2018,68,0.773938,0.527718,-0.246219,2.966505,6.756718,6.756718,9798.652852,-0.027266,-0.021128,3.79724,11183.43,1168.165,3.176116,3.388679,0.773938,0.036246,79,44,24130909184.4985,64.75,1231.0,2505036635.0000005,0.256544502617801
0,USA-AD-1416,China,CN,681099,201811,0.0444,3,3,-0.1114,6,6,0.0965,12,12,1.9222,3.0,3.0,2.9139,6.0,6.0,3.3124,12.0,12.0,314.1,3,7,0,2018,68,0.894726,0.883028,-0.011699,2.966505,6.756718,6.756718,9798.652852,-0.027266,-0.021128,3.79724,11183.43,1168.165,3.176116,3.388679,0.894726,0.036246,79,44,24130909184.4985,64.75,1231.0,4699717111.0,0.256544502617801
0,USA-AD-1416,China,CN,681599,201811,-0.1342,3,3,-0.2926,6,6,-0.0452,12,12,0.0559,3.0,3.0,-0.0555,6.0,6.0,0.2565,12.0,12.0,314.1,2,7,8,2018,68,0.322137,0.46237,0.140232,2.966505,6.756718,6.756718,9798.652852,-0.027266,-0.021128,3.79724,11183.43,1168.165,3.176116,3.388679,0.322137,0.036246,79,44,24130909184.4985,64.75,1231.0,2691446614.9999995,0.256544502617801
0,USA-AD-1417,China,CN,731100,201812,-0.029,3,3,0.0553,6,6,-0.1091,12,12,-0.0074,3.0,3.0,-0.0218,6.0,6.0,0.0616,12.0,12.0,83.5,4,6,7,2018,73,0.337071,0.3019,-0.03517,2.966505,6.756718,6.756718,9798.652852,-0.027266,-0.021128,3.79724,11183.43,1168.165,3.176116,3.388679,0.337071,0.036246,78,44,24130909184.4985,57.36,1271.0,3349810914.0,0.256544502617801
0,USA-AD-1419,Thailand,TH,731100,201812,1.2656,3,3,1.1491,5,6,-0.3531,11,12,-0.0074,3.0,3.0,-0.0218,6.0,6.0,0.0616,12.0,12.0,9.85,4,6,7,2018,73,0.017108,0.011952,-0.005157,2.966505,6.756718,4.22287,6314.199484,-0.027266,-0.048014,3.79724,13936.19,3699.128,3.176116,3.388679,0.017108,0.036246,78,44,28478892998.8756,57.36,1271.0,3349810914.0,0.290155440414508
0,USA-AD-1420,China,CN,730890,201903,0.2538,3,3,0.2007,6,6,0.3608,12,12,-0.1779,3.0,3.0,-0.055,6.0,6.0,0.2766,12.0,12.0,144.5,3,9,17,2019,73,0.813462,0.893029,0.079567,2.583825,6.068502,6.068502,10356.480419,0.059259,0.0442,-0.167013,11183.43,1168.165,2.313802,0.495587,0.813462,-0.041774,75,30,102909876008.387,66.14,689.0,34104627666.0,0.244186046511628
0,USA-AD-1420,China,CN,732690,201903,0.1768,3,3,0.0544,6,6,-0.015,12,12,-0.1089,3.0,3.0,-0.0073,6.0,6.0,0.074,12.0,12.0,144.5,7,9,17,2019,73,1.025985,0.348811,-0.677174,2.583825,6.068502,6.068502,10356.480419,0.059259,0.0442,-0.167013,11183.43,1168.165,2.313802,0.495587,1.025985,-0.041774,75,30,102909876008.387,66.14,689.0,47714062067.0,0.244186046511628
0,USA-AD-1420,China,CN,940320,201903,0.0687,3,3,0.0177,6,6,0.017,12,12,0.4668,3.0,3.0,0.1614,6.0,6.0,0.2657,12.0,12.0,144.5,6,9,18,2019,94,2.345069,0.795554,-1.549515,2.583825,6.068502,6.068502,10356.480419,0.059259,0.0442,-0.167013,11183.43,1168.165,2.313802,0.495587,2.345069,-0.041774,75,30,102909876008.387,66.14,689.0,17318572370.0,0.244186046511628
0,USA-AD-1420,China,CN,940390,201903,-0.1266,3,3,-0.1436,6,6,0.0463,12,12,-0.2152,3.0,3.0,-0.2113,6.0,6.0,-0.0161,12.0,12.0,144.5,1,9,24,2019,94,0.392939,0.430627,0.037688,2.583825,6.068502,6.068502,10356.480419,0.059259,0.0442,-0.167013,11183.43,1168.165,2.313802,0.495587,0.392939,-0.041774,75,30,102909876008.387,66.14,689.0,14199182355.0,0.244186046511628
0,USA-AD-1421,China,CN,871690,201904,0.2328,3,3,0.0919,6,6,0.0006,12,12,0.7937,3.0,3.0,1.697,6.0,6.0,2.2919,12.0,12.0,43.73,3,8,15,2019,87,,1.759724,,2.583825,6.068502,6.068502,10356.480419,0.059259,0.0442,-0.167013,11183.43,1168.165,2.313802,0.495587,,-0.041774,74,30,102909876008.387,71.23,1011.0,9511682766.0,0.244186046511628
0,USA-AD-1422,Austria,AT,284150,201906,,0,0,,0,1,,0,1,,0.0,0.0,,0.0,0.0,,0.0,0.0,2.5,2,9,0,2019,28,0.0,8e-05,8e-05,2.583825,6.068502,1.754976,46550.562246,0.059259,0.054919,-0.167013,8124.255,8469.964,2.313802,0.495587,0.0,-0.041774,72,30,10561750902.7866,64.22,1354.0,35777743.0,0.465909090909091
0,USA-AD-1422,Austria,AT,321290,201906,-1.0,1,0,-1.0,1,0,5.3654,5,1,-0.9901,3.0,3.0,-0.9783,6.0,6.0,-0.9747,11.0,12.0,2.5,2,9,0,2019,32,0.000245,0.000102,-0.000144,2.583825,6.068502,1.754976,46550.562246,0.059259,0.054919,-0.167013,8124.255,8469.964,2.313802,0.495587,0.000245,-0.041774,72,30,10561750902.7866,64.22,1354.0,1542274965.0,0.465909090909091
0,USA-AD-1423,France,FR,321290,201905,-0.8333,3,3,-0.6783,6,6,-0.532,12,11,-0.0923,3.0,3.0,-0.0701,6.0,6.0,-0.0906,11.0,12.0,30.32,2,8,0,2019,32,0.552303,,,2.583825,6.068502,2.027446,38705.207294,0.059259,0.054919,-0.167013,7456.767,9225.815,2.313802,0.495587,0.552303,-0.041774,73,30,15992675264.402,71.32,1096.0,1542274965.0,0.602272727272727
1,USA-AD-1424,China,CN,940140,201906,0.1976,3,3,0.5868,6,6,0.9545,12,12,,0.0,0.0,-1.0,1.0,0.0,215.25,2.0,1.0,1731.75,8,9,0,2019,94,0.803579,0.813101,0.009522,2.583825,6.068502,6.068502,10356.480419,0.059259,0.0442,-0.167013,11183.43,1168.165,2.313802,0.495587,0.803579,-0.041774,72,30,102909876008.387,64.22,1354.0,1802908695.0,0.244186046511628
0,USA-AD-1424,China,CN,940190,201906,-0.06,3,3,-0.0941,6,6,0.0578,12,12,-0.0012,3.0,3.0,-0.008,6.0,6.0,-0.0878,12.0,12.0,1731.75,8,9,0,2019,94,0.681937,0.681289,-0.000648,2.583825,6.068502,6.068502,10356.480419,0.059259,0.0442,-0.167013,11183.43,1168.165,2.313802,0.495587,0.681937,-0.041774,72,30,102909876008.387,64.22,1354.0,33003022286.0,0.244186046511628
1,USA-AD-1424,China,CN,940421,201906,0.618,3,3,0.8308,6,6,0.8554,12,12,-1.0,2.0,0.0,394.1667,3.0,3.0,168.2857,6.0,8.0,1731.75,8,9,0,2019,94,0.340671,0.464729,0.124058,2.583825,6.068502,6.068502,10356.480419,0.059259,0.0442,-0.167013,11183.43,1168.165,2.313802,0.495587,0.340671,-0.041774,72,30,102909876008.387,64.22,1354.0,2844204137.0,0.244186046511628
0,USA-AD-1424,China,CN,940429,201906,0.1249,3,3,0.3183,6,6,0.4639,12,12,-0.7941,3.0,3.0,-0.1128,6.0,6.0,0.0232,12.0,12.0,1731.75,9,9,11,2019,94,0.409845,0.536279,0.126434,2.583825,6.068502,6.068502,10356.480419,0.059259,0.0442,-0.167013,11183.43,1168.165,2.313802,0.495587,0.409845,-0.041774,72,30,102909876008.387,64.22,1354.0,2803958155.0,0.244186046511628
0,USA-AD-1425,China,CN,731010,201906,-0.1682,3,3,-0.207,6,6,-0.1799,12,12,-0.1428,3.0,3.0,0.1765,6.0,6.0,0.085,12.0,12.0,66.89,3,9,0,2019,73,0.518215,0.522722,0.004507,2.583825,6.068502,6.068502,10356.480419,0.059259,0.0442,-0.167013,11183.43,1168.165,2.313802,0.495587,0.518215,-0.041774,72,30,102909876008.387,64.22,1354.0,1593746544.0,0.244186046511628
0,USA-AD-1425,China,CN,731029,201906,-0.1074,3,3,-0.0077,6,6,0.0032,12,12,-0.2513,3.0,3.0,-0.4162,6.0,6.0,-0.4293,12.0,12.0,66.89,3,9,30,2019,73,0.330616,0.372228,0.041611,2.583825,6.068502,6.068502,10356.480419,0.059259,0.0442,-0.167013,11183.43,1168.165,2.313802,0.495587,0.330616,-0.041774,72,30,102909876008.387,64.22,1354.0,2409472135.0,0.244186046511628
0,USA-AD-1426,Germany,DE,731010,201906,-0.3889,3,3,-0.4918,6,6,-0.3363,12,12,-0.1428,3.0,3.0,0.1765,6.0,6.0,0.085,12.0,12.0,8.61,3,9,0,2019,73,0.01747,0.018117,0.000647,2.583825,6.068502,0.977735,44235.265895,0.059259,0.054919,-0.167013,7595.452,8503.73,2.313802,0.495587,0.01747,-0.041774,72,30,311830319405.001,64.22,1354.0,1593746544.0,0.556818181818182
0,USA-AD-1426,Germany,DE,731029,201906,0.2766,3,3,0.0058,6,6,-0.1875,12,12,-0.2513,3.0,3.0,-0.4162,6.0,6.0,-0.4293,12.0,12.0,8.61,3,9,30,2019,73,0.015868,0.013153,-0.002715,2.583825,6.068502,0.977735,44235.265895,0.059259,0.054919,-0.167013,7595.452,8503.73,2.313802,0.495587,0.015868,-0.041774,72,30,311830319405.001,64.22,1354.0,2409472135.0,0.556818181818182
0,USA-AD-1427,Mexico,MX,731010,201906,,0,0,,0,1,,0,2,-0.1428,3.0,3.0,0.1765,6.0,6.0,0.085,12.0,12.0,18.48,3,9,0,2019,73,0.0,0.000541,0.000541,2.583825,6.068502,-0.392691,10159.444836,0.059259,0.001002,-0.167013,2468.405,11711.42,2.313802,0.495587,0.0,-0.041774,72,30,-3871166263.00003,64.22,1354.0,1593746544.0,0.308571428571429
0,USA-AD-1427,Mexico,MX,731029,201906,-1.0,2,0,-0.9957,3,1,-0.8236,8,5,-0.2513,3.0,3.0,-0.4162,6.0,6.0,-0.4293,12.0,12.0,18.48,3,9,30,2019,73,0.000246,6.2e-05,-0.000184,2.583825,6.068502,-0.392691,10159.444836,0.059259,0.001002,-0.167013,2468.405,11711.42,2.313802,0.495587,0.000246,-0.041774,72,30,-3871166263.00003,64.22,1354.0,2409472135.0,0.308571428571429
0,USA-AD-1428,China,CN,854449,201906,-0.1337,3,3,-0.0294,6,6,0.0146,12,12,0.2245,3.0,3.0,0.3011,6.0,6.0,1.1917,12.0,12.0,63.32,1,9,0,2019,85,0.374718,0.370596,-0.004123,2.583825,6.068502,6.068502,10356.480419,0.059259,0.0442,-0.167013,11183.43,1168.165,2.313802,0.495587,0.374718,-0.041774,72,30,102909876008.387,64.22,1354.0,27041503080.0,0.244186046511628
0,USA-AD-1429,China,CN,540233,201907,-0.0253,3,3,-0.0325,6,6,0.1073,12,12,0.0428,3.0,3.0,-0.0468,6.0,6.0,-0.0393,12.0,12.0,66.47,6,9,0,2019,54,0.580885,0.627313,0.046428,2.583825,6.068502,6.068502,10356.480419,0.059259,0.0442,-0.167013,11183.43,1168.165,2.313802,0.495587,0.580885,-0.041774,71,30,102909876008.387,63.92,1868.0,4427929108.0,0.244186046511628
0,USA-AD-1430,India,IN,540233,201907,-0.2512,3,3,-0.1399,6,6,-0.2385,12,12,0.0428,3.0,3.0,-0.0468,6.0,6.0,-0.0393,12.0,12.0,10.78,6,9,0,2019,54,0.192367,0.147384,-0.044983,2.583825,6.068502,3.871437,1936.030677,0.059259,0.029696,-0.167013,13131.91,5108.001,2.313802,0.495587,0.192367,-0.041774,71,30,-29762864650.3281,63.92,1868.0,4427929108.0,0.335227272727273
0,USA-AD-1433,China,CN,730890,201909,-0.0576,3,3,-0.1063,6,6,-0.0914,12,12,0.763,3.0,3.0,0.4201,6.0,6.0,0.56,12.0,12.0,130.84,3,7,17,2019,73,,2.106321,,2.583825,6.068502,6.068502,10356.480419,0.059259,0.0442,-0.167013,11183.43,1168.165,2.313802,0.495587,,-0.041774,69,30,102909876008.387,62.83,1823.0,34104627666.0,0.244186046511628
0,USA-AD-1434,Mexico,MX,730890,201909,-1.0,1,0,-0.9998,1,1,-0.9998,1,1,0.763,3.0,3.0,0.4201,6.0,6.0,0.56,12.0,12.0,10.58,3,7,17,2019,73,,0.0,,2.583825,6.068502,-0.392691,10159.444836,0.059259,0.001002,-0.167013,2468.405,11711.42,2.313802,0.495587,,-0.041774,69,30,-3871166263.00003,62.83,1823.0,34104627666.0,0.308571428571429
0,USA-AD-1435,Belgium,BE,291411,201909,,0,0,,0,0,,0,0,,0.0,0.0,,0.0,0.0,-1.0,6.0,0.0,28.17,6,7,0,2019,29,0.0,0.0,0.0,2.583825,6.068502,2.44289,43006.404231,0.059259,0.054919,-0.167013,7302.655,8817.223,2.313802,0.495587,0.0,-0.041774,69,30,660702346.888409,62.83,1823.0,1231700327.0,0.537790697674419
0,USA-AD-1438,Singapore,SG,291411,201908,-0.5122,2,1,-0.6774,3,1,-0.5966,5,3,,0.0,0.0,-1.0,1.0,0.0,-1.0,7.0,0.0,66.42,6,6,0,2019,29,3.289643,,,2.583825,6.068502,1.308041,61345.529182,0.059259,0.011355,-0.167013,15122.62,4632.103,2.313802,0.495587,3.289643,-0.041774,70,30,58233636124.8388,59.04,2378.0,1231700327.0,0.269886363636364
0,USA-AD-1439,South Africa,ZA,291411,201909,1.0,3,2,0.2727,4,3,0.7105,5,4,,0.0,0.0,,0.0,0.0,-1.0,6.0,0.0,45.85,6,7,0,2019,29,0.000213,0.000505,0.000293,2.583825,6.068502,0.259936,6032.829726,0.059259,0.091772,-0.167013,14418.61,12792.46,2.313802,0.495587,0.000213,-0.041774,69,30,-10200410538.59,62.83,1823.0,1231700327.0,0.255882352941176
0,USA-AD-1440,Spain,ES,291411,201908,,0,0,,0,0,,0,0,,0.0,0.0,-1.0,1.0,0.0,-1.0,7.0,0.0,137.39,6,6,0,2019,29,0.0,,,2.583825,6.068502,1.961179,28301.439395,0.059259,0.054919,-0.167013,7437.157,10101.71,2.313802,0.495587,0.0,-0.041774,70,30,29751164540.5842,59.04,2378.0,1231700327.0,0.545454545454545
0,USA-AD-1441,China,CN,731815,201909,0.0396,3,3,-0.1434,6,6,0.0548,12,12,-0.0065,3.0,3.0,0.1031,6.0,6.0,-0.0945,12.0,12.0,59.45,4,7,11,2019,73,0.324815,0.348784,0.023969,2.583825,6.068502,6.068502,10356.480419,0.059259,0.0442,-0.167013,11183.43,1168.165,2.313802,0.495587,0.324815,-0.041774,69,30,102909876008.387,62.83,1823.0,19015236343.0,0.244186046511628
0,USA-AD-1442,India,IN,731815,201909,-0.0656,3,3,-0.0052,6,6,-0.3105,12,12,-0.0065,3.0,3.0,0.1031,6.0,6.0,-0.0945,12.0,12.0,2.04,4,7,11,2019,73,0.019561,0.014185,-0.005376,2.583825,6.068502,3.871437,1936.030677,0.059259,0.029696,-0.167013,13131.91,5108.001,2.313802,0.495587,0.019561,-0.041774,69,30,-29762864650.3281,62.83,1823.0,19015236343.0,0.335227272727273
0,USA-AD-1443,Taiwan,TW,731815,201909,-0.0135,3,3,-0.0642,6,6,-0.0813,12,12,-0.0065,3.0,3.0,0.1031,6.0,6.0,-0.0945,12.0,12.0,32.26,4,7,11,2019,73,0.079738,0.072042,-0.007697,2.583825,6.068502,,,0.059259,,-0.167013,12155.88,1520.398,2.313802,0.495587,0.079738,-0.041774,69,30,,62.83,1823.0,19015236343.0,
0,USA-AD-1444,Thailand,TH,731815,201908,-0.4314,3,3,-0.3787,6,6,-0.2145,12,12,-0.0775,3.0,3.0,0.0405,6.0,6.0,-0.124,12.0,12.0,20.83,4,6,11,2019,73,0.526097,,,2.583825,6.068502,2.114558,6434.537705,0.059259,-0.039078,-0.167013,13936.19,3699.128,2.313802,0.495587,0.526097,-0.041774,70,30,38342459972.4547,59.04,2378.0,19015236343.0,0.267045454545455
0,USA-AD-1445,China,CN,940340,201910,0.1494,3,3,0.0549,6,6,0.0001,12,12,2.2172,3.0,3.0,3.6503,6.0,6.0,7.037,12.0,12.0,251.64,1,7,0,2019,94,0.105728,0.085256,-0.020472,2.583825,6.068502,6.068502,10356.480419,0.059259,0.0442,-0.167013,11183.43,1168.165,2.313802,0.495587,0.105728,-0.041774,68,30,102909876008.387,59.71,1731.0,6474318859.0,0.244186046511628
0,USA-AD-1445,China,CN,940360,201910,0.1457,3,3,0.0442,6,6,0.2216,12,12,0.0543,3.0,3.0,0.135,6.0,6.0,-0.0084,12.0,12.0,251.64,1,7,0,2019,94,0.467697,0.503428,0.035731,2.583825,6.068502,6.068502,10356.480419,0.059259,0.0442,-0.167013,11183.43,1168.165,2.313802,0.495587,0.467697,-0.041774,68,30,102909876008.387,59.71,1731.0,25172360460.0,0.244186046511628
0,USA-AD-1445,China,CN,940390,201910,0.3889,3,3,0.357,6,6,0.365,12,12,0.1314,3.0,3.0,0.1331,6.0,6.0,-0.1672,12.0,12.0,251.64,1,7,24,2019,94,,0.781661,,2.583825,6.068502,6.068502,10356.480419,0.059259,0.0442,-0.167013,11183.43,1168.165,2.313802,0.495587,,-0.041774,68,30,102909876008.387,59.71,1731.0,14199182355.0,0.244186046511628
0,USA-AD-1447,China,CN,690721,201911,0.142,3,3,-0.1507,6,6,0.0241,12,12,,0.0,1.0,-0.3882,1.0,3.0,0.0449,2.0,6.0,356.02,2,7,0,2019,69,0.573893,0.527966,-0.045927,2.583825,6.068502,6.068502,10356.480419,0.059259,0.0442,-0.167013,11183.43,1168.165,2.313802,0.495587,0.573893,-0.041774,67,30,102909876008.387,63.21,1528.0,,0.244186046511628
0,USA-AD-1447,China,CN,690722,201911,0.0503,3,3,-0.1436,6,6,0.0342,12,12,,0.0,1.0,-0.5396,1.0,1.0,-0.6673,2.0,1.0,356.02,2,7,0,2019,69,0.855161,0.837538,-0.017622,2.583825,6.068502,6.068502,10356.480419,0.059259,0.0442,-0.167013,11183.43,1168.165,2.313802,0.495587,0.855161,-0.041774,67,30,102909876008.387,63.21,1528.0,,0.244186046511628
0,USA-AD-1447,China,CN,690723,201911,0.2142,3,3,-0.1732,6,6,-0.1232,12,12,38.0,1.0,2.0,17.2243,2.0,2.0,2.5826,4.0,2.0,356.02,2,7,0,2019,69,0.799651,0.748124,-0.051527,2.583825,6.068502,6.068502,10356.480419,0.059259,0.0442,-0.167013,11183.43,1168.165,2.313802,0.495587,0.799651,-0.041774,67,30,102909876008.387,63.21,1528.0,,0.244186046511628
1,USA-AD-1447,China,CN,690730,201911,-0.1634,3,3,-0.0036,6,6,0.8494,12,12,-0.2946,3.0,3.0,0.2148,5.0,5.0,0.9952,8.0,11.0,356.02,2,7,0,2019,69,0.7999,0.84938,0.049479,2.583825,6.068502,6.068502,10356.480419,0.059259,0.0442,-0.167013,11183.43,1168.165,2.313802,0.495587,0.7999,-0.041774,67,30,102909876008.387,63.21,1528.0,,0.244186046511628
0,USA-AD-1447,China,CN,690740,201911,-0.1553,3,3,-0.5058,6,6,-0.1866,12,12,1.2182,1.0,1.0,-0.9484,2.0,1.0,-0.9589,4.0,1.0,356.02,2,7,0,2019,69,0.103764,0.260998,0.157234,2.583825,6.068502,6.068502,10356.480419,0.059259,0.0442,-0.167013,11183.43,1168.165,2.313802,0.495587,0.103764,-0.041774,67,30,102909876008.387,63.21,1528.0,,0.244186046511628
0,USA-AD-1448,Turkey,TR,200600,201909,-1.0,1,0,-0.3333,3,2,-0.6298,5,2,-0.3504,3.0,3.0,-0.3303,6.0,6.0,-0.3144,12.0,12.0,541.29,1,5,0,2019,20,0.00661,0.002718,-0.003892,2.583825,6.068502,1.301624,12238.295022,0.059259,0.1751,-0.167013,9705.772,7937.729,2.313802,0.495587,0.00661,-0.041774,69,30,15014000000.0,62.83,1823.0,431962970.0,0.462857142857143
0,USA-AD-1448,Turkey,TR,200860,201909,,0,0,,0,0,-0.8333,1,1,,0.0,0.0,,0.0,0.0,,0.0,0.0,541.29,1,5,0,2019,20,2.7e-05,1.1e-05,-1.6e-05,2.583825,6.068502,1.301624,12238.295022,0.059259,0.1751,-0.167013,9705.772,7937.729,2.313802,0.495587,2.7e-05,-0.041774,69,30,15014000000.0,62.83,1823.0,287936982.0,0.462857142857143
0,USA-AD-1449,China,CN,940310,201908,-0.2169,3,3,0.0464,6,6,0.1344,12,12,0.9375,3.0,3.0,0.7805,6.0,6.0,0.2266,12.0,12.0,160.77,1,3,4,2019,94,0.789869,0.807925,0.018056,2.583825,6.068502,6.068502,10356.480419,0.059259,0.0442,-0.167013,11183.43,1168.165,2.313802,0.495587,0.789869,-0.041774,70,30,102909876008.387,59.04,2378.0,3021109393.0,0.244186046511628
0,USA-AD-1450,India,IN,681099,201912,,0,1,2.9105,3,2,2.2521,7,6,0.1871,3.0,3.0,0.3522,6.0,6.0,0.7388,12.0,12.0,1.02,3,7,1,2019,68,0.002534,0.000269,-0.002265,2.583825,6.068502,3.871437,1936.030677,0.059259,0.029696,-0.167013,13131.91,5108.001,2.313802,0.495587,0.002534,-0.041774,66,30,-29762864650.3281,67.22,1090.0,4535900304.0,0.335227272727273
0,USA-AD-1451,Turkey,TR,681099,201912,-0.9994,1,1,-0.7696,3,2,-0.7689,4,3,0.1871,3.0,3.0,0.3522,6.0,6.0,0.7388,12.0,12.0,4.86,3,7,1,2019,68,0.016301,0.000614,-0.015687,2.583825,6.068502,1.301624,12238.295022,0.059259,0.1751,-0.167013,9705.772,7937.729,2.313802,0.495587,0.016301,-0.041774,66,30,15014000000.0,67.22,1090.0,4535900304.0,0.462857142857143
0,USA-AD-1452,China,CN,830520,202001,-0.2365,3,3,-0.0015,6,6,-0.0851,12,12,0.4313,3.0,3.0,0.7291,6.0,6.0,1.127,12.0,12.0,291.1,3,7,3,2020,83,0.755506,0.732053,-0.023453,-2.163029,2.340188,2.340188,10573.642006,0.012793,-0.001103,-1.664171,11183.43,1168.165,-0.700242,-2.002841,0.755506,-0.045526,65,65,248835643936.04,63.65,487.0,441252304.0,0.240331491712707
0,USA-AD-1457,Oman,OM,392062,202003,,0,0,,0,0,,0,0,0.1773,3.0,3.0,-0.0074,6.0,6.0,-0.1712,12.0,12.0,2.78,11,8,30,2020,39,0.0,0.0,0.0,-2.163029,2.340188,-3.379721,17743.88588,0.012793,0.0,-1.664171,12482.55,6785.76,-0.700242,-2.002841,0.0,-0.045526,63,65,-12562016467.0681,32.01,626.0,8816054406.0,0.340782122905028
0,USA-AD-1458,Canada,CA,850231,202002,,0,0,,0,0,,0,0,,0.0,0.0,,0.0,0.0,-1.0,1.0,0.0,5.04,8,7,8,2020,85,0.0,0.0,0.0,-2.163029,2.340188,-5.038233,42366.128538,0.012793,0.010823,-1.664171,2079.297,10032.81,-0.700242,-2.002841,0.0,-0.045526,64,65,-33287434317.3916,55.66,535.0,,0.672131147540984
0,USA-AD-1459,Indonesia,ID,850231,202002,,0,0,,0,0,,0,0,,0.0,0.0,,0.0,0.0,-1.0,1.0,0.0,6.35,8,7,8,2020,85,0.0,0.0,0.0,-2.163029,2.340188,-2.065512,3739.449066,0.012793,0.030714,-1.664171,15535.87,5081.576,-0.700242,-2.002841,0.0,-0.045526,64,65,-4433269738.48785,55.66,535.0,,0.286885245901639
0,USA-AD-1461,Vietnam,VN,730820,202002,,0,1,,0,1,,0,1,-0.6493,3.0,3.0,-0.3486,5.0,6.0,-0.1388,8.0,9.0,63.82,8,7,8,2020,73,0.0,0.001496,0.001496,-2.163029,2.340188,2.865413,3303.169498,0.012793,0.00686,-1.664171,13715.75,3257.774,-0.700242,-2.002841,0.0,-0.045526,64,65,15060000000.0,55.66,535.0,4630919262.0,0.307909604519774
0,USA-AD-1461,Vietnam,VN,850231,202002,,0,0,,0,0,,0,2,,0.0,0.0,,0.0,0.0,-1.0,1.0,0.0,63.82,8,7,8,2020,85,0.0,0.000437,0.000437,-2.163029,2.340188,2.865413,3303.169498,0.012793,0.00686,-1.664171,13715.75,3257.774,-0.700242,-2.002841,0.0,-0.045526,64,65,15060000000.0,55.66,535.0,,0.307909604519774
0,USA-AD-1462,China,CN,701090,202004,0.1798,3,3,-0.0918,6,6,0.1014,12,12,1.001,3.0,3.0,1.3732,6.0,6.0,0.4093,12.0,12.0,245.14,3,6,0,2020,70,0.553197,0.532311,-0.020886,-2.163029,2.340188,2.340188,10573.642006,0.012793,-0.001103,-1.664171,11183.43,1168.165,-0.700242,-2.002841,0.553197,-0.045526,62,65,248835643936.04,18.38,635.0,10601431562.0,0.240331491712707
0,USA-AD-1463,India,IN,730792,202005,-0.9104,3,2,-0.7649,5,3,-0.7755,10,5,-0.3204,3.0,3.0,-0.5588,6.0,6.0,-0.5413,12.0,12.0,193.07,5,7,2,2020,73,0.000987,0.000387,-0.0006,-2.163029,2.340188,-5.777725,1806.501106,0.012793,0.052247,-1.664171,13131.91,5108.001,-0.700242,-2.002841,0.000987,-0.045526,61,65,32730048588.2079,29.38,504.0,1098625300.0,0.371584699453552
0,USA-AD-1463,India,IN,730793,202005,,0,0,-1.0,1,0,-1.0,1,0,0.1296,3.0,3.0,-0.1084,6.0,6.0,-0.509,12.0,12.0,193.07,9,7,29,2020,73,5e-06,0.0,-5e-06,-2.163029,2.340188,-5.777725,1806.501106,0.012793,0.052247,-1.664171,13131.91,5108.001,-0.700242,-2.002841,5e-06,-0.045526,61,65,32730048588.2079,29.38,504.0,1220593743.0,0.371584699453552
0,USA-AD-1463,India,IN,730799,202005,-0.6318,3,3,-0.4992,6,6,-0.2584,12,12,-0.6573,3.0,3.0,-0.7188,6.0,6.0,-0.6161,12.0,12.0,193.07,6,7,2,2020,73,0.021136,0.016591,-0.004545,-2.163029,2.340188,-5.777725,1806.501106,0.012793,0.052247,-1.664171,13131.91,5108.001,-0.700242,-2.002841,0.021136,-0.045526,61,65,32730048588.2079,29.38,504.0,4269987388.000001,0.371584699453552
0,USA-AD-1466,Germany,DE,721891,202007,,0,0,,0,1,,0,1,,0.0,0.0,,0.0,0.0,-1.0,1.0,0.0,7.74,3,7,0,2020,72,1e-06,3.8e-05,3.7e-05,-2.163029,2.340188,-4.131914,42372.872678,0.012793,-0.019893,-1.664171,7595.452,8503.73,-0.700242,-2.002841,1e-06,-0.045526,59,65,250193181663.212,43.24,1350.0,,0.616022099447514
0,USA-AD-1466,Germany,DE,721899,202007,,0,0,,0,0,2.2361,3,1,,0.0,0.0,,0.0,0.0,,0.0,0.0,7.74,3,7,0,2020,72,0.01184,0.002106,-0.009733,-2.163029,2.340188,-4.131914,42372.872678,0.012793,-0.019893,-1.664171,7595.452,8503.73,-0.700242,-2.002841,0.01184,-0.045526,59,65,250193181663.212,43.24,1350.0,,0.616022099447514
0,USA-AD-1466,Germany,DE,722490,202007,-1.0,2,0,-0.9991,4,1,-0.9814,6,3,,0.0,0.0,,0.0,0.0,,0.0,0.0,7.74,3,7,0,2020,72,0.006399,0.000916,-0.005483,-2.163029,2.340188,-4.131914,42372.872678,0.012793,-0.019893,-1.664171,7595.452,8503.73,-0.700242,-2.002841,0.006399,-0.045526,59,65,250193181663.212,43.24,1350.0,2273907359.0,0.616022099447514
0,USA-AD-1466,Germany,DE,732619,202007,0.4399,3,3,0.2952,6,6,0.2165,12,12,0.6658,3.0,3.0,0.5138,6.0,6.0,0.3764,12.0,12.0,7.74,6,7,4,2020,73,0.145296,0.069618,-0.075678,-2.163029,2.340188,-4.131914,42372.872678,0.012793,-0.019893,-1.664171,7595.452,8503.73,-0.700242,-2.002841,0.145296,-0.045526,59,65,250193181663.212,43.24,1350.0,3290186084.0000005,0.616022099447514
0,USA-AD-1466,Germany,DE,732690,202007,-0.5699,3,3,-0.3863,6,6,-0.1657,12,12,0.13,3.0,3.0,-0.0945,6.0,6.0,-0.103,12.0,12.0,7.74,7,7,18,2020,73,0.084223,0.023453,-0.06077,-2.163029,2.340188,-4.131914,42372.872678,0.012793,-0.019893,-1.664171,7595.452,8503.73,-0.700242,-2.002841,0.084223,-0.045526,59,65,250193181663.212,43.24,1350.0,43118285650.0,0.616022099447514
0,USA-AD-1466,Germany,DE,841391,202007,-0.1569,3,3,-0.2046,6,6,-0.3465,12,12,-0.2309,3.0,3.0,-0.3543,6.0,6.0,-0.505,12.0,12.0,7.74,3,7,0,2020,84,0.123351,0.097302,-0.026049,-2.163029,2.340188,-4.131914,42372.872678,0.012793,-0.019893,-1.664171,7595.452,8503.73,-0.700242,-2.002841,0.123351,-0.045526,59,65,250193181663.212,43.24,1350.0,14938292999.0,0.616022099447514
0,USA-AD-1468,Italy,IT,721899,202007,,0,0,,0,0,,0,1,,0.0,0.0,,0.0,0.0,,0.0,0.0,4.84,3,7,0,2020,72,0.0,7.6e-05,7.6e-05,-2.163029,2.340188,-8.868221,29469.798924,0.012793,-0.019893,-1.664171,8284.006,9047.517,-0.700242,-2.002841,0.0,-0.045526,59,65,75096663920.9716,43.24,1350.0,,0.601092896174863
0,USA-AD-1468,Italy,IT,722490,202007,0.2715,2,3,-0.0356,5,5,0.1794,9,11,,0.0,0.0,,0.0,0.0,,0.0,0.0,4.84,3,7,0,2020,72,0.01601,0.022563,0.006554,-2.163029,2.340188,-8.868221,29469.798924,0.012793,-0.019893,-1.664171,8284.006,9047.517,-0.700242,-2.002841,0.01601,-0.045526,59,65,75096663920.9716,43.24,1350.0,2273907359.0,0.601092896174863
0,USA-AD-1468,Italy,IT,732619,202007,53.1743,3,3,-0.3435,5,5,-0.3871,10,11,0.6658,3.0,3.0,0.5138,6.0,6.0,0.3764,12.0,12.0,4.84,6,7,4,2020,73,0.007882,0.017786,0.009904,-2.163029,2.340188,-8.868221,29469.798924,0.012793,-0.019893,-1.664171,8284.006,9047.517,-0.700242,-2.002841,0.007882,-0.045526,59,65,75096663920.9716,43.24,1350.0,3290186084.0000005,0.601092896174863
0,USA-AD-1468,Italy,IT,732690,202007,3.1544,3,3,1.1721,6,6,-0.3315,12,12,0.13,3.0,3.0,-0.0945,6.0,6.0,-0.103,12.0,12.0,4.84,7,7,18,2020,73,0.029197,0.011947,-0.01725,-2.163029,2.340188,-8.868221,29469.798924,0.012793,-0.019893,-1.664171,8284.006,9047.517,-0.700242,-2.002841,0.029197,-0.045526,59,65,75096663920.9716,43.24,1350.0,43118285650.0,0.601092896174863
0,USA-AD-1468,Italy,IT,841391,202007,0.0516,3,3,-0.1977,6,6,-0.3048,12,12,-0.2309,3.0,3.0,-0.3543,6.0,6.0,-0.505,12.0,12.0,4.84,3,7,0,2020,84,0.019684,0.018005,-0.001679,-2.163029,2.340188,-8.868221,29469.798924,0.012793,-0.019893,-1.664171,8284.006,9047.517,-0.700242,-2.002841,0.019684,-0.045526,59,65,75096663920.9716,43.24,1350.0,14938292999.0,0.601092896174863
0,USA-AD-1470,China,CN,440910,202008,-0.0984,3,3,0.3395,6,6,0.292,12,12,-1.0,2.0,0.0,-1.0,5.0,0.0,-0.6812,11.0,3.0,348.43,3,7,19,2020,44,0.475421,0.498872,0.023451,-2.163029,2.340188,2.340188,10573.642006,0.012793,-0.001103,-1.664171,11183.43,1168.165,-0.700242,-2.002841,0.475421,-0.045526,58,65,248835643936.04,44.74,1488.0,2524719614.9999995,0.240331491712707
0,USA-AD-1470,China,CN,440922,202008,,0,2,,0,4,2.1295,1,9,-1.0,2.0,0.0,-1.0,4.0,0.0,-1.0,10.0,0.0,348.43,2,7,0,2020,44,0.000443,0.00326,0.002817,-2.163029,2.340188,2.340188,10573.642006,0.012793,-0.001103,-1.664171,11183.43,1168.165,-0.700242,-2.002841,0.000443,-0.045526,58,65,248835643936.04,44.74,1488.0,,0.240331491712707
0,USA-AD-1470,China,CN,440929,202008,-0.0996,3,3,0.0516,6,6,-0.2748,12,12,,0.0,3.0,-0.9574,1.0,5.0,-0.9012,1.0,8.0,348.43,2,7,0,2020,44,0.444084,0.401812,-0.042272,-2.163029,2.340188,2.340188,10573.642006,0.012793,-0.001103,-1.664171,11183.43,1168.165,-0.700242,-2.002841,0.444084,-0.045526,58,65,248835643936.04,44.74,1488.0,,0.240331491712707
0,USA-AD-1470,China,CN,441820,202008,-0.2088,3,3,-0.0686,6,6,-0.3037,12,12,-1.0,1.0,0.0,-0.893,4.0,1.0,-0.8015,7.0,4.0,348.43,2,7,0,2020,44,0.484561,0.471086,-0.013475,-2.163029,2.340188,2.340188,10573.642006,0.012793,-0.001103,-1.664171,11183.43,1168.165,-0.700242,-2.002841,0.484561,-0.045526,58,65,248835643936.04,44.74,1488.0,3635410301.0,0.240331491712707
0,USA-AD-1470,China,CN,441899,202008,-0.3588,3,3,-0.2864,6,6,-0.4156,12,12,-0.1323,3.0,1.0,0.4409,4.0,3.0,1.0901,7.0,9.0,348.43,2,7,0,2020,44,0.304866,0.27572,-0.029145,-2.163029,2.340188,2.340188,10573.642006,0.012793,-0.001103,-1.664171,11183.43,1168.165,-0.700242,-2.002841,0.304866,-0.045526,58,65,248835643936.04,44.74,1488.0,,0.240331491712707
0,USA-AD-1470,China,CN,442199,202008,-0.2265,3,3,-0.1796,6,6,0.0467,12,12,0.1144,3.0,3.0,0.262,6.0,6.0,0.4038,12.0,12.0,348.43,2,7,0,2020,44,0.702739,0.669833,-0.032905,-2.163029,2.340188,2.340188,10573.642006,0.012793,-0.001103,-1.664171,11183.43,1168.165,-0.700242,-2.002841,0.702739,-0.045526,58,65,248835643936.04,44.74,1488.0,,0.240331491712707
0,USA-AD-1471,China,CN,840790,202008,-0.264,3,3,-0.1959,6,6,0.1777,12,12,0.7195,3.0,3.0,-0.4113,6.0,5.0,-0.3559,12.0,11.0,530.93,20,7,0,2020,84,0.155633,0.150932,-0.004701,-2.163029,2.340188,2.340188,10573.642006,0.012793,-0.001103,-1.664171,11183.43,1168.165,-0.700242,-2.002841,0.155633,-0.045526,58,65,248835643936.04,44.74,1488.0,2925899178.0,0.240331491712707
0,USA-AD-1471,China,CN,840991,202008,0.233,3,3,0.3376,6,6,0.5736,12,12,0.595,3.0,3.0,0.5306,6.0,6.0,0.3058,12.0,12.0,530.93,19,7,0,2020,84,0.229941,0.268,0.038059,-2.163029,2.340188,2.340188,10573.642006,0.012793,-0.001103,-1.664171,11183.43,1168.165,-0.700242,-2.002841,0.229941,-0.045526,58,65,248835643936.04,44.74,1488.0,27195301119.0,0.240331491712707
0,USA-AD-1472,China,CN,290339,202008,-0.1074,3,3,-0.1407,6,6,-0.0145,12,12,0.7432,3.0,3.0,0.0462,6.0,6.0,-0.2087,12.0,12.0,221.06,1,7,6,2020,29,0.376765,0.278927,-0.097838,-2.163029,2.340188,2.340188,10573.642006,0.012793,-0.001103,-1.664171,11183.43,1168.165,-0.700242,-2.002841,0.376765,-0.045526,58,65,248835643936.04,44.74,1488.0,,0.240331491712707
0,USA-AD-1472,China,CN,382478,202008,-0.2788,3,3,-0.1316,6,6,0.0963,12,12,-1.0,1.0,0.0,-1.0,2.0,0.0,0.4934,2.0,1.0,221.06,1,7,4,2020,38,0.955504,0.970028,0.014524,-2.163029,2.340188,2.340188,10573.642006,0.012793,-0.001103,-1.664171,11183.43,1168.165,-0.700242,-2.002841,0.955504,-0.045526,58,65,248835643936.04,44.74,1488.0,,0.240331491712707
0,USA-AD-1473,China,CN,293399,202009,0.2173,3,3,0.0226,6,6,0.1867,12,12,2.1441,3.0,3.0,-0.1592,6.0,6.0,0.5058,12.0,12.0,227.57,1,7,0,2020,29,0.523831,0.563889,0.040058,-2.163029,2.340188,2.340188,10573.642006,0.012793,-0.001103,-1.664171,11183.43,1168.165,-0.700242,-2.002841,0.523831,-0.045526,57,65,248835643936.04,40.91,1725.0,,0.240331491712707
0,USA-AD-1475,Bahrain,BH,840790,202010,,0,0,,0,0,,0,0,-0.587,3.0,2.0,-0.2819,6.0,5.0,-0.1158,12.0,11.0,4.21,20,7,0,2020,84,,0.0,,-2.163029,2.340188,-5.911363,23586.930958,0.012793,0.0,-1.664171,11873.87,7205.502,-0.700242,-2.002841,,-0.045526,56,65,-3244680851.06383,40.19,1283.0,2925899178.0,0.344262295081967
0,USA-AD-1476,Brazil,BR,840991,202010,-0.7955,3,3,-0.608,6,6,-0.0188,12,12,0.1959,3.0,3.0,0.702,6.0,6.0,0.394,12.0,12.0,48.33,19,7,0,2020,84,,0.03254,,-2.163029,2.340188,-3.276759,8435.010462,0.012793,0.306938,-1.664171,8088.514,17793.04,-0.700242,-2.002841,,-0.045526,56,65,-24223442477.915,40.19,1283.0,27195301119.0,0.425824175824176
0,USA-AD-1476,Brazil,BR,842430,202010,,0,0,,0,0,,0,0,-0.6137,3.0,2.0,-0.4302,6.0,5.0,-0.3562,11.0,11.0,48.33,20,7,0,2020,84,0.0,0.0,0.0,-2.163029,2.340188,-3.276759,8435.010462,0.012793,0.306938,-1.664171,8088.514,17793.04,-0.700242,-2.002841,0.0,-0.045526,56,65,-24223442477.915,40.19,1283.0,3524259497.0,0.425824175824176
1,USA-AD-1477,Croatia,HR,840991,202010,,0,0,,0,0,,0,1,0.1959,3.0,3.0,0.702,6.0,6.0,0.394,12.0,12.0,3.22,19,7,0,2020,84,,3e-06,,-2.163029,2.340188,-8.310864,13545.488116,0.012793,-0.001282,-1.664171,8368.555,8600.162,-0.700242,-2.002841,,-0.045526,56,65,-460644427.155303,40.19,1283.0,27195301119.0,0.62568306010929
0,USA-AD-1478,Egypt,EG,840790,202010,,0,0,,0,0,,0,0,-0.587,3.0,2.0,-0.2819,6.0,5.0,-0.1158,12.0,11.0,10.42,20,7,0,2020,84,,0.0,,-2.163029,2.340188,3.550165,3770.869479,0.012793,-0.060309,-1.664171,10456.59,8587.407,-0.700242,-2.002841,,-0.045526,56,65,-14235956908.6916,40.19,1283.0,2925899178.0,0.275956284153005
0,USA-AD-1478,Egypt,EG,840991,202010,,0,0,-1.0,1,0,-1.0,1,0,0.1959,3.0,3.0,0.702,6.0,6.0,0.394,12.0,12.0,10.42,19,7,0,2020,84,,0.0,,-2.163029,2.340188,3.550165,3770.869479,0.012793,-0.060309,-1.664171,10456.59,8587.407,-0.700242,-2.002841,,-0.045526,56,65,-14235956908.6916,40.19,1283.0,27195301119.0,0.275956284153005
0,USA-AD-1478,Egypt,EG,842430,202010,,0,0,,0,0,,0,0,-0.6137,3.0,2.0,-0.4302,6.0,5.0,-0.3562,11.0,11.0,10.42,20,7,0,2020,84,0.0,0.0,0.0,-2.163029,2.340188,3.550165,3770.869479,0.012793,-0.060309,-1.664171,10456.59,8587.407,-0.700242,-2.002841,0.0,-0.045526,56,65,-14235956908.6916,40.19,1283.0,3524259497.0,0.275956284153005
0,USA-AD-1479,Germany,DE,840790,202010,-1.0,2,0,0.198,2,2,0.2234,2,3,-0.587,3.0,2.0,-0.2819,6.0,5.0,-0.1158,12.0,11.0,51.18,20,7,0,2020,84,,0.000272,,-2.163029,2.340188,-4.131914,42372.872678,0.012793,-0.019893,-1.664171,7595.452,8503.73,-0.700242,-2.002841,,-0.045526,56,65,250193181663.212,40.19,1283.0,2925899178.0,0.616022099447514
0,USA-AD-1479,Germany,DE,840991,202010,0.0674,3,3,-0.2332,6,6,-0.2769,12,12,0.1959,3.0,3.0,0.702,6.0,6.0,0.394,12.0,12.0,51.18,19,7,0,2020,84,,0.190229,,-2.163029,2.340188,-4.131914,42372.872678,0.012793,-0.019893,-1.664171,7595.452,8503.73,-0.700242,-2.002841,,-0.045526,56,65,250193181663.212,40.19,1283.0,27195301119.0,0.616022099447514
0,USA-AD-1479,Germany,DE,842430,202010,-0.0882,3,3,-0.3688,6,6,0.0618,12,12,-0.6137,3.0,2.0,-0.4302,6.0,5.0,-0.3562,11.0,11.0,51.18,20,7,0,2020,84,0.162664,0.20005,0.037385,-2.163029,2.340188,-4.131914,42372.872678,0.012793,-0.019893,-1.664171,7595.452,8503.73,-0.700242,-2.002841,0.162664,-0.045526,56,65,250193181663.212,40.19,1283.0,3524259497.0,0.616022099447514
0,USA-AD-1479,Germany,DE,843311,202010,,0,0,-1.0,2,0,-0.0373,3,5,,0.0,1.0,,0.0,4.0,-0.5164,5.0,9.0,51.18,19,7,0,2020,84,0.005305,0.006285,0.00098,-2.163029,2.340188,-4.131914,42372.872678,0.012793,-0.019893,-1.664171,7595.452,8503.73,-0.700242,-2.002841,0.005305,-0.045526,56,65,250193181663.212,40.19,1283.0,4640902552.0,0.616022099447514
0,USA-AD-1480,Greece,GR,840790,202010,,0,0,-1.0,1,0,-1.0,1,0,-0.587,3.0,2.0,-0.2819,6.0,5.0,-0.1158,12.0,11.0,2.72,20,7,0,2020,84,,0.0,,-2.163029,2.340188,-9.196231,17486.951333,0.012793,-0.019893,-1.664171,9319.274,8609.272,-0.700242,-2.002841,,-0.045526,56,65,-13628509674.4933,40.19,1283.0,2925899178.0,0.603825136612022
1,USA-AD-1480,Greece,GR,840991,202010,,0,0,,0,0,9.1467,1,2,0.1959,3.0,3.0,0.702,6.0,6.0,0.394,12.0,12.0,2.72,19,7,0,2020,84,,0.000615,,-2.163029,2.340188,-9.196231,17486.951333,0.012793,-0.019893,-1.664171,9319.274,8609.272,-0.700242,-2.002841,,-0.045526,56,65,-13628509674.4933,40.19,1283.0,27195301119.0,0.603825136612022
0,USA-AD-1480,Greece,GR,842430,202010,,0,0,,0,0,,0,0,-0.6137,3.0,2.0,-0.4302,6.0,5.0,-0.3562,11.0,11.0,2.72,20,7,0,2020,84,0.0,0.0,0.0,-2.163029,2.340188,-9.196231,17486.951333,0.012793,-0.019893,-1.664171,9319.274,8609.272,-0.700242,-2.002841,0.0,-0.045526,56,65,-13628509674.4933,40.19,1283.0,3524259497.0,0.603825136612022
0,USA-AD-1481,India,IN,840790,202010,,0,0,,0,0,0.5278,1,1,-0.587,3.0,2.0,-0.2819,6.0,5.0,-0.1158,12.0,11.0,44.59,20,7,0,2020,84,,0.001586,,-2.163029,2.340188,-5.777725,1806.501106,0.012793,0.052247,-1.664171,13131.91,5108.001,-0.700242,-2.002841,,-0.045526,56,65,32730048588.2079,40.19,1283.0,2925899178.0,0.371584699453552
0,USA-AD-1481,India,IN,840991,202010,0.2272,3,3,0.4227,6,6,0.2871,12,12,0.1959,3.0,3.0,0.702,6.0,6.0,0.394,12.0,12.0,44.59,19,7,0,2020,84,,0.066934,,-2.163029,2.340188,-5.777725,1806.501106,0.012793,0.052247,-1.664171,13131.91,5108.001,-0.700242,-2.002841,,-0.045526,56,65,32730048588.2079,40.19,1283.0,27195301119.0,0.371584699453552
0,USA-AD-1481,India,IN,842430,202010,,0,0,,0,0,,0,0,-0.6137,3.0,2.0,-0.4302,6.0,5.0,-0.3562,11.0,11.0,44.59,20,7,0,2020,84,0.0,0.0,0.0,-2.163029,2.340188,-5.777725,1806.501106,0.012793,0.052247,-1.664171,13131.91,5108.001,-0.700242,-2.002841,0.0,-0.045526,56,65,32730048588.2079,40.19,1283.0,3524259497.0,0.371584699453552
0,USA-AD-1482,Indonesia,ID,840790,202010,,0,1,,0,2,,0,2,-0.587,3.0,2.0,-0.2819,6.0,5.0,-0.1158,12.0,11.0,32.12,20,7,0,2020,84,,0.000103,,-2.163029,2.340188,-2.065512,3739.449066,0.012793,0.030714,-1.664171,15535.87,5081.576,-0.700242,-2.002841,,-0.045526,56,65,-4433269738.48785,40.19,1283.0,2925899178.0,0.286885245901639
1,USA-AD-1482,Indonesia,ID,840991,202010,-0.2115,3,3,0.6183,5,6,1.0361,11,12,0.1959,3.0,3.0,0.702,6.0,6.0,0.394,12.0,12.0,32.12,19,7,0,2020,84,,0.018961,,-2.163029,2.340188,-2.065512,3739.449066,0.012793,0.030714,-1.664171,15535.87,5081.576,-0.700242,-2.002841,,-0.045526,56,65,-4433269738.48785,40.19,1283.0,27195301119.0,0.286885245901639
0,USA-AD-1482,Indonesia,ID,842430,202010,335.2,1,1,335.2,1,1,1030.8,1,3,-0.6137,3.0,2.0,-0.4302,6.0,5.0,-0.3562,11.0,11.0,32.12,20,7,0,2020,84,2e-06,0.002998,0.002997,-2.163029,2.340188,-2.065512,3739.449066,0.012793,0.030714,-1.664171,15535.87,5081.576,-0.700242,-2.002841,2e-06,-0.045526,56,65,-4433269738.48785,40.19,1283.0,3524259497.0,0.286885245901639
0,USA-AD-1483,Italy,IT,840790,202010,,0,0,,0,1,,0,1,-0.587,3.0,2.0,-0.2819,6.0,5.0,-0.1158,12.0,11.0,15.47,20,7,0,2020,84,,0.000212,,-2.163029,2.340188,-8.868221,29469.798924,0.012793,-0.019893,-1.664171,8284.006,9047.517,-0.700242,-2.002841,,-0.045526,56,65,75096663920.9716,40.19,1283.0,2925899178.0,0.601092896174863
0,USA-AD-1483,Italy,IT,840991,202010,-0.0676,3,3,0.3783,6,6,0.1222,12,12,0.1959,3.0,3.0,0.702,6.0,6.0,0.394,12.0,12.0,15.47,19,7,0,2020,84,,0.33616,,-2.163029,2.340188,-8.868221,29469.798924,0.012793,-0.019893,-1.664171,8284.006,9047.517,-0.700242,-2.002841,,-0.045526,56,65,75096663920.9716,40.19,1283.0,27195301119.0,0.601092896174863
0,USA-AD-1483,Italy,IT,842430,202010,-0.314,3,3,-0.2418,6,6,0.1274,12,12,-0.6137,3.0,2.0,-0.4302,6.0,5.0,-0.3562,11.0,11.0,15.47,20,7,0,2020,84,0.075736,0.094663,0.018927,-2.163029,2.340188,-8.868221,29469.798924,0.012793,-0.019893,-1.664171,8284.006,9047.517,-0.700242,-2.002841,0.075736,-0.045526,56,65,75096663920.9716,40.19,1283.0,3524259497.0,0.601092896174863
0,USA-AD-1483,Italy,IT,843311,202010,-0.247,3,2,-0.6377,6,4,0.0102,9,9,,0.0,1.0,,0.0,4.0,-0.5164,5.0,9.0,15.47,19,7,0,2020,84,0.07229,0.070114,-0.002176,-2.163029,2.340188,-8.868221,29469.798924,0.012793,-0.019893,-1.664171,8284.006,9047.517,-0.700242,-2.002841,0.07229,-0.045526,56,65,75096663920.9716,40.19,1283.0,4640902552.0,0.601092896174863
0,USA-AD-1485,Oman,OM,840790,202010,,0,0,,0,0,,0,0,-0.587,3.0,2.0,-0.2819,6.0,5.0,-0.1158,12.0,11.0,3.53,20,7,0,2020,84,,0.0,,-2.163029,2.340188,-3.379721,17743.88588,0.012793,0.0,-1.664171,12482.55,6785.76,-0.700242,-2.002841,,-0.045526,56,65,-12562016467.0681,40.19,1283.0,2925899178.0,0.340782122905028
0,USA-AD-1485,Oman,OM,840991,202010,,0,0,,0,0,,0,0,0.1959,3.0,3.0,0.702,6.0,6.0,0.394,12.0,12.0,3.53,19,7,0,2020,84,,0.0,,-2.163029,2.340188,-3.379721,17743.88588,0.012793,0.0,-1.664171,12482.55,6785.76,-0.700242,-2.002841,,-0.045526,56,65,-12562016467.0681,40.19,1283.0,27195301119.0,0.340782122905028
0,USA-AD-1485,Oman,OM,842430,202010,,0,0,,0,0,,0,0,-0.6137,3.0,2.0,-0.4302,6.0,5.0,-0.3562,11.0,11.0,3.53,20,7,0,2020,84,0.0,0.0,0.0,-2.163029,2.340188,-3.379721,17743.88588,0.012793,0.0,-1.664171,12482.55,6785.76,-0.700242,-2.002841,0.0,-0.045526,56,65,-12562016467.0681,40.19,1283.0,3524259497.0,0.340782122905028
0,USA-AD-1486,Romania,RO,840991,202010,0.0186,3,3,-0.1911,6,6,0.0809,12,12,0.1959,3.0,3.0,0.702,6.0,6.0,0.394,12.0,12.0,12.51,19,7,0,2020,84,,0.087105,,-2.163029,2.340188,-3.598025,10854.049432,0.012793,0.001432,-1.664171,,,-0.700242,-2.002841,,-0.045526,56,65,-12883226412.6841,40.19,1283.0,27195301119.0,0.631147540983607
0,USA-AD-1486,Romania,RO,842430,202010,,0,1,,0,1,,0,1,-0.6137,3.0,2.0,-0.4302,6.0,5.0,-0.3562,11.0,11.0,12.51,20,7,0,2020,84,0.0,4.8e-05,4.8e-05,-2.163029,2.340188,-3.598025,10854.049432,0.012793,0.001432,-1.664171,,,-0.700242,-2.002841,0.0,-0.045526,56,65,-12883226412.6841,40.19,1283.0,3524259497.0,0.631147540983607
0,USA-AD-1487,Serbia,RS,840991,202010,-0.2377,3,3,-0.3911,6,6,-0.0814,12,12,0.1959,3.0,3.0,0.702,6.0,6.0,0.394,12.0,12.0,11.24,19,7,0,2020,84,,0.000229,,-2.163029,2.340188,-0.950024,6850.967422,0.012793,-0.019822,-1.664171,,,-0.700242,-2.002841,,-0.045526,56,65,-2176773515.61879,40.19,1283.0,27195301119.0,0.450331125827815
0,USA-AD-1487,Serbia,RS,842430,202010,,0,0,,0,0,,0,0,-0.6137,3.0,2.0,-0.4302,6.0,5.0,-0.3562,11.0,11.0,11.24,20,7,0,2020,84,0.0,0.0,0.0,-2.163029,2.340188,-0.950024,6850.967422,0.012793,-0.019822,-1.664171,,,-0.700242,-2.002841,0.0,-0.045526,56,65,-2176773515.61879,40.19,1283.0,3524259497.0,0.450331125827815
0,USA-AD-1488,Slovenia,SI,840991,202010,-0.8923,3,3,-0.7556,6,6,-0.9493,12,12,0.1959,3.0,3.0,0.702,6.0,6.0,0.394,12.0,12.0,4.8,19,7,0,2020,84,,0.0003,,-2.163029,2.340188,-4.085001,22811.805054,0.012793,-0.019893,-1.664171,8220.779,8623.525,-0.700242,-2.002841,,-0.045526,56,65,4096721760.05117,40.19,1283.0,27195301119.0,0.614754098360656
0,USA-AD-1488,Slovenia,SI,842430,202010,,0,0,,0,0,-1.0,2,0,-0.6137,3.0,2.0,-0.4302,6.0,5.0,-0.3562,11.0,11.0,4.8,20,7,0,2020,84,9.9e-05,0.0,-9.9e-05,-2.163029,2.340188,-4.085001,22811.805054,0.012793,-0.019893,-1.664171,8220.779,8623.525,-0.700242,-2.002841,9.9e-05,-0.045526,56,65,4096721760.05117,40.19,1283.0,3524259497.0,0.614754098360656
1,USA-AD-1489,South Africa,ZA,840991,202010,0.5622,3,3,0.5679,6,6,1.3029,12,12,0.1959,3.0,3.0,0.702,6.0,6.0,0.394,12.0,12.0,8.98,19,7,0,2020,84,,0.051306,,-2.163029,2.340188,-6.168918,5569.584833,0.012793,0.139162,-1.664171,14418.61,12792.46,-0.700242,-2.002841,,-0.045526,56,65,6771399115.51677,40.19,1283.0,27195301119.0,0.29608938547486
0,USA-AD-1489,South Africa,ZA,842430,202010,,0,0,,0,0,,0,0,-0.6137,3.0,2.0,-0.4302,6.0,5.0,-0.3562,11.0,11.0,8.98,20,7,0,2020,84,0.0,0.0,0.0,-2.163029,2.340188,-6.168918,5569.584833,0.012793,0.139162,-1.664171,14418.61,12792.46,-0.700242,-2.002841,0.0,-0.045526,56,65,6771399115.51677,40.19,1283.0,3524259497.0,0.29608938547486
0,USA-AD-1490,Spain,ES,840991,202010,-0.7655,3,3,-0.6549,6,6,0.0586,12,12,0.1959,3.0,3.0,0.702,6.0,6.0,0.394,12.0,12.0,3.75,19,7,0,2020,84,,0.133156,,-2.163029,2.340188,-10.940071,25077.019883,0.012793,-0.019893,-1.664171,7437.157,10101.71,-0.700242,-2.002841,,-0.045526,56,65,10566943778.728,40.19,1283.0,27195301119.0,0.592896174863388
0,USA-AD-1490,Spain,ES,842430,202010,-1.0,1,0,-0.6147,3,3,0.0048,7,7,-0.6137,3.0,2.0,-0.4302,6.0,5.0,-0.3562,11.0,11.0,3.75,20,7,0,2020,84,0.017349,0.014403,-0.002946,-2.163029,2.340188,-10.940071,25077.019883,0.012793,-0.019893,-1.664171,7437.157,10101.71,-0.700242,-2.002841,0.017349,-0.045526,56,65,10566943778.728,40.19,1283.0,3524259497.0,0.592896174863388
0,USA-AD-1491,Taiwan,TW,840790,202010,,0,0,,0,0,,0,0,-0.587,3.0,2.0,-0.2819,6.0,5.0,-0.1158,12.0,11.0,18.02,20,7,0,2020,84,,0.0,,-2.163029,2.340188,,,0.012793,,-1.664171,12155.88,1520.398,-0.700242,-2.002841,,-0.045526,56,65,,40.19,1283.0,2925899178.0,
0,USA-AD-1491,Taiwan,TW,840991,202010,0.0787,3,3,-0.062,6,6,0.0076,12,12,0.1959,3.0,3.0,0.702,6.0,6.0,0.394,12.0,12.0,18.02,19,7,0,2020,84,,0.024982,,-2.163029,2.340188,,,0.012793,,-1.664171,12155.88,1520.398,-0.700242,-2.002841,,-0.045526,56,65,,40.19,1283.0,27195301119.0,
0,USA-AD-1491,Taiwan,TW,842430,202010,-0.0232,3,3,0.5964,6,6,0.8573,12,12,-0.6137,3.0,2.0,-0.4302,6.0,5.0,-0.3562,11.0,11.0,18.02,20,7,0,2020,84,0.01062,0.019459,0.008839,-2.163029,2.340188,,,0.012793,,-1.664171,12155.88,1520.398,-0.700242,-2.002841,0.01062,-0.045526,56,65,,40.19,1283.0,3524259497.0,
0,USA-AD-1492,Turkey,TR,840790,202010,,0,0,,0,0,,0,1,-0.587,3.0,2.0,-0.2819,6.0,5.0,-0.1158,12.0,11.0,12.3,20,7,0,2020,84,,0.000227,,-2.163029,2.340188,1.803062,12338.643833,0.012793,0.235254,-1.664171,9705.772,7937.729,-0.700242,-2.002841,,-0.045526,56,65,-30980000000.0,40.19,1283.0,2925899178.0,0.541208791208791
1,USA-AD-1492,Turkey,TR,840991,202010,0.5413,3,3,1.7166,6,6,2.1127,12,12,0.1959,3.0,3.0,0.702,6.0,6.0,0.394,12.0,12.0,12.3,19,7,0,2020,84,,0.167565,,-2.163029,2.340188,1.803062,12338.643833,0.012793,0.235254,-1.664171,9705.772,7937.729,-0.700242,-2.002841,,-0.045526,56,65,-30980000000.0,40.19,1283.0,27195301119.0,0.541208791208791
0,USA-AD-1492,Turkey,TR,842430,202010,,0,0,,0,1,,0,3,-0.6137,3.0,2.0,-0.4302,6.0,5.0,-0.3562,11.0,11.0,12.3,20,7,0,2020,84,0.0,0.000618,0.000618,-2.163029,2.340188,1.803062,12338.643833,0.012793,0.235254,-1.664171,9705.772,7937.729,-0.700242,-2.002841,0.0,-0.045526,56,65,-30980000000.0,40.19,1283.0,3524259497.0,0.541208791208791
0,USA-AD-1492,Turkey,TR,843311,202010,,0,1,,0,1,,0,1,,0.0,1.0,,0.0,4.0,-0.5164,5.0,9.0,12.3,19,7,0,2020,84,0.0,0.000406,0.000406,-2.163029,2.340188,1.803062,12338.643833,0.012793,0.235254,-1.664171,9705.772,7937.729,-0.700242,-2.002841,0.0,-0.045526,56,65,-30980000000.0,40.19,1283.0,4640902552.0,0.541208791208791
0,USA-AD-1493,China,CN,840790,202110,-0.0555,3,3,-0.0726,6,6,-0.0004,12,12,-0.3025,3.0,2.0,-0.5264,6.0,4.0,-0.1783,11.0,10.0,530.6,20,19,1,2021,84,,0.168391,,6.055053,8.570085,8.570085,11469.570713,-0.030768,-0.06547,10.790924,11183.43,1168.165,4.612968,6.476729,,0.106684,44,42,352885754634.63,83.54,3519.0,3180738819.0,0.307017543859649
0,USA-AD-1493,China,CN,840991,202110,0.1446,3,3,0.1492,6,6,0.2017,12,12,-0.1597,3.0,3.0,-0.1343,6.0,6.0,-0.0861,12.0,12.0,530.6,19,19,1,2021,84,,0.312219,,6.055053,8.570085,8.570085,11469.570713,-0.030768,-0.06547,10.790924,11183.43,1168.165,4.612968,6.476729,,0.106684,44,42,352885754634.63,83.54,3519.0,32522500115.000004,0.307017543859649
0,USA-AD-1493,China,CN,842430,202110,0.2191,3,3,-0.6688,6,6,-0.609,12,12,22.4742,3.0,2.0,12.1568,6.0,4.0,4.5111,11.0,10.0,530.6,20,19,1,2021,84,,0.457064,,6.055053,8.570085,8.570085,11469.570713,-0.030768,-0.06547,10.790924,11183.43,1168.165,4.612968,6.476729,,0.106684,44,42,352885754634.63,83.54,3519.0,4564833445.0,0.307017543859649
0,USA-AD-1493,China,CN,843311,202110,-0.8531,3,3,-0.7888,6,6,0.1204,12,12,-0.973,3.0,2.0,-0.6933,5.0,3.0,-0.045,9.0,8.0,530.6,19,19,1,2021,84,,0.352836,,6.055053,8.570085,8.570085,11469.570713,-0.030768,-0.06547,10.790924,11183.43,1168.165,4.612968,6.476729,,0.106684,44,42,352885754634.63,83.54,3519.0,6221360096.0,0.307017543859649
0,USA-AD-1494,China,CN,731029,202010,-0.0292,3,3,0.0301,6,6,0.0028,12,12,-0.0736,3.0,3.0,-0.0913,6.0,6.0,-0.3071,12.0,12.0,104.04,3,6,31,2020,73,1.146887,0.456188,-0.690699,-2.163029,2.340188,2.340188,10573.642006,0.012793,-0.001103,-1.664171,11183.43,1168.165,-0.700242,-2.002841,1.146887,-0.045526,56,65,248835643936.04,40.19,1283.0,2227355828.0,0.240331491712707
0,USA-AD-1494,China,CN,731100,202010,0.1775,3,3,0.1004,6,6,0.0542,12,12,-0.2608,3.0,3.0,-0.1582,6.0,6.0,-0.0414,12.0,12.0,104.04,4,6,9,2020,73,0.350001,0.312532,-0.03747,-2.163029,2.340188,2.340188,10573.642006,0.012793,-0.001103,-1.664171,11183.43,1168.165,-0.700242,-2.002841,0.350001,-0.045526,56,65,248835643936.04,40.19,1283.0,3289792618.0,0.240331491712707
0,USA-AD-1495,Cambodia,KH,940190,202011,,0,0,,0,0,,0,0,0.513,3.0,3.0,0.7444,6.0,6.0,0.4404,12.0,12.0,252.74,8,7,1,2020,94,0.0,0.0,0.0,-2.163029,2.340188,-3.555722,1908.634275,0.012793,0.007789,-1.664171,14023.45,3591.275,-0.700242,-2.002841,0.0,-0.045526,55,65,-348202154.743794,42.69,1227.0,26818501010.0,0.274691358024691
0,USA-AD-1495,Cambodia,KH,940421,202011,,0,0,,0,0,,0,0,-0.5718,2.0,2.0,-0.106,4.0,4.0,-0.0775,9.0,8.0,252.74,8,7,1,2020,94,0.0,0.0,0.0,-2.163029,2.340188,-3.555722,1908.634275,0.012793,0.007789,-1.664171,14023.45,3591.275,-0.700242,-2.002841,0.0,-0.045526,55,65,-348202154.743794,42.69,1227.0,3207883008.0,0.274691358024691
0,USA-AD-1495,Cambodia,KH,940429,202011,,0,0,-1.0,1,0,-0.6486,1,1,0.6098,3.0,3.0,0.6214,6.0,6.0,1.0611,12.0,12.0,252.74,9,7,12,2020,94,2e-06,1e-06,-2e-06,-2.163029,2.340188,-3.555722,1908.634275,0.012793,0.007789,-1.664171,14023.45,3591.275,-0.700242,-2.002841,2e-06,-0.045526,55,65,-348202154.743794,42.69,1227.0,2791618135.0,0.274691358024691
0,USA-AD-1496,Indonesia,ID,940140,202011,,0,0,-1.0,2,0,-0.9074,2,1,-1.0,1.0,0.0,-0.8588,1.0,1.0,-0.9535,2.0,1.0,2.61,8,7,1,2020,94,0.001488,5.2e-05,-0.001436,-2.163029,2.340188,-2.065512,3739.449066,0.012793,0.030714,-1.664171,15535.87,5081.576,-0.700242,-2.002841,0.001488,-0.045526,55,65,-4433269738.48785,42.69,1227.0,1839949850.0,0.286885245901639
0,USA-AD-1496,Indonesia,ID,940190,202011,0.2476,3,3,0.6361,6,6,0.0462,12,12,0.513,3.0,3.0,0.7444,6.0,6.0,0.4404,12.0,12.0,2.61,8,7,1,2020,94,0.001296,0.00041,-0.000886,-2.163029,2.340188,-2.065512,3739.449066,0.012793,0.030714,-1.664171,15535.87,5081.576,-0.700242,-2.002841,0.001296,-0.045526,55,65,-4433269738.48785,42.69,1227.0,26818501010.0,0.286885245901639
0,USA-AD-1496,Indonesia,ID,940421,202011,-1.0,3,0,-0.9556,5,2,-0.9425,6,3,-0.5718,2.0,2.0,-0.106,4.0,4.0,-0.0775,9.0,8.0,2.61,8,7,1,2020,94,0.001666,1e-05,-0.001656,-2.163029,2.340188,-2.065512,3739.449066,0.012793,0.030714,-1.664171,15535.87,5081.576,-0.700242,-2.002841,0.001666,-0.045526,55,65,-4433269738.48785,42.69,1227.0,3207883008.0,0.286885245901639
0,USA-AD-1496,Indonesia,ID,940429,202011,-1.0,3,0,-0.997,3,1,-0.8038,6,4,0.6098,3.0,3.0,0.6214,6.0,6.0,1.0611,12.0,12.0,2.61,9,7,12,2020,94,0.00141,0.000192,-0.001218,-2.163029,2.340188,-2.065512,3739.449066,0.012793,0.030714,-1.664171,15535.87,5081.576,-0.700242,-2.002841,0.00141,-0.045526,55,65,-4433269738.48785,42.69,1227.0,2791618135.0,0.286885245901639
0,USA-AD-1497,Malaysia,MY,940140,202011,,0,0,,0,0,,0,0,-1.0,1.0,0.0,-0.8588,1.0,1.0,-0.9535,2.0,1.0,42.92,8,7,1,2020,94,0.0,0.0,0.0,-2.163029,2.340188,-5.456847,10171.465784,0.012793,0.014728,-1.664171,14859.51,4418.149,-0.700242,-2.002841,0.0,-0.045526,55,65,14137954762.8316,42.69,1227.0,1839949850.0,0.30327868852459
0,USA-AD-1497,Malaysia,MY,940190,202011,17.6812,3,3,42.93,6,6,42.1935,12,12,0.513,3.0,3.0,0.7444,6.0,6.0,0.4404,12.0,12.0,42.92,8,7,1,2020,94,0.000194,0.001042,0.000849,-2.163029,2.340188,-5.456847,10171.465784,0.012793,0.014728,-1.664171,14859.51,4418.149,-0.700242,-2.002841,0.000194,-0.045526,55,65,14137954762.8316,42.69,1227.0,26818501010.0,0.30327868852459
0,USA-AD-1497,Malaysia,MY,940421,202011,0.0946,3,3,0.1305,6,6,0.0609,12,12,-0.5718,2.0,2.0,-0.106,4.0,4.0,-0.0775,9.0,8.0,42.92,8,7,1,2020,94,0.119674,0.058281,-0.061393,-2.163029,2.340188,-5.456847,10171.465784,0.012793,0.014728,-1.664171,14859.51,4418.149,-0.700242,-2.002841,0.119674,-0.045526,55,65,14137954762.8316,42.69,1227.0,3207883008.0,0.30327868852459
0,USA-AD-1497,Malaysia,MY,940429,202011,-0.7212,3,2,-0.2695,6,5,-0.0101,12,11,0.6098,3.0,3.0,0.6214,6.0,6.0,1.0611,12.0,12.0,42.92,9,7,12,2020,94,0.017214,0.006978,-0.010236,-2.163029,2.340188,-5.456847,10171.465784,0.012793,0.014728,-1.664171,14859.51,4418.149,-0.700242,-2.002841,0.017214,-0.045526,55,65,14137954762.8316,42.69,1227.0,2791618135.0,0.30327868852459
0,USA-AD-1498,Serbia,RS,940190,202011,-0.3333,3,2,0.0,3,3,45.7778,5,9,0.513,3.0,3.0,0.7444,6.0,6.0,0.4404,12.0,12.0,13.65,8,7,1,2020,94,8e-06,1.2e-05,4e-06,-2.163029,2.340188,-0.950024,6850.967422,0.012793,-0.019822,-1.664171,,,-0.700242,-2.002841,8e-06,-0.045526,55,65,-2176773515.61879,42.69,1227.0,26818501010.0,0.450331125827815
0,USA-AD-1498,Serbia,RS,940421,202011,-1.0,1,0,-1.0,2,0,-1.0,2,0,-0.5718,2.0,2.0,-0.106,4.0,4.0,-0.0775,9.0,8.0,13.65,8,7,1,2020,94,3.2e-05,0.0,-3.2e-05,-2.163029,2.340188,-0.950024,6850.967422,0.012793,-0.019822,-1.664171,,,-0.700242,-2.002841,3.2e-05,-0.045526,55,65,-2176773515.61879,42.69,1227.0,3207883008.0,0.450331125827815
0,USA-AD-1498,Serbia,RS,940429,202011,,0,0,-1.0,1,0,-1.0,1,0,0.6098,3.0,3.0,0.6214,6.0,6.0,1.0611,12.0,12.0,13.65,9,7,12,2020,94,2.1e-05,0.0,-2.1e-05,-2.163029,2.340188,-0.950024,6850.967422,0.012793,-0.019822,-1.664171,,,-0.700242,-2.002841,2.1e-05,-0.045526,55,65,-2176773515.61879,42.69,1227.0,2791618135.0,0.450331125827815
0,USA-AD-1499,Thailand,TH,940140,202011,,0,0,,0,0,,0,0,-1.0,1.0,0.0,-0.8588,1.0,1.0,-0.9535,2.0,1.0,572.56,8,7,1,2020,94,0.0,0.0,0.0,-2.163029,2.340188,-6.050038,6035.186277,0.012793,0.007925,-1.664171,13936.19,3699.128,-0.700242,-2.002841,0.0,-0.045526,55,65,20732258957.2787,42.69,1227.0,1839949850.0,0.333333333333333
0,USA-AD-1499,Thailand,TH,940190,202011,-0.2478,3,3,-0.4361,6,6,-0.1733,12,12,0.513,3.0,3.0,0.7444,6.0,6.0,0.4404,12.0,12.0,572.56,8,7,1,2020,94,0.092352,0.02928,-0.063072,-2.163029,2.340188,-6.050038,6035.186277,0.012793,0.007925,-1.664171,13936.19,3699.128,-0.700242,-2.002841,0.092352,-0.045526,55,65,20732258957.2787,42.69,1227.0,26818501010.0,0.333333333333333
0,USA-AD-1499,Thailand,TH,940421,202011,21.0053,3,2,-0.2878,6,4,-0.5988,12,10,-0.5718,2.0,2.0,-0.106,4.0,4.0,-0.0775,9.0,8.0,572.56,8,7,1,2020,94,0.031754,0.004287,-0.027467,-2.163029,2.340188,-6.050038,6035.186277,0.012793,0.007925,-1.664171,13936.19,3699.128,-0.700242,-2.002841,0.031754,-0.045526,55,65,20732258957.2787,42.69,1227.0,3207883008.0,0.333333333333333
1,USA-AD-1499,Thailand,TH,940429,202011,-1.0,1,0,0.0,1,2,34.598,3,6,0.6098,3.0,3.0,0.6214,6.0,6.0,1.0611,12.0,12.0,572.56,9,7,12,2020,94,3.2e-05,0.000308,0.000276,-2.163029,2.340188,-6.050038,6035.186277,0.012793,0.007925,-1.664171,13936.19,3699.128,-0.700242,-2.002841,3.2e-05,-0.045526,55,65,20732258957.2787,42.69,1227.0,2791618135.0,0.333333333333333
0,USA-AD-1500,Turkey,TR,940190,202011,-0.1001,3,3,-0.5759,6,6,-0.2562,12,12,0.513,3.0,3.0,0.7444,6.0,6.0,0.4404,12.0,12.0,20.03,8,7,1,2020,94,0.003835,0.00129,-0.002544,-2.163029,2.340188,1.803062,12338.643833,0.012793,0.235254,-1.664171,9705.772,7937.729,-0.700242,-2.002841,0.003835,-0.045526,55,65,-30980000000.0,42.69,1227.0,26818501010.0,0.541208791208791
0,USA-AD-1500,Turkey,TR,940421,202011,,0,1,0.1984,3,2,-0.5498,5,2,-0.5718,2.0,2.0,-0.106,4.0,4.0,-0.0775,9.0,8.0,20.03,8,7,1,2020,94,0.000608,0.000191,-0.000417,-2.163029,2.340188,1.803062,12338.643833,0.012793,0.235254,-1.664171,9705.772,7937.729,-0.700242,-2.002841,0.000608,-0.045526,55,65,-30980000000.0,42.69,1227.0,3207883008.0,0.541208791208791
1,USA-AD-1500,Turkey,TR,940429,202011,0.1402,1,2,-0.4611,2,2,0.6256,3,6,0.6098,3.0,3.0,0.6214,6.0,6.0,1.0611,12.0,12.0,20.03,9,7,12,2020,94,0.003051,0.002304,-0.000747,-2.163029,2.340188,1.803062,12338.643833,0.012793,0.235254,-1.664171,9705.772,7937.729,-0.700242,-2.002841,0.003051,-0.045526,55,65,-30980000000.0,42.69,1227.0,2791618135.0,0.541208791208791
0,USA-AD-1501,Vietnam,VN,940140,202011,0.4725,3,3,0.2063,6,6,0.2263,12,12,-1.0,1.0,0.0,-0.8588,1.0,1.0,-0.9535,2.0,1.0,989.9,8,7,1,2020,94,0.308876,0.169353,-0.139523,-2.163029,2.340188,2.865413,3303.169498,0.012793,0.00686,-1.664171,13715.75,3257.774,-0.700242,-2.002841,0.308876,-0.045526,55,65,15060000000.0,42.69,1227.0,1839949850.0,0.307909604519774
0,USA-AD-1501,Vietnam,VN,940190,202011,0.2017,3,3,0.2426,6,6,0.048,12,12,0.513,3.0,3.0,0.7444,6.0,6.0,0.4404,12.0,12.0,989.9,8,7,1,2020,94,0.354964,0.14954,-0.205424,-2.163029,2.340188,2.865413,3303.169498,0.012793,0.00686,-1.664171,13715.75,3257.774,-0.700242,-2.002841,0.354964,-0.045526,55,65,15060000000.0,42.69,1227.0,26818501010.0,0.307909604519774
0,USA-AD-1501,Vietnam,VN,940421,202011,0.143,3,3,-0.1372,6,6,0.0093,12,12,-0.5718,2.0,2.0,-0.106,4.0,4.0,-0.0775,9.0,8.0,989.9,8,7,1,2020,94,0.041746,0.017603,-0.024143,-2.163029,2.340188,2.865413,3303.169498,0.012793,0.00686,-1.664171,13715.75,3257.774,-0.700242,-2.002841,0.041746,-0.045526,55,65,15060000000.0,42.69,1227.0,3207883008.0,0.307909604519774
0,USA-AD-1501,Vietnam,VN,940429,202011,-0.1094,3,3,0.0884,6,6,-0.0337,12,12,0.6098,3.0,3.0,0.6214,6.0,6.0,1.0611,12.0,12.0,989.9,9,7,12,2020,94,0.036088,0.014516,-0.021572,-2.163029,2.340188,2.865413,3303.169498,0.012793,0.00686,-1.664171,13715.75,3257.774,-0.700242,-2.002841,0.036088,-0.045526,55,65,15060000000.0,42.69,1227.0,2791618135.0,0.307909604519774
0,USA-AD-1502,Argentina,AR,731210,202009,,0,0,,0,0,,0,0,0.1183,3.0,3.0,0.242,6.0,6.0,0.16,12.0,12.0,60.4,23,5,29,2020,73,0.0,0.0,0.0,-2.163029,2.340188,-9.900485,11393.050596,0.012793,0.465052,-1.664171,8678.352,19146.65,-0.700242,-2.002841,0.0,-0.045526,57,65,2688362005.52312,40.91,1725.0,5570964165.0,0.368852459016393
0,USA-AD-1503,Colombia,CO,731210,202009,,0,0,,0,0,,0,0,0.1183,3.0,3.0,0.242,6.0,6.0,0.16,12.0,12.0,86.09,23,5,29,2020,73,0.0,0.0,0.0,-2.163029,2.340188,-7.185914,5891.955232,0.012793,0.125442,-1.664171,4251.359,14747.33,-0.700242,-2.002841,0.0,-0.045526,57,65,-9266809779.5969,40.91,1725.0,5570964165.0,0.39344262295082
0,USA-AD-1504,Egypt,EG,731210,202009,,0,0,,0,0,,0,1,0.1183,3.0,3.0,0.242,6.0,6.0,0.16,12.0,12.0,29.72,23,5,29,2020,73,0.0,1e-06,1e-06,-2.163029,2.340188,3.550165,3770.869479,0.012793,-0.060309,-1.664171,10456.59,8587.407,-0.700242,-2.002841,0.0,-0.045526,57,65,-14235956908.6916,40.91,1725.0,5570964165.0,0.275956284153005
0,USA-AD-1505,Indonesia,ID,731210,202011,,0,1,129.5197,1,3,199.0124,2,5,0.2022,3.0,3.0,0.2523,6.0,6.0,0.2599,12.0,12.0,2.96,23,7,29,2020,73,,0.001983,,-2.163029,2.340188,-2.065512,3739.449066,0.012793,0.030714,-1.664171,15535.87,5081.576,-0.700242,-2.002841,,-0.045526,55,65,-4433269738.48785,42.69,1227.0,5570964165.0,0.286885245901639
0,USA-AD-1506,Italy,IT,731210,202011,-0.9628,3,3,1.0065,6,6,0.5406,12,12,0.2022,3.0,3.0,0.2523,6.0,6.0,0.2599,12.0,12.0,3.67,23,7,29,2020,73,,0.029781,,-2.163029,2.340188,-8.868221,29469.798924,0.012793,-0.019893,-1.664171,8284.006,9047.517,-0.700242,-2.002841,,-0.045526,55,65,75096663920.9716,42.69,1227.0,5570964165.0,0.601092896174863
0,USA-AD-1507,Malaysia,MY,731210,202011,5.493,2,3,-0.6754,5,6,-0.9123,11,10,0.2022,3.0,3.0,0.2523,6.0,6.0,0.2599,12.0,12.0,4.56,23,7,29,2020,73,,0.02345,,-2.163029,2.340188,-5.456847,10171.465784,0.012793,0.014728,-1.664171,14859.51,4418.149,-0.700242,-2.002841,,-0.045526,55,65,14137954762.8316,42.69,1227.0,5570964165.0,0.30327868852459
0,USA-AD-1508,The Netherlands,NL,731210,202009,-0.5,3,1,4.1462,6,4,1.3492,10,5,0.1183,3.0,3.0,0.242,6.0,6.0,0.16,12.0,12.0,30.86,23,5,29,2020,73,0.000501,0.000274,-0.000226,-2.163029,2.340188,-3.867953,47086.580419,0.012793,-0.019893,-1.664171,7281.814,8679.86,-0.700242,-2.002841,0.000501,-0.045526,57,65,53370119272.0734,40.91,1725.0,5570964165.0,0.598360655737705
0,USA-AD-1509,Saudi Arabia,SA,731210,202009,,0,0,,0,0,,0,0,0.1183,3.0,3.0,0.242,6.0,6.0,0.16,12.0,12.0,194.4,23,5,29,2020,73,0.0,0.0,0.0,-2.163029,2.340188,-3.804789,22827.671936,0.012793,0.0,-1.664171,11715.97,7964.912,-0.700242,-2.002841,0.0,-0.045526,57,65,-34687750307.1511,40.91,1725.0,5570964165.0,0.311475409836066
0,USA-AD-1510,South Africa,ZA,731210,202011,,0,0,,0,0,,0,0,0.2022,3.0,3.0,0.2523,6.0,6.0,0.2599,12.0,12.0,59.27,23,7,29,2020,73,,0.0,,-2.163029,2.340188,-6.168918,5569.584833,0.012793,0.139162,-1.664171,14418.61,12792.46,-0.700242,-2.002841,,-0.045526,55,65,6771399115.51677,42.69,1227.0,5570964165.0,0.29608938547486
0,USA-AD-1511,Spain,ES,731210,202011,-0.1276,1,1,-0.2936,3,3,-0.1699,6,5,0.2022,3.0,3.0,0.2523,6.0,6.0,0.2599,12.0,12.0,14.75,23,7,29,2020,73,,0.001565,,-2.163029,2.340188,-10.940071,25077.019883,0.012793,-0.019893,-1.664171,7437.157,10101.71,-0.700242,-2.002841,,-0.045526,55,65,10566943778.728,42.69,1227.0,5570964165.0,0.592896174863388
0,USA-AD-1512,Taiwan,TW,731210,202009,1.2247,2,3,-0.8192,4,6,-0.8289,8,11,0.1183,3.0,3.0,0.242,6.0,6.0,0.16,12.0,12.0,23.89,23,5,29,2020,73,0.003123,0.000575,-0.002548,-2.163029,2.340188,,,0.012793,,-1.664171,12155.88,1520.398,-0.700242,-2.002841,0.003123,-0.045526,57,65,,40.91,1725.0,5570964165.0,
0,USA-AD-1514,Turkey,TR,731210,202009,-0.8298,2,2,-0.5213,2,5,0.867,3,8,0.1183,3.0,3.0,0.242,6.0,6.0,0.16,12.0,12.0,53.65,23,5,29,2020,73,1.4e-05,4e-05,2.6e-05,-2.163029,2.340188,1.803062,12338.643833,0.012793,0.235254,-1.664171,9705.772,7937.729,-0.700242,-2.002841,1.4e-05,-0.045526,57,65,-30980000000.0,40.91,1725.0,5570964165.0,0.541208791208791
0,USA-AD-1515,Ukraine,UA,731210,202011,,0,0,,0,0,,0,0,0.2022,3.0,3.0,0.2523,6.0,6.0,0.2599,12.0,12.0,19.32,23,7,29,2020,73,,0.0,,-2.163029,2.340188,-3.752818,2324.107422,0.012793,0.043022,-1.664171,8995.575,7327.559,-0.700242,-2.002841,,-0.045526,55,65,4248000000.0,42.69,1227.0,5570964165.0,0.630681818181818
0,USA-AD-1516,United Arab Emirates,AE,731210,202009,-0.889,2,1,-0.9739,3,2,-0.9739,3,2,0.1183,3.0,3.0,0.242,6.0,6.0,0.16,12.0,12.0,170.65,23,5,29,2020,73,0.000543,5.9e-05,-0.000485,-2.163029,2.340188,-8.693426,39878.474428,0.012793,0.0,-1.664171,12196.15,6864.77,-0.700242,-2.002841,0.000543,-0.045526,57,65,,40.91,1725.0,5570964165.0,0.337912087912088
0,USA-AD-1518,Taiwan,TW,401110,202101,0.4542,3,3,0.9363,6,6,1.4077,12,12,-0.2178,3.0,3.0,-0.2519,6.0,6.0,-0.1213,12.0,12.0,88.82,5,8,6,2021,40,0.002637,0.006906,0.004269,6.055053,8.570085,,,-0.030768,,10.790924,12155.88,1520.398,4.612968,6.476729,0.002637,0.106684,53,42,,54.77,1452.0,44262289009.0,
0,USA-AD-1518,Taiwan,TW,401120,202101,,0,0,,0,1,,0,1,0.0794,3.0,3.0,0.0791,6.0,6.0,-0.032,12.0,12.0,88.82,6,8,13,2021,40,0.0,6e-06,6e-06,6.055053,8.570085,,,-0.030768,,10.790924,12155.88,1520.398,4.612968,6.476729,0.0,0.106684,53,42,,54.77,1452.0,27110264952.0,
0,USA-AD-1519,Thailand,TH,401110,202101,-0.0186,3,3,0.236,6,6,0.4112,12,12,-0.2178,3.0,3.0,-0.2519,6.0,6.0,-0.1213,12.0,12.0,16.66,5,8,6,2021,40,0.183719,0.258789,0.07507,6.055053,8.570085,1.552166,6121.526965,-0.030768,0.021839,10.790924,13936.19,3699.128,4.612968,6.476729,0.183719,0.106684,53,42,-10838749153.5681,54.77,1452.0,44262289009.0,0.436046511627907
0,USA-AD-1519,Thailand,TH,401120,202101,0.1618,3,3,-0.0081,6,6,0.1565,12,12,0.0794,3.0,3.0,0.0791,6.0,6.0,-0.032,12.0,12.0,16.66,6,8,13,2021,40,0.233676,0.27751,0.043834,6.055053,8.570085,1.552166,6121.526965,-0.030768,0.021839,10.790924,13936.19,3699.128,4.612968,6.476729,0.233676,0.106684,53,42,-10838749153.5681,54.77,1452.0,27110264952.0,0.436046511627907
0,USA-AD-1520,Vietnam,VN,401110,202101,-0.4085,3,3,-0.1492,6,6,-0.3305,12,12,-0.2178,3.0,3.0,-0.2519,6.0,6.0,-0.1213,12.0,12.0,22.27,5,8,6,2021,40,0.00425,0.001868,-0.002383,6.055053,8.570085,2.553729,3358.217348,-0.030768,-0.002093,10.790924,13715.75,3257.774,4.612968,6.476729,0.00425,0.106684,53,42,-4628000000.0,54.77,1452.0,44262289009.0,0.381987577639752
0,USA-AD-1520,Vietnam,VN,401120,202101,-0.0399,3,2,0.2037,6,5,0.0921,11,10,0.0794,3.0,3.0,0.0791,6.0,6.0,-0.032,12.0,12.0,22.27,6,8,13,2021,40,0.002623,0.00277,0.000147,6.055053,8.570085,2.553729,3358.217348,-0.030768,-0.002093,10.790924,13715.75,3257.774,4.612968,6.476729,0.002623,0.106684,53,42,-4628000000.0,54.77,1452.0,27110264952.0,0.381987577639752
0,USA-AD-1521,China,CN,840790,202012,-0.1324,3,3,-0.0516,6,6,0.1166,12,12,-0.4771,2.0,3.0,-0.0405,5.0,6.0,0.1664,11.0,11.0,73.72,20,6,0,2020,84,,1.519558,,-2.163029,2.340188,2.340188,10573.642006,0.012793,-0.001103,-1.664171,11183.43,1168.165,-0.700242,-2.002841,,-0.045526,54,65,248835643936.04,49.99,1366.0,2925899178.0,0.240331491712707
0,USA-AD-1521,China,CN,843390,202012,-0.2,3,3,-0.1372,6,6,0.3928,12,12,10.7716,3.0,3.0,7.1075,6.0,6.0,1.7023,12.0,12.0,73.72,4,6,9,2020,84,0.253346,0.357565,0.104219,-2.163029,2.340188,2.340188,10573.642006,0.012793,-0.001103,-1.664171,11183.43,1168.165,-0.700242,-2.002841,0.253346,-0.045526,54,65,248835643936.04,49.99,1366.0,5671688721.0,0.240331491712707
0,USA-AD-1522,Vietnam,VN,840790,202012,,0,0,-1.0,1,0,-1.0,1,0,-0.4771,2.0,3.0,-0.0405,5.0,6.0,0.1664,11.0,11.0,221.34,20,6,0,2020,84,,0.0,,-2.163029,2.340188,2.865413,3303.169498,0.012793,0.00686,-1.664171,13715.75,3257.774,-0.700242,-2.002841,,-0.045526,54,65,15060000000.0,49.99,1366.0,2925899178.0,0.307909604519774
0,USA-AD-1522,Vietnam,VN,843390,202012,,0,0,,0,0,-0.9696,2,2,10.7716,3.0,3.0,7.1075,6.0,6.0,1.7023,12.0,12.0,221.34,4,6,9,2020,84,0.00024,0.00022,-2e-05,-2.163029,2.340188,2.865413,3303.169498,0.012793,0.00686,-1.664171,13715.75,3257.774,-0.700242,-2.002841,0.00024,-0.045526,54,65,15060000000.0,49.99,1366.0,5671688721.0,0.307909604519774
0,USA-AD-1523,China,CN,392051,202012,0.0468,3,3,0.0152,6,6,0.2106,12,12,-0.3661,3.0,3.0,-0.4733,6.0,6.0,-0.3186,12.0,12.0,62.42,1,5,0,2020,39,0.353857,0.393121,0.039264,-2.163029,2.340188,2.340188,10573.642006,0.012793,-0.001103,-1.664171,11183.43,1168.165,-0.700242,-2.002841,0.353857,-0.045526,54,65,248835643936.04,49.99,1366.0,2363982932.0,0.240331491712707
0,USA-AD-1523,China,CN,392390,202012,0.0705,3,3,0.1811,6,6,0.1575,12,12,-0.0917,3.0,3.0,0.0387,6.0,6.0,0.2332,12.0,12.0,62.42,1,5,0,2020,39,0.439356,0.456872,0.017515,-2.163029,2.340188,2.340188,10573.642006,0.012793,-0.001103,-1.664171,11183.43,1168.165,-0.700242,-2.002841,0.439356,-0.045526,54,65,248835643936.04,49.99,1366.0,8856357982.0,0.240331491712707
0,USA-AD-1523,China,CN,392690,202012,-0.0191,3,3,0.0833,6,6,0.2476,12,12,-0.1041,3.0,3.0,0.0123,6.0,6.0,0.0416,12.0,12.0,62.42,10,5,31,2020,39,0.356729,0.418849,0.06212,-2.163029,2.340188,2.340188,10573.642006,0.012793,-0.001103,-1.664171,11183.43,1168.165,-0.700242,-2.002841,0.356729,-0.045526,54,65,248835643936.04,49.99,1366.0,70595169470.0,0.240331491712707
0,USA-AD-1523,China,CN,481159,202012,-0.3214,3,3,-0.1859,6,6,-0.1595,12,12,1.5718,3.0,3.0,1.7571,6.0,6.0,1.2085,12.0,12.0,62.42,3,5,12,2020,48,0.303552,0.262529,-0.041023,-2.163029,2.340188,2.340188,10573.642006,0.012793,-0.001103,-1.664171,11183.43,1168.165,-0.700242,-2.002841,0.303552,-0.045526,54,65,248835643936.04,49.99,1366.0,,0.240331491712707
0,USA-AD-1523,China,CN,482110,202012,0.3549,3,3,1.2491,6,6,1.1175,12,12,-0.22,3.0,3.0,-0.1839,6.0,6.0,0.0806,12.0,12.0,62.42,1,5,0,2020,48,0.305136,0.392695,0.087559,-2.163029,2.340188,2.340188,10573.642006,0.012793,-0.001103,-1.664171,11183.43,1168.165,-0.700242,-2.002841,0.305136,-0.045526,54,65,248835643936.04,49.99,1366.0,3833216864.0,0.240331491712707
0,USA-AD-1523,China,CN,482190,202012,-0.068,3,3,-0.0235,6,6,0.0258,12,12,0.2189,3.0,3.0,0.2989,6.0,6.0,0.2985,12.0,12.0,62.42,1,5,0,2020,48,0.427295,0.50154,0.074245,-2.163029,2.340188,2.340188,10573.642006,0.012793,-0.001103,-1.664171,11183.43,1168.165,-0.700242,-2.002841,0.427295,-0.045526,54,65,248835643936.04,49.99,1366.0,1199743622.0,0.240331491712707
0,USA-AD-1523,China,CN,482390,202012,0.1085,3,3,0.0017,6,6,0.1336,12,12,0.0972,3.0,3.0,0.623,6.0,6.0,0.2942,12.0,12.0,62.42,1,5,16,2020,48,0.647615,0.731905,0.08429,-2.163029,2.340188,2.340188,10573.642006,0.012793,-0.001103,-1.664171,11183.43,1168.165,-0.700242,-2.002841,0.647615,-0.045526,54,65,248835643936.04,49.99,1366.0,3928260150.0,0.240331491712707
0,USA-AD-1524,Mexico,MX,731420,202102,,0,0,,0,0,,0,0,-0.0568,2.0,3.0,0.873,4.0,6.0,0.3194,8.0,9.0,22.65,1,7,0,2021,73,0.0,0.0,0.0,6.055053,8.570085,6.048483,9728.0568,-0.030768,-0.056466,10.790924,2468.405,11711.42,4.612968,6.476729,0.0,0.106684,52,42,-4485665790.0,62.28,1675.0,2410854491.0,0.485380116959064
0,USA-AD-1524,Mexico,MX,731439,202102,,0,0,,0,0,,0,0,0.5812,3.0,3.0,0.0783,5.0,5.0,0.5677,9.0,11.0,22.65,1,7,0,2021,73,0.0,0.0,0.0,6.055053,8.570085,6.048483,9728.0568,-0.030768,-0.056466,10.790924,2468.405,11711.42,4.612968,6.476729,0.0,0.106684,52,42,-4485665790.0,62.28,1675.0,,0.485380116959064
0,USA-AD-1525,Vietnam,VN,740710,202102,,0,1,,0,1,,0,1,-0.3729,3.0,3.0,-0.2313,6.0,6.0,0.102,12.0,12.0,8.05,3,7,11,2021,74,0.0,0.000126,0.000126,6.055053,8.570085,2.553729,3358.217348,-0.030768,-0.002093,10.790924,13715.75,3257.774,4.612968,6.476729,0.0,0.106684,52,42,-4628000000.0,62.28,1675.0,2693621594.0,0.381987577639752
1,USA-AD-1525,Vietnam,VN,741110,202102,0.4694,3,3,0.7549,6,6,0.4716,12,12,0.151,3.0,3.0,0.486,6.0,6.0,0.7436,12.0,12.0,8.05,3,7,11,2021,74,0.468395,0.570384,0.101988,6.055053,8.570085,2.553729,3358.217348,-0.030768,-0.002093,10.790924,13715.75,3257.774,4.612968,6.476729,0.468395,0.106684,52,42,-4628000000.0,62.28,1675.0,7745943414.0,0.381987577639752
0,USA-AD-1525,Vietnam,VN,741999,202102,0.8355,3,3,0.4981,6,6,0.1112,12,11,-0.3673,3.0,3.0,0.0117,6.0,6.0,-0.297,12.0,11.0,8.05,3,7,11,2021,74,0.012957,0.006569,-0.006387,6.055053,8.570085,2.553729,3358.217348,-0.030768,-0.002093,10.790924,13715.75,3257.774,4.612968,6.476729,0.012957,0.106684,52,42,-4628000000.0,62.28,1675.0,4019772626.0,0.381987577639752
0,USA-AD-1525,Vietnam,VN,841590,202102,0.0683,3,3,0.7069,6,6,-0.1887,12,12,-0.0632,3.0,3.0,-0.0629,6.0,6.0,-0.1226,12.0,12.0,8.05,3,7,13,2021,84,0.00821,0.004473,-0.003737,6.055053,8.570085,2.553729,3358.217348,-0.030768,-0.002093,10.790924,13715.75,3257.774,4.612968,6.476729,0.00821,0.106684,52,42,-4628000000.0,62.28,1675.0,25782724346.0,0.381987577639752
0,USA-AD-1528,Malaysia,MY,280469,202102,-1.0,1,0,-1.0,1,0,1440.0,2,2,,0.0,0.0,,0.0,0.0,,0.0,1.0,7.21,11,7,30,2021,28,3e-06,8.8e-05,8.5e-05,6.055053,8.570085,3.31535,10388.266712,-0.030768,-0.014318,10.790924,14859.51,4418.149,4.612968,6.476729,3e-06,0.106684,52,42,14493419471.0048,62.28,1675.0,4679060306.0,0.406976744186047
0,USA-AD-1529,Czechia,CZ,730419,202012,,0,0,,0,0,,0,1,-0.4103,3.0,1.0,-0.3132,5.0,4.0,-0.3597,11.0,10.0,51.07,5,5,10,2020,73,0.0,3.8e-05,3.8e-05,-2.163029,2.340188,-5.30488,19233.146955,0.012793,0.012123,-1.664171,8008.006,8309.523,-0.700242,-2.002841,0.0,-0.045526,54,65,4482811689.93782,49.99,1366.0,,0.639344262295082
0,USA-AD-1529,Czechia,CZ,730431,202012,-1.0,1,0,-1.0,2,0,-1.0,3,0,,0.0,0.0,-0.0198,1.0,1.0,-0.9133,7.0,1.0,51.07,15,5,25,2020,73,0.00012,1e-06,-0.00012,-2.163029,2.340188,-5.30488,19233.146955,0.012793,0.012123,-1.664171,8008.006,8309.523,-0.700242,-2.002841,0.00012,-0.045526,54,65,4482811689.93782,49.99,1366.0,1261941028.0,0.639344262295082
0,USA-AD-1529,Czechia,CZ,730439,202012,-0.3455,2,1,0.1211,4,4,-0.5237,9,6,1.9143,1.0,2.0,2.2249,2.0,4.0,-0.3244,5.0,8.0,51.07,20,5,25,2020,73,0.002532,0.001484,-0.001049,-2.163029,2.340188,-5.30488,19233.146955,0.012793,0.012123,-1.664171,8008.006,8309.523,-0.700242,-2.002841,0.002532,-0.045526,54,65,4482811689.93782,49.99,1366.0,2479543244.0,0.639344262295082
0,USA-AD-1529,Czechia,CZ,730451,202012,,0,0,,0,0,-1.0,1,0,1.3413,1.0,2.0,0.8161,3.0,3.0,-0.2848,8.0,5.0,51.07,15,5,25,2020,73,3e-06,0.0,-3e-06,-2.163029,2.340188,-5.30488,19233.146955,0.012793,0.012123,-1.664171,8008.006,8309.523,-0.700242,-2.002841,3e-06,-0.045526,54,65,4482811689.93782,49.99,1366.0,490015749.0,0.639344262295082
1,USA-AD-1529,Czechia,CZ,730459,202012,1113.2,1,2,1.3382,4,4,1.0691,6,8,,0.0,3.0,,0.0,4.0,67.1685,1.0,5.0,51.07,20,5,25,2020,73,0.0028,0.007496,0.004696,-2.163029,2.340188,-5.30488,19233.146955,0.012793,0.012123,-1.664171,8008.006,8309.523,-0.700242,-2.002841,0.0028,-0.045526,54,65,4482811689.93782,49.99,1366.0,1478155099.0,0.639344262295082
0,USA-AD-1530,Russia,RU,730419,202102,,0,0,,0,0,,0,0,6.2921,1.0,3.0,0.6953,3.0,6.0,-0.1943,9.0,12.0,209.72,5,7,11,2021,73,,0.0,,6.055053,8.570085,5.866492,10231.318359,-0.030768,0.021489,10.790924,8915.321,6009.905,4.612968,6.476729,,0.106684,52,42,124953030000.0,62.28,1675.0,,0.33625730994152
0,USA-AD-1530,Russia,RU,730431,202102,,0,0,,0,0,,0,0,,0.0,0.0,,0.0,1.0,-0.8365,5.0,1.0,209.72,15,7,26,2021,73,,0.0,,6.055053,8.570085,5.866492,10231.318359,-0.030768,0.021489,10.790924,8915.321,6009.905,4.612968,6.476729,,0.106684,52,42,124953030000.0,62.28,1675.0,1676800229.0,0.33625730994152
0,USA-AD-1530,Russia,RU,730439,202102,,0,0,,0,0,,0,0,-0.6472,2.0,2.0,-0.3557,3.0,4.0,0.2886,4.0,7.0,209.72,20,7,26,2021,73,,0.0,,6.055053,8.570085,5.866492,10231.318359,-0.030768,0.021489,10.790924,8915.321,6009.905,4.612968,6.476729,,0.106684,52,42,124953030000.0,62.28,1675.0,3317242174.0,0.33625730994152
0,USA-AD-1530,Russia,RU,730459,202102,,0,0,,0,0,,0,0,-0.4174,2.0,2.0,-0.4174,2.0,2.0,0.6356,2.0,3.0,209.72,20,7,26,2021,73,,0.0,,6.055053,8.570085,5.866492,10231.318359,-0.030768,0.021489,10.790924,8915.321,6009.905,4.612968,6.476729,,0.106684,52,42,124953030000.0,62.28,1675.0,1790970214.0,0.33625730994152
0,USA-AD-1532,Ukraine,UA,730419,202102,,0,0,,0,2,,0,5,6.2921,1.0,3.0,0.6953,3.0,6.0,-0.1943,9.0,12.0,41.23,5,7,11,2021,73,,0.014493,,6.055053,8.570085,3.445621,2426.612305,-0.030768,0.012192,10.790924,8995.575,7327.559,4.612968,6.476729,,0.106684,52,42,-5457000000.0,62.28,1675.0,,0.766081871345029
0,USA-AD-1532,Ukraine,UA,730439,202102,-0.9851,1,1,-0.9851,2,1,-0.9851,2,1,-0.6472,2.0,2.0,-0.3557,3.0,4.0,0.2886,4.0,7.0,41.23,20,7,26,2021,73,,0.000141,,6.055053,8.570085,3.445621,2426.612305,-0.030768,0.012192,10.790924,8995.575,7327.559,4.612968,6.476729,,0.106684,52,42,-5457000000.0,62.28,1675.0,3317242174.0,0.766081871345029
0,USA-AD-1532,Ukraine,UA,730459,202102,,0,1,,0,2,,0,2,-0.4174,2.0,2.0,-0.4174,2.0,2.0,0.6356,2.0,3.0,41.23,20,7,26,2021,73,,0.002873,,6.055053,8.570085,3.445621,2426.612305,-0.030768,0.012192,10.790924,8995.575,7327.559,4.612968,6.476729,,0.106684,52,42,-5457000000.0,62.28,1675.0,1790970214.0,0.766081871345029
0,USA-AD-1533,China,CN,940320,202102,0.0227,3,3,-0.0346,6,6,0.0663,12,12,0.5743,3.0,3.0,0.1671,6.0,6.0,0.1614,12.0,12.0,311.71,6,7,20,2021,94,0.866814,0.844447,-0.022367,6.055053,8.570085,8.570085,11469.570713,-0.030768,-0.06547,10.790924,11183.43,1168.165,4.612968,6.476729,0.866814,0.106684,52,42,352885754634.63,62.28,1675.0,23003838166.0,0.307017543859649
0,USA-AD-1534,France,FR,293040,202104,,0,0,,0,0,21.0,1,3,,0.0,0.0,,0.0,0.0,,0.0,0.0,16.17,3,8,0,2021,29,0.001455,0.035374,0.033919,6.055053,8.570085,6.882338,38030.857169,-0.030768,-0.03428,10.790924,7456.767,9225.815,4.612968,6.476729,0.001455,0.106684,50,42,7245173502.31717,64.81,3053.0,2560797398.0,0.797058823529412
0,USA-AD-1534,France,FR,293090,202104,-0.5209,3,3,0.1883,6,6,0.1563,12,12,0.5777,3.0,3.0,0.4739,6.0,6.0,1.1987,12.0,12.0,16.17,3,8,0,2021,29,0.01357,0.009707,-0.003863,6.055053,8.570085,6.882338,38030.857169,-0.030768,-0.03428,10.790924,7456.767,9225.815,4.612968,6.476729,0.01357,0.106684,50,42,7245173502.31717,64.81,3053.0,6126790856.0,0.797058823529412
0,USA-AD-1535,Japan,JP,293040,202104,0.0714,3,3,0.1735,6,6,0.2264,12,12,,0.0,0.0,,0.0,0.0,,0.0,0.0,135.1,3,8,0,2021,29,0.132569,0.145767,0.013198,6.055053,8.570085,2.696574,35741.160106,-0.030768,0.027907,10.790924,10286.19,951.7373,4.612968,6.476729,0.132569,0.106684,50,42,196525067468.841,64.81,3053.0,2560797398.0,0.702941176470588
0,USA-AD-1535,Japan,JP,293090,202104,-0.0184,3,3,-0.0907,6,6,0.0059,12,12,0.5777,3.0,3.0,0.4739,6.0,6.0,1.1987,12.0,12.0,135.1,3,8,0,2021,29,0.211671,0.18305,-0.028621,6.055053,8.570085,2.696574,35741.160106,-0.030768,0.027907,10.790924,10286.19,951.7373,4.612968,6.476729,0.211671,0.106684,50,42,196525067468.841,64.81,3053.0,6126790856.0,0.702941176470588
0,USA-AD-1536,Spain,ES,293040,202104,,0,0,,0,0,,0,0,,0.0,0.0,,0.0,0.0,,0.0,0.0,31.98,3,8,0,2021,29,0.0,1e-06,1e-06,6.055053,8.570085,6.683144,26705.362914,-0.030768,-0.03428,10.790924,7437.157,10101.71,4.612968,6.476729,0.0,0.106684,50,42,11178590909.8846,64.81,3053.0,2560797398.0,0.738372093023256
0,USA-AD-1536,Spain,ES,293090,202104,-0.1247,3,3,-0.1661,6,6,-0.4547,12,12,0.5777,3.0,3.0,0.4739,6.0,6.0,1.1987,12.0,12.0,31.98,3,8,0,2021,29,0.004529,0.003154,-0.001375,6.055053,8.570085,6.683144,26705.362914,-0.030768,-0.03428,10.790924,7437.157,10101.71,4.612968,6.476729,0.004529,0.106684,50,42,11178590909.8846,64.81,3053.0,6126790856.0,0.738372093023256
0,USA-AD-1537,China,CN,871639,202104,1.1267,3,3,0.4807,6,6,1.4363,11,12,,0.0,0.0,-1.0,1.0,0.0,-1.0,1.0,0.0,182.28,1,8,0,2021,87,0.075688,0.114132,0.038444,6.055053,8.570085,8.570085,11469.570713,-0.030768,-0.06547,10.790924,11183.43,1168.165,4.612968,6.476729,0.075688,0.106684,50,42,352885754634.63,64.81,3053.0,10952509496.0,0.307017543859649
0,USA-AD-1537,China,CN,871690,202104,0.3863,3,3,0.1837,6,6,0.1386,12,12,0.1385,3.0,3.0,0.1379,6.0,6.0,0.0536,12.0,12.0,182.28,3,8,17,2021,87,0.710521,0.758809,0.048288,6.055053,8.570085,8.570085,11469.570713,-0.030768,-0.06547,10.790924,11183.43,1168.165,4.612968,6.476729,0.710521,0.106684,50,42,352885754634.63,64.81,3053.0,12281082577.0,0.307017543859649
0,USA-AD-1539,Brazil,BR,760611,202105,,0,1,,0,1,,0,1,-0.2847,2.0,3.0,0.8444,4.0,6.0,2.0079,10.0,12.0,13.87,6,7,4,2021,76,0.0,0.001297,0.001297,6.055053,8.570085,4.762604,8799.228446,-0.030768,0.046404,10.790924,8088.514,17793.04,4.612968,6.476729,0.0,0.106684,49,42,-39397557333.0099,68.53,2596.0,3947433395.0,0.52046783625731
0,USA-AD-1539,Brazil,BR,760612,202105,,0,0,,0,0,,0,0,-0.0782,3.0,3.0,0.1681,6.0,6.0,2.0747,12.0,12.0,13.87,7,7,17,2021,76,0.0,0.0,0.0,6.055053,8.570085,4.762604,8799.228446,-0.030768,0.046404,10.790924,8088.514,17793.04,4.612968,6.476729,0.0,0.106684,49,42,-39397557333.0099,68.53,2596.0,31061397441.0,0.52046783625731
0,USA-AD-1539,Brazil,BR,760691,202105,,0,0,,0,0,,0,0,7.273,1.0,3.0,7.273,1.0,3.0,0.3195,5.0,9.0,13.87,6,7,4,2021,76,0.0,0.0,0.0,6.055053,8.570085,4.762604,8799.228446,-0.030768,0.046404,10.790924,8088.514,17793.04,4.612968,6.476729,0.0,0.106684,49,42,-39397557333.0099,68.53,2596.0,1079983299.0,0.52046783625731
0,USA-AD-1539,Brazil,BR,760692,202105,,0,0,,0,0,,0,0,0.1059,3.0,3.0,-0.1042,6.0,6.0,0.0685,12.0,12.0,13.87,6,7,4,2021,76,0.0,0.0,0.0,6.055053,8.570085,4.762604,8799.228446,-0.030768,0.046404,10.790924,8088.514,17793.04,4.612968,6.476729,0.0,0.106684,49,42,-39397557333.0099,68.53,2596.0,2363916400.0,0.52046783625731
0,USA-AD-1539,Brazil,BR,760711,202105,,0,0,,0,0,,0,0,-0.1343,3.0,3.0,-0.1183,6.0,6.0,0.0144,12.0,12.0,13.87,6,7,4,2021,76,0.0,0.0,0.0,6.055053,8.570085,4.762604,8799.228446,-0.030768,0.046404,10.790924,8088.514,17793.04,4.612968,6.476729,0.0,0.106684,49,42,-39397557333.0099,68.53,2596.0,7187908732.0,0.52046783625731
0,USA-AD-1539,Brazil,BR,760719,202105,,0,0,,0,0,,0,0,0.13,3.0,3.0,0.2611,6.0,6.0,0.2474,12.0,12.0,13.87,6,7,4,2021,76,0.0,0.0,0.0,6.055053,8.570085,4.762604,8799.228446,-0.030768,0.046404,10.790924,8088.514,17793.04,4.612968,6.476729,0.0,0.106684,49,42,-39397557333.0099,68.53,2596.0,4024833011.0,0.52046783625731
0,USA-AD-1540,Oman,OM,760612,202105,,0,0,,0,0,,0,0,-0.0782,3.0,3.0,0.1681,6.0,6.0,2.0747,12.0,12.0,4.03,7,7,17,2021,76,0.0,0.0,0.0,6.055053,8.570085,2.582175,18291.338798,-0.030768,0.0,10.790924,12482.55,6785.76,4.612968,6.476729,0.0,0.106684,49,42,-4835685478.9265,68.53,2596.0,31061397441.0,0.419642857142857
0,USA-AD-1540,Oman,OM,760719,202105,,0,0,,0,0,,0,0,0.13,3.0,3.0,0.2611,6.0,6.0,0.2474,12.0,12.0,4.03,6,7,4,2021,76,0.0,0.0,0.0,6.055053,8.570085,2.582175,18291.338798,-0.030768,0.0,10.790924,12482.55,6785.76,4.612968,6.476729,0.0,0.106684,49,42,-4835685478.9265,68.53,2596.0,4024833011.0,0.419642857142857
0,USA-AD-1541,Russia,RU,760611,202105,,0,0,,0,0,,0,0,-0.2847,2.0,3.0,0.8444,4.0,6.0,2.0079,10.0,12.0,62.18,6,7,4,2021,76,0.0,0.0,0.0,6.055053,8.570085,5.866492,10231.318359,-0.030768,0.021489,10.790924,8915.321,6009.905,4.612968,6.476729,0.0,0.106684,49,42,124953030000.0,68.53,2596.0,3947433395.0,0.33625730994152
0,USA-AD-1541,Russia,RU,760612,202105,0.3813,3,3,0.6753,6,6,0.2578,12,12,-0.0782,3.0,3.0,0.1681,6.0,6.0,2.0747,12.0,12.0,62.18,7,7,17,2021,76,0.009281,0.010602,0.001321,6.055053,8.570085,5.866492,10231.318359,-0.030768,0.021489,10.790924,8915.321,6009.905,4.612968,6.476729,0.009281,0.106684,49,42,124953030000.0,68.53,2596.0,31061397441.0,0.33625730994152
0,USA-AD-1541,Russia,RU,760691,202105,,0,1,,0,3,-0.9996,1,4,7.273,1.0,3.0,7.273,1.0,3.0,0.3195,5.0,9.0,62.18,6,7,4,2021,76,0.019178,0.000975,-0.018203,6.055053,8.570085,5.866492,10231.318359,-0.030768,0.021489,10.790924,8915.321,6009.905,4.612968,6.476729,0.019178,0.106684,49,42,124953030000.0,68.53,2596.0,1079983299.0,0.33625730994152
0,USA-AD-1541,Russia,RU,760692,202105,,0,1,,0,3,6.3039,2,5,0.1059,3.0,3.0,-0.1042,6.0,6.0,0.0685,12.0,12.0,62.18,6,7,4,2021,76,0.000185,0.001269,0.001084,6.055053,8.570085,5.866492,10231.318359,-0.030768,0.021489,10.790924,8915.321,6009.905,4.612968,6.476729,0.000185,0.106684,49,42,124953030000.0,68.53,2596.0,2363916400.0,0.33625730994152
0,USA-AD-1541,Russia,RU,760711,202105,-1.0,1,0,-1.0,1,0,18.0,1,1,-0.1343,3.0,3.0,-0.1183,6.0,6.0,0.0144,12.0,12.0,62.18,6,7,4,2021,76,0.0,1e-06,0.0,6.055053,8.570085,5.866492,10231.318359,-0.030768,0.021489,10.790924,8915.321,6009.905,4.612968,6.476729,0.0,0.106684,49,42,124953030000.0,68.53,2596.0,7187908732.0,0.33625730994152
0,USA-AD-1541,Russia,RU,760719,202105,,0,0,-1.0,1,0,-1.0,1,0,0.13,3.0,3.0,0.2611,6.0,6.0,0.2474,12.0,12.0,62.18,6,7,4,2021,76,0.0,0.0,-0.0,6.055053,8.570085,5.866492,10231.318359,-0.030768,0.021489,10.790924,8915.321,6009.905,4.612968,6.476729,0.0,0.106684,49,42,124953030000.0,68.53,2596.0,4024833011.0,0.33625730994152
0,USA-AD-1543,India,IN,730820,202105,,0,0,,0,0,,0,1,-0.5694,2.0,3.0,-0.716,5.0,6.0,-0.1933,8.0,12.0,50.65,8,7,9,2021,73,0.0,2e-06,2e-06,6.055053,8.570085,9.689592,1965.309434,-0.030768,-0.00245,10.790924,13131.91,5108.001,4.612968,6.476729,0.0,0.106684,49,42,-33422359357.9397,68.53,2596.0,4799606045.0,0.418604651162791
0,USA-AD-1543,India,IN,850231,202105,,0,0,,0,0,,0,1,,0.0,0.0,,0.0,0.0,,0.0,0.0,50.65,8,7,9,2021,85,0.0,0.000172,0.000172,6.055053,8.570085,9.689592,1965.309434,-0.030768,-0.00245,10.790924,13131.91,5108.001,4.612968,6.476729,0.0,0.106684,49,42,-33422359357.9397,68.53,2596.0,,0.418604651162791
0,USA-AD-1544,Malaysia,MY,730820,202105,,0,0,,0,0,,0,0,-0.5694,2.0,3.0,-0.716,5.0,6.0,-0.1933,8.0,12.0,,8,7,9,2021,73,0.0,0.0,0.0,6.055053,8.570085,3.31535,10388.266712,-0.030768,-0.014318,10.790924,14859.51,4418.149,4.612968,6.476729,0.0,0.106684,49,42,14493419471.0048,68.53,2596.0,4799606045.0,0.406976744186047
0,USA-AD-1545,Spain,ES,850231,202104,,0,0,,0,1,,0,1,,0.0,0.0,,0.0,0.0,,0.0,0.0,73.0,8,6,9,2021,85,,,,6.055053,8.570085,6.683144,26705.362914,-0.030768,-0.03428,10.790924,7437.157,10101.71,4.612968,6.476729,,0.106684,50,42,11178590909.8846,64.81,3053.0,,0.738372093023256
0,USA-AD-1546,Germany,DE,481190,202105,0.0709,3,3,0.1765,6,6,-0.2517,12,12,0.369,3.0,3.0,4.4148,6.0,6.0,13.3218,12.0,12.0,2.78,10,7,17,2021,48,0.071044,0.061212,-0.009832,6.055053,8.570085,3.91,44011.019463,-0.030768,-0.03428,10.790924,7595.452,8503.73,4.612968,6.476729,0.071044,0.106684,49,42,301386469208.007,68.53,2596.0,5209980386.0,0.767441860465116
0,USA-AD-1547,Japan,JP,481190,202105,-0.227,3,3,-0.2642,6,6,0.0837,12,12,0.369,3.0,3.0,4.4148,6.0,6.0,13.3218,12.0,12.0,35.71,10,7,17,2021,48,0.312927,0.286966,-0.025961,6.055053,8.570085,2.696574,35741.160106,-0.030768,0.027907,10.790924,10286.19,951.7373,4.612968,6.476729,0.312927,0.106684,49,42,196525067468.841,68.53,2596.0,5209980386.0,0.702941176470588
1,USA-AD-1549,Spain,ES,481190,202105,4.4423,3,3,2.266,6,6,1.2301,11,12,0.369,3.0,3.0,4.4148,6.0,6.0,13.3218,12.0,12.0,37.07,10,7,17,2021,48,0.00462,0.009942,0.005322,6.055053,8.570085,6.683144,26705.362914,-0.030768,-0.03428,10.790924,7437.157,10101.71,4.612968,6.476729,0.00462,0.106684,49,42,11178590909.8846,68.53,2596.0,5209980386.0,0.738372093023256
0,USA-AD-1550,Indonesia,ID,540233,202106,-0.7598,3,3,-0.5951,6,6,0.1792,10,12,0.6886,3.0,3.0,1.1854,6.0,6.0,2.0582,12.0,12.0,8.71,6,7,2,2021,54,0.008204,0.007549,-0.000655,6.055053,8.570085,3.702886,3850.688773,-0.030768,-0.018794,10.790924,15535.87,5081.576,4.612968,6.476729,0.008204,0.106684,48,42,3510715050.41252,73.16,3383.0,4926720858.0,0.363372093023256
0,USA-AD-1551,Malaysia,MY,540233,202106,,0,0,,0,0,,0,0,0.6886,3.0,3.0,1.1854,6.0,6.0,2.0582,12.0,12.0,17.35,6,7,2,2021,54,0.0,0.0,0.0,6.055053,8.570085,3.31535,10388.266712,-0.030768,-0.014318,10.790924,14859.51,4418.149,4.612968,6.476729,0.0,0.106684,48,42,14493419471.0048,73.16,3383.0,4926720858.0,0.406976744186047
0,USA-AD-1552,Thailand,TH,540233,202106,-0.1179,3,2,-0.0621,6,5,-0.2663,12,11,0.6886,3.0,3.0,1.1854,6.0,6.0,2.0582,12.0,12.0,14.8,6,7,2,2021,54,0.007313,0.00591,-0.001403,6.055053,8.570085,1.552166,6121.526965,-0.030768,0.021839,10.790924,13936.19,3699.128,4.612968,6.476729,0.007313,0.106684,48,42,-10838749153.5681,73.16,3383.0,4926720858.0,0.436046511627907
0,USA-AD-1553,Vietnam,VN,540233,202106,0.2679,3,3,-0.0365,6,6,-0.146,12,12,0.6886,3.0,3.0,1.1854,6.0,6.0,2.0582,12.0,12.0,22.82,6,7,2,2021,54,0.100945,0.088447,-0.012498,6.055053,8.570085,2.553729,3358.217348,-0.030768,-0.002093,10.790924,13715.75,3257.774,4.612968,6.476729,0.100945,0.106684,48,42,-4628000000.0,73.16,3383.0,4926720858.0,0.381987577639752
0,USA-AD-1554,China,CN,290344,202108,,0,0,,0,1,,0,6,,0.0,0.0,,0.0,0.0,,0.0,1.0,280.48,1,7,0,2021,29,,0.933424,,6.055053,8.570085,8.570085,11469.570713,-0.030768,-0.06547,10.790924,11183.43,1168.165,4.612968,6.476729,,0.106684,46,42,352885754634.63,70.75,4132.0,,0.307017543859649
0,USA-AD-1555,India,IN,390461,202109,-0.9843,3,2,-0.7669,5,5,-0.7419,10,7,-1.0,1.0,0.0,-1.0,2.0,0.0,34.8695,4.0,1.0,10.01,5,7,33,2021,39,0.01942,0.005238,-0.014182,6.055053,8.570085,9.689592,1965.309434,-0.030768,-0.00245,10.790924,13131.91,5108.001,4.612968,6.476729,0.01942,0.106684,45,42,-33422359357.9397,74.49,5167.0,1264219266.0,0.418604651162791
0,USA-AD-1555,India,IN,390469,202109,0.3889,2,1,9.875,3,3,8.9483,5,8,0.062,3.0,2.0,0.8107,6.0,4.0,0.5459,9.0,8.0,10.01,3,7,3,2021,39,2.7e-05,0.000204,0.000176,6.055053,8.570085,9.689592,1965.309434,-0.030768,-0.00245,10.790924,13131.91,5108.001,4.612968,6.476729,2.7e-05,0.106684,45,42,-33422359357.9397,74.49,5167.0,2915347825.0,0.418604651162791
0,USA-AD-1556,Russia,RU,390461,202109,0.0726,3,3,-0.2915,6,6,-0.4784,12,12,-1.0,1.0,0.0,-1.0,2.0,0.0,34.8695,4.0,1.0,17.36,5,7,33,2021,39,0.025853,0.01624,-0.009614,6.055053,8.570085,5.866492,10231.318359,-0.030768,0.021489,10.790924,8915.321,6009.905,4.612968,6.476729,0.025853,0.106684,45,42,124953030000.0,74.49,5167.0,1264219266.0,0.33625730994152
0,USA-AD-1556,Russia,RU,390469,202109,,0,0,,0,1,0.2222,2,2,0.062,3.0,2.0,0.8107,6.0,4.0,0.5459,9.0,8.0,17.36,3,7,3,2021,39,1e-06,4e-06,3e-06,6.055053,8.570085,5.866492,10231.318359,-0.030768,0.021489,10.790924,8915.321,6009.905,4.612968,6.476729,1e-06,0.106684,45,42,124953030000.0,74.49,5167.0,2915347825.0,0.33625730994152
0,USA-AD-1557,China,CN,842710,202109,-0.167,3,3,0.0836,6,6,0.847,12,12,0.127,3.0,3.0,0.1414,6.0,6.0,0.3222,12.0,12.0,274.86,1,6,0,2021,84,0.413211,0.56376,0.150549,6.055053,8.570085,8.570085,11469.570713,-0.030768,-0.06547,10.790924,11183.43,1168.165,4.612968,6.476729,0.413211,0.106684,45,42,352885754634.63,74.49,5167.0,9611087394.0,0.307017543859649
1,USA-AD-1557,China,CN,842720,202109,1.0201,3,3,3.0347,6,6,3.7291,12,12,0.0421,3.0,3.0,-0.0927,6.0,6.0,0.516,12.0,12.0,274.86,1,6,0,2021,84,0.067865,0.142126,0.074261,6.055053,8.570085,8.570085,11469.570713,-0.030768,-0.06547,10.790924,11183.43,1168.165,4.612968,6.476729,0.067865,0.106684,45,42,352885754634.63,74.49,5167.0,9415727985.0,0.307017543859649
0,USA-AD-1557,China,CN,842790,202109,-0.0458,3,3,-0.1229,6,6,0.0173,12,12,1.6458,3.0,3.0,2.2174,6.0,6.0,0.3543,10.0,10.0,274.86,1,6,0,2021,84,0.792106,0.773249,-0.018857,6.055053,8.570085,8.570085,11469.570713,-0.030768,-0.06547,10.790924,11183.43,1168.165,4.612968,6.476729,0.792106,0.106684,45,42,352885754634.63,74.49,5167.0,1359647695.0,0.307017543859649
0,USA-AD-1557,China,CN,843120,202109,-0.1676,3,3,-0.1357,6,6,0.2065,12,12,0.0014,3.0,3.0,0.1274,6.0,6.0,0.1292,12.0,12.0,274.86,2,6,19,2021,84,0.799792,0.797332,-0.00246,6.055053,8.570085,8.570085,11469.570713,-0.030768,-0.06547,10.790924,11183.43,1168.165,4.612968,6.476729,0.799792,0.106684,45,42,352885754634.63,74.49,5167.0,6886051593.0,0.307017543859649
0,USA-AD-1558,China,CN,843020,202111,41.4156,2,3,7.0166,3,5,0.0285,8,9,,0.0,0.0,,0.0,0.0,,0.0,0.0,314.49,1,7,0,2021,84,0.206153,0.145768,-0.060385,6.055053,8.570085,8.570085,11469.570713,-0.030768,-0.06547,10.790924,11183.43,1168.165,4.612968,6.476729,0.206153,0.106684,43,42,352885754634.63,81.05,3018.0,807854228.0,0.307017543859649
0,USA-AD-1559,India,IN,120810,202111,0.0686,3,3,0.6494,6,6,-0.0944,12,12,3.672,2.0,3.0,0.9995,5.0,6.0,0.762,11.0,11.0,,1,7,0,2021,12,0.647034,0.65743,0.010396,6.055053,8.570085,9.689592,1965.309434,-0.030768,-0.00245,10.790924,13131.91,5108.001,4.612968,6.476729,0.647034,0.106684,43,42,-33422359357.9397,81.05,3018.0,793492967.0000001,0.418604651162791
0,USA-AD-1559,India,IN,230400,202111,1.1138,3,3,0.7406,6,6,0.0846,12,12,,0.0,0.0,,0.0,0.0,,0.0,0.0,,1,7,0,2021,23,0.039219,0.049584,0.010365,6.055053,8.570085,9.689592,1965.309434,-0.030768,-0.00245,10.790924,13131.91,5108.001,4.612968,6.476729,0.039219,0.106684,43,42,-33422359357.9397,81.05,3018.0,32716530174.0,0.418604651162791
0,USA-AD-1565,France,FR,400259,202202,0.2584,3,3,-0.1633,6,6,-0.1238,12,12,1.3102,3.0,3.0,0.0023,6.0,6.0,-0.1636,12.0,12.0,164.13,4,7,34,2022,40,0.16778,0.192641,0.024861,2.512375,3.134189,2.716763,38868.330333,0.128935,0.123158,3.916156,7456.767,9225.815,2.727565,2.473483,0.16778,0.081691,40,25,-40031107427.2457,97.13,2040.0,1399622033.0,0.841025641025641
0,USA-AD-1567,Mexico,MX,400259,202202,1.1547,2,2,0.5992,5,3,0.0732,9,6,1.3102,3.0,3.0,0.0023,6.0,6.0,-0.1636,12.0,12.0,18.43,4,7,34,2022,40,0.025555,0.033942,0.008387,2.512375,3.134189,3.709757,10013.247924,0.128935,-0.007155,3.916156,2468.405,11711.42,2.727565,2.473483,0.025555,0.081691,40,25,-18692667771.0,97.13,2040.0,1399622033.0,0.566666666666667
0,USA-AD-1570,China,CN,860730,202203,0.6881,3,3,0.7397,6,6,0.8686,12,12,0.1001,3.0,3.0,0.1326,6.0,6.0,-0.2757,12.0,10.0,116.7,2,5,0,2022,86,0.250813,0.343874,0.093061,2.512375,3.134189,3.134189,11830.59837,0.128935,0.044687,3.916156,11183.43,1168.165,2.727565,2.473483,0.250813,0.081691,39,25,443374257116.429,117.25,2358.0,882225329.0,0.338541666666667
0,USA-AD-1572,Mexico,MX,730429,202205,,0,0,,0,0,,0,0,0.1959,3.0,3.0,-0.3483,6.0,6.0,-0.2037,12.0,12.0,69.56,23,7,13,2022,73,0.0,0.0,0.0,2.512375,3.134189,3.709757,10013.247924,0.128935,-0.007155,3.916156,2468.405,11711.42,2.727565,2.473483,0.0,0.081691,37,25,-18692667771.0,113.34,2566.0,,0.566666666666667
0,USA-AD-1575,Czechia,CZ,400219,202206,-0.1128,3,3,-0.3068,6,6,-0.4762,12,10,0.1632,3.0,3.0,0.0824,6.0,6.0,0.2076,12.0,12.0,6.03,6,7,24,2022,40,0.240504,0.131301,-0.109202,2.512375,3.134189,2.847171,20627.348651,0.128935,0.077444,3.916156,8008.006,8309.523,2.727565,2.473483,0.240504,0.081691,36,25,-13644233573.7924,122.71,2240.0,7267954995.0,0.853846153846154
0,USA-AD-1576,Italy,IT,400219,202204,,0,0,-0.9997,1,1,-0.9995,2,2,0.0689,3.0,3.0,0.2688,6.0,6.0,0.2162,12.0,12.0,28.97,6,5,24,2022,40,0.00425,,,2.512375,3.134189,4.821177,33891.886653,0.128935,0.123158,3.916156,8284.006,9047.517,2.727565,2.473483,0.00425,0.081691,38,25,-38496472380.9524,104.58,2404.0,7267954995.0,0.829015544041451
0,USA-AD-1577,Russia,RU,400219,202206,,0,0,-1.0,1,0,1957.75,1,2,0.1632,3.0,3.0,0.0824,6.0,6.0,0.2076,12.0,12.0,12.41,6,7,24,2022,40,1e-06,0.000852,0.000851,2.512375,3.134189,-1.435882,10119.0625,0.128935,-0.070185,3.916156,8915.321,6009.905,2.727565,2.473483,1e-06,0.081691,36,25,237734771339.141,122.71,2240.0,7267954995.0,0.304123711340206
0,USA-AD-1580,India,IN,731700,202208,-0.9997,2,2,0.1034,4,3,-0.7245,6,4,-0.1618,3.0,3.0,-0.3021,6.0,6.0,-0.4035,12.0,12.0,0.46,11,7,25,2022,73,0.002058,0.000665,-0.001393,2.512375,3.134189,7.609365,2098.211245,0.128935,0.063401,3.916156,13131.91,5108.001,2.727565,2.473483,0.002058,0.081691,34,25,-79050941951.3239,100.45,965.0,4264981701.999999,0.458974358974359
0,USA-AD-1582,Thailand,TH,731700,202208,-0.0058,1,1,126.3584,1,2,126.3584,1,2,-0.1618,3.0,3.0,-0.3021,6.0,6.0,-0.4035,12.0,12.0,17.12,11,7,25,2022,73,9e-06,0.000715,0.000707,2.512375,3.134189,2.580379,6278.785514,0.128935,0.096452,3.916156,13936.19,3699.128,2.727565,2.473483,9e-06,0.081691,34,25,-16995600151.1177,100.45,965.0,4264981701.999999,0.51025641025641
0,USA-AD-1583,Turkey,TR,731700,202208,-1.0,1,0,-1.0,1,0,-1.0,1,0,-0.1618,3.0,3.0,-0.3021,6.0,6.0,-0.4035,12.0,12.0,35.0,11,7,25,2022,73,1e-06,0.0,-1e-06,2.512375,3.134189,5.441225,14273.574765,0.128935,0.869842,3.916156,9705.772,7937.729,2.727565,2.473483,1e-06,0.081691,34,25,-46283000000.0,100.45,965.0,4264981701.999999,0.760989010989011
0,USA-AD-1585,India,IN,283410,202208,20000.0,1,2,-0.3332,2,4,-0.2712,8,10,,0.0,0.0,,0.0,0.0,,0.0,0.0,57.24,4,7,14,2022,28,0.057321,0.092352,0.035032,2.512375,3.134189,7.609365,2098.211245,0.128935,0.063401,3.916156,13131.91,5108.001,2.727565,2.473483,0.057321,0.081691,34,25,-79050941951.3239,100.45,965.0,161797559.0,0.458974358974359
0,USA-AD-1587,France,FR,200310,202209,,0,0,,0,0,0.3663,2,1,,0.0,0.0,,0.0,0.0,,0.0,0.0,224.68,8,5,24,2022,20,0.000252,0.00065,0.000398,2.512375,3.134189,2.716763,38868.330333,0.128935,0.123158,3.916156,7456.767,9225.815,2.727565,2.473483,0.000252,0.081691,33,25,-40031107427.2457,89.76,1760.0,1335516645.0,0.841025641025641
0,USA-AD-1588,The Netherlands,NL,200310,202211,1.4667,1,2,0.004,2,3,-0.1279,4,7,,0.0,0.0,,0.0,0.0,,0.0,0.0,132.97,8,7,24,2022,20,,0.125381,,2.512375,3.134189,5.007235,51777.543159,0.128935,0.123158,3.916156,7281.814,8679.86,2.727565,2.473483,,0.081691,31,25,71389537658.7798,91.42,1355.0,1335516645.0,0.825641025641026
0,USA-AD-1590,Spain,ES,200310,202211,360.0,1,2,89.25,2,2,3.81,3,3,,0.0,0.0,,0.0,0.0,,0.0,0.0,10.28,8,7,24,2022,20,,0.020752,,2.512375,3.134189,6.370317,28203.109342,0.128935,0.123158,3.916156,7437.157,10101.71,2.727565,2.473483,,0.081691,31,25,5497205080.4789,91.42,1355.0,1335516645.0,0.81701030927835
0,USA-AD-1591,Argentina,AR,200969,202211,-1.0,2,0,-0.7434,4,1,-0.6601,6,2,-0.7992,2.0,2.0,-0.8084,3.0,2.0,-0.2168,7.0,4.0,1.66,1,7,0,2022,20,0.01312,0.005308,-0.007812,2.512375,3.134189,6.020745,13276.823211,0.128935,0.375045,3.916156,8678.352,19146.65,2.727565,2.473483,0.01312,0.081691,31,25,-3964074915.28095,91.42,1355.0,,0.574742268041237
0,USA-AD-1592,China,CN,732690,202303,0.2639,3,3,0.2045,6,6,0.1058,12,12,0.1199,3.0,3.0,0.0944,6.0,6.0,0.0512,12.0,12.0,169.9,7,5,21,2023,73,0.481365,0.52922,0.047855,2.887556,5.414843,5.414843,12484.157884,0.011008,0.051482,3.411359,11183.43,1168.165,1.583015,1.476419,0.481365,-0.087488,27,21,263382353368.19,78.43,1389.0,56549730411.0,0.323913043478261
0,USA-AD-1592,China,CN,860730,202303,0.1702,3,3,-0.0855,6,6,-0.1393,12,12,0.0338,1.0,2.0,-0.4102,4.0,4.0,-0.651,10.0,9.0,169.9,2,5,1,2023,86,,0.266221,,2.887556,5.414843,5.414843,12484.157884,0.011008,0.051482,3.411359,11183.43,1168.165,1.583015,1.476419,,-0.087488,27,21,263382353368.19,78.43,1389.0,890409772.0,0.323913043478261
0,USA-AD-1593,Mexico,MX,732690,202305,0.0613,3,3,-0.0274,6,6,0.1255,12,12,0.0338,3.0,3.0,0.0551,6.0,6.0,0.2131,12.0,12.0,47.82,7,7,21,2023,73,,0.027728,,2.887556,5.414843,3.353541,10259.176662,0.011008,-0.117682,3.411359,2468.405,11711.42,1.583015,1.476419,,-0.087488,25,21,-12544311497.9999,75.47,977.0,56549730411.0,0.558189655172414
0,USA-AD-1593,Mexico,MX,860730,202305,,0,0,,0,0,,0,0,0.0171,1.0,2.0,-0.186,3.0,5.0,-0.6757,9.0,9.0,47.82,2,7,1,2023,86,,0.0,,2.887556,5.414843,3.353541,10259.176662,0.011008,-0.117682,3.411359,2468.405,11711.42,1.583015,1.476419,,-0.087488,25,21,-12544311497.9999,75.47,977.0,890409772.0,0.558189655172414
0,USA-AD-1594,China,CN,482030,202305,0.6157,3,3,0.7872,6,6,0.8079,12,12,-0.7159,3.0,3.0,-0.5676,6.0,6.0,-0.3331,12.0,12.0,192.7,3,7,0,2023,48,0.594215,0.761457,0.167242,2.887556,5.414843,5.414843,12484.157884,0.011008,0.051482,3.411359,11183.43,1168.165,1.583015,1.476419,0.594215,-0.087488,25,21,263382353368.19,75.47,977.0,661244431.0,0.323913043478261
0,USA-AD-1595,India,IN,482030,202305,-1.0,1,0,-0.98,2,1,-0.8279,6,3,-0.7159,3.0,3.0,-0.5676,6.0,6.0,-0.3331,12.0,12.0,11.42,3,7,0,2023,48,0.001189,0.000112,-0.001077,2.887556,5.414843,9.190755,2270.905181,0.011008,0.050821,3.411359,13131.91,5108.001,1.583015,1.476419,0.001189,-0.087488,25,21,-31955497930.2044,75.47,977.0,661244431.0,0.454545454545455
0,USA-AD-1596,Vietnam,VN,482030,202305,0.2442,2,3,-0.5066,3,5,4.9669,5,8,-0.7159,3.0,3.0,-0.5676,6.0,6.0,-0.3331,12.0,12.0,324.7,3,7,0,2023,48,0.001549,0.004835,0.003286,2.887556,5.414843,5.065024,3775.463756,0.011008,0.022178,3.411359,13715.75,3257.774,1.583015,1.476419,0.001549,-0.087488,25,21,25793000000.0,75.47,977.0,661244431.0,0.480487804878049
0,USA-AD-1597,China,CN,842430,202308,-0.6788,3,3,-0.4595,6,6,-0.2461,12,12,1.1753,2.0,2.0,-0.0952,4.0,5.0,-0.1784,9.0,11.0,263.83,20,7,3,2023,84,0.335671,0.215418,-0.120253,2.887556,5.414843,5.414843,12484.157884,0.011008,0.051482,3.411359,11183.43,1168.165,1.583015,1.476419,0.335671,-0.087488,22,21,263382353368.19,86.15,1086.0,3347320831.0,0.323913043478261
0,USA-AD-1597,China,CN,842490,202308,-0.1079,3,3,0.073,6,6,0.0941,12,12,1.2395,3.0,3.0,3.0365,6.0,6.0,1.8473,12.0,12.0,263.83,3,7,0,2023,84,0.309641,0.310152,0.000511,2.887556,5.414843,5.414843,12484.157884,0.011008,0.051482,3.411359,11183.43,1168.165,1.583015,1.476419,0.309641,-0.087488,22,21,263382353368.19,86.15,1086.0,6446768968.0,0.323913043478261
0,USA-AD-1598,Vietnam,VN,842430,202306,-0.9795,2,1,-0.9808,3,1,0.7546,4,3,1.1769,1.0,3.0,0.0583,4.0,5.0,0.0832,9.0,11.0,225.65,20,5,3,2023,84,0.001419,,,2.887556,5.414843,5.065024,3775.463756,0.011008,0.022178,3.411359,13715.75,3257.774,1.583015,1.476419,0.001419,-0.087488,24,21,25793000000.0,74.84,1091.0,3347320831.0,0.480487804878049
0,USA-AD-1598,Vietnam,VN,842490,202306,-0.4456,3,3,-0.3784,6,6,0.2478,12,12,1.6682,3.0,3.0,2.7207,6.0,6.0,1.9623,12.0,12.0,225.65,3,5,0,2023,84,0.072629,,,2.887556,5.414843,5.065024,3775.463756,0.011008,0.022178,3.411359,13715.75,3257.774,1.583015,1.476419,0.072629,-0.087488,24,21,25793000000.0,74.84,1091.0,6446768968.0,0.480487804878049
0,USA-AD-1599,Canada,CA,721012,202308,,0,0,,0,0,,0,0,0.0512,3.0,3.0,-0.1462,6.0,6.0,0.4174,12.0,12.0,5.29,9,7,23,2023,72,0.0,0.0,0.0,2.887556,5.414843,1.528746,45048.284241,0.011008,0.037151,3.411359,2079.297,10032.81,1.583015,1.476419,0.0,-0.087488,22,21,-15238758364.6521,86.15,1086.0,6788504478.0,0.84698275862069
0,USA-AD-1599,Canada,CA,721250,202308,,0,0,,0,0,,0,0,-0.2156,3.0,3.0,-0.2724,6.0,6.0,0.0643,11.0,12.0,5.29,34,7,30,2023,72,0.0,0.0,0.0,2.887556,5.414843,1.528746,45048.284241,0.011008,0.037151,3.411359,2079.297,10032.81,1.583015,1.476419,0.0,-0.087488,22,21,-15238758364.6521,86.15,1086.0,1020787605.0,0.84698275862069
0,USA-AD-1599,Canada,CA,722599,202308,,0,0,,0,0,,0,0,0.3891,3.0,3.0,-0.1192,6.0,5.0,0.7075,6.0,10.0,5.29,31,7,24,2023,72,0.0,0.0,0.0,2.887556,5.414843,1.528746,45048.284241,0.011008,0.037151,3.411359,2079.297,10032.81,1.583015,1.476419,0.0,-0.087488,22,21,-15238758364.6521,86.15,1086.0,,0.84698275862069
0,USA-AD-1599,Canada,CA,722699,202308,-1.0,1,0,-1.0,1,0,-1.0,2,0,,0.0,0.0,,0.0,0.0,-1.0,1.0,0.0,5.29,31,7,24,2023,72,0.001091,0.0,-0.001091,2.887556,5.414843,1.528746,45048.284241,0.011008,0.037151,3.411359,2079.297,10032.81,1.583015,1.476419,0.001091,-0.087488,22,21,-15238758364.6521,86.15,1086.0,1037033889.0,0.84698275862069
0,USA-AD-1600,China,CN,721011,202308,-0.1683,3,3,0.0052,6,6,0.3052,9,11,,0.0,0.0,,0.0,0.0,1.527,2.0,1.0,89.02,9,7,23,2023,72,0.528849,0.730513,0.201664,2.887556,5.414843,5.414843,12484.157884,0.011008,0.051482,3.411359,11183.43,1168.165,1.583015,1.476419,0.528849,-0.087488,22,21,263382353368.19,86.15,1086.0,187231686.0,0.323913043478261
0,USA-AD-1600,China,CN,721012,202308,0.3618,3,3,0.3234,6,6,0.3496,12,12,0.0512,3.0,3.0,-0.1462,6.0,6.0,0.4174,12.0,12.0,89.02,9,7,23,2023,72,0.828393,0.789833,-0.03856,2.887556,5.414843,5.414843,12484.157884,0.011008,0.051482,3.411359,11183.43,1168.165,1.583015,1.476419,0.828393,-0.087488,22,21,263382353368.19,86.15,1086.0,6788504478.0,0.323913043478261
0,USA-AD-1600,China,CN,721050,202308,2.6548,3,2,3.0164,6,5,0.0761,12,11,-0.0873,3.0,3.0,-0.316,6.0,6.0,0.0858,12.0,12.0,89.02,9,7,23,2023,72,0.611641,0.566069,-0.045572,2.887556,5.414843,5.414843,12484.157884,0.011008,0.051482,3.411359,11183.43,1168.165,1.583015,1.476419,0.611641,-0.087488,22,21,263382353368.19,86.15,1086.0,1507925443.0,0.323913043478261
0,USA-AD-1600,China,CN,721210,202308,0.2145,3,3,0.7942,6,6,-0.3304,10,10,,0.0,0.0,,0.0,0.0,-1.0,1.0,0.0,89.02,9,7,23,2023,72,0.342804,0.616289,0.273485,2.887556,5.414843,5.414843,12484.157884,0.011008,0.051482,3.411359,11183.43,1168.165,1.583015,1.476419,0.342804,-0.087488,22,21,263382353368.19,86.15,1086.0,206884262.0,0.323913043478261
0,USA-AD-1600,China,CN,721250,202308,-0.3525,3,3,-0.0284,6,6,0.2408,12,12,-0.2156,3.0,3.0,-0.2724,6.0,6.0,0.0643,11.0,12.0,89.02,34,7,30,2023,72,0.239327,0.233842,-0.005485,2.887556,5.414843,5.414843,12484.157884,0.011008,0.051482,3.411359,11183.43,1168.165,1.583015,1.476419,0.239327,-0.087488,22,21,263382353368.19,86.15,1086.0,1020787605.0,0.323913043478261
0,USA-AD-1600,China,CN,722599,202308,-0.4655,3,3,-0.2678,6,6,-0.1555,12,12,0.3891,3.0,3.0,-0.1192,6.0,5.0,0.7075,6.0,10.0,89.02,31,7,24,2023,72,0.805777,0.826379,0.020603,2.887556,5.414843,5.414843,12484.157884,0.011008,0.051482,3.411359,11183.43,1168.165,1.583015,1.476419,0.805777,-0.087488,22,21,263382353368.19,86.15,1086.0,,0.323913043478261
0,USA-AD-1600,China,CN,722699,202308,-0.2728,3,3,-0.0388,6,6,0.3107,12,12,,0.0,0.0,,0.0,0.0,-1.0,1.0,0.0,89.02,31,7,24,2023,72,0.369271,0.419852,0.050581,2.887556,5.414843,5.414843,12484.157884,0.011008,0.051482,3.411359,11183.43,1168.165,1.583015,1.476419,0.369271,-0.087488,22,21,263382353368.19,86.15,1086.0,1037033889.0,0.323913043478261
0,USA-AD-1601,Germany,DE,721012,202308,,0,0,,0,0,,0,0,0.0512,3.0,3.0,-0.1462,6.0,6.0,0.4174,12.0,12.0,7.02,9,7,23,2023,72,0.0,0.0,0.0,2.887556,5.414843,-0.869648,44368.992007,0.011008,-0.026099,3.411359,7595.452,8503.73,1.583015,1.476419,0.0,-0.087488,22,21,251479148832.124,86.15,1086.0,6788504478.0,0.818965517241379
0,USA-AD-1601,Germany,DE,721050,202308,,0,0,,0,0,,0,0,-0.0873,3.0,3.0,-0.316,6.0,6.0,0.0858,12.0,12.0,7.02,9,7,23,2023,72,0.0,0.0,0.0,2.887556,5.414843,-0.869648,44368.992007,0.011008,-0.026099,3.411359,7595.452,8503.73,1.583015,1.476419,0.0,-0.087488,22,21,251479148832.124,86.15,1086.0,1507925443.0,0.818965517241379
0,USA-AD-1601,Germany,DE,721210,202308,,0,0,,0,0,,0,0,,0.0,0.0,,0.0,0.0,-1.0,1.0,0.0,7.02,9,7,23,2023,72,0.0,0.006724,0.006724,2.887556,5.414843,-0.869648,44368.992007,0.011008,-0.026099,3.411359,7595.452,8503.73,1.583015,1.476419,0.0,-0.087488,22,21,251479148832.124,86.15,1086.0,206884262.0,0.818965517241379
0,USA-AD-1601,Germany,DE,721250,202308,-0.9021,3,1,-0.6729,6,3,-0.7712,11,6,-0.2156,3.0,3.0,-0.2724,6.0,6.0,0.0643,11.0,12.0,7.02,34,7,30,2023,72,0.02014,0.006295,-0.013845,2.887556,5.414843,-0.869648,44368.992007,0.011008,-0.026099,3.411359,7595.452,8503.73,1.583015,1.476419,0.02014,-0.087488,22,21,251479148832.124,86.15,1086.0,1020787605.0,0.818965517241379
0,USA-AD-1601,Germany,DE,722599,202308,-0.6589,1,2,-0.6652,3,2,-0.8186,4,3,0.3891,3.0,3.0,-0.1192,6.0,5.0,0.7075,6.0,10.0,7.02,31,7,24,2023,72,0.001512,0.000657,-0.000856,2.887556,5.414843,-0.869648,44368.992007,0.011008,-0.026099,3.411359,7595.452,8503.73,1.583015,1.476419,0.001512,-0.087488,22,21,251479148832.124,86.15,1086.0,,0.818965517241379
0,USA-AD-1601,Germany,DE,722699,202308,0.0595,3,3,-0.3379,6,6,-0.2846,11,10,,0.0,0.0,,0.0,0.0,-1.0,1.0,0.0,7.02,31,7,24,2023,72,0.035118,0.031564,-0.003553,2.887556,5.414843,-0.869648,44368.992007,0.011008,-0.026099,3.411359,7595.452,8503.73,1.583015,1.476419,0.035118,-0.087488,22,21,251479148832.124,86.15,1086.0,1037033889.0,0.818965517241379
0,USA-AD-1608,Malaysia,MY,940320,202311,-0.457,3,3,-0.6544,6,5,-0.3891,10,8,-0.3185,3.0,3.0,0.1216,6.0,6.0,0.1231,12.0,12.0,54.08,6,6,22,2023,94,0.001492,0.000912,-0.000581,2.887556,5.414843,3.537064,11445.392528,0.011008,0.036252,3.411359,14859.51,4418.149,1.583015,1.476419,0.001492,-0.087488,19,21,6257096796.55397,82.94,2937.0,21018080967.0,0.487068965517241
0,USA-AD-1609,Taiwan,TW,940320,202311,0.1304,3,3,0.3398,6,6,0.1349,12,12,-0.3185,3.0,3.0,0.1216,6.0,6.0,0.1231,12.0,12.0,9.41,6,6,22,2023,94,0.019529,0.02342,0.003891,2.887556,5.414843,,,0.011008,,3.411359,12155.88,1520.398,1.583015,1.476419,0.019529,-0.087488,19,21,,82.94,2937.0,21018080967.0,
0,USA-AD-1610,Thailand,TH,940320,202311,4.9105,1,2,9.3357,4,5,0.7434,10,11,-0.3185,3.0,3.0,0.1216,6.0,6.0,0.1231,12.0,12.0,5.55,6,6,22,2023,94,0.00073,0.001571,0.000841,2.887556,5.414843,2.017751,6408.414326,0.011008,-0.007392,3.411359,13936.19,3699.128,1.583015,1.476419,0.00073,-0.087488,19,21,8479217386.3614,82.94,2937.0,21018080967.0,0.52801724137931
0,USA-AD-1611,Vietnam,VN,940320,202311,-0.0006,3,3,0.3228,6,6,0.8551,12,12,-0.3185,3.0,3.0,0.1216,6.0,6.0,0.1231,12.0,12.0,224.94,6,6,22,2023,94,0.049442,0.042662,-0.00678,2.887556,5.414843,5.065024,3775.463756,0.011008,0.022178,3.411359,13715.75,3257.774,1.583015,1.476419,0.049442,-0.087488,19,21,25793000000.0,82.94,2937.0,21018080967.0,0.480487804878049
0,USA-AD-1613,India,IN,740721,202312,,0,0,-0.9821,1,1,-0.9754,2,2,-0.5724,3.0,3.0,-0.4409,6.0,6.0,-0.3135,12.0,12.0,6.53,6,7,0,2023,74,0.000544,3.3e-05,-0.000511,2.887556,5.414843,9.190755,2270.905181,0.011008,0.050821,3.411359,13131.91,5108.001,1.583015,1.476419,0.000544,-0.087488,18,21,-31955497930.2044,77.63,2094.0,2491734375.0,0.454545454545455
0,USA-AD-1615,Mexico,MX,740721,202312,,0,0,9.0,1,3,5.5,2,5,-0.5724,3.0,3.0,-0.4409,6.0,6.0,-0.3135,12.0,12.0,4.31,6,7,0,2023,74,0.000198,0.000151,-4.7e-05,2.887556,5.414843,3.353541,10259.176662,0.011008,-0.117682,3.411359,2468.405,11711.42,1.583015,1.476419,0.000198,-0.087488,18,21,-12544311497.9999,77.63,2094.0,2491734375.0,0.558189655172414
0,USA-AD-1616,South Africa,ZA,740721,202312,,0,1,,0,1,,0,1,-0.5724,3.0,3.0,-0.4409,6.0,6.0,-0.3135,12.0,12.0,11.31,6,7,0,2023,74,0.0,0.00017,0.00017,2.887556,5.414843,0.806105,5756.550495,0.011008,0.128051,3.411359,14418.61,12792.46,1.583015,1.476419,0.0,-0.087488,18,21,-4209439168.07548,77.63,2094.0,2491734375.0,0.456140350877193
0,USA-AD-1618,India,IN,731100,202312,1.9176,2,3,0.9986,5,6,-0.4814,11,12,-0.0594,3.0,3.0,-0.1681,6.0,6.0,-0.2123,12.0,12.0,31.93,4,7,12,2023,73,0.045016,0.006519,-0.038497,2.887556,5.414843,9.190755,2270.905181,0.011008,0.050821,3.411359,13131.91,5108.001,1.583015,1.476419,0.045016,-0.087488,18,21,-31955497930.2044,77.63,2094.0,4386659770.0,0.454545454545455
0,USA-AD-1619,Cambodia,KH,481940,202401,,0,0,,0,0,,0,0,0.2878,3.0,3.0,0.6502,6.0,6.0,0.8685,12.0,12.0,10.05,9,7,0,2024,48,0.0,0.0,0.0,2.793001,4.977357,5.975109,2182.718439,0.044202,-0.009306,6.833464,14023.45,3591.275,2.003611,4.297976,0.0,-0.01667,17,52,228100876.765879,80.12,1398.0,5209140323.0,0.344660194174757
0,USA-AD-1620,China,CN,481930,202401,-0.3054,3,3,-0.1296,6,6,-0.0044,12,12,1.8978,3.0,3.0,1.9246,6.0,6.0,-0.0165,12.0,11.0,135.77,9,7,0,2024,48,0.701661,0.599296,-0.102365,2.793001,4.977357,4.977357,13121.676991,0.044202,0.016021,6.833464,11183.43,1168.165,2.003611,4.297976,0.701661,-0.01667,17,52,423919214716.3,80.12,1398.0,1345780679.0,0.290178571428571
0,USA-AD-1620,China,CN,481940,202401,-0.1957,3,3,-0.0084,6,6,0.1344,12,12,0.2878,3.0,3.0,0.6502,6.0,6.0,0.8685,12.0,12.0,135.77,9,7,0,2024,48,0.749367,0.752711,0.003344,2.793001,4.977357,4.977357,13121.676991,0.044202,0.016021,6.833464,11183.43,1168.165,2.003611,4.297976,0.749367,-0.01667,17,52,423919214716.3,80.12,1398.0,5209140323.0,0.290178571428571
0,USA-AD-1621,Colombia,CO,481940,202401,,0,0,,0,0,,0,0,0.2878,3.0,3.0,0.6502,6.0,6.0,0.8685,12.0,12.0,9.48,9,7,0,2024,48,0.0,0.0,0.0,2.793001,4.977357,1.598332,6863.595632,0.044202,-0.058142,6.833464,4251.359,14747.33,2.003611,4.297976,0.0,-0.01667,17,52,-7012355605.40717,80.12,1398.0,5209140323.0,0.393805309734513
0,USA-AD-1622,India,IN,481930,202401,,0,1,0.0,1,1,0.5,2,2,1.8978,3.0,3.0,1.9246,6.0,6.0,-0.0165,12.0,11.0,7.17,9,7,0,2024,48,2e-06,1e-06,-0.0,2.793001,4.977357,6.494766,2396.949992,0.044202,0.012954,6.833464,13131.91,5108.001,2.003611,4.297976,2e-06,-0.01667,17,52,-32015418428.3173,80.12,1398.0,1345780679.0,0.407079646017699
0,USA-AD-1622,India,IN,481940,202401,-0.8786,3,3,-0.5317,6,6,-0.4406,12,12,0.2878,3.0,3.0,0.6502,6.0,6.0,0.8685,12.0,12.0,7.17,9,7,0,2024,48,0.001429,0.000702,-0.000728,2.793001,4.977357,6.494766,2396.949992,0.044202,0.012954,6.833464,13131.91,5108.001,2.003611,4.297976,0.001429,-0.01667,17,52,-32015418428.3173,80.12,1398.0,5209140323.0,0.407079646017699
0,USA-AD-1623,Malaysia,MY,481930,202401,0.7347,3,3,0.5829,6,6,0.6224,10,12,1.8978,3.0,3.0,1.9246,6.0,6.0,-0.0165,12.0,11.0,35.52,9,7,0,2024,48,0.111534,0.169016,0.057482,2.793001,4.977357,5.105459,11883.791277,0.044202,0.003465,6.833464,14859.51,4418.149,2.003611,4.297976,0.111534,-0.01667,17,52,7150093156.33009,80.12,1398.0,1345780679.0,0.336283185840708
0,USA-AD-1623,Malaysia,MY,481940,202401,-0.9995,2,2,-0.974,4,4,-0.9831,9,6,0.2878,3.0,3.0,0.6502,6.0,6.0,0.8685,12.0,12.0,35.52,9,7,0,2024,48,0.000894,3.6e-05,-0.000858,2.793001,4.977357,5.105459,11883.791277,0.044202,0.003465,6.833464,14859.51,4418.149,2.003611,4.297976,0.000894,-0.01667,17,52,7150093156.33009,80.12,1398.0,5209140323.0,0.336283185840708
0,USA-AD-1624,Portugal,PT,481930,202401,-0.9429,1,1,0.1762,1,3,0.1115,2,5,1.8978,3.0,3.0,1.9246,6.0,6.0,-0.0165,12.0,11.0,11.33,9,7,0,2024,48,0.000705,0.000988,0.000283,2.793001,4.977357,2.139672,22647.37919,0.044202,-0.001027,6.833464,7004.538,10498.21,2.003611,4.297976,0.000705,-0.01667,17,52,6509032238.81693,80.12,1398.0,1345780679.0,0.691964285714286
1,USA-AD-1624,Portugal,PT,481940,202401,0.948,3,3,0.2291,6,6,1.2011,11,12,0.2878,3.0,3.0,0.6502,6.0,6.0,0.8685,12.0,12.0,11.33,9,7,0,2024,48,0.003303,0.006267,0.002964,2.793001,4.977357,2.139672,22647.37919,0.044202,-0.001027,6.833464,7004.538,10498.21,2.003611,4.297976,0.003303,-0.01667,17,52,6509032238.81693,80.12,1398.0,5209140323.0,0.691964285714286
0,USA-AD-1625,Taiwan,TW,481930,202401,3.0,1,1,3.0,1,1,3.0,1,1,1.8978,3.0,3.0,1.9246,6.0,6.0,-0.0165,12.0,11.0,30.13,9,7,0,2024,48,2e-06,1e-06,-1e-06,2.793001,4.977357,,,0.044202,,6.833464,12155.88,1520.398,2.003611,4.297976,2e-06,-0.01667,17,52,,80.12,1398.0,1345780679.0,
0,USA-AD-1625,Taiwan,TW,481940,202401,0.1213,3,3,0.1959,6,6,-0.3984,12,12,0.2878,3.0,3.0,0.6502,6.0,6.0,0.8685,12.0,12.0,30.13,9,7,0,2024,48,0.011044,0.006972,-0.004072,2.793001,4.977357,,,0.044202,,6.833464,12155.88,1520.398,2.003611,4.297976,0.011044,-0.01667,17,52,,80.12,1398.0,5209140323.0,
0,USA-AD-1626,Turkey,TR,481930,202401,,0,1,-0.6667,1,1,-0.3333,1,2,1.8978,3.0,3.0,1.9246,6.0,6.0,-0.0165,12.0,11.0,26.32,9,7,0,2024,48,1.1e-05,0.000235,0.000223,2.793001,4.977357,3.327623,15395.027889,0.044202,0.381965,6.833464,9705.772,7937.729,2.003611,4.297976,1.1e-05,-0.01667,17,52,-10411000000.0,80.12,1398.0,1345780679.0,0.529411764705882
0,USA-AD-1626,Turkey,TR,481940,202401,17.4366,2,3,4.6136,5,5,-0.3118,11,10,0.2878,3.0,3.0,0.6502,6.0,6.0,0.8685,12.0,12.0,26.32,9,7,0,2024,48,0.000529,0.000305,-0.000224,2.793001,4.977357,3.327623,15395.027889,0.044202,0.381965,6.833464,9705.772,7937.729,2.003611,4.297976,0.000529,-0.01667,17,52,-10411000000.0,80.12,1398.0,5209140323.0,0.529411764705882
0,USA-AD-1627,Vietnam,VN,481930,202401,-0.685,3,2,-0.5071,6,5,1.6498,12,11,1.8978,3.0,3.0,1.9246,6.0,6.0,-0.0165,12.0,11.0,92.34,9,7,0,2024,48,0.025331,0.039569,0.014238,2.793001,4.977357,7.091187,4017.746041,0.044202,0.015873,6.833464,13715.75,3257.774,2.003611,4.297976,0.025331,-0.01667,17,52,30175000000.0,80.12,1398.0,1345780679.0,0.330097087378641
0,USA-AD-1627,Vietnam,VN,481940,202401,-0.1296,3,3,0.01,6,6,0.0587,12,12,0.2878,3.0,3.0,0.6502,6.0,6.0,0.8685,12.0,12.0,92.34,9,7,0,2024,48,0.156402,0.154783,-0.00162,2.793001,4.977357,7.091187,4017.746041,0.044202,0.015873,6.833464,13715.75,3257.774,2.003611,4.297976,0.156402,-0.01667,17,52,30175000000.0,80.12,1398.0,5209140323.0,0.330097087378641
0,USA-AD-1628,China,CN,210610,202402,-0.2679,3,3,-0.1349,6,6,0.0574,12,12,-0.0938,3.0,3.0,-0.006,6.0,6.0,0.0681,12.0,12.0,269.77,1,7,0,2024,21,0.305176,0.309679,0.004503,2.793001,4.977357,4.977357,13121.676991,0.044202,0.016021,6.833464,11183.43,1168.165,2.003611,4.297976,0.305176,-0.01667,16,52,423919214716.3,83.48,2111.0,2843517232.0,0.290178571428571
0,USA-AD-1628,China,CN,230800,202402,0.1368,3,3,0.1875,6,6,0.1318,12,12,,0.0,0.0,,0.0,0.0,,0.0,0.0,269.77,1,7,0,2024,23,0.485149,0.485202,5.2e-05,2.793001,4.977357,4.977357,13121.676991,0.044202,0.016021,6.833464,11183.43,1168.165,2.003611,4.297976,0.485149,-0.01667,16,52,423919214716.3,83.48,2111.0,,0.290178571428571
0,USA-AD-1628,China,CN,350400,202402,-0.0296,3,3,0.0098,6,6,0.0954,12,12,0.0899,3.0,3.0,-0.0571,6.0,6.0,-0.0069,12.0,12.0,269.77,1,7,0,2024,35,0.116298,0.118637,0.002339,2.793001,4.977357,4.977357,13121.676991,0.044202,0.016021,6.833464,11183.43,1168.165,2.003611,4.297976,0.116298,-0.01667,16,52,423919214716.3,83.48,2111.0,4747356251.0,0.290178571428571
0,USA-AD-1641,China,CN,370130,202405,-0.105,3,3,-0.1396,6,6,-0.0272,12,12,-1.0,2.0,0.0,-0.0909,2.0,1.0,-0.7449,6.0,4.0,107.61,2,7,0,2024,37,0.686119,0.676479,-0.009641,2.793001,4.977357,4.977357,13121.676991,0.044202,0.016021,6.833464,11183.43,1168.165,2.003611,4.297976,0.686119,-0.01667,13,52,423919214716.3,81.75,1815.0,2700892412.0,0.290178571428571
0,USA-AD-1642,Japan,JP,370130,202405,0.1907,3,3,-0.0134,6,6,-0.033,12,12,-1.0,2.0,0.0,-0.0909,2.0,1.0,-0.7449,6.0,4.0,87.81,2,7,0,2024,37,0.136088,0.183708,0.04762,2.793001,4.977357,0.104309,37152.5636,0.044202,0.077408,6.833464,10286.19,951.7373,2.003611,4.297976,0.136088,-0.01667,13,52,189754826535.882,81.75,1815.0,2700892412.0,0.68141592920354
0,USA-AD-1643,China,CN,760410,202405,0.0058,3,3,-0.0038,6,6,-0.1079,12,12,-0.284,3.0,3.0,-0.2463,5.0,6.0,-0.1261,10.0,11.0,365.19,16,7,36,2024,76,0.718105,0.686803,-0.031302,2.793001,4.977357,4.977357,13121.676991,0.044202,0.016021,6.833464,11183.43,1168.165,2.003611,4.297976,0.718105,-0.01667,13,52,423919214716.3,81.75,1815.0,1307560878.0,0.290178571428571
0,USA-AD-1643,China,CN,760421,202405,0.3327,3,3,0.3728,6,6,0.1183,12,12,0.1197,3.0,3.0,-0.297,6.0,6.0,-0.5549,12.0,12.0,365.19,15,7,14,2024,76,0.851595,0.922719,0.071124,2.793001,4.977357,4.977357,13121.676991,0.044202,0.016021,6.833464,11183.43,1168.165,2.003611,4.297976,0.851595,-0.01667,13,52,423919214716.3,81.75,1815.0,6072704304.0,0.290178571428571
0,USA-AD-1643,China,CN,760429,202405,0.2219,3,3,0.1051,6,6,-0.0621,12,12,-0.2962,3.0,3.0,-0.3538,6.0,6.0,-0.391,12.0,12.0,365.19,16,7,36,2024,76,0.250368,0.2617,0.011332,2.793001,4.977357,4.977357,13121.676991,0.044202,0.016021,6.833464,11183.43,1168.165,2.003611,4.297976,0.250368,-0.01667,13,52,423919214716.3,81.75,1815.0,12402306209.0,0.290178571428571
0,USA-AD-1643,China,CN,760810,202405,0.5172,3,3,0.4092,6,6,0.8342,12,12,-0.2744,3.0,3.0,-0.2042,6.0,6.0,-0.1917,12.0,12.0,365.19,15,7,0,2024,76,0.924372,0.705788,-0.218584,2.793001,4.977357,4.977357,13121.676991,0.044202,0.016021,6.833464,11183.43,1168.165,2.003611,4.297976,0.924372,-0.01667,13,52,423919214716.3,81.75,1815.0,289975199.0,0.290178571428571
0,USA-AD-1643,China,CN,760820,202405,0.4722,3,3,0.4397,6,6,0.4166,12,12,-0.1601,3.0,3.0,-0.2706,6.0,6.0,-0.0623,12.0,12.0,365.19,15,7,14,2024,76,0.511645,0.520156,0.008512,2.793001,4.977357,4.977357,13121.676991,0.044202,0.016021,6.833464,11183.43,1168.165,2.003611,4.297976,0.511645,-0.01667,13,52,423919214716.3,81.75,1815.0,2222768510.0,0.290178571428571
0,USA-AD-1643,China,CN,760900,202405,0.3256,3,3,0.1157,6,6,0.0675,12,12,0.2305,3.0,3.0,0.0361,6.0,6.0,-0.0461,12.0,12.0,365.19,15,7,0,2024,76,0.308756,0.319713,0.010957,2.793001,4.977357,4.977357,13121.676991,0.044202,0.016021,6.833464,11183.43,1168.165,2.003611,4.297976,0.308756,-0.01667,13,52,423919214716.3,81.75,1815.0,1246570040.0,0.290178571428571
0,USA-AD-1643,China,CN,761010,202405,0.5288,3,3,-0.0391,6,6,0.0088,12,12,0.6333,3.0,3.0,1.068,6.0,6.0,0.7569,12.0,12.0,365.19,15,7,14,2024,76,0.115135,0.164317,0.049182,2.793001,4.977357,4.977357,13121.676991,0.044202,0.016021,6.833464,11183.43,1168.165,2.003611,4.297976,0.115135,-0.01667,13,52,423919214716.3,81.75,1815.0,6179384962.0,0.290178571428571
0,USA-AD-1643,China,CN,761090,202405,-0.0178,3,3,0.0841,6,6,0.2888,12,12,0.0719,3.0,3.0,-0.008,6.0,6.0,0.1343,12.0,12.0,365.19,15,7,14,2024,76,0.466763,0.502454,0.035691,2.793001,4.977357,4.977357,13121.676991,0.044202,0.016021,6.833464,11183.43,1168.165,2.003611,4.297976,0.466763,-0.01667,13,52,423919214716.3,81.75,1815.0,11380019973.0,0.290178571428571
0,USA-AD-1644,Colombia,CO,760421,202405,,0,0,,0,0,,0,0,0.1197,3.0,3.0,-0.297,6.0,6.0,-0.5549,12.0,12.0,12.42,15,7,14,2024,76,0.0,0.0,0.0,2.793001,4.977357,1.598332,6863.595632,0.044202,-0.058142,6.833464,4251.359,14747.33,2.003611,4.297976,0.0,-0.01667,13,52,-7012355605.40717,81.75,1815.0,6072704304.0,0.393805309734513
0,USA-AD-1644,Colombia,CO,760429,202405,,0,0,,0,0,,0,0,-0.2962,3.0,3.0,-0.3538,6.0,6.0,-0.391,12.0,12.0,12.42,16,7,36,2024,76,0.0,0.0,0.0,2.793001,4.977357,1.598332,6863.595632,0.044202,-0.058142,6.833464,4251.359,14747.33,2.003611,4.297976,0.0,-0.01667,13,52,-7012355605.40717,81.75,1815.0,12402306209.0,0.393805309734513
0,USA-AD-1644,Colombia,CO,760900,202405,,0,0,,0,0,,0,0,0.2305,3.0,3.0,0.0361,6.0,6.0,-0.0461,12.0,12.0,12.42,15,7,0,2024,76,0.0,0.0,0.0,2.793001,4.977357,1.598332,6863.595632,0.044202,-0.058142,6.833464,4251.359,14747.33,2.003611,4.297976,0.0,-0.01667,13,52,-7012355605.40717,81.75,1815.0,1246570040.0,0.393805309734513
0,USA-AD-1644,Colombia,CO,761090,202405,,0,0,,0,0,,0,0,0.0719,3.0,3.0,-0.008,6.0,6.0,0.1343,12.0,12.0,12.42,15,7,14,2024,76,0.0,0.0,0.0,2.793001,4.977357,1.598332,6863.595632,0.044202,-0.058142,6.833464,4251.359,14747.33,2.003611,4.297976,0.0,-0.01667,13,52,-7012355605.40717,81.75,1815.0,11380019973.0,0.393805309734513
0,USA-AD-1646,Ecuador,EC,761090,202405,,0,0,,0,0,,0,0,0.0719,3.0,3.0,-0.008,6.0,6.0,0.1343,12.0,12.0,22.52,15,7,14,2024,76,0.0,0.0,0.0,2.793001,4.977357,-2.001255,5999.393911,0.044202,0.0,6.833464,4833.328,15236.68,2.003611,4.297976,0.0,-0.01667,13,52,7044733213.22851,81.75,1815.0,11380019973.0,0.432291666666667
0,USA-AD-1647,India,IN,760410,202405,-0.751,1,1,-0.6454,1,2,-0.8169,3,2,-0.284,3.0,3.0,-0.2463,5.0,6.0,-0.1261,10.0,11.0,3.44,16,7,36,2024,76,0.001004,0.00022,-0.000785,2.793001,4.977357,6.494766,2396.949992,0.044202,0.012954,6.833464,13131.91,5108.001,2.003611,4.297976,0.001004,-0.01667,13,52,-32015418428.3173,81.75,1815.0,1307560878.0,0.407079646017699
0,USA-AD-1647,India,IN,760421,202405,-1.0,1,0,-1.0,3,0,-0.9297,4,1,0.1197,3.0,3.0,-0.297,6.0,6.0,-0.5549,12.0,12.0,3.44,15,7,14,2024,76,0.000147,1.4e-05,-0.000132,2.793001,4.977357,6.494766,2396.949992,0.044202,0.012954,6.833464,13131.91,5108.001,2.003611,4.297976,0.000147,-0.01667,13,52,-32015418428.3173,81.75,1815.0,6072704304.0,0.407079646017699
0,USA-AD-1647,India,IN,760429,202405,-1.0,1,0,1.2222,1,1,29.8235,2,2,-0.2962,3.0,3.0,-0.3538,6.0,6.0,-0.391,12.0,12.0,3.44,16,7,36,2024,76,2.2e-05,3.6e-05,1.4e-05,2.793001,4.977357,6.494766,2396.949992,0.044202,0.012954,6.833464,13131.91,5108.001,2.003611,4.297976,2.2e-05,-0.01667,13,52,-32015418428.3173,81.75,1815.0,12402306209.0,0.407079646017699
0,USA-AD-1647,India,IN,760810,202405,,0,0,,0,1,,0,2,-0.2744,3.0,3.0,-0.2042,6.0,6.0,-0.1917,12.0,12.0,3.44,15,7,0,2024,76,0.0,0.000233,0.000233,2.793001,4.977357,6.494766,2396.949992,0.044202,0.012954,6.833464,13131.91,5108.001,2.003611,4.297976,0.0,-0.01667,13,52,-32015418428.3173,81.75,1815.0,289975199.0,0.407079646017699
0,USA-AD-1647,India,IN,760820,202405,0.0728,3,3,0.087,6,6,0.2577,10,12,-0.1601,3.0,3.0,-0.2706,6.0,6.0,-0.0623,12.0,12.0,3.44,15,7,14,2024,76,0.006175,0.006829,0.000654,2.793001,4.977357,6.494766,2396.949992,0.044202,0.012954,6.833464,13131.91,5108.001,2.003611,4.297976,0.006175,-0.01667,13,52,-32015418428.3173,81.75,1815.0,2222768510.0,0.407079646017699
0,USA-AD-1647,India,IN,760900,202405,-0.0089,3,3,-0.6667,6,6,-0.5201,12,12,0.2305,3.0,3.0,0.0361,6.0,6.0,-0.0461,12.0,12.0,3.44,15,7,0,2024,76,0.002794,0.001804,-0.00099,2.793001,4.977357,6.494766,2396.949992,0.044202,0.012954,6.833464,13131.91,5108.001,2.003611,4.297976,0.002794,-0.01667,13,52,-32015418428.3173,81.75,1815.0,1246570040.0,0.407079646017699
0,USA-AD-1647,India,IN,761010,202405,,0,0,,0,1,,0,1,0.6333,3.0,3.0,1.068,6.0,6.0,0.7569,12.0,12.0,3.44,15,7,14,2024,76,0.0,9e-06,9e-06,2.793001,4.977357,6.494766,2396.949992,0.044202,0.012954,6.833464,13131.91,5108.001,2.003611,4.297976,0.0,-0.01667,13,52,-32015418428.3173,81.75,1815.0,6179384962.0,0.407079646017699
0,USA-AD-1647,India,IN,761090,202405,-0.9999,1,1,-0.9214,3,4,-0.7883,7,5,0.0719,3.0,3.0,-0.008,6.0,6.0,0.1343,12.0,12.0,3.44,15,7,14,2024,76,0.011161,0.001656,-0.009505,2.793001,4.977357,6.494766,2396.949992,0.044202,0.012954,6.833464,13131.91,5108.001,2.003611,4.297976,0.011161,-0.01667,13,52,-32015418428.3173,81.75,1815.0,11380019973.0,0.407079646017699
0,USA-AD-1648,Indonesia,ID,760410,202405,,0,0,,0,0,,0,0,-0.284,3.0,3.0,-0.2463,5.0,6.0,-0.1261,10.0,11.0,9.17,16,7,36,2024,76,0.0,0.0,0.0,2.793001,4.977357,5.030345,4367.862666,0.044202,0.040596,6.833464,15535.87,5081.576,2.003611,4.297976,0.0,-0.01667,13,52,-8583487084.55384,81.75,1815.0,1307560878.0,0.325892857142857
0,USA-AD-1648,Indonesia,ID,760421,202405,,0,0,,0,0,,0,0,0.1197,3.0,3.0,-0.297,6.0,6.0,-0.5549,12.0,12.0,9.17,15,7,14,2024,76,0.0,0.0,0.0,2.793001,4.977357,5.030345,4367.862666,0.044202,0.040596,6.833464,15535.87,5081.576,2.003611,4.297976,0.0,-0.01667,13,52,-8583487084.55384,81.75,1815.0,6072704304.0,0.325892857142857
0,USA-AD-1648,Indonesia,ID,760429,202405,,0,2,,0,3,,0,4,-0.2962,3.0,3.0,-0.3538,6.0,6.0,-0.391,12.0,12.0,9.17,16,7,36,2024,76,0.0,0.00019,0.00019,2.793001,4.977357,5.030345,4367.862666,0.044202,0.040596,6.833464,15535.87,5081.576,2.003611,4.297976,0.0,-0.01667,13,52,-8583487084.55384,81.75,1815.0,12402306209.0,0.325892857142857
0,USA-AD-1648,Indonesia,ID,760810,202405,-1.0,2,0,4.0,2,3,0.1667,4,6,-0.2744,3.0,3.0,-0.2042,6.0,6.0,-0.1917,12.0,12.0,9.17,15,7,0,2024,76,5.7e-05,2.4e-05,-3.3e-05,2.793001,4.977357,5.030345,4367.862666,0.044202,0.040596,6.833464,15535.87,5081.576,2.003611,4.297976,5.7e-05,-0.01667,13,52,-8583487084.55384,81.75,1815.0,289975199.0,0.325892857142857
0,USA-AD-1648,Indonesia,ID,760820,202405,1392.125,1,2,75.8342,3,3,92.2335,6,5,-0.1601,3.0,3.0,-0.2706,6.0,6.0,-0.0623,12.0,12.0,9.17,15,7,14,2024,76,5.3e-05,0.002377,0.002324,2.793001,4.977357,5.030345,4367.862666,0.044202,0.040596,6.833464,15535.87,5081.576,2.003611,4.297976,5.3e-05,-0.01667,13,52,-8583487084.55384,81.75,1815.0,2222768510.0,0.325892857142857
0,USA-AD-1648,Indonesia,ID,760900,202405,28.1053,1,3,18.2241,2,5,37.5345,2,7,0.2305,3.0,3.0,0.0361,6.0,6.0,-0.0461,12.0,12.0,9.17,15,7,0,2024,76,5.8e-05,0.00095,0.000891,2.793001,4.977357,5.030345,4367.862666,0.044202,0.040596,6.833464,15535.87,5081.576,2.003611,4.297976,5.8e-05,-0.01667,13,52,-8583487084.55384,81.75,1815.0,1246570040.0,0.325892857142857
0,USA-AD-1648,Indonesia,ID,761010,202405,,0,0,,0,0,,0,1,0.6333,3.0,3.0,1.068,6.0,6.0,0.7569,12.0,12.0,9.17,15,7,14,2024,76,0.0,4e-06,4e-06,2.793001,4.977357,5.030345,4367.862666,0.044202,0.040596,6.833464,15535.87,5081.576,2.003611,4.297976,0.0,-0.01667,13,52,-8583487084.55384,81.75,1815.0,6179384962.0,0.325892857142857
0,USA-AD-1648,Indonesia,ID,761090,202405,,0,1,,0,2,,0,4,0.0719,3.0,3.0,-0.008,6.0,6.0,0.1343,12.0,12.0,9.17,15,7,14,2024,76,0.0,0.000767,0.000767,2.793001,4.977357,5.030345,4367.862666,0.044202,0.040596,6.833464,15535.87,5081.576,2.003611,4.297976,0.0,-0.01667,13,52,-8583487084.55384,81.75,1815.0,11380019973.0,0.325892857142857
0,USA-AD-1649,Italy,IT,760410,202405,-0.92,1,1,-0.92,1,1,-0.289,3,5,-0.284,3.0,3.0,-0.2463,5.0,6.0,-0.1261,10.0,11.0,15.3,16,7,36,2024,76,0.000828,0.00239,0.001562,2.793001,4.977357,0.692677,34495.25458,0.044202,-0.001027,6.833464,8284.006,9047.517,2.003611,4.297976,0.000828,-0.01667,13,52,25773240983.2258,81.75,1815.0,1307560878.0,0.725663716814159
0,USA-AD-1649,Italy,IT,760421,202405,324.0,1,1,3.0213,2,4,-0.815,6,8,0.1197,3.0,3.0,-0.297,6.0,6.0,-0.5549,12.0,12.0,15.3,15,7,14,2024,76,0.000643,0.000538,-0.000105,2.793001,4.977357,0.692677,34495.25458,0.044202,-0.001027,6.833464,8284.006,9047.517,2.003611,4.297976,0.000643,-0.01667,13,52,25773240983.2258,81.75,1815.0,6072704304.0,0.725663716814159
0,USA-AD-1649,Italy,IT,760429,202405,53.1573,3,3,6.8015,6,6,4.2521,12,11,-0.2962,3.0,3.0,-0.3538,6.0,6.0,-0.391,12.0,12.0,15.3,16,7,36,2024,76,0.000235,0.001363,0.001128,2.793001,4.977357,0.692677,34495.25458,0.044202,-0.001027,6.833464,8284.006,9047.517,2.003611,4.297976,0.000235,-0.01667,13,52,25773240983.2258,81.75,1815.0,12402306209.0,0.725663716814159
0,USA-AD-1649,Italy,IT,760810,202405,,0,0,,0,0,,0,0,-0.2744,3.0,3.0,-0.2042,6.0,6.0,-0.1917,12.0,12.0,15.3,15,7,0,2024,76,5.7e-05,0.0,-5.7e-05,2.793001,4.977357,0.692677,34495.25458,0.044202,-0.001027,6.833464,8284.006,9047.517,2.003611,4.297976,5.7e-05,-0.01667,13,52,25773240983.2258,81.75,1815.0,289975199.0,0.725663716814159
0,USA-AD-1649,Italy,IT,760820,202405,1.069,2,2,1.8049,3,5,1.4167,6,9,-0.1601,3.0,3.0,-0.2706,6.0,6.0,-0.0623,12.0,12.0,15.3,15,7,14,2024,76,0.000112,0.000345,0.000233,2.793001,4.977357,0.692677,34495.25458,0.044202,-0.001027,6.833464,8284.006,9047.517,2.003611,4.297976,0.000112,-0.01667,13,52,25773240983.2258,81.75,1815.0,2222768510.0,0.725663716814159
0,USA-AD-1649,Italy,IT,760900,202405,0.8235,3,3,-0.1475,6,6,-0.0511,12,11,0.2305,3.0,3.0,0.0361,6.0,6.0,-0.0461,12.0,12.0,15.3,15,7,0,2024,76,0.001896,0.001149,-0.000748,2.793001,4.977357,0.692677,34495.25458,0.044202,-0.001027,6.833464,8284.006,9047.517,2.003611,4.297976,0.001896,-0.01667,13,52,25773240983.2258,81.75,1815.0,1246570040.0,0.725663716814159
0,USA-AD-1649,Italy,IT,761010,202405,-0.5927,3,3,-0.6446,5,6,-0.5231,11,12,0.6333,3.0,3.0,1.068,6.0,6.0,0.7569,12.0,12.0,15.3,15,7,14,2024,76,0.020801,0.013413,-0.007388,2.793001,4.977357,0.692677,34495.25458,0.044202,-0.001027,6.833464,8284.006,9047.517,2.003611,4.297976,0.020801,-0.01667,13,52,25773240983.2258,81.75,1815.0,6179384962.0,0.725663716814159
0,USA-AD-1649,Italy,IT,761090,202405,75.4447,3,3,2.6386,6,6,2.885,12,10,0.0719,3.0,3.0,-0.008,6.0,6.0,0.1343,12.0,12.0,15.3,15,7,14,2024,76,0.003445,0.009523,0.006078,2.793001,4.977357,0.692677,34495.25458,0.044202,-0.001027,6.833464,8284.006,9047.517,2.003611,4.297976,0.003445,-0.01667,13,52,25773240983.2258,81.75,1815.0,11380019973.0,0.725663716814159
0,USA-AD-1650,Malaysia,MY,760410,202405,-1.0,1,0,-1.0,3,0,-0.8681,5,1,-0.284,3.0,3.0,-0.2463,5.0,6.0,-0.1261,10.0,11.0,26.7,16,7,36,2024,76,0.114902,0.021464,-0.093439,2.793001,4.977357,5.105459,11883.791277,0.044202,0.003465,6.833464,14859.51,4418.149,2.003611,4.297976,0.114902,-0.01667,13,52,7150093156.33009,81.75,1815.0,1307560878.0,0.336283185840708
0,USA-AD-1650,Malaysia,MY,760421,202405,,0,0,,0,0,,0,1,0.1197,3.0,3.0,-0.297,6.0,6.0,-0.5549,12.0,12.0,26.7,15,7,14,2024,76,3e-06,0.0,-3e-06,2.793001,4.977357,5.105459,11883.791277,0.044202,0.003465,6.833464,14859.51,4418.149,2.003611,4.297976,3e-06,-0.01667,13,52,7150093156.33009,81.75,1815.0,6072704304.0,0.336283185840708
0,USA-AD-1650,Malaysia,MY,760429,202405,-1.0,1,0,-1.0,1,0,2.5512,1,3,-0.2962,3.0,3.0,-0.3538,6.0,6.0,-0.391,12.0,12.0,26.7,16,7,36,2024,76,0.000104,0.000342,0.000238,2.793001,4.977357,5.105459,11883.791277,0.044202,0.003465,6.833464,14859.51,4418.149,2.003611,4.297976,0.000104,-0.01667,13,52,7150093156.33009,81.75,1815.0,12402306209.0,0.336283185840708
0,USA-AD-1650,Malaysia,MY,760810,202405,,0,0,-1.0,1,0,-1.0,1,0,-0.2744,3.0,3.0,-0.2042,6.0,6.0,-0.1917,12.0,12.0,26.7,15,7,0,2024,76,0.000495,0.0,-0.000495,2.793001,4.977357,5.105459,11883.791277,0.044202,0.003465,6.833464,14859.51,4418.149,2.003611,4.297976,0.000495,-0.01667,13,52,7150093156.33009,81.75,1815.0,289975199.0,0.336283185840708
0,USA-AD-1650,Malaysia,MY,760820,202405,,0,0,,0,1,107.2,1,4,-0.1601,3.0,3.0,-0.2706,6.0,6.0,-0.0623,12.0,12.0,26.7,15,7,14,2024,76,7e-05,0.000251,0.000181,2.793001,4.977357,5.105459,11883.791277,0.044202,0.003465,6.833464,14859.51,4418.149,2.003611,4.297976,7e-05,-0.01667,13,52,7150093156.33009,81.75,1815.0,2222768510.0,0.336283185840708
0,USA-AD-1650,Malaysia,MY,760900,202405,,0,0,,0,1,,0,1,0.2305,3.0,3.0,0.0361,6.0,6.0,-0.0461,12.0,12.0,26.7,15,7,0,2024,76,4e-06,1.6e-05,1.2e-05,2.793001,4.977357,5.105459,11883.791277,0.044202,0.003465,6.833464,14859.51,4418.149,2.003611,4.297976,4e-06,-0.01667,13,52,7150093156.33009,81.75,1815.0,1246570040.0,0.336283185840708
0,USA-AD-1650,Malaysia,MY,761010,202405,,0,0,-1.0,1,0,-0.947,2,1,0.6333,3.0,3.0,1.068,6.0,6.0,0.7569,12.0,12.0,26.7,15,7,14,2024,76,0.00022,2.6e-05,-0.000194,2.793001,4.977357,5.105459,11883.791277,0.044202,0.003465,6.833464,14859.51,4418.149,2.003611,4.297976,0.00022,-0.01667,13,52,7150093156.33009,81.75,1815.0,6179384962.0,0.336283185840708
0,USA-AD-1650,Malaysia,MY,761090,202405,1.6682,2,3,2.5023,3,6,0.5508,7,12,0.0719,3.0,3.0,-0.008,6.0,6.0,0.1343,12.0,12.0,26.7,15,7,14,2024,76,0.004836,0.005773,0.000937,2.793001,4.977357,5.105459,11883.791277,0.044202,0.003465,6.833464,14859.51,4418.149,2.003611,4.297976,0.004836,-0.01667,13,52,7150093156.33009,81.75,1815.0,11380019973.0,0.336283185840708
0,USA-AD-1651,Mexico,MX,760410,202405,,0,0,,0,0,,0,0,-0.284,3.0,3.0,-0.2463,5.0,6.0,-0.1261,10.0,11.0,13.63,16,7,36,2024,76,0.0,0.0,0.0,2.793001,4.977357,1.427428,10316.46119,0.044202,0.030753,6.833464,2468.405,11711.42,2.003611,4.297976,0.0,-0.01667,13,52,-16695744080.9999,81.75,1815.0,1307560878.0,0.431818181818182
0,USA-AD-1651,Mexico,MX,760421,202405,,0,0,,0,0,,0,0,0.1197,3.0,3.0,-0.297,6.0,6.0,-0.5549,12.0,12.0,13.63,15,7,14,2024,76,0.0,0.0,0.0,2.793001,4.977357,1.427428,10316.46119,0.044202,0.030753,6.833464,2468.405,11711.42,2.003611,4.297976,0.0,-0.01667,13,52,-16695744080.9999,81.75,1815.0,6072704304.0,0.431818181818182
0,USA-AD-1651,Mexico,MX,760429,202405,-1.0,1,0,3949.3333,1,1,3949.3333,1,1,-0.2962,3.0,3.0,-0.3538,6.0,6.0,-0.391,12.0,12.0,13.63,16,7,36,2024,76,1e-06,0.00061,0.00061,2.793001,4.977357,1.427428,10316.46119,0.044202,0.030753,6.833464,2468.405,11711.42,2.003611,4.297976,1e-06,-0.01667,13,52,-16695744080.9999,81.75,1815.0,12402306209.0,0.431818181818182
0,USA-AD-1651,Mexico,MX,760810,202405,,0,0,,0,0,,0,0,-0.2744,3.0,3.0,-0.2042,6.0,6.0,-0.1917,12.0,12.0,13.63,15,7,0,2024,76,0.0,0.0,0.0,2.793001,4.977357,1.427428,10316.46119,0.044202,0.030753,6.833464,2468.405,11711.42,2.003611,4.297976,0.0,-0.01667,13,52,-16695744080.9999,81.75,1815.0,289975199.0,0.431818181818182
0,USA-AD-1651,Mexico,MX,760820,202405,,0,1,,0,2,,0,6,-0.1601,3.0,3.0,-0.2706,6.0,6.0,-0.0623,12.0,12.0,13.63,15,7,14,2024,76,0.0,0.000351,0.000351,2.793001,4.977357,1.427428,10316.46119,0.044202,0.030753,6.833464,2468.405,11711.42,2.003611,4.297976,0.0,-0.01667,13,52,-16695744080.9999,81.75,1815.0,2222768510.0,0.431818181818182
0,USA-AD-1651,Mexico,MX,760900,202405,0.9436,3,3,0.3463,6,6,0.0976,12,12,0.2305,3.0,3.0,0.0361,6.0,6.0,-0.0461,12.0,12.0,13.63,15,7,0,2024,76,0.009825,0.009952,0.000127,2.793001,4.977357,1.427428,10316.46119,0.044202,0.030753,6.833464,2468.405,11711.42,2.003611,4.297976,0.009825,-0.01667,13,52,-16695744080.9999,81.75,1815.0,1246570040.0,0.431818181818182
0,USA-AD-1651,Mexico,MX,761010,202405,,0,0,,0,0,,0,0,0.6333,3.0,3.0,1.068,6.0,6.0,0.7569,12.0,12.0,13.63,15,7,14,2024,76,0.0,0.0,0.0,2.793001,4.977357,1.427428,10316.46119,0.044202,0.030753,6.833464,2468.405,11711.42,2.003611,4.297976,0.0,-0.01667,13,52,-16695744080.9999,81.75,1815.0,6179384962.0,0.431818181818182
0,USA-AD-1651,Mexico,MX,761090,202405,20.0,2,1,4.619,3,3,0.475,4,3,0.0719,3.0,3.0,-0.008,6.0,6.0,0.1343,12.0,12.0,13.63,15,7,14,2024,76,8.1e-05,0.000127,4.6e-05,2.793001,4.977357,1.427428,10316.46119,0.044202,0.030753,6.833464,2468.405,11711.42,2.003611,4.297976,8.1e-05,-0.01667,13,52,-16695744080.9999,81.75,1815.0,11380019973.0,0.431818181818182
0,USA-AD-1653,Taiwan,TW,760410,202405,,0,2,0.1164,1,2,0.1088,2,2,-0.284,3.0,3.0,-0.2463,5.0,6.0,-0.1261,10.0,11.0,33.93,16,7,36,2024,76,5.2e-05,0.000713,0.000661,2.793001,4.977357,,,0.044202,,6.833464,12155.88,1520.398,2.003611,4.297976,5.2e-05,-0.01667,13,52,,81.75,1815.0,1307560878.0,
0,USA-AD-1653,Taiwan,TW,760421,202405,0.2857,1,2,0.125,2,2,5.7531,3,4,0.1197,3.0,3.0,-0.297,6.0,6.0,-0.5549,12.0,12.0,33.93,15,7,14,2024,76,6.4e-05,0.000276,0.000212,2.793001,4.977357,,,0.044202,,6.833464,12155.88,1520.398,2.003611,4.297976,6.4e-05,-0.01667,13,52,,81.75,1815.0,6072704304.0,
0,USA-AD-1653,Taiwan,TW,760429,202405,-0.0428,3,2,-0.348,6,5,0.0916,12,11,-0.2962,3.0,3.0,-0.3538,6.0,6.0,-0.391,12.0,12.0,33.93,16,7,36,2024,76,0.006755,0.008225,0.00147,2.793001,4.977357,,,0.044202,,6.833464,12155.88,1520.398,2.003611,4.297976,0.006755,-0.01667,13,52,,81.75,1815.0,12402306209.0,
0,USA-AD-1653,Taiwan,TW,760810,202405,,0,1,,0,1,0.0,1,1,-0.2744,3.0,3.0,-0.2042,6.0,6.0,-0.1917,12.0,12.0,33.93,15,7,0,2024,76,9.9e-05,4.1e-05,-5.8e-05,2.793001,4.977357,,,0.044202,,6.833464,12155.88,1520.398,2.003611,4.297976,9.9e-05,-0.01667,13,52,,81.75,1815.0,289975199.0,
0,USA-AD-1653,Taiwan,TW,760820,202405,-0.9137,3,1,-0.9507,6,2,0.1274,10,8,-0.1601,3.0,3.0,-0.2706,6.0,6.0,-0.0623,12.0,12.0,33.93,15,7,14,2024,76,0.003393,0.005467,0.002074,2.793001,4.977357,,,0.044202,,6.833464,12155.88,1520.398,2.003611,4.297976,0.003393,-0.01667,13,52,,81.75,1815.0,2222768510.0,
0,USA-AD-1653,Taiwan,TW,760900,202405,1.3295,3,3,1.2587,6,6,0.567,12,12,0.2305,3.0,3.0,0.0361,6.0,6.0,-0.0461,12.0,12.0,33.93,15,7,0,2024,76,0.009209,0.012459,0.00325,2.793001,4.977357,,,0.044202,,6.833464,12155.88,1520.398,2.003611,4.297976,0.009209,-0.01667,13,52,,81.75,1815.0,1246570040.0,
0,USA-AD-1653,Taiwan,TW,761010,202405,,0,1,,0,1,,0,2,0.6333,3.0,3.0,1.068,6.0,6.0,0.7569,12.0,12.0,33.93,15,7,14,2024,76,4e-06,4e-06,0.0,2.793001,4.977357,,,0.044202,,6.833464,12155.88,1520.398,2.003611,4.297976,4e-06,-0.01667,13,52,,81.75,1815.0,6179384962.0,
0,USA-AD-1653,Taiwan,TW,761090,202405,-0.9521,3,1,-0.7187,6,4,-0.909,11,9,0.0719,3.0,3.0,-0.008,6.0,6.0,0.1343,12.0,12.0,33.93,15,7,14,2024,76,0.00751,0.001333,-0.006177,2.793001,4.977357,,,0.044202,,6.833464,12155.88,1520.398,2.003611,4.297976,0.00751,-0.01667,13,52,,81.75,1815.0,11380019973.0,
0,USA-AD-1654,Thailand,TH,760410,202405,,0,0,,0,0,,0,0,-0.284,3.0,3.0,-0.2463,5.0,6.0,-0.1261,10.0,11.0,3.03,16,7,36,2024,76,0.0,0.0,0.0,2.793001,4.977357,2.541821,6574.461094,0.044202,0.014118,6.833464,13936.19,3699.128,2.003611,4.297976,0.0,-0.01667,13,52,11619102585.2533,81.75,1815.0,1307560878.0,0.376106194690265
0,USA-AD-1654,Thailand,TH,760421,202405,-1.0,1,0,-1.0,1,0,-0.6921,2,2,0.1197,3.0,3.0,-0.297,6.0,6.0,-0.5549,12.0,12.0,3.03,15,7,14,2024,76,0.001888,0.000684,-0.001204,2.793001,4.977357,2.541821,6574.461094,0.044202,0.014118,6.833464,13936.19,3699.128,2.003611,4.297976,0.001888,-0.01667,13,52,11619102585.2533,81.75,1815.0,6072704304.0,0.376106194690265
0,USA-AD-1654,Thailand,TH,760429,202405,1.2782,2,2,0.7734,5,5,1.1762,7,11,-0.2962,3.0,3.0,-0.3538,6.0,6.0,-0.391,12.0,12.0,3.03,16,7,36,2024,76,0.004856,0.011814,0.006957,2.793001,4.977357,2.541821,6574.461094,0.044202,0.014118,6.833464,13936.19,3699.128,2.003611,4.297976,0.004856,-0.01667,13,52,11619102585.2533,81.75,1815.0,12402306209.0,0.376106194690265
0,USA-AD-1654,Thailand,TH,760810,202405,0.8333,1,2,0.8333,1,2,0.8333,1,2,-0.2744,3.0,3.0,-0.2042,6.0,6.0,-0.1917,12.0,12.0,3.03,15,7,0,2024,76,4.9e-05,4.3e-05,-5e-06,2.793001,4.977357,2.541821,6574.461094,0.044202,0.014118,6.833464,13936.19,3699.128,2.003611,4.297976,4.9e-05,-0.01667,13,52,11619102585.2533,81.75,1815.0,289975199.0,0.376106194690265
0,USA-AD-1654,Thailand,TH,760820,202405,-1.0,1,0,-0.8252,2,2,-0.9242,5,4,-0.1601,3.0,3.0,-0.2706,6.0,6.0,-0.0623,12.0,12.0,3.03,15,7,14,2024,76,0.005251,0.000739,-0.004511,2.793001,4.977357,2.541821,6574.461094,0.044202,0.014118,6.833464,13936.19,3699.128,2.003611,4.297976,0.005251,-0.01667,13,52,11619102585.2533,81.75,1815.0,2222768510.0,0.376106194690265
0,USA-AD-1654,Thailand,TH,760900,202405,-0.3195,3,3,-0.2404,6,6,-0.3298,12,12,0.2305,3.0,3.0,0.0361,6.0,6.0,-0.0461,12.0,12.0,3.03,15,7,0,2024,76,0.208329,0.136044,-0.072286,2.793001,4.977357,2.541821,6574.461094,0.044202,0.014118,6.833464,13936.19,3699.128,2.003611,4.297976,0.208329,-0.01667,13,52,11619102585.2533,81.75,1815.0,1246570040.0,0.376106194690265
0,USA-AD-1654,Thailand,TH,761010,202405,,0,0,,0,0,-1.0,2,0,0.6333,3.0,3.0,1.068,6.0,6.0,0.7569,12.0,12.0,3.03,15,7,14,2024,76,1.5e-05,0.0,-1.5e-05,2.793001,4.977357,2.541821,6574.461094,0.044202,0.014118,6.833464,13936.19,3699.128,2.003611,4.297976,1.5e-05,-0.01667,13,52,11619102585.2533,81.75,1815.0,6179384962.0,0.376106194690265
0,USA-AD-1654,Thailand,TH,761090,202405,,0,3,71.9424,1,5,175.0,2,10,0.0719,3.0,3.0,-0.008,6.0,6.0,0.1343,12.0,12.0,3.03,15,7,14,2024,76,0.000188,0.012139,0.011951,2.793001,4.977357,2.541821,6574.461094,0.044202,0.014118,6.833464,13936.19,3699.128,2.003611,4.297976,0.000188,-0.01667,13,52,11619102585.2533,81.75,1815.0,11380019973.0,0.376106194690265
0,USA-AD-1655,Turkey,TR,760410,202405,,0,1,,0,2,6.8115,2,4,-0.284,3.0,3.0,-0.2463,5.0,6.0,-0.1261,10.0,11.0,73.23,16,7,36,2024,76,0.002395,0.00487,0.002475,2.793001,4.977357,3.327623,15395.027889,0.044202,0.381965,6.833464,9705.772,7937.729,2.003611,4.297976,0.002395,-0.01667,13,52,-10411000000.0,81.75,1815.0,1307560878.0,0.529411764705882
0,USA-AD-1655,Turkey,TR,760421,202405,-0.9874,1,1,-0.9547,3,2,0.1966,7,7,0.1197,3.0,3.0,-0.297,6.0,6.0,-0.5549,12.0,12.0,73.23,15,7,14,2024,76,0.001395,0.00118,-0.000215,2.793001,4.977357,3.327623,15395.027889,0.044202,0.381965,6.833464,9705.772,7937.729,2.003611,4.297976,0.001395,-0.01667,13,52,-10411000000.0,81.75,1815.0,6072704304.0,0.529411764705882
0,USA-AD-1655,Turkey,TR,760429,202405,3.3445,3,3,9.8353,4,6,7.2399,7,10,-0.2962,3.0,3.0,-0.3538,6.0,6.0,-0.391,12.0,12.0,73.23,16,7,36,2024,76,0.000115,0.000851,0.000736,2.793001,4.977357,3.327623,15395.027889,0.044202,0.381965,6.833464,9705.772,7937.729,2.003611,4.297976,0.000115,-0.01667,13,52,-10411000000.0,81.75,1815.0,12402306209.0,0.529411764705882
0,USA-AD-1655,Turkey,TR,760810,202405,,0,1,,0,1,,0,1,-0.2744,3.0,3.0,-0.2042,6.0,6.0,-0.1917,12.0,12.0,73.23,15,7,0,2024,76,0.0,1.8e-05,1.8e-05,2.793001,4.977357,3.327623,15395.027889,0.044202,0.381965,6.833464,9705.772,7937.729,2.003611,4.297976,0.0,-0.01667,13,52,-10411000000.0,81.75,1815.0,289975199.0,0.529411764705882
0,USA-AD-1655,Turkey,TR,760820,202405,,0,3,6.0784,1,6,2.2316,3,9,-0.1601,3.0,3.0,-0.2706,6.0,6.0,-0.0623,12.0,12.0,73.23,15,7,14,2024,76,0.000672,0.000369,-0.000303,2.793001,4.977357,3.327623,15395.027889,0.044202,0.381965,6.833464,9705.772,7937.729,2.003611,4.297976,0.000672,-0.01667,13,52,-10411000000.0,81.75,1815.0,2222768510.0,0.529411764705882
0,USA-AD-1655,Turkey,TR,760900,202405,0.5404,3,3,3.2473,4,6,1.4499,9,12,0.2305,3.0,3.0,0.0361,6.0,6.0,-0.0461,12.0,12.0,73.23,15,7,0,2024,76,0.000283,0.000528,0.000245,2.793001,4.977357,3.327623,15395.027889,0.044202,0.381965,6.833464,9705.772,7937.729,2.003611,4.297976,0.000283,-0.01667,13,52,-10411000000.0,81.75,1815.0,1246570040.0,0.529411764705882
0,USA-AD-1655,Turkey,TR,761010,202405,-0.931,1,1,-0.9259,1,2,-0.8096,4,5,0.6333,3.0,3.0,1.068,6.0,6.0,0.7569,12.0,12.0,73.23,15,7,14,2024,76,0.004524,0.002231,-0.002293,2.793001,4.977357,3.327623,15395.027889,0.044202,0.381965,6.833464,9705.772,7937.729,2.003611,4.297976,0.004524,-0.01667,13,52,-10411000000.0,81.75,1815.0,6179384962.0,0.529411764705882
0,USA-AD-1655,Turkey,TR,761090,202405,0.8775,2,3,1.6404,2,6,-0.5022,6,9,0.0719,3.0,3.0,-0.008,6.0,6.0,0.1343,12.0,12.0,73.23,15,7,14,2024,76,0.004738,0.002542,-0.002196,2.793001,4.977357,3.327623,15395.027889,0.044202,0.381965,6.833464,9705.772,7937.729,2.003611,4.297976,0.004738,-0.01667,13,52,-10411000000.0,81.75,1815.0,11380019973.0,0.529411764705882
0,USA-AD-1656,United Arab Emirates,AE,760410,202405,,0,0,,0,0,,0,0,-0.284,3.0,3.0,-0.2463,5.0,6.0,-0.1261,10.0,11.0,9.15,16,7,36,2024,76,0.0,0.0,0.0,2.793001,4.977357,3.991807,41605.416867,0.044202,0.0,6.833464,12196.15,6864.77,2.003611,4.297976,0.0,-0.01667,13,52,79972770592.2396,81.75,1815.0,1307560878.0,0.325892857142857
0,USA-AD-1656,United Arab Emirates,AE,760421,202405,,0,0,,0,0,,0,0,0.1197,3.0,3.0,-0.297,6.0,6.0,-0.5549,12.0,12.0,9.15,15,7,14,2024,76,0.0,0.0,0.0,2.793001,4.977357,3.991807,41605.416867,0.044202,0.0,6.833464,12196.15,6864.77,2.003611,4.297976,0.0,-0.01667,13,52,79972770592.2396,81.75,1815.0,6072704304.0,0.325892857142857
0,USA-AD-1656,United Arab Emirates,AE,760429,202405,,0,0,,0,0,,0,2,-0.2962,3.0,3.0,-0.3538,6.0,6.0,-0.391,12.0,12.0,9.15,16,7,36,2024,76,0.0,2e-05,2e-05,2.793001,4.977357,3.991807,41605.416867,0.044202,0.0,6.833464,12196.15,6864.77,2.003611,4.297976,0.0,-0.01667,13,52,79972770592.2396,81.75,1815.0,12402306209.0,0.325892857142857
0,USA-AD-1656,United Arab Emirates,AE,760820,202405,,0,0,-1.0,1,0,-1.0,2,0,-0.1601,3.0,3.0,-0.2706,6.0,6.0,-0.0623,12.0,12.0,9.15,15,7,14,2024,76,1.1e-05,0.0,-1.1e-05,2.793001,4.977357,3.991807,41605.416867,0.044202,0.0,6.833464,12196.15,6864.77,2.003611,4.297976,1.1e-05,-0.01667,13,52,79972770592.2396,81.75,1815.0,2222768510.0,0.325892857142857
0,USA-AD-1656,United Arab Emirates,AE,760900,202405,,0,0,,0,0,,0,0,0.2305,3.0,3.0,0.0361,6.0,6.0,-0.0461,12.0,12.0,9.15,15,7,0,2024,76,0.0,2e-06,2e-06,2.793001,4.977357,3.991807,41605.416867,0.044202,0.0,6.833464,12196.15,6864.77,2.003611,4.297976,0.0,-0.01667,13,52,79972770592.2396,81.75,1815.0,1246570040.0,0.325892857142857
0,USA-AD-1656,United Arab Emirates,AE,761010,202405,,0,0,,0,0,,0,0,0.6333,3.0,3.0,1.068,6.0,6.0,0.7569,12.0,12.0,9.15,15,7,14,2024,76,0.0,0.0,0.0,2.793001,4.977357,3.991807,41605.416867,0.044202,0.0,6.833464,12196.15,6864.77,2.003611,4.297976,0.0,-0.01667,13,52,79972770592.2396,81.75,1815.0,6179384962.0,0.325892857142857
0,USA-AD-1656,United Arab Emirates,AE,761090,202405,-1.0,1,0,-1.0,1,0,-1.0,3,0,0.0719,3.0,3.0,-0.008,6.0,6.0,0.1343,12.0,12.0,9.15,15,7,14,2024,76,0.000547,0.0,-0.000547,2.793001,4.977357,3.991807,41605.416867,0.044202,0.0,6.833464,12196.15,6864.77,2.003611,4.297976,0.000547,-0.01667,13,52,79972770592.2396,81.75,1815.0,11380019973.0,0.325892857142857
0,USA-AD-1657,Vietnam,VN,760410,202405,,0,0,,0,0,2140.0,1,2,-0.284,3.0,3.0,-0.2463,5.0,6.0,-0.1261,10.0,11.0,41.84,16,7,36,2024,76,1.4e-05,0.003089,0.003075,2.793001,4.977357,7.091187,4017.746041,0.044202,0.015873,6.833464,13715.75,3257.774,2.003611,4.297976,1.4e-05,-0.01667,13,52,30175000000.0,81.75,1815.0,1307560878.0,0.330097087378641
0,USA-AD-1657,Vietnam,VN,760421,202405,-0.9928,3,3,-0.9804,6,6,-0.7964,12,12,0.1197,3.0,3.0,-0.297,6.0,6.0,-0.5549,12.0,12.0,41.84,15,7,14,2024,76,0.063718,0.017079,-0.046639,2.793001,4.977357,7.091187,4017.746041,0.044202,0.015873,6.833464,13715.75,3257.774,2.003611,4.297976,0.063718,-0.01667,13,52,30175000000.0,81.75,1815.0,6072704304.0,0.330097087378641
0,USA-AD-1657,Vietnam,VN,760429,202405,-0.2074,3,3,-0.1814,6,6,0.0259,12,12,-0.2962,3.0,3.0,-0.3538,6.0,6.0,-0.391,12.0,12.0,41.84,16,7,36,2024,76,0.147134,0.157201,0.010067,2.793001,4.977357,7.091187,4017.746041,0.044202,0.015873,6.833464,13715.75,3257.774,2.003611,4.297976,0.147134,-0.01667,13,52,30175000000.0,81.75,1815.0,12402306209.0,0.330097087378641
0,USA-AD-1657,Vietnam,VN,760810,202405,,0,1,-0.9412,1,2,-0.9412,1,2,-0.2744,3.0,3.0,-0.2042,6.0,6.0,-0.1917,12.0,12.0,41.84,15,7,0,2024,76,5.8e-05,7e-06,-5.1e-05,2.793001,4.977357,7.091187,4017.746041,0.044202,0.015873,6.833464,13715.75,3257.774,2.003611,4.297976,5.8e-05,-0.01667,13,52,30175000000.0,81.75,1815.0,289975199.0,0.330097087378641
0,USA-AD-1657,Vietnam,VN,760820,202405,-0.7589,3,3,-0.494,4,6,2.9045,4,12,-0.1601,3.0,3.0,-0.2706,6.0,6.0,-0.0623,12.0,12.0,41.84,15,7,14,2024,76,0.016194,0.045813,0.02962,2.793001,4.977357,7.091187,4017.746041,0.044202,0.015873,6.833464,13715.75,3257.774,2.003611,4.297976,0.016194,-0.01667,13,52,30175000000.0,81.75,1815.0,2222768510.0,0.330097087378641
0,USA-AD-1657,Vietnam,VN,760900,202405,0.0545,3,3,0.1108,6,6,0.0305,12,12,0.2305,3.0,3.0,0.0361,6.0,6.0,-0.0461,12.0,12.0,41.84,15,7,0,2024,76,0.219068,0.242407,0.023339,2.793001,4.977357,7.091187,4017.746041,0.044202,0.015873,6.833464,13715.75,3257.774,2.003611,4.297976,0.219068,-0.01667,13,52,30175000000.0,81.75,1815.0,1246570040.0,0.330097087378641
0,USA-AD-1657,Vietnam,VN,761010,202405,0.2632,3,3,-0.0555,6,6,-0.325,12,12,0.6333,3.0,3.0,1.068,6.0,6.0,0.7569,12.0,12.0,41.84,15,7,14,2024,76,0.81849,0.757171,-0.061319,2.793001,4.977357,7.091187,4017.746041,0.044202,0.015873,6.833464,13715.75,3257.774,2.003611,4.297976,0.81849,-0.01667,13,52,30175000000.0,81.75,1815.0,6179384962.0,0.330097087378641
0,USA-AD-1657,Vietnam,VN,761090,202405,1.4548,3,3,1.0366,6,6,0.7335,12,12,0.0719,3.0,3.0,-0.008,6.0,6.0,0.1343,12.0,12.0,41.84,15,7,14,2024,76,0.183879,0.248784,0.064905,2.793001,4.977357,7.091187,4017.746041,0.044202,0.015873,6.833464,13715.75,3257.774,2.003611,4.297976,0.183879,-0.01667,13,52,30175000000.0,81.75,1815.0,11380019973.0,0.330097087378641
0,USA-AD-1658,Thailand,TH,401120,202405,0.1767,3,3,0.454,6,6,0.154,12,12,-0.0943,3.0,3.0,-0.0735,6.0,6.0,0.125,12.0,12.0,2.35,6,7,16,2024,40,0.19544,0.204923,0.009483,2.793001,4.977357,2.541821,6574.461094,0.044202,0.014118,6.833464,13936.19,3699.128,2.003611,4.297976,0.19544,-0.01667,13,52,11619102585.2533,81.75,1815.0,29897940904.0,0.376106194690265
0,USA-AD-1658,Thailand,TH,401190,202405,5.0,1,2,-0.9855,2,2,-0.9442,4,4,1.2414,2.0,3.0,2.1615,4.0,6.0,3.4228,9.0,12.0,2.35,1,7,0,2024,40,0.007156,0.000561,-0.006594,2.793001,4.977357,2.541821,6574.461094,0.044202,0.014118,6.833464,13936.19,3699.128,2.003611,4.297976,0.007156,-0.01667,13,52,11619102585.2533,81.75,1815.0,,0.376106194690265
0,USA-AD-1658,Thailand,TH,870870,202405,-0.2494,3,3,-0.1163,6,6,-0.5032,12,12,-0.0193,3.0,3.0,-0.1567,6.0,6.0,-0.294,12.0,12.0,2.35,5,7,22,2024,87,0.008561,0.004255,-0.004307,2.793001,4.977357,2.541821,6574.461094,0.044202,0.014118,6.833464,13936.19,3699.128,2.003611,4.297976,0.008561,-0.01667,13,52,11619102585.2533,81.75,1815.0,20523048557.0,0.376106194690265
0,USA-AD-1658,Thailand,TH,871690,202405,-1.0,1,0,-0.6464,3,2,-0.3847,4,6,0.1685,3.0,3.0,-0.3044,6.0,6.0,-0.3946,12.0,12.0,2.35,3,7,20,2024,87,0.000997,0.000676,-0.000321,2.793001,4.977357,2.541821,6574.461094,0.044202,0.014118,6.833464,13936.19,3699.128,2.003611,4.297976,0.000997,-0.01667,13,52,11619102585.2533,81.75,1815.0,10504312399.0,0.376106194690265
0,USA-AD-1659,Ecuador,EC,160521,202405,,0,0,,0,0,,0,1,-0.29,3.0,3.0,-0.5967,6.0,6.0,-0.634,12.0,12.0,10.18,2,7,0,2024,16,0.0,9.7e-05,9.7e-05,2.793001,4.977357,-2.001255,5999.393911,0.044202,0.0,6.833464,4833.328,15236.68,2.003611,4.297976,0.0,-0.01667,13,52,7044733213.22851,81.75,1815.0,,0.432291666666667
0,USA-AD-1660,Indonesia,ID,160521,202405,-0.5192,3,3,-0.445,6,6,0.5783,11,11,-0.29,3.0,3.0,-0.5967,6.0,6.0,-0.634,12.0,12.0,6.3,2,7,0,2024,16,0.00396,0.003369,-0.000591,2.793001,4.977357,5.030345,4367.862666,0.044202,0.040596,6.833464,15535.87,5081.576,2.003611,4.297976,0.00396,-0.01667,13,52,-8583487084.55384,81.75,1815.0,,0.325892857142857
0,USA-AD-1660,Indonesia,ID,160529,202405,,0,0,-1.0,1,0,-0.6667,2,1,-0.546,3.0,3.0,-0.2177,5.0,5.0,0.2887,10.0,11.0,6.3,2,7,0,2024,16,4.9e-05,7.4e-05,2.5e-05,2.793001,4.977357,5.030345,4367.862666,0.044202,0.040596,6.833464,15535.87,5081.576,2.003611,4.297976,4.9e-05,-0.01667,13,52,-8583487084.55384,81.75,1815.0,,0.325892857142857
0,USA-AD-1661,Chile,CL,701090,202408,,0,0,,0,1,-0.1053,2,4,0.2639,3.0,3.0,0.172,6.0,6.0,0.0176,12.0,12.0,29.97,3,7,4,2024,70,1e-06,1e-06,0.0,2.793001,4.977357,2.644312,14579.400107,0.044202,0.123211,6.833464,8338.667,18230.14,2.003611,4.297976,1e-06,-0.01667,10,52,-4852716810.5,80.36,1814.0,13933647932.0,0.433628318584071
0,USA-AD-1662,China,CN,701090,202408,-0.0368,3,3,0.1931,6,6,0.142,12,12,0.2639,3.0,3.0,0.172,6.0,6.0,0.0176,12.0,12.0,207.52,3,7,4,2024,70,0.658242,0.670854,0.012611,2.793001,4.977357,4.977357,13121.676991,0.044202,0.016021,6.833464,11183.43,1168.165,2.003611,4.297976,0.658242,-0.01667,10,52,423919214716.3,80.36,1814.0,13933647932.0,0.290178571428571
0,USA-AD-1663,Mexico,MX,701090,202408,-0.5635,2,2,-0.8804,4,5,16.9432,9,8,0.2639,3.0,3.0,0.172,6.0,6.0,0.0176,12.0,12.0,15.96,3,7,4,2024,70,0.000166,0.005349,0.005183,2.793001,4.977357,1.427428,10316.46119,0.044202,0.030753,6.833464,2468.405,11711.42,2.003611,4.297976,0.000166,-0.01667,10,52,-16695744080.9999,80.36,1814.0,13933647932.0,0.431818181818182
0,USA-AD-1664,China,CN,482361,202409,0.8613,2,3,0.3086,5,6,1.0472,8,12,,0.0,1.0,,0.0,2.0,,0.0,5.0,1039.05,3,8,0,2024,48,0.992417,0.998434,0.006018,2.793001,4.977357,4.977357,13121.676991,0.044202,0.016021,6.833464,11183.43,1168.165,2.003611,4.297976,0.992417,-0.01667,9,52,423919214716.3,74.02,2084.0,,0.290178571428571
0,USA-AD-1664,China,CN,482369,202409,0.2305,3,3,0.2179,6,6,0.3281,12,12,0.3933,3.0,3.0,0.8447,6.0,6.0,1.3453,12.0,12.0,1039.05,3,8,0,2024,48,0.679716,0.739819,0.060103,2.793001,4.977357,4.977357,13121.676991,0.044202,0.016021,6.833464,11183.43,1168.165,2.003611,4.297976,0.679716,-0.01667,9,52,423919214716.3,74.02,2084.0,,0.290178571428571
0,USA-AD-1664,China,CN,950590,202409,0.4179,3,3,0.1192,6,6,-0.016,12,12,-0.2934,3.0,3.0,-0.3873,6.0,6.0,0.3159,12.0,12.0,1039.05,3,8,20,2024,95,0.924965,0.910029,-0.014936,2.793001,4.977357,4.977357,13121.676991,0.044202,0.016021,6.833464,11183.43,1168.165,2.003611,4.297976,0.924965,-0.01667,9,52,423919214716.3,74.02,2084.0,3832470581.0,0.290178571428571
0,USA-AD-1665,Thailand,TH,482369,202409,0.0968,3,3,2.0649,6,6,0.5527,12,12,0.3933,3.0,3.0,0.8447,6.0,6.0,1.3453,12.0,12.0,4.23,3,8,0,2024,48,0.000125,7.4e-05,-5.1e-05,2.793001,4.977357,2.541821,6574.461094,0.044202,0.014118,6.833464,13936.19,3699.128,2.003611,4.297976,0.000125,-0.01667,9,52,11619102585.2533,74.02,2084.0,,0.376106194690265
0,USA-AD-1665,Thailand,TH,950590,202409,-0.1959,2,3,-0.0768,4,6,-0.1028,10,12,-0.2934,3.0,3.0,-0.3873,6.0,6.0,0.3159,12.0,12.0,4.23,3,8,20,2024,95,0.003729,0.002766,-0.000963,2.793001,4.977357,2.541821,6574.461094,0.044202,0.014118,6.833464,13936.19,3699.128,2.003611,4.297976,0.003729,-0.01667,9,52,11619102585.2533,74.02,2084.0,3832470581.0,0.376106194690265
0,USA-AD-1666,Vietnam,VN,482369,202409,-0.4429,3,3,-0.1941,6,6,-0.3526,12,12,0.3933,3.0,3.0,0.8447,6.0,6.0,1.3453,12.0,12.0,159.79,3,8,0,2024,48,0.092477,0.05385,-0.038627,2.793001,4.977357,7.091187,4017.746041,0.044202,0.015873,6.833464,13715.75,3257.774,2.003611,4.297976,0.092477,-0.01667,9,52,30175000000.0,74.02,2084.0,,0.330097087378641
0,USA-AD-1666,Vietnam,VN,950590,202409,-0.1251,3,3,-0.45,6,6,-0.5493,12,12,-0.2934,3.0,3.0,-0.3873,6.0,6.0,0.3159,12.0,12.0,159.79,3,8,20,2024,95,0.002086,0.00116,-0.000927,2.793001,4.977357,7.091187,4017.746041,0.044202,0.015873,6.833464,13715.75,3257.774,2.003611,4.297976,0.002086,-0.01667,9,52,30175000000.0,74.02,2084.0,3832470581.0,0.330097087378641
0,USA-AD-1667,Germany,DE,293361,202409,,0,0,,0,0,,0,0,,0.0,0.0,,0.0,0.0,,0.0,1.0,179.24,7,7,9,2024,29,2.7e-05,1.2e-05,-1.5e-05,2.793001,4.977357,-0.495852,44027.763155,0.044202,-0.001027,6.833464,7595.452,8503.73,2.003611,4.297976,2.7e-05,-0.01667,9,52,272306083203.612,74.02,2084.0,1080046298.0,0.741071428571429
0,USA-AD-1668,India,IN,293361,202409,1.0,1,2,-0.25,4,3,-0.1111,9,8,,0.0,0.0,,0.0,0.0,,0.0,1.0,511.23,7,7,9,2024,29,0.01736,0.02031,0.00295,2.793001,4.977357,6.494766,2396.949992,0.044202,0.012954,6.833464,13131.91,5108.001,2.003611,4.297976,0.01736,-0.01667,9,52,-32015418428.3173,74.02,2084.0,1080046298.0,0.407079646017699
0,USA-AD-1669,Japan,JP,293361,202409,,0,0,,0,0,,0,0,,0.0,0.0,,0.0,0.0,,0.0,1.0,115.11,7,7,9,2024,29,0.0,0.0,0.0,2.793001,4.977357,0.104309,37152.5636,0.044202,0.077408,6.833464,10286.19,951.7373,2.003611,4.297976,0.0,-0.01667,9,52,189754826535.882,74.02,2084.0,1080046298.0,0.68141592920354
0,USA-AD-1670,The Netherlands,NL,293361,202409,0.0001,3,2,-0.0983,5,5,-0.074,10,9,,0.0,0.0,,0.0,0.0,,0.0,1.0,53.5,7,7,9,2024,29,0.010518,0.013888,0.00337,2.793001,4.977357,1.081006,51178.525697,0.044202,-0.001027,6.833464,7281.814,8679.86,2.003611,4.297976,0.010518,-0.01667,9,52,110922512535.156,74.02,2084.0,1080046298.0,0.727678571428571
0,USA-AD-734,Italy,IT,190219,199601,-0.859,1,1,-0.1435,4,4,0.4138,6,10,0.6346,3.0,3.0,0.3674,6.0,6.0,0.0362,12.0,12.0,15.85,2,8,0,1996,19,0.005902,0.011072,0.00517,3.772773,9.9762,1.345585,29795.659775,0.043051,-0.052787,9.44705,8284.006,9047.517,7.99043,8.836159,0.005902,0.026353,353,16,39973598784.991,17.85,1503.0,1442287147.0,0.67032967032967
0,USA-AD-736,Germany,DE,844311,199603,-0.5359,1,3,-0.0954,3,5,5.4347,5,10,-1.0,1.0,0.0,-1.0,1.0,0.0,-0.9953,1.0,1.0,17.7,2,8,0,1996,84,0.064755,0.254056,0.189301,3.772773,9.9762,1.037876,32245.860838,0.043051,0.04999,9.44705,7595.452,8503.73,7.99043,8.836159,0.064755,0.026353,351,16,-12337700920.6493,19.85,1448.0,1698983808.0,0.675824175824176
0,USA-AD-736,Germany,DE,844321,199603,,0,0,,0,1,,0,1,,0.0,0.0,,0.0,0.0,,0.0,0.0,17.7,2,8,0,1996,84,0.0,0.225542,0.225542,3.772773,9.9762,1.037876,32245.860838,0.043051,0.04999,9.44705,7595.452,8503.73,7.99043,8.836159,0.0,0.026353,351,16,-12337700920.6493,19.85,1448.0,173846179.0,0.675824175824176
0,USA-AD-736,Germany,DE,844330,199603,,0,0,-1.0,1,0,-1.0,2,0,-1.0,1.0,0.0,-1.0,1.0,0.0,125.6423,1.0,1.0,17.7,2,8,0,1996,84,0.038775,0.0,-0.038775,3.772773,9.9762,1.037876,32245.860838,0.043051,0.04999,9.44705,7595.452,8503.73,7.99043,8.836159,0.038775,0.026353,351,16,-12337700920.6493,19.85,1448.0,548106379.0,0.675824175824176
0,USA-AD-736,Germany,DE,844340,199603,,0,0,,0,1,,0,1,,0.0,0.0,76.8571,1.0,1.0,144.5714,1.0,2.0,17.7,2,8,0,1996,84,0.0,0.805469,0.805469,3.772773,9.9762,1.037876,32245.860838,0.043051,0.04999,9.44705,7595.452,8503.73,7.99043,8.836159,0.0,0.026353,351,16,-12337700920.6493,19.85,1448.0,407255362.0,0.675824175824176
1,USA-AD-736,Germany,DE,844359,199603,5.0362,2,3,5.1294,2,5,5.1538,2,9,-0.6591,1.0,1.0,158.4318,1.0,2.0,379.7614,1.0,7.0,17.7,2,8,0,1996,84,0.272117,0.123724,-0.148393,3.772773,9.9762,1.037876,32245.860838,0.043051,0.04999,9.44705,7595.452,8503.73,7.99043,8.836159,0.272117,0.026353,351,16,-12337700920.6493,19.85,1448.0,,0.675824175824176
1,USA-AD-736,Germany,DE,844360,199603,2.8831,3,2,0.3088,6,5,0.8911,12,11,0.204,2.0,1.0,0.204,2.0,1.0,1.8938,5.0,5.0,17.7,2,8,0,1996,84,0.042271,0.102768,0.060497,3.772773,9.9762,1.037876,32245.860838,0.043051,0.04999,9.44705,7595.452,8503.73,7.99043,8.836159,0.042271,0.026353,351,16,-12337700920.6493,19.85,1448.0,907578383.0,0.675824175824176
0,USA-AD-736,Germany,DE,844390,199603,-0.3464,3,3,-0.2604,6,6,-0.335,12,12,46.2738,2.0,3.0,42.4078,5.0,5.0,0.9222,10.0,11.0,17.7,2,8,0,1996,84,0.194951,0.154012,-0.040939,3.772773,9.9762,1.037876,32245.860838,0.043051,0.04999,9.44705,7595.452,8503.73,7.99043,8.836159,0.194951,0.026353,351,16,-12337700920.6493,19.85,1448.0,2179537079.0,0.675824175824176
1,USA-AD-736,Germany,DE,847149,199603,3.9425,2,3,4.7512,2,5,11.8877,2,10,5.7925,2.0,3.0,18.1635,2.0,6.0,135.5975,2.0,12.0,17.7,2,8,0,1996,84,0.188796,0.151388,-0.037408,3.772773,9.9762,1.037876,32245.860838,0.043051,0.04999,9.44705,7595.452,8503.73,7.99043,8.836159,0.188796,0.026353,351,16,-12337700920.6493,19.85,1448.0,,0.675824175824176
1,USA-AD-736,Germany,DE,847150,199603,72.8781,2,3,74.8716,2,6,75.5088,2,9,0.3191,2.0,3.0,3.0088,2.0,6.0,5.9949,2.0,12.0,17.7,2,8,0,1996,84,0.004817,0.006981,0.002164,3.772773,9.9762,1.037876,32245.860838,0.043051,0.04999,9.44705,7595.452,8503.73,7.99043,8.836159,0.004817,0.026353,351,16,-12337700920.6493,19.85,1448.0,,0.675824175824176
0,USA-AD-736,Germany,DE,853710,199603,-0.0093,3,3,-0.1445,6,6,-0.1694,12,12,-0.9057,3.0,3.0,-0.7614,6.0,6.0,-0.6753,12.0,12.0,17.7,2,8,0,1996,85,0.218579,0.222671,0.004092,3.772773,9.9762,1.037876,32245.860838,0.043051,0.04999,9.44705,7595.452,8503.73,7.99043,8.836159,0.218579,0.026353,351,16,-12337700920.6493,19.85,1448.0,6811867869.0,0.675824175824176
0,USA-AD-737,Japan,JP,844311,199603,1.2976,3,3,1.2588,6,6,0.2492,12,11,-1.0,1.0,0.0,-1.0,1.0,0.0,-0.9953,1.0,1.0,53.72,2,8,0,1996,84,0.864629,0.651812,-0.212818,3.772773,9.9762,3.133871,31046.170154,0.043051,0.156491,9.44705,10286.19,951.7373,7.99043,8.836159,0.864629,0.026353,351,16,68994126647.2951,19.85,1448.0,1698983808.0,0.642857142857143
0,USA-AD-737,Japan,JP,844321,199603,85.9118,1,1,0.3603,3,2,-0.4324,6,2,,0.0,0.0,,0.0,0.0,,0.0,0.0,53.72,2,8,0,1996,84,0.970648,0.774458,-0.19619,3.772773,9.9762,3.133871,31046.170154,0.043051,0.156491,9.44705,10286.19,951.7373,7.99043,8.836159,0.970648,0.026353,351,16,68994126647.2951,19.85,1448.0,173846179.0,0.642857142857143
0,USA-AD-737,Japan,JP,844330,199603,6.9757,2,2,7.669,2,5,-0.1076,5,7,-1.0,1.0,0.0,-1.0,1.0,0.0,125.6423,1.0,1.0,53.72,2,8,0,1996,84,0.160764,0.129756,-0.031008,3.772773,9.9762,3.133871,31046.170154,0.043051,0.156491,9.44705,10286.19,951.7373,7.99043,8.836159,0.160764,0.026353,351,16,68994126647.2951,19.85,1448.0,548106379.0,0.642857142857143
1,USA-AD-737,Japan,JP,844340,199603,-1.0,1,0,-1.0,1,0,-0.921,3,3,,0.0,0.0,76.8571,1.0,1.0,144.5714,1.0,2.0,53.72,2,8,0,1996,84,0.886819,0.07946,-0.807359,3.772773,9.9762,3.133871,31046.170154,0.043051,0.156491,9.44705,10286.19,951.7373,7.99043,8.836159,0.886819,0.026353,351,16,68994126647.2951,19.85,1448.0,407255362.0,0.642857142857143
1,USA-AD-737,Japan,JP,844359,199603,1.9494,2,3,2.776,2,6,6.7699,2,12,-0.6591,1.0,1.0,158.4318,1.0,2.0,379.7614,1.0,7.0,53.72,2,8,0,1996,84,0.322211,0.399567,0.077357,3.772773,9.9762,3.133871,31046.170154,0.043051,0.156491,9.44705,10286.19,951.7373,7.99043,8.836159,0.322211,0.026353,351,16,68994126647.2951,19.85,1448.0,,0.642857142857143
0,USA-AD-737,Japan,JP,844360,199603,9.4771,3,3,1.0313,6,6,-0.374,12,12,0.204,2.0,1.0,0.204,2.0,1.0,1.8938,5.0,5.0,53.72,2,8,0,1996,84,0.733737,0.551153,-0.182584,3.772773,9.9762,3.133871,31046.170154,0.043051,0.156491,9.44705,10286.19,951.7373,7.99043,8.836159,0.733737,0.026353,351,16,68994126647.2951,19.85,1448.0,907578383.0,0.642857142857143
0,USA-AD-737,Japan,JP,844390,199603,5.1024,3,3,3.1662,6,6,1.6188,12,12,46.2738,2.0,3.0,42.4078,5.0,5.0,0.9222,10.0,11.0,53.72,2,8,0,1996,84,0.377817,0.342316,-0.035501,3.772773,9.9762,3.133871,31046.170154,0.043051,0.156491,9.44705,10286.19,951.7373,7.99043,8.836159,0.377817,0.026353,351,16,68994126647.2951,19.85,1448.0,2179537079.0,0.642857142857143
1,USA-AD-737,Japan,JP,847149,199603,6.3288,2,3,10.2777,2,6,19.9029,2,12,5.7925,2.0,3.0,18.1635,2.0,6.0,135.5975,2.0,12.0,53.72,2,8,0,1996,84,0.012979,0.054383,0.041403,3.772773,9.9762,3.133871,31046.170154,0.043051,0.156491,9.44705,10286.19,951.7373,7.99043,8.836159,0.012979,0.026353,351,16,68994126647.2951,19.85,1448.0,,0.642857142857143
1,USA-AD-737,Japan,JP,847150,199603,-0.4686,2,3,0.6332,2,6,2.7278,2,12,0.3191,2.0,3.0,3.0088,2.0,6.0,5.9949,2.0,12.0,53.72,2,8,0,1996,84,0.035984,0.065064,0.02908,3.772773,9.9762,3.133871,31046.170154,0.043051,0.156491,9.44705,10286.19,951.7373,7.99043,8.836159,0.035984,0.026353,351,16,68994126647.2951,19.85,1448.0,,0.642857142857143
0,USA-AD-737,Japan,JP,853710,199603,-0.1031,3,3,0.169,6,6,0.1967,12,12,-0.9057,3.0,3.0,-0.7614,6.0,6.0,-0.6753,12.0,12.0,53.72,2,8,0,1996,85,0.496764,0.454021,-0.042743,3.772773,9.9762,3.133871,31046.170154,0.043051,0.156491,9.44705,10286.19,951.7373,7.99043,8.836159,0.496764,0.026353,351,16,68994126647.2951,19.85,1448.0,6811867869.0,0.642857142857143
0,USA-AD-738,United Kingdom,GB,392490,199605,-0.1824,2,3,0.0866,5,6,-0.3516,11,12,0.1394,3.0,3.0,0.9729,6.0,6.0,0.3416,12.0,12.0,4.29,1,8,0,1996,39,0.024693,0.012695,-0.011998,3.772773,9.9762,2.614916,34147.345905,0.043051,0.011505,9.44705,6878.493,8931.778,7.99043,8.836159,0.024693,0.026353,349,16,-10328612315.6232,19.15,1339.0,2068881023.0,0.730769230769231
0,USA-AD-738,United Kingdom,GB,392690,199605,-0.5562,3,3,-0.3464,6,6,-0.4693,12,12,0.4273,3.0,3.0,0.2448,6.0,6.0,-0.1774,12.0,12.0,4.29,10,8,7,1996,39,0.024056,0.020734,-0.003322,3.772773,9.9762,2.614916,34147.345905,0.043051,0.011505,9.44705,6878.493,8931.778,7.99043,8.836159,0.024056,0.026353,349,16,-10328612315.6232,19.15,1339.0,15981490923.0,0.730769230769231
0,USA-AD-739,Japan,JP,721090,199602,-0.9026,3,3,-0.8896,6,6,-0.9215,12,12,-0.8953,3.0,1.0,-0.9695,6.0,3.0,-0.9874,11.0,5.0,118.53,34,4,3,1996,72,0.940729,0.832344,-0.108384,3.772773,9.9762,3.133871,31046.170154,0.043051,0.156491,9.44705,10286.19,951.7373,7.99043,8.836159,0.940729,0.026353,352,16,68994126647.2951,18.0,1364.0,417088409.0,0.642857142857143
0,USA-AD-740,Japan,JP,285000,199608,0.1246,3,3,-0.2109,6,6,0.109,12,12,-1.0,1.0,0.0,-1.0,1.0,0.0,21.7667,1.0,1.0,29.5,1,7,0,1996,28,0.357626,0.39653,0.038904,3.772773,9.9762,3.133871,31046.170154,0.043051,0.156491,9.44705,10286.19,951.7373,7.99043,8.836159,0.357626,0.026353,346,16,68994126647.2951,20.51,1100.0,294932045.0,0.642857142857143
0,USA-AD-741,China,CN,392410,199608,0.5166,3,3,0.673,6,6,1.0406,10,12,-0.2869,3.0,3.0,-0.3645,6.0,6.0,-0.099,12.0,12.0,10.49,3,6,0,1996,39,0.043348,0.097662,0.054314,3.772773,9.9762,9.9762,1681.627435,0.043051,-0.004459,9.44705,11183.43,1168.165,7.99043,8.836159,0.043348,0.026353,346,16,7243000000.0,20.51,1100.0,2745031730.0,0.339080459770115
0,USA-AD-742,Indonesia,ID,392410,199608,2.7535,1,3,-0.0026,4,6,-0.4646,10,10,-0.2869,3.0,3.0,-0.3645,6.0,6.0,-0.099,12.0,12.0,5.24,3,6,0,1996,39,0.025895,0.012974,-0.012921,3.772773,9.9762,7.818187,2020.991481,0.043051,0.041665,9.44705,15535.87,5081.576,7.99043,8.836159,0.025895,0.026353,346,16,-7663000000.0,20.51,1100.0,2745031730.0,0.348314606741573
0,USA-AD-743,Taiwan,TW,392410,199608,-0.3662,3,3,-0.1429,6,6,0.1517,12,12,-0.2869,3.0,3.0,-0.3645,6.0,6.0,-0.099,12.0,12.0,1.55,3,6,0,1996,39,0.138559,0.149306,0.010747,3.772773,9.9762,,,0.043051,,9.44705,12155.88,1520.398,7.99043,8.836159,0.138559,0.026353,346,16,,20.51,1100.0,2745031730.0,
0,USA-AD-744,China,CN,870839,199610,1.9226,2,3,2.3284,4,5,2.7499,7,9,-0.0197,3.0,3.0,-0.0065,6.0,6.0,-0.0566,12.0,12.0,,1,7,0,1996,87,0.000324,0.001791,0.001467,3.772773,9.9762,9.9762,1681.627435,0.043051,-0.004459,9.44705,11183.43,1168.165,7.99043,8.836159,0.000324,0.026353,344,16,7243000000.0,24.16,1311.0,6927816367.0,0.339080459770115
0,USA-AD-745,Turkey,TR,721420,199610,-0.2539,2,1,-0.9581,5,1,-0.9831,11,1,0.4287,3.0,3.0,0.8275,6.0,6.0,4.715,10.0,12.0,15.94,14,7,0,1996,72,0.833582,0.127941,-0.705642,3.772773,9.9762,7.157798,5887.673098,0.043051,0.775652,9.44705,9705.772,7937.729,7.99043,8.836159,0.833582,0.026353,344,16,-2437000000.0,24.16,1311.0,3213813403.0,0.594444444444444
0,USA-AD-748,Japan,JP,840681,199612,0.368,2,2,-0.2844,5,4,-0.6022,8,7,,0.0,0.0,,0.0,0.0,,0.0,0.0,34.37,1,7,0,1996,84,0.178895,0.212872,0.033977,3.772773,9.9762,3.133871,31046.170154,0.043051,0.156491,9.44705,10286.19,951.7373,7.99043,8.836159,0.178895,0.026353,342,16,68994126647.2951,23.78,1516.0,,0.642857142857143
0,USA-AD-748,Japan,JP,840682,199612,9.7149,2,1,8.3637,4,3,1.0699,6,6,,0.0,0.0,,0.0,0.0,,0.0,1.0,34.37,1,7,0,1996,84,0.483981,0.651407,0.167426,3.772773,9.9762,3.133871,31046.170154,0.043051,0.156491,9.44705,10286.19,951.7373,7.99043,8.836159,0.483981,0.026353,342,16,68994126647.2951,23.78,1516.0,,0.642857142857143
0,USA-AD-748,Japan,JP,840690,199612,-0.4816,3,3,-0.5088,6,6,-0.7347,12,12,-0.9962,3.0,1.0,2.6579,6.0,4.0,-0.3009,12.0,9.0,34.37,2,7,0,1996,84,0.253307,0.182542,-0.070764,3.772773,9.9762,3.133871,31046.170154,0.043051,0.156491,9.44705,10286.19,951.7373,7.99043,8.836159,0.253307,0.026353,342,16,68994126647.2951,23.78,1516.0,2153225850.0,0.642857142857143
0,USA-AD-748,Japan,JP,841480,199612,0.1234,3,3,-0.0931,6,6,-0.2479,12,12,-0.1095,3.0,3.0,-0.2036,6.0,6.0,-0.0298,12.0,12.0,34.37,1,7,0,1996,84,0.337706,0.282137,-0.055569,3.772773,9.9762,3.133871,31046.170154,0.043051,0.156491,9.44705,10286.19,951.7373,7.99043,8.836159,0.337706,0.026353,342,16,68994126647.2951,23.78,1516.0,5527444799.0,0.642857142857143
0,USA-AD-748,Japan,JP,841490,199612,-0.0664,3,3,-0.037,6,6,-0.0418,12,12,-0.1939,3.0,3.0,-0.0135,6.0,6.0,-0.2157,12.0,12.0,34.37,1,7,0,1996,84,0.39423,0.370328,-0.023902,3.772773,9.9762,3.133871,31046.170154,0.043051,0.156491,9.44705,10286.19,951.7373,7.99043,8.836159,0.39423,0.026353,342,16,68994126647.2951,23.78,1516.0,4526120480.0,0.642857142857143
0,USA-AD-748,Japan,JP,841960,199612,,0,0,-1.0,1,0,-1.0,2,0,,0.0,0.0,,0.0,0.0,,0.0,0.0,34.37,1,7,0,1996,84,0.369475,0.0,-0.369475,3.772773,9.9762,3.133871,31046.170154,0.043051,0.156491,9.44705,10286.19,951.7373,7.99043,8.836159,0.369475,0.026353,342,16,68994126647.2951,23.78,1516.0,428655796.0,0.642857142857143
0,USA-AD-748,Japan,JP,848340,199612,0.3448,3,3,0.1706,6,6,0.0884,12,12,0.4301,3.0,3.0,0.0325,6.0,6.0,-0.0056,12.0,12.0,34.37,1,7,0,1996,84,0.388803,0.235426,-0.153377,3.772773,9.9762,3.133871,31046.170154,0.043051,0.156491,9.44705,10286.19,951.7373,7.99043,8.836159,0.388803,0.026353,342,16,68994126647.2951,23.78,1516.0,5317820984.0,0.642857142857143
0,USA-AD-748,Japan,JP,850153,199612,-0.6886,3,3,-0.0329,6,6,-0.2713,12,12,,0.0,1.0,0.3671,1.0,3.0,0.6186,1.0,4.0,34.37,1,7,0,1996,85,0.392954,0.224425,-0.168529,3.772773,9.9762,3.133871,31046.170154,0.043051,0.156491,9.44705,10286.19,951.7373,7.99043,8.836159,0.392954,0.026353,342,16,68994126647.2951,23.78,1516.0,1191963862.0,0.642857142857143
0,USA-AD-748,Japan,JP,903289,199612,-0.6705,3,3,-0.4247,6,6,-0.1615,12,12,-0.929,3.0,3.0,-0.7449,6.0,6.0,-0.6847,12.0,12.0,34.37,5,7,8,1996,90,0.427237,0.354269,-0.072967,3.772773,9.9762,3.133871,31046.170154,0.043051,0.156491,9.44705,10286.19,951.7373,7.99043,8.836159,0.427237,0.026353,342,16,68994126647.2951,23.78,1516.0,6377264391.0,0.642857142857143
0,USA-AD-749,China,CN,283340,199612,0.6429,2,3,0.0663,5,5,0.0329,11,11,,0.0,0.0,,0.0,0.0,,0.0,0.0,76.65,1,5,0,1996,28,0.101265,0.108378,0.007113,3.772773,9.9762,9.9762,1681.627435,0.043051,-0.004459,9.44705,11183.43,1168.165,7.99043,8.836159,0.101265,0.026353,342,16,7243000000.0,23.78,1516.0,75324048.0,0.339080459770115
0,USA-AD-750,Japan,JP,8471,199704,0.1151,3,3,-0.0631,6,6,-0.1983,12,12,0.1267,3.0,3.0,-0.0318,6.0,6.0,-0.0574,12.0,12.0,27.17,1,8,0,1997,84,0.178099,0.191652,0.013553,4.447128,9.287647,0.981229,31276.193077,0.180783,0.112262,18.515706,10286.19,951.7373,6.282193,6.17008,0.178099,0.038712,338,16,95455879688.361,17.56,1259.0,,0.598901098901099
0,USA-AD-751,Austria,AT,551011,199703,,0,0,,0,0,,0,0,1.1431,1.0,2.0,3.143,1.0,3.0,11.4671,1.0,6.0,7.93,1,7,0,1997,55,0.0,0.0,0.0,4.447128,9.287647,2.145835,34998.032117,0.180783,0.152806,18.515706,8124.255,8469.964,6.282193,6.17008,0.0,0.038712,339,16,,19.13,1513.0,359982436.0,0.626373626373626
0,USA-AD-753,China,CN,720840,199706,,0,0,,0,0,,0,0,,0.0,0.0,,0.0,0.0,,0.0,0.0,172.2,25,7,0,1997,72,0.0,0.0,0.0,4.447128,9.287647,9.287647,1819.097893,0.180783,-0.00293,18.515706,11183.43,1168.165,6.282193,6.17008,0.0,0.038712,336,16,36963000000.0,17.58,1320.0,,0.311764705882353
0,USA-AD-753,China,CN,720851,199706,-0.2411,3,3,0.0654,6,6,-0.3004,12,12,0.2834,3.0,3.0,0.8681,5.0,6.0,5.3711,11.0,12.0,172.2,18,7,0,1997,72,0.076824,0.060886,-0.015938,4.447128,9.287647,9.287647,1819.097893,0.180783,-0.00293,18.515706,11183.43,1168.165,6.282193,6.17008,0.076824,0.038712,336,16,36963000000.0,17.58,1320.0,,0.311764705882353
0,USA-AD-753,China,CN,720852,199706,-0.8181,2,3,-0.3934,5,6,-0.664,11,7,0.2302,3.0,3.0,0.2319,6.0,6.0,14.5522,12.0,12.0,172.2,18,7,0,1997,72,0.140336,0.061533,-0.078803,4.447128,9.287647,9.287647,1819.097893,0.180783,-0.00293,18.515706,11183.43,1168.165,6.282193,6.17008,0.140336,0.038712,336,16,36963000000.0,17.58,1320.0,,0.311764705882353
0,USA-AD-753,China,CN,720853,199706,,0,0,,0,0,,0,0,-1.0,1.0,0.0,-1.0,2.0,0.0,-1.0,2.0,0.0,172.2,25,7,0,1997,72,0.0,0.0,0.0,4.447128,9.287647,9.287647,1819.097893,0.180783,-0.00293,18.515706,11183.43,1168.165,6.282193,6.17008,0.0,0.038712,336,16,36963000000.0,17.58,1320.0,,0.311764705882353
0,USA-AD-753,China,CN,720890,199706,-0.4833,2,2,0.0937,3,5,-0.0903,4,5,,0.0,0.0,,0.0,1.0,,0.0,2.0,172.2,31,7,4,1997,72,0.091929,0.241755,0.149826,4.447128,9.287647,9.287647,1819.097893,0.180783,-0.00293,18.515706,11183.43,1168.165,6.282193,6.17008,0.091929,0.038712,336,16,36963000000.0,17.58,1320.0,900690352.0,0.311764705882353
0,USA-AD-753,China,CN,721070,199706,,0,1,,0,1,,0,1,0.2309,3.0,3.0,0.3747,6.0,6.0,0.2078,12.0,12.0,172.2,34,7,4,1997,72,0.0,0.003955,0.003955,4.447128,9.287647,9.287647,1819.097893,0.180783,-0.00293,18.515706,11183.43,1168.165,6.282193,6.17008,0.0,0.038712,336,16,36963000000.0,17.58,1320.0,2048887344.0,0.311764705882353
0,USA-AD-753,China,CN,721090,199706,,0,0,,0,0,,0,0,-0.8147,2.0,1.0,-0.609,2.0,2.0,-0.8048,5.0,3.0,172.2,34,7,4,1997,72,0.0,0.0,0.0,4.447128,9.287647,9.287647,1819.097893,0.180783,-0.00293,18.515706,11183.43,1168.165,6.282193,6.17008,0.0,0.038712,336,16,36963000000.0,17.58,1320.0,445401759.0,0.311764705882353
0,USA-AD-753,China,CN,721114,199706,,0,0,,0,0,-1.0,1,0,,0.0,0.0,,0.0,0.0,,0.0,0.0,172.2,25,7,0,1997,72,0.092069,0.0,-0.092069,4.447128,9.287647,9.287647,1819.097893,0.180783,-0.00293,18.515706,11183.43,1168.165,6.282193,6.17008,0.092069,0.038712,336,16,36963000000.0,17.58,1320.0,,0.311764705882353
0,USA-AD-753,China,CN,721190,199706,,0,0,-1.0,1,0,-1.0,1,0,-1.0,1.0,0.0,-1.0,1.0,0.0,-1.0,2.0,0.0,172.2,33,7,4,1997,72,0.000177,0.0,-0.000177,4.447128,9.287647,9.287647,1819.097893,0.180783,-0.00293,18.515706,11183.43,1168.165,6.282193,6.17008,0.000177,0.038712,336,16,36963000000.0,17.58,1320.0,305782361.0,0.311764705882353
0,USA-AD-753,China,CN,721240,199706,,0,1,,0,1,23.5723,1,1,,0.0,0.0,,0.0,0.0,-0.1445,1.0,2.0,172.2,34,7,4,1997,72,0.00247,0.031041,0.028571,4.447128,9.287647,9.287647,1819.097893,0.180783,-0.00293,18.515706,11183.43,1168.165,6.282193,6.17008,0.00247,0.038712,336,16,36963000000.0,17.58,1320.0,453895166.0,0.311764705882353
0,USA-AD-753,China,CN,721250,199706,6.7336,1,3,21.9576,1,6,0.5675,2,7,,0.0,0.0,,0.0,1.0,4.1384,2.0,2.0,172.2,34,7,4,1997,72,0.005586,0.029054,0.023468,4.447128,9.287647,9.287647,1819.097893,0.180783,-0.00293,18.515706,11183.43,1168.165,6.282193,6.17008,0.005586,0.038712,336,16,36963000000.0,17.58,1320.0,355059687.0,0.311764705882353
0,USA-AD-754,Russia,RU,720851,199706,-0.3503,2,2,0.0796,4,5,-0.453,9,10,0.2834,3.0,3.0,0.8681,5.0,6.0,5.3711,11.0,12.0,185.0,18,7,0,1997,72,0.022914,0.013624,-0.00929,4.447128,9.287647,1.399916,4760.339355,0.180783,0.129666,18.515706,8915.321,6009.905,6.282193,6.17008,0.022914,0.038712,336,16,-835240000.0,17.58,1320.0,,0.565934065934066
0,USA-AD-754,Russia,RU,720852,199706,-1.0,2,0,-0.1246,4,3,-0.7301,9,4,0.2302,3.0,3.0,0.2319,6.0,6.0,14.5522,12.0,12.0,185.0,18,7,0,1997,72,0.104615,0.038533,-0.066082,4.447128,9.287647,1.399916,4760.339355,0.180783,0.129666,18.515706,8915.321,6009.905,6.282193,6.17008,0.104615,0.038712,336,16,-835240000.0,17.58,1320.0,,0.565934065934066
0,USA-AD-754,Russia,RU,720890,199706,,0,0,,0,1,,0,1,,0.0,0.0,,0.0,1.0,,0.0,2.0,185.0,31,7,4,1997,72,0.0,0.005941,0.005941,4.447128,9.287647,1.399916,4760.339355,0.180783,0.129666,18.515706,8915.321,6009.905,6.282193,6.17008,0.0,0.038712,336,16,-835240000.0,17.58,1320.0,900690352.0,0.565934065934066
0,USA-AD-754,Russia,RU,721070,199706,,0,0,,0,0,,0,0,0.2309,3.0,3.0,0.3747,6.0,6.0,0.2078,12.0,12.0,185.0,34,7,4,1997,72,0.0,0.0,0.0,4.447128,9.287647,1.399916,4760.339355,0.180783,0.129666,18.515706,8915.321,6009.905,6.282193,6.17008,0.0,0.038712,336,16,-835240000.0,17.58,1320.0,2048887344.0,0.565934065934066
0,USA-AD-754,Russia,RU,721090,199706,,0,0,,0,0,,0,0,-0.8147,2.0,1.0,-0.609,2.0,2.0,-0.8048,5.0,3.0,185.0,34,7,4,1997,72,0.0,0.0,0.0,4.447128,9.287647,1.399916,4760.339355,0.180783,0.129666,18.515706,8915.321,6009.905,6.282193,6.17008,0.0,0.038712,336,16,-835240000.0,17.58,1320.0,445401759.0,0.565934065934066
0,USA-AD-754,Russia,RU,721190,199706,,0,0,,0,0,,0,0,-1.0,1.0,0.0,-1.0,1.0,0.0,-1.0,2.0,0.0,185.0,33,7,4,1997,72,0.0,0.0,0.0,4.447128,9.287647,1.399916,4760.339355,0.180783,0.129666,18.515706,8915.321,6009.905,6.282193,6.17008,0.0,0.038712,336,16,-835240000.0,17.58,1320.0,305782361.0,0.565934065934066
0,USA-AD-754,Russia,RU,721240,199706,,0,0,,0,0,,0,0,,0.0,0.0,,0.0,0.0,-0.1445,1.0,2.0,185.0,34,7,4,1997,72,0.0,0.0,0.0,4.447128,9.287647,1.399916,4760.339355,0.180783,0.129666,18.515706,8915.321,6009.905,6.282193,6.17008,0.0,0.038712,336,16,-835240000.0,17.58,1320.0,453895166.0,0.565934065934066
0,USA-AD-754,Russia,RU,721250,199706,,0,0,,0,0,,0,0,,0.0,0.0,,0.0,1.0,4.1384,2.0,2.0,185.0,34,7,4,1997,72,0.0,0.0,0.0,4.447128,9.287647,1.399916,4760.339355,0.180783,0.129666,18.515706,8915.321,6009.905,6.282193,6.17008,0.0,0.038712,336,16,-835240000.0,17.58,1320.0,355059687.0,0.565934065934066
0,USA-AD-755,South Africa,ZA,720851,199711,,0,0,,0,0,,0,0,0.8052,3.0,3.0,3.5556,6.0,6.0,10.7983,11.0,12.0,,18,12,0,1997,72,,0.0,,4.447128,9.287647,2.6,4527.049924,0.180783,0.071781,18.515706,14418.61,12792.46,6.282193,6.17008,,0.038712,331,16,-2227357021.24976,19.17,1175.0,,0.416666666666667
0,USA-AD-755,South Africa,ZA,720852,199711,,0,0,,0,0,,0,0,-0.0859,3.0,3.0,16.2952,6.0,6.0,45.4222,12.0,12.0,,18,12,0,1997,72,,0.0,,4.447128,9.287647,2.6,4527.049924,0.180783,0.071781,18.515706,14418.61,12792.46,6.282193,6.17008,,0.038712,331,16,-2227357021.24976,19.17,1175.0,,0.416666666666667
0,USA-AD-755,South Africa,ZA,720853,199711,,0,0,,0,0,,0,0,,0.0,0.0,,0.0,0.0,-0.9909,2.0,1.0,,25,12,0,1997,72,,0.0,,4.447128,9.287647,2.6,4527.049924,0.180783,0.071781,18.515706,14418.61,12792.46,6.282193,6.17008,,0.038712,331,16,-2227357021.24976,19.17,1175.0,,0.416666666666667
0,USA-AD-755,South Africa,ZA,721070,199711,,0,0,,0,0,,0,0,0.1936,3.0,3.0,-0.0355,6.0,6.0,0.2856,12.0,12.0,,34,12,4,1997,72,,0.0,,4.447128,9.287647,2.6,4527.049924,0.180783,0.071781,18.515706,14418.61,12792.46,6.282193,6.17008,,0.038712,331,16,-2227357021.24976,19.17,1175.0,2048887344.0,0.416666666666667
0,USA-AD-755,South Africa,ZA,721240,199711,,0,0,,0,0,,0,0,,0.0,0.0,,0.0,1.0,,0.0,5.0,,34,12,4,1997,72,,0.0,,4.447128,9.287647,2.6,4527.049924,0.180783,0.071781,18.515706,14418.61,12792.46,6.282193,6.17008,,0.038712,331,16,-2227357021.24976,19.17,1175.0,453895166.0,0.416666666666667
0,USA-AD-756,Ukraine,UA,720851,199706,-0.2974,3,2,-0.1889,5,5,-0.5895,11,5,0.2834,3.0,3.0,0.8681,5.0,6.0,5.3711,11.0,12.0,237.91,18,7,0,1997,72,0.050967,0.022235,-0.028732,4.447128,9.287647,-3.0,1326.277954,0.180783,0.017595,18.515706,8995.575,7327.559,6.282193,6.17008,0.050967,0.038712,336,16,-1335000000.0,17.58,1320.0,,0.543956043956044
0,USA-AD-756,Ukraine,UA,720852,199706,-0.2785,3,2,-0.1051,4,4,-0.7088,8,4,0.2302,3.0,3.0,0.2319,6.0,6.0,14.5522,12.0,12.0,237.91,18,7,0,1997,72,0.114453,0.045806,-0.068647,4.447128,9.287647,-3.0,1326.277954,0.180783,0.017595,18.515706,8995.575,7327.559,6.282193,6.17008,0.114453,0.038712,336,16,-1335000000.0,17.58,1320.0,,0.543956043956044
0,USA-AD-757,China,CN,731700,199705,0.8034,3,3,0.6062,6,6,0.3089,12,12,0.0043,3.0,3.0,-0.0602,6.0,6.0,0.1107,12.0,12.0,118.41,11,5,0,1997,73,0.183858,0.305654,0.121795,4.447128,9.287647,9.287647,1819.097893,0.180783,-0.00293,18.515706,11183.43,1168.165,6.282193,6.17008,0.183858,0.038712,337,16,36963000000.0,19.02,1274.0,1055761803.0,0.311764705882353
0,USA-AD-759,Taiwan,TW,731700,199705,0.8971,3,3,-0.0646,6,6,-0.5155,12,11,0.0043,3.0,3.0,-0.0602,6.0,6.0,0.1107,12.0,12.0,5.39,11,5,0,1997,73,0.15729,0.089749,-0.06754,4.447128,9.287647,,,0.180783,,18.515706,12155.88,1520.398,6.282193,6.17008,0.15729,0.038712,337,16,,19.02,1274.0,1055761803.0,
0,USA-AD-762,Taiwan,TW,847330,199710,-0.0917,3,3,-0.3386,6,6,-0.4237,12,12,-0.1895,3.0,3.0,-0.0045,6.0,6.0,0.2123,12.0,12.0,41.3,3,7,5,1997,84,0.118546,0.097454,-0.021092,4.447128,9.287647,,,0.180783,,18.515706,12155.88,1520.398,6.282193,6.17008,0.118546,0.038712,332,16,,19.87,1318.0,101910191807.0,
0,USA-AD-762,Taiwan,TW,854213,199710,-0.1823,3,3,-0.3647,6,6,-0.3171,12,12,11.6571,3.0,3.0,15.6965,6.0,6.0,26.276,10.0,12.0,41.3,2,7,0,1997,85,0.054641,0.041476,-0.013165,4.447128,9.287647,,,0.180783,,18.515706,12155.88,1520.398,6.282193,6.17008,0.054641,0.038712,332,16,,19.87,1318.0,,
0,USA-AD-763,Canada,CA,721391,199710,-1.0,1,0,-1.0,1,0,-1.0,1,0,,0.0,0.0,,0.0,0.0,,0.0,0.0,7.79,20,7,0,1997,72,1.5e-05,0.0,-1.5e-05,4.447128,9.287647,4.280167,33867.007907,0.180783,0.015457,18.515706,2079.297,10032.81,6.282193,6.17008,1.5e-05,0.038712,332,16,-8985483076.79472,19.87,1318.0,,0.637362637362637
0,USA-AD-763,Canada,CA,722790,199710,,0,0,-1.0,1,0,-1.0,1,0,-1.0,1.0,0.0,-1.0,1.0,0.0,0.5923,2.0,1.0,7.79,22,7,4,1997,72,4e-06,0.0,-4e-06,4.447128,9.287647,4.280167,33867.007907,0.180783,0.015457,18.515706,2079.297,10032.81,6.282193,6.17008,4e-06,0.038712,332,16,-8985483076.79472,19.87,1318.0,624082211.0,0.637362637362637
0,USA-AD-764,Germany,DE,721391,199710,-0.8066,3,2,-0.8179,6,4,-0.8119,8,5,,0.0,0.0,,0.0,0.0,,0.0,0.0,72.51,20,7,0,1997,72,0.029653,0.011641,-0.018011,4.447128,9.287647,1.854322,32795.783346,0.180783,0.152369,18.515706,7595.452,8503.73,6.282193,6.17008,0.029653,0.038712,332,16,-7896169258.36128,19.87,1318.0,,0.67032967032967
0,USA-AD-764,Germany,DE,721399,199710,2.85,1,1,2.85,1,1,1.75,2,1,,0.0,0.0,,0.0,0.0,,0.0,0.0,72.51,20,7,0,1997,72,0.000738,0.000454,-0.000284,4.447128,9.287647,1.854322,32795.783346,0.180783,0.152369,18.515706,7595.452,8503.73,6.282193,6.17008,0.000738,0.038712,332,16,-7896169258.36128,19.87,1318.0,,0.67032967032967
0,USA-AD-764,Germany,DE,722790,199710,,0,0,-1.0,1,0,-1.0,1,0,-1.0,1.0,0.0,-1.0,1.0,0.0,0.5923,2.0,1.0,72.51,22,7,4,1997,72,0.017243,0.0,-0.017243,4.447128,9.287647,1.854322,32795.783346,0.180783,0.152369,18.515706,7595.452,8503.73,6.282193,6.17008,0.017243,0.038712,332,16,-7896169258.36128,19.87,1318.0,624082211.0,0.67032967032967
0,USA-AD-769,Germany,DE,722100,199803,,0,0,,0,0,-1.0,1,0,0.7722,3.0,3.0,0.2122,6.0,6.0,-0.0083,12.0,12.0,19.45,12,7,5,1998,72,1.9e-05,0.0,-1.9e-05,4.483133,7.920792,2.095612,33477.985646,0.477206,0.01477,14.703264,7595.452,8503.73,-4.93893,-7.319909,1.9e-05,-0.009785,327,27,-10670773352.1423,13.1,966.0,777607450.0,0.617283950617284
0,USA-AD-770,Italy,IT,722100,199803,-0.9489,3,1,-0.9076,5,2,-0.9699,11,3,0.7722,3.0,3.0,0.2122,6.0,6.0,-0.0083,12.0,12.0,5.77,12,7,5,1998,72,0.067475,0.00356,-0.063915,4.483133,7.920792,1.804373,30892.175865,0.477206,0.019441,14.703264,8284.006,9047.517,-4.93893,-7.319909,0.067475,-0.009785,327,27,20107131271.394,13.1,966.0,777607450.0,0.611111111111111
0,USA-AD-771,Japan,JP,722100,199803,0.3257,3,3,0.0195,6,6,-0.0625,12,12,0.7722,3.0,3.0,0.2122,6.0,6.0,-0.0083,12.0,12.0,26.69,12,7,5,1998,72,0.582314,0.745469,0.163155,4.483133,7.920792,-1.27033,30795.08889,0.477206,0.081944,14.703264,10286.19,951.7373,-4.93893,-7.319909,0.582314,-0.009785,327,27,114685034700.845,13.1,966.0,777607450.0,0.549382716049383
0,USA-AD-774,Sweden,SE,722100,199803,-0.2651,3,3,-0.4833,6,6,-0.2547,11,11,0.7722,3.0,3.0,0.2122,6.0,6.0,-0.0083,12.0,12.0,6.51,12,7,5,1998,72,0.032018,0.049534,0.017517,4.483133,7.920792,4.245832,38211.723309,0.477206,0.041255,14.703264,7440.511,7682.775,-4.93893,-7.319909,0.032018,-0.009785,327,27,9547496431.14823,13.1,966.0,777607450.0,0.592592592592593
0,USA-AD-775,Taiwan,TW,722100,199803,0.3956,3,3,-0.251,6,6,-0.5128,12,12,0.7722,3.0,3.0,0.2122,6.0,6.0,-0.0083,12.0,12.0,17.09,12,7,5,1998,72,0.269212,0.177251,-0.09196,4.483133,7.920792,,,0.477206,,14.703264,12155.88,1520.398,-4.93893,-7.319909,0.269212,-0.009785,327,27,,13.1,966.0,777607450.0,
0,USA-AD-777,China,CN,200310,199808,1.5822,3,3,1.6723,6,6,1.0693,12,12,,0.0,1.0,,0.0,1.0,,0.0,1.0,198.63,8,7,0,1998,20,0.979139,0.931505,-0.047634,4.483133,7.920792,7.920792,1944.437197,0.477206,-0.00131,14.703264,11183.43,1168.165,-4.93893,-7.319909,0.979139,-0.009785,322,27,31472000000.0,11.91,817.0,650117043.0000001,0.344155844155844
0,USA-AD-779,Indonesia,ID,200310,199808,1.0,1,2,1.941,2,4,7.1907,2,10,,0.0,1.0,,0.0,1.0,,0.0,1.0,15.35,8,7,0,1998,20,0.010972,0.039464,0.028492,4.483133,7.920792,-13.126725,1780.200495,0.477206,2.441841,14.703264,15535.87,5081.576,-4.93893,-7.319909,0.010972,-0.009785,322,27,4096965770.22987,11.91,817.0,650117043.0000001,0.351851851851852
0,USA-AD-781,Canada,CA,722300,199811,-1.0,1,0,-1.0,1,0,-1.0,3,0,-0.3443,3.0,3.0,-0.1912,6.0,6.0,-0.0991,12.0,12.0,10.23,6,7,0,1998,72,0.000427,0.0,-0.000427,4.483133,7.920792,3.892887,34894.613426,0.477206,0.071434,14.703264,2079.297,10032.81,-4.93893,-7.319909,0.000427,-0.009785,319,27,-8999712921.89455,11.04,941.0,840118146.0,0.617283950617284
0,USA-AD-782,India,IN,722300,199811,,0,0,,0,0,,0,3,-0.3443,3.0,3.0,-0.1912,6.0,6.0,-0.0991,12.0,12.0,18.97,6,7,0,1998,72,0.0,0.003458,0.003458,4.483133,7.920792,6.184416,695.293709,0.477206,0.136206,14.703264,13131.91,5108.001,-4.93893,-7.319909,0.0,-0.009785,319,27,-6903105373.49658,11.04,941.0,840118146.0,0.302469135802469
0,USA-AD-783,Japan,JP,722300,199811,0.3494,3,3,0.2162,6,6,0.9699,12,12,-0.3443,3.0,3.0,-0.1912,6.0,6.0,-0.0991,12.0,12.0,15.2,6,7,0,1998,72,0.550184,0.626384,0.0762,4.483133,7.920792,-1.27033,30795.08889,0.477206,0.081944,14.703264,10286.19,951.7373,-4.93893,-7.319909,0.550184,-0.009785,319,27,114685034700.845,11.04,941.0,840118146.0,0.549382716049383
0,USA-AD-785,Spain,ES,722300,199811,,0,0,,0,0,20.6875,1,1,-0.3443,3.0,3.0,-0.1912,6.0,6.0,-0.0991,12.0,12.0,24.4,6,7,0,1998,72,0.001668,0.00504,0.003372,4.483133,7.920792,4.301977,22135.404502,0.477206,0.020365,14.703264,7437.157,10101.71,-4.93893,-7.319909,0.001668,-0.009785,319,27,-7251485437.82897,11.04,941.0,840118146.0,0.611111111111111
0,USA-AD-786,Taiwan,TW,722300,199811,-1.0,2,0,30.5711,3,3,95.4884,4,7,-0.3443,3.0,3.0,-0.1912,6.0,6.0,-0.0991,12.0,12.0,3.95,6,7,0,1998,72,0.003798,0.045242,0.041444,4.483133,7.920792,,,0.477206,,14.703264,12155.88,1520.398,-4.93893,-7.319909,0.003798,-0.009785,319,27,,11.04,941.0,840118146.0,
0,USA-AD-787,Indonesia,ID,400700,199811,,0,0,-1.0,2,0,3.5597,3,5,-0.9085,2.0,1.0,-0.7939,3.0,4.0,-0.3063,4.0,8.0,13.07,2,7,6,1998,40,0.006834,0.026748,0.019914,4.483133,7.920792,-13.126725,1780.200495,0.477206,2.441841,14.703264,15535.87,5081.576,-4.93893,-7.319909,0.006834,-0.009785,319,27,4096965770.22987,11.04,941.0,256121318.0,0.351851851851852
0,USA-AD-788,Belgium,BE,721911,199811,,0,1,,0,1,-0.7735,2,2,,0.0,0.0,,0.0,0.0,,0.0,0.0,3.44,6,7,0,1998,72,0.060799,0.015175,-0.045625,4.483133,7.920792,1.961832,33566.987592,0.477206,0.014669,14.703264,7302.655,8817.223,-4.93893,-7.319909,0.060799,-0.009785,319,27,,11.04,941.0,131788727.0,0.617283950617284
0,USA-AD-788,Belgium,BE,721912,199811,-0.4809,1,1,1.5624,1,2,2.2085,3,3,0.1864,3.0,3.0,-0.3455,6.0,6.0,-0.5593,12.0,7.0,3.44,6,7,0,1998,72,0.012181,0.018121,0.005941,4.483133,7.920792,1.961832,33566.987592,0.477206,0.014669,14.703264,7302.655,8817.223,-4.93893,-7.319909,0.012181,-0.009785,319,27,,11.04,941.0,897608437.0,0.617283950617284
0,USA-AD-788,Belgium,BE,721931,199811,-1.0,1,0,-1.0,1,0,-1.0,1,0,,0.0,0.0,,0.0,0.0,,0.0,0.0,3.44,6,7,0,1998,72,0.010797,0.0,-0.010797,4.483133,7.920792,1.961832,33566.987592,0.477206,0.014669,14.703264,7302.655,8817.223,-4.93893,-7.319909,0.010797,-0.009785,319,27,,11.04,941.0,167569142.0,0.617283950617284
0,USA-AD-788,Belgium,BE,721990,199811,,0,1,37.0293,1,1,12.3862,2,4,-0.1264,3.0,3.0,-0.3393,6.0,6.0,0.2081,9.0,12.0,3.44,12,7,0,1998,72,0.015092,0.106934,0.091841,4.483133,7.920792,1.961832,33566.987592,0.477206,0.014669,14.703264,7302.655,8817.223,-4.93893,-7.319909,0.015092,-0.009785,319,27,,11.04,941.0,549322858.0,0.617283950617284
0,USA-AD-788,Belgium,BE,722011,199811,,0,0,,0,0,,0,0,-0.5743,2.0,3.0,-0.1845,3.0,4.0,1.2366,5.0,8.0,3.44,6,7,0,1998,72,0.0,0.0,0.0,4.483133,7.920792,1.961832,33566.987592,0.477206,0.014669,14.703264,7302.655,8817.223,-4.93893,-7.319909,0.0,-0.009785,319,27,,11.04,941.0,94825215.0,0.617283950617284
1,USA-AD-788,Belgium,BE,722020,199811,,0,1,,0,2,4.4194,1,2,0.6934,3.0,3.0,1.7672,6.0,6.0,3.2775,12.0,12.0,3.44,12,7,0,1998,72,0.000189,0.001228,0.001039,4.483133,7.920792,1.961832,33566.987592,0.477206,0.014669,14.703264,7302.655,8817.223,-4.93893,-7.319909,0.000189,-0.009785,319,27,,11.04,941.0,1510748428.0,0.617283950617284
0,USA-AD-788,Belgium,BE,722090,199811,-1.0,1,0,-1.0,2,0,-1.0,3,0,,0.0,0.0,-0.9988,2.0,2.0,-0.9563,3.0,6.0,3.44,12,7,0,1998,72,0.00385,0.0,-0.00385,4.483133,7.920792,1.961832,33566.987592,0.477206,0.014669,14.703264,7302.655,8817.223,-4.93893,-7.319909,0.00385,-0.009785,319,27,,11.04,941.0,306270056.0,0.617283950617284
0,USA-AD-789,Canada,CA,721912,199811,,0,0,,0,0,,0,0,0.1864,3.0,3.0,-0.3455,6.0,6.0,-0.5593,12.0,7.0,11.1,6,7,0,1998,72,0.0,0.0,0.0,4.483133,7.920792,3.892887,34894.613426,0.477206,0.071434,14.703264,2079.297,10032.81,-4.93893,-7.319909,0.0,-0.009785,319,27,-8999712921.89455,11.04,941.0,897608437.0,0.617283950617284
0,USA-AD-789,Canada,CA,721990,199811,,0,0,,0,0,,0,1,-0.1264,3.0,3.0,-0.3393,6.0,6.0,0.2081,9.0,12.0,11.1,12,7,0,1998,72,0.0,0.0048,0.0048,4.483133,7.920792,3.892887,34894.613426,0.477206,0.071434,14.703264,2079.297,10032.81,-4.93893,-7.319909,0.0,-0.009785,319,27,-8999712921.89455,11.04,941.0,549322858.0,0.617283950617284
0,USA-AD-789,Canada,CA,722020,199811,,0,0,,0,0,,0,0,0.6934,3.0,3.0,1.7672,6.0,6.0,3.2775,12.0,12.0,11.1,12,7,0,1998,72,0.0,0.0,0.0,4.483133,7.920792,3.892887,34894.613426,0.477206,0.071434,14.703264,2079.297,10032.81,-4.93893,-7.319909,0.0,-0.009785,319,27,-8999712921.89455,11.04,941.0,1510748428.0,0.617283950617284
0,USA-AD-790,Italy,IT,721911,199811,,0,0,,0,0,,0,0,,0.0,0.0,,0.0,0.0,,0.0,0.0,39.69,6,7,0,1998,72,0.0,0.0,0.0,4.483133,7.920792,1.804373,30892.175865,0.477206,0.019441,14.703264,8284.006,9047.517,-4.93893,-7.319909,0.0,-0.009785,319,27,20107131271.394,11.04,941.0,131788727.0,0.611111111111111
0,USA-AD-790,Italy,IT,721912,199811,,0,0,,0,0,,0,0,0.1864,3.0,3.0,-0.3455,6.0,6.0,-0.5593,12.0,7.0,39.69,6,7,0,1998,72,0.0,0.0,0.0,4.483133,7.920792,1.804373,30892.175865,0.477206,0.019441,14.703264,8284.006,9047.517,-4.93893,-7.319909,0.0,-0.009785,319,27,20107131271.394,11.04,941.0,897608437.0,0.611111111111111
0,USA-AD-790,Italy,IT,721931,199811,,0,0,,0,0,,0,1,,0.0,0.0,,0.0,0.0,,0.0,0.0,39.69,6,7,0,1998,72,0.0,0.002158,0.002158,4.483133,7.920792,1.804373,30892.175865,0.477206,0.019441,14.703264,8284.006,9047.517,-4.93893,-7.319909,0.0,-0.009785,319,27,20107131271.394,11.04,941.0,167569142.0,0.611111111111111
0,USA-AD-790,Italy,IT,721990,199811,,0,0,,0,1,,0,1,-0.1264,3.0,3.0,-0.3393,6.0,6.0,0.2081,9.0,12.0,39.69,12,7,0,1998,72,0.0,0.000294,0.000294,4.483133,7.920792,1.804373,30892.175865,0.477206,0.019441,14.703264,8284.006,9047.517,-4.93893,-7.319909,0.0,-0.009785,319,27,20107131271.394,11.04,941.0,549322858.0,0.611111111111111
0,USA-AD-790,Italy,IT,722011,199811,,0,0,,0,0,,0,0,-0.5743,2.0,3.0,-0.1845,3.0,4.0,1.2366,5.0,8.0,39.69,6,7,0,1998,72,0.0,0.0,0.0,4.483133,7.920792,1.804373,30892.175865,0.477206,0.019441,14.703264,8284.006,9047.517,-4.93893,-7.319909,0.0,-0.009785,319,27,20107131271.394,11.04,941.0,94825215.0,0.611111111111111
0,USA-AD-790,Italy,IT,722020,199811,,0,0,,0,0,-0.9786,1,1,0.6934,3.0,3.0,1.7672,6.0,6.0,3.2775,12.0,12.0,39.69,12,7,0,1998,72,0.000943,0.000125,-0.000817,4.483133,7.920792,1.804373,30892.175865,0.477206,0.019441,14.703264,8284.006,9047.517,-4.93893,-7.319909,0.000943,-0.009785,319,27,20107131271.394,11.04,941.0,1510748428.0,0.611111111111111
0,USA-AD-790,Italy,IT,722090,199811,,0,1,,0,1,0.1733,1,3,,0.0,0.0,-0.9988,2.0,2.0,-0.9563,3.0,6.0,39.69,12,7,0,1998,72,8.3e-05,0.000398,0.000315,4.483133,7.920792,1.804373,30892.175865,0.477206,0.019441,14.703264,8284.006,9047.517,-4.93893,-7.319909,8.3e-05,-0.009785,319,27,20107131271.394,11.04,941.0,306270056.0,0.611111111111111
0,USA-AD-792,South Africa,ZA,721912,199811,,0,0,,0,0,-1.0,1,0,0.1864,3.0,3.0,-0.3455,6.0,6.0,-0.5593,12.0,7.0,31.79,6,7,0,1998,72,0.019901,0.0,-0.019901,4.483133,7.920792,0.5,4494.857112,0.477206,0.199724,14.703264,14418.61,12792.46,-4.93893,-7.319909,0.019901,-0.009785,319,27,-2199125544.60138,11.04,941.0,897608437.0,0.419753086419753
0,USA-AD-792,South Africa,ZA,721990,199811,,0,0,,0,0,,0,0,-0.1264,3.0,3.0,-0.3393,6.0,6.0,0.2081,9.0,12.0,31.79,12,7,0,1998,72,0.0,0.0,0.0,4.483133,7.920792,0.5,4494.857112,0.477206,0.199724,14.703264,14418.61,12792.46,-4.93893,-7.319909,0.0,-0.009785,319,27,-2199125544.60138,11.04,941.0,549322858.0,0.419753086419753
0,USA-AD-792,South Africa,ZA,722011,199811,,0,0,,0,0,,0,0,-0.5743,2.0,3.0,-0.1845,3.0,4.0,1.2366,5.0,8.0,31.79,6,7,0,1998,72,0.0,0.0,0.0,4.483133,7.920792,0.5,4494.857112,0.477206,0.199724,14.703264,14418.61,12792.46,-4.93893,-7.319909,0.0,-0.009785,319,27,-2199125544.60138,11.04,941.0,94825215.0,0.419753086419753
0,USA-AD-792,South Africa,ZA,722020,199811,,0,0,,0,0,,0,0,0.6934,3.0,3.0,1.7672,6.0,6.0,3.2775,12.0,12.0,31.79,12,7,0,1998,72,0.0,0.0,0.0,4.483133,7.920792,0.5,4494.857112,0.477206,0.199724,14.703264,14418.61,12792.46,-4.93893,-7.319909,0.0,-0.009785,319,27,-2199125544.60138,11.04,941.0,1510748428.0,0.419753086419753
0,USA-AD-793,Taiwan,TW,721912,199811,2.9136,1,2,19.1264,1,5,3.5235,3,11,0.1864,3.0,3.0,-0.3455,6.0,6.0,-0.5593,12.0,7.0,67.68,6,7,0,1998,72,0.08711,0.241637,0.154527,4.483133,7.920792,,,0.477206,,14.703264,12155.88,1520.398,-4.93893,-7.319909,0.08711,-0.009785,319,27,,11.04,941.0,897608437.0,
0,USA-AD-793,Taiwan,TW,721990,199811,,0,0,,0,0,,0,0,-0.1264,3.0,3.0,-0.3393,6.0,6.0,0.2081,9.0,12.0,67.68,12,7,0,1998,72,0.0,0.0,0.0,4.483133,7.920792,,,0.477206,,14.703264,12155.88,1520.398,-4.93893,-7.319909,0.0,-0.009785,319,27,,11.04,941.0,549322858.0,
1,USA-AD-793,Taiwan,TW,722011,199811,,0,0,-1.0,1,0,17.9584,1,1,-0.5743,2.0,3.0,-0.1845,3.0,4.0,1.2366,5.0,8.0,67.68,6,7,0,1998,72,0.005186,0.052424,0.047238,4.483133,7.920792,,,0.477206,,14.703264,12155.88,1520.398,-4.93893,-7.319909,0.005186,-0.009785,319,27,,11.04,941.0,94825215.0,
0,USA-AD-793,Taiwan,TW,722020,199811,,0,0,,0,0,,0,1,0.6934,3.0,3.0,1.7672,6.0,6.0,3.2775,12.0,12.0,67.68,12,7,0,1998,72,0.0,0.000954,0.000954,4.483133,7.920792,,,0.477206,,14.703264,12155.88,1520.398,-4.93893,-7.319909,0.0,-0.009785,319,27,,11.04,941.0,1510748428.0,
0,USA-AD-793,Taiwan,TW,722090,199811,,0,0,,0,0,,0,1,,0.0,0.0,-0.9988,2.0,2.0,-0.9563,3.0,6.0,67.68,12,7,0,1998,72,0.0,0.000371,0.000371,4.483133,7.920792,,,0.477206,,14.703264,12155.88,1520.398,-4.93893,-7.319909,0.0,-0.009785,319,27,,11.04,941.0,306270056.0,
0,USA-AD-794,Brazil,BR,400219,199811,-0.9311,3,3,-0.4885,5,6,-0.2269,11,12,-0.2674,3.0,3.0,-0.2473,6.0,6.0,-0.1615,12.0,12.0,61.71,6,7,0,1998,40,0.152643,0.071169,-0.081474,4.483133,7.920792,0.338098,6687.494466,0.477206,0.076554,14.703264,8088.514,17793.04,-4.93893,-7.319909,0.152643,-0.009785,319,27,-34992880274.9427,11.04,941.0,1601023031.0,0.425925925925926
0,USA-AD-796,Mexico,MX,400219,199811,,0,0,,0,0,,0,0,-0.2674,3.0,3.0,-0.2473,6.0,6.0,-0.1615,12.0,12.0,29.57,6,7,0,1998,40,0.0,0.0,0.0,4.483133,7.920792,6.185079,9161.895278,0.477206,0.153765,14.703264,2468.405,11711.42,-4.93893,-7.319909,0.0,-0.009785,319,27,-15992658000.0,11.04,941.0,1601023031.0,0.358024691358025
0,USA-AD-797,France,FR,721913,199901,,0,0,,0,0,-0.9859,1,1,-0.648,3.0,2.0,-0.8511,6.0,3.0,-0.8927,11.0,3.0,11.73,9,7,0,1999,72,0.001211,3.5e-05,-0.001176,4.788425,7.737003,3.399308,32152.720748,-0.152328,-0.840956,12.180846,7456.767,9225.815,11.617263,19.555746,0.001211,0.030991,317,34,50692422641.2379,11.11,827.0,1354111717.9999998,0.682291666666667
0,USA-AD-797,France,FR,721932,199901,-1.0,1,0,-0.4671,1,1,-0.4671,1,1,0.5978,1.0,2.0,-0.9039,3.0,4.0,0.0028,9.0,10.0,11.73,9,7,0,1999,72,0.007451,0.000557,-0.006894,4.788425,7.737003,3.399308,32152.720748,-0.152328,-0.840956,12.180846,7456.767,9225.815,11.617263,19.555746,0.007451,0.030991,317,34,50692422641.2379,11.11,827.0,522934857.0,0.682291666666667
0,USA-AD-797,France,FR,721933,199901,8.9779,1,1,18.8297,1,3,-0.5894,2,3,0.1992,3.0,3.0,-0.6282,6.0,6.0,-0.2476,12.0,12.0,11.73,9,7,0,1999,72,0.008787,0.001037,-0.00775,4.788425,7.737003,3.399308,32152.720748,-0.152328,-0.840956,12.180846,7456.767,9225.815,11.617263,19.555746,0.008787,0.030991,317,34,50692422641.2379,11.11,827.0,2103036008.0,0.682291666666667
0,USA-AD-797,France,FR,721934,199901,-1.0,1,0,-1.0,1,0,-1.0,1,0,1.593,3.0,3.0,-0.0323,6.0,6.0,0.4894,12.0,12.0,11.73,9,7,0,1999,72,0.002006,0.0,-0.002006,4.788425,7.737003,3.399308,32152.720748,-0.152328,-0.840956,12.180846,7456.767,9225.815,11.617263,19.555746,0.002006,0.030991,317,34,50692422641.2379,11.11,827.0,2354430308.0,0.682291666666667
0,USA-AD-797,France,FR,721990,199901,,0,0,309.1571,1,1,0.8796,4,3,0.0973,3.0,3.0,-0.1816,6.0,6.0,0.2055,10.0,12.0,11.73,12,7,1,1999,72,,0.076888,,4.788425,7.737003,3.399308,32152.720748,-0.152328,-0.840956,12.180846,7456.767,9225.815,11.617263,19.555746,,0.030991,317,34,50692422641.2379,11.11,827.0,493065885.0,0.682291666666667
1,USA-AD-797,France,FR,722012,199901,-1.0,1,0,3.8704,1,3,16.0915,1,6,,0.0,1.0,37.3282,1.0,2.0,62.8652,1.0,6.0,11.73,9,7,0,1999,72,0.005601,0.053938,0.048337,4.788425,7.737003,3.399308,32152.720748,-0.152328,-0.840956,12.180846,7456.767,9225.815,11.617263,19.555746,0.005601,0.030991,317,34,50692422641.2379,11.11,827.0,135770408.0,0.682291666666667
1,USA-AD-797,France,FR,722020,199901,2.7883,1,2,4.7841,2,3,2.3274,5,6,1.7205,3.0,3.0,1.8321,6.0,6.0,3.053,12.0,12.0,11.73,12,7,1,1999,72,,0.068585,,4.788425,7.737003,3.399308,32152.720748,-0.152328,-0.840956,12.180846,7456.767,9225.815,11.617263,19.555746,,0.030991,317,34,50692422641.2379,11.11,827.0,1356433490.0,0.682291666666667
0,USA-AD-797,France,FR,722090,199901,-0.5725,1,1,-0.6052,2,2,13.5276,2,4,,0.0,1.0,-0.8889,1.0,4.0,-0.9563,3.0,6.0,11.73,12,7,1,1999,72,,0.053448,,4.788425,7.737003,3.399308,32152.720748,-0.152328,-0.840956,12.180846,7456.767,9225.815,11.617263,19.555746,,0.030991,317,34,50692422641.2379,11.11,827.0,264182271.0,0.682291666666667
0,USA-AD-798,Germany,DE,721913,199901,,0,1,,0,2,-0.219,3,4,-0.648,3.0,2.0,-0.8511,6.0,3.0,-0.8927,11.0,3.0,21.34,9,7,0,1999,72,0.020287,0.007616,-0.012671,4.788425,7.737003,2.12957,34168.830821,-0.152328,-0.466784,12.180846,7595.452,8503.73,11.617263,19.555746,0.020287,0.030991,317,34,-25851338080.6598,11.11,827.0,1354111717.9999998,0.644329896907217
0,USA-AD-798,Germany,DE,721914,199901,-1.0,1,0,4.7637,1,2,7.6851,1,6,,0.0,0.0,-0.9957,1.0,1.0,-0.9986,3.0,1.0,21.34,9,7,0,1999,72,0.017205,0.062385,0.04518,4.788425,7.737003,2.12957,34168.830821,-0.152328,-0.466784,12.180846,7595.452,8503.73,11.617263,19.555746,0.017205,0.030991,317,34,-25851338080.6598,11.11,827.0,668143776.0,0.644329896907217
0,USA-AD-798,Germany,DE,721932,199901,,0,0,-1.0,1,0,-1.0,1,0,0.5978,1.0,2.0,-0.9039,3.0,4.0,0.0028,9.0,10.0,21.34,9,7,0,1999,72,0.036281,0.0,-0.036281,4.788425,7.737003,2.12957,34168.830821,-0.152328,-0.466784,12.180846,7595.452,8503.73,11.617263,19.555746,0.036281,0.030991,317,34,-25851338080.6598,11.11,827.0,522934857.0,0.644329896907217
0,USA-AD-798,Germany,DE,721933,199901,,0,1,,0,1,21.6656,1,3,0.1992,3.0,3.0,-0.6282,6.0,6.0,-0.2476,12.0,12.0,21.34,9,7,0,1999,72,0.006909,0.007078,0.000169,4.788425,7.737003,2.12957,34168.830821,-0.152328,-0.466784,12.180846,7595.452,8503.73,11.617263,19.555746,0.006909,0.030991,317,34,-25851338080.6598,11.11,827.0,2103036008.0,0.644329896907217
0,USA-AD-798,Germany,DE,721934,199901,,0,2,,0,3,,0,3,1.593,3.0,3.0,-0.0323,6.0,6.0,0.4894,12.0,12.0,21.34,9,7,0,1999,72,0.0,0.004875,0.004875,4.788425,7.737003,2.12957,34168.830821,-0.152328,-0.466784,12.180846,7595.452,8503.73,11.617263,19.555746,0.0,0.030991,317,34,-25851338080.6598,11.11,827.0,2354430308.0,0.644329896907217
1,USA-AD-798,Germany,DE,721935,199901,,0,1,,0,2,1.7989,1,3,6.5965,2.0,3.0,4.0743,5.0,6.0,2.2335,11.0,12.0,21.34,9,7,0,1999,72,0.001169,0.00407,0.002901,4.788425,7.737003,2.12957,34168.830821,-0.152328,-0.466784,12.180846,7595.452,8503.73,11.617263,19.555746,0.001169,0.030991,317,34,-25851338080.6598,11.11,827.0,482594507.0,0.644329896907217
0,USA-AD-798,Germany,DE,721990,199901,,0,1,,0,1,-0.7256,3,1,0.0973,3.0,3.0,-0.1816,6.0,6.0,0.2055,10.0,12.0,21.34,12,7,1,1999,72,,0.000739,,4.788425,7.737003,2.12957,34168.830821,-0.152328,-0.466784,12.180846,7595.452,8503.73,11.617263,19.555746,,0.030991,317,34,-25851338080.6598,11.11,827.0,493065885.0,0.644329896907217
0,USA-AD-798,Germany,DE,722012,199901,-0.461,1,1,-0.461,1,1,-0.7423,2,3,,0.0,1.0,37.3282,1.0,2.0,62.8652,1.0,6.0,21.34,9,7,0,1999,72,0.016588,0.009616,-0.006973,4.788425,7.737003,2.12957,34168.830821,-0.152328,-0.466784,12.180846,7595.452,8503.73,11.617263,19.555746,0.016588,0.030991,317,34,-25851338080.6598,11.11,827.0,135770408.0,0.644329896907217
0,USA-AD-798,Germany,DE,722020,199901,-0.1565,3,2,0.5559,5,5,-0.2995,9,10,1.7205,3.0,3.0,1.8321,6.0,6.0,3.053,12.0,12.0,21.34,12,7,1,1999,72,,0.052802,,4.788425,7.737003,2.12957,34168.830821,-0.152328,-0.466784,12.180846,7595.452,8503.73,11.617263,19.555746,,0.030991,317,34,-25851338080.6598,11.11,827.0,1356433490.0,0.644329896907217
0,USA-AD-798,Germany,DE,722090,199901,,0,1,,0,2,370.6083,2,5,,0.0,1.0,-0.8889,1.0,4.0,-0.9563,3.0,6.0,21.34,12,7,1,1999,72,,0.095898,,4.788425,7.737003,2.12957,34168.830821,-0.152328,-0.466784,12.180846,7595.452,8503.73,11.617263,19.555746,,0.030991,317,34,-25851338080.6598,11.11,827.0,264182271.0,0.644329896907217
0,USA-AD-799,Italy,IT,721913,199901,,0,0,,0,0,-0.0269,2,1,-0.648,3.0,2.0,-0.8511,6.0,3.0,-0.8927,11.0,3.0,6.25,9,7,0,1999,72,0.052036,0.022295,-0.029741,4.788425,7.737003,1.677992,31405.260901,-0.152328,-0.99946,12.180846,8284.006,9047.517,11.617263,19.555746,0.052036,0.030991,317,34,9984223099.04777,11.11,827.0,1354111717.9999998,0.628865979381443
0,USA-AD-799,Italy,IT,721914,199901,,0,0,,0,0,-1.0,4,0,,0.0,0.0,-0.9957,1.0,1.0,-0.9986,3.0,1.0,6.25,9,7,0,1999,72,0.044122,0.0,-0.044122,4.788425,7.737003,1.677992,31405.260901,-0.152328,-0.99946,12.180846,8284.006,9047.517,11.617263,19.555746,0.044122,0.030991,317,34,9984223099.04777,11.11,827.0,668143776.0,0.628865979381443
0,USA-AD-799,Italy,IT,721932,199901,,0,0,,0,0,,0,0,0.5978,1.0,2.0,-0.9039,3.0,4.0,0.0028,9.0,10.0,6.25,9,7,0,1999,72,0.0,0.0,0.0,4.788425,7.737003,1.677992,31405.260901,-0.152328,-0.99946,12.180846,8284.006,9047.517,11.617263,19.555746,0.0,0.030991,317,34,9984223099.04777,11.11,827.0,522934857.0,0.628865979381443
0,USA-AD-799,Italy,IT,721933,199901,,0,0,,0,0,,0,1,0.1992,3.0,3.0,-0.6282,6.0,6.0,-0.2476,12.0,12.0,6.25,9,7,0,1999,72,0.0,0.000349,0.000349,4.788425,7.737003,1.677992,31405.260901,-0.152328,-0.99946,12.180846,8284.006,9047.517,11.617263,19.555746,0.0,0.030991,317,34,9984223099.04777,11.11,827.0,2103036008.0,0.628865979381443
0,USA-AD-799,Italy,IT,721934,199901,,0,0,,0,0,,0,0,1.593,3.0,3.0,-0.0323,6.0,6.0,0.4894,12.0,12.0,6.25,9,7,0,1999,72,0.0,0.0,0.0,4.788425,7.737003,1.677992,31405.260901,-0.152328,-0.99946,12.180846,8284.006,9047.517,11.617263,19.555746,0.0,0.030991,317,34,9984223099.04777,11.11,827.0,2354430308.0,0.628865979381443
0,USA-AD-799,Italy,IT,721935,199901,,0,0,,0,0,,0,0,6.5965,2.0,3.0,4.0743,5.0,6.0,2.2335,11.0,12.0,6.25,9,7,0,1999,72,0.0,0.0,0.0,4.788425,7.737003,1.677992,31405.260901,-0.152328,-0.99946,12.180846,8284.006,9047.517,11.617263,19.555746,0.0,0.030991,317,34,9984223099.04777,11.11,827.0,482594507.0,0.628865979381443
0,USA-AD-799,Italy,IT,721990,199901,,0,0,,0,1,,0,1,0.0973,3.0,3.0,-0.1816,6.0,6.0,0.2055,10.0,12.0,6.25,12,7,1,1999,72,,0.000474,,4.788425,7.737003,1.677992,31405.260901,-0.152328,-0.99946,12.180846,8284.006,9047.517,11.617263,19.555746,,0.030991,317,34,9984223099.04777,11.11,827.0,493065885.0,0.628865979381443
0,USA-AD-799,Italy,IT,722012,199901,,0,0,,0,0,,0,0,,0.0,1.0,37.3282,1.0,2.0,62.8652,1.0,6.0,6.25,9,7,0,1999,72,0.0,0.0,0.0,4.788425,7.737003,1.677992,31405.260901,-0.152328,-0.99946,12.180846,8284.006,9047.517,11.617263,19.555746,0.0,0.030991,317,34,9984223099.04777,11.11,827.0,135770408.0,0.628865979381443
0,USA-AD-799,Italy,IT,722020,199901,,0,0,,0,0,,0,2,1.7205,3.0,3.0,1.8321,6.0,6.0,3.053,12.0,12.0,6.25,12,7,1,1999,72,,0.00122,,4.788425,7.737003,1.677992,31405.260901,-0.152328,-0.99946,12.180846,8284.006,9047.517,11.617263,19.555746,,0.030991,317,34,9984223099.04777,11.11,827.0,1356433490.0,0.628865979381443
0,USA-AD-799,Italy,IT,722090,199901,-1.0,1,0,16.5,1,1,27.3333,1,2,,0.0,1.0,-0.8889,1.0,4.0,-0.9563,3.0,6.0,6.25,12,7,1,1999,72,,0.001405,,4.788425,7.737003,1.677992,31405.260901,-0.152328,-0.99946,12.180846,8284.006,9047.517,11.617263,19.555746,,0.030991,317,34,9984223099.04777,11.11,827.0,264182271.0,0.628865979381443
0,USA-AD-800,Japan,JP,721913,199901,0.2361,3,3,0.6005,6,6,0.8654,12,12,-0.648,3.0,2.0,-0.8511,6.0,3.0,-0.8927,11.0,3.0,35.61,9,7,0,1999,72,0.695634,0.714637,0.019003,4.788425,7.737003,-0.33393,30636.266117,-0.152328,-0.129853,12.180846,10286.19,951.7373,11.617263,19.555746,0.695634,0.030991,317,34,114126431432.297,11.11,827.0,1354111717.9999998,0.587628865979381
0,USA-AD-800,Japan,JP,721914,199901,0.1566,3,3,0.2405,6,6,0.6934,12,12,,0.0,0.0,-0.9957,1.0,1.0,-0.9986,3.0,1.0,35.61,9,7,0,1999,72,0.823669,0.827267,0.003598,4.788425,7.737003,-0.33393,30636.266117,-0.152328,-0.129853,12.180846,10286.19,951.7373,11.617263,19.555746,0.823669,0.030991,317,34,114126431432.297,11.11,827.0,668143776.0,0.587628865979381
0,USA-AD-800,Japan,JP,721932,199901,0.8825,3,3,6.5619,4,5,3.1708,7,11,0.5978,1.0,2.0,-0.9039,3.0,4.0,0.0028,9.0,10.0,35.61,9,7,0,1999,72,0.573211,0.45411,-0.119101,4.788425,7.737003,-0.33393,30636.266117,-0.152328,-0.129853,12.180846,10286.19,951.7373,11.617263,19.555746,0.573211,0.030991,317,34,114126431432.297,11.11,827.0,522934857.0,0.587628865979381
0,USA-AD-800,Japan,JP,721933,199901,-0.3872,3,3,0.6607,6,6,2.5343,12,12,0.1992,3.0,3.0,-0.6282,6.0,6.0,-0.2476,12.0,12.0,35.61,9,7,0,1999,72,0.618128,0.462867,-0.15526,4.788425,7.737003,-0.33393,30636.266117,-0.152328,-0.129853,12.180846,10286.19,951.7373,11.617263,19.555746,0.618128,0.030991,317,34,114126431432.297,11.11,827.0,2103036008.0,0.587628865979381
0,USA-AD-800,Japan,JP,721934,199901,-0.8505,3,2,0.156,6,5,0.4676,12,11,1.593,3.0,3.0,-0.0323,6.0,6.0,0.4894,12.0,12.0,35.61,9,7,0,1999,72,0.798594,0.342409,-0.456185,4.788425,7.737003,-0.33393,30636.266117,-0.152328,-0.129853,12.180846,10286.19,951.7373,11.617263,19.555746,0.798594,0.030991,317,34,114126431432.297,11.11,827.0,2354430308.0,0.587628865979381
0,USA-AD-800,Japan,JP,721935,199901,-0.1205,3,3,0.0491,6,6,0.3385,12,12,6.5965,2.0,3.0,4.0743,5.0,6.0,2.2335,11.0,12.0,35.61,9,7,0,1999,72,0.922488,0.827182,-0.095306,4.788425,7.737003,-0.33393,30636.266117,-0.152328,-0.129853,12.180846,10286.19,951.7373,11.617263,19.555746,0.922488,0.030991,317,34,114126431432.297,11.11,827.0,482594507.0,0.587628865979381
0,USA-AD-800,Japan,JP,721990,199901,-0.5345,3,3,-0.7095,6,6,1.8099,12,12,0.0973,3.0,3.0,-0.1816,6.0,6.0,0.2055,10.0,12.0,35.61,12,7,1,1999,72,,1.610778,,4.788425,7.737003,-0.33393,30636.266117,-0.152328,-0.129853,12.180846,10286.19,951.7373,11.617263,19.555746,,0.030991,317,34,114126431432.297,11.11,827.0,493065885.0,0.587628865979381
1,USA-AD-800,Japan,JP,722012,199901,1.7779,3,3,0.9494,6,6,0.1759,12,12,,0.0,1.0,37.3282,1.0,2.0,62.8652,1.0,6.0,35.61,9,7,0,1999,72,0.674861,0.67837,0.003508,4.788425,7.737003,-0.33393,30636.266117,-0.152328,-0.129853,12.180846,10286.19,951.7373,11.617263,19.555746,0.674861,0.030991,317,34,114126431432.297,11.11,827.0,135770408.0,0.587628865979381
0,USA-AD-800,Japan,JP,722020,199901,-0.3468,3,3,-0.1955,6,6,-0.1958,12,12,1.7205,3.0,3.0,1.8321,6.0,6.0,3.053,12.0,12.0,35.61,12,7,1,1999,72,,5.008443,,4.788425,7.737003,-0.33393,30636.266117,-0.152328,-0.129853,12.180846,10286.19,951.7373,11.617263,19.555746,,0.030991,317,34,114126431432.297,11.11,827.0,1356433490.0,0.587628865979381
0,USA-AD-800,Japan,JP,722090,199901,-0.3922,3,3,-0.3508,6,6,-0.4269,12,12,,0.0,1.0,-0.8889,1.0,4.0,-0.9563,3.0,6.0,35.61,12,7,1,1999,72,,3.572823,,4.788425,7.737003,-0.33393,30636.266117,-0.152328,-0.129853,12.180846,10286.19,951.7373,11.617263,19.555746,,0.030991,317,34,114126431432.297,11.11,827.0,264182271.0,0.587628865979381
0,USA-AD-802,Mexico,MX,721913,199901,,0,0,,0,0,,0,0,-0.648,3.0,2.0,-0.8511,6.0,3.0,-0.8927,11.0,3.0,23.27,9,7,0,1999,72,0.0,0.0,0.0,4.788425,7.737003,2.75503,9264.977293,-0.152328,0.046449,12.180846,2468.405,11711.42,11.617263,19.555746,0.0,0.030991,317,34,-13999734930.0,11.11,827.0,1354111717.9999998,0.355670103092784
0,USA-AD-802,Mexico,MX,721933,199901,,0,0,,0,0,,0,0,0.1992,3.0,3.0,-0.6282,6.0,6.0,-0.2476,12.0,12.0,23.27,9,7,0,1999,72,0.0,0.0,0.0,4.788425,7.737003,2.75503,9264.977293,-0.152328,0.046449,12.180846,2468.405,11711.42,11.617263,19.555746,0.0,0.030991,317,34,-13999734930.0,11.11,827.0,2103036008.0,0.355670103092784
0,USA-AD-802,Mexico,MX,721934,199901,,0,0,,0,0,,0,0,1.593,3.0,3.0,-0.0323,6.0,6.0,0.4894,12.0,12.0,23.27,9,7,0,1999,72,0.0,0.0,0.0,4.788425,7.737003,2.75503,9264.977293,-0.152328,0.046449,12.180846,2468.405,11711.42,11.617263,19.555746,0.0,0.030991,317,34,-13999734930.0,11.11,827.0,2354430308.0,0.355670103092784
0,USA-AD-802,Mexico,MX,721935,199901,,0,0,,0,0,,0,0,6.5965,2.0,3.0,4.0743,5.0,6.0,2.2335,11.0,12.0,23.27,9,7,0,1999,72,0.0,0.0,0.0,4.788425,7.737003,2.75503,9264.977293,-0.152328,0.046449,12.180846,2468.405,11711.42,11.617263,19.555746,0.0,0.030991,317,34,-13999734930.0,11.11,827.0,482594507.0,0.355670103092784
0,USA-AD-802,Mexico,MX,722012,199901,,0,0,,0,0,,0,0,,0.0,1.0,37.3282,1.0,2.0,62.8652,1.0,6.0,23.27,9,7,0,1999,72,0.0,0.0,0.0,4.788425,7.737003,2.75503,9264.977293,-0.152328,0.046449,12.180846,2468.405,11711.42,11.617263,19.555746,0.0,0.030991,317,34,-13999734930.0,11.11,827.0,135770408.0,0.355670103092784
0,USA-AD-802,Mexico,MX,722020,199901,,0,0,,0,0,,0,0,1.7205,3.0,3.0,1.8321,6.0,6.0,3.053,12.0,12.0,23.27,12,7,1,1999,72,,0.0,,4.788425,7.737003,2.75503,9264.977293,-0.152328,0.046449,12.180846,2468.405,11711.42,11.617263,19.555746,,0.030991,317,34,-13999734930.0,11.11,827.0,1356433490.0,0.355670103092784
0,USA-AD-802,Mexico,MX,722090,199901,,0,0,,0,0,,0,0,,0.0,1.0,-0.8889,1.0,4.0,-0.9563,3.0,6.0,23.27,12,7,1,1999,72,,0.0,,4.788425,7.737003,2.75503,9264.977293,-0.152328,0.046449,12.180846,2468.405,11711.42,11.617263,19.555746,,0.030991,317,34,-13999734930.0,11.11,827.0,264182271.0,0.355670103092784
0,USA-AD-803,Taiwan,TW,721913,199901,2.885,3,3,6.0935,4,6,9.6495,5,12,-0.648,3.0,2.0,-0.8511,6.0,3.0,-0.8927,11.0,3.0,2.94,9,7,0,1999,72,0.013002,0.077489,0.064487,4.788425,7.737003,,,-0.152328,,12.180846,12155.88,1520.398,11.617263,19.555746,0.013002,0.030991,317,34,,11.11,827.0,1354111717.9999998,
0,USA-AD-803,Taiwan,TW,721914,199901,2.37,1,3,5.7302,1,5,10.6454,1,7,,0.0,0.0,-0.9957,1.0,1.0,-0.9986,3.0,1.0,2.94,9,7,0,1999,72,0.006645,0.053106,0.046462,4.788425,7.737003,,,-0.152328,,12.180846,12155.88,1520.398,11.617263,19.555746,0.006645,0.030991,317,34,,11.11,827.0,668143776.0,
0,USA-AD-803,Taiwan,TW,721932,199901,,0,1,,0,3,,0,9,0.5978,1.0,2.0,-0.9039,3.0,4.0,0.0028,9.0,10.0,2.94,9,7,0,1999,72,0.0,0.347965,0.347965,4.788425,7.737003,,,-0.152328,,12.180846,12155.88,1520.398,11.617263,19.555746,0.0,0.030991,317,34,,11.11,827.0,522934857.0,
0,USA-AD-803,Taiwan,TW,721933,199901,4.5405,3,3,24.2533,3,6,89.8273,3,12,0.1992,3.0,3.0,-0.6282,6.0,6.0,-0.2476,12.0,12.0,2.94,9,7,0,1999,72,0.014064,0.388622,0.374558,4.788425,7.737003,,,-0.152328,,12.180846,12155.88,1520.398,11.617263,19.555746,0.014064,0.030991,317,34,,11.11,827.0,2103036008.0,
1,USA-AD-803,Taiwan,TW,721934,199901,,0,2,50.071,1,5,154.559,1,11,1.593,3.0,3.0,-0.0323,6.0,6.0,0.4894,12.0,12.0,2.94,9,7,0,1999,72,0.007988,0.439281,0.431293,4.788425,7.737003,,,-0.152328,,12.180846,12155.88,1520.398,11.617263,19.555746,0.007988,0.030991,317,34,,11.11,827.0,2354430308.0,
1,USA-AD-803,Taiwan,TW,721935,199901,1.4815,3,3,8.9579,5,6,8.2277,8,12,6.5965,2.0,3.0,4.0743,5.0,6.0,2.2335,11.0,12.0,2.94,9,7,0,1999,72,0.019587,0.051246,0.031659,4.788425,7.737003,,,-0.152328,,12.180846,12155.88,1520.398,11.617263,19.555746,0.019587,0.030991,317,34,,11.11,827.0,482594507.0,
0,USA-AD-803,Taiwan,TW,721990,199901,,0,0,,0,0,,0,0,0.0973,3.0,3.0,-0.1816,6.0,6.0,0.2055,10.0,12.0,2.94,12,7,1,1999,72,,0.0,,4.788425,7.737003,,,-0.152328,,12.180846,12155.88,1520.398,11.617263,19.555746,,0.030991,317,34,,11.11,827.0,493065885.0,
0,USA-AD-803,Taiwan,TW,722012,199901,,0,0,,0,0,,0,2,,0.0,1.0,37.3282,1.0,2.0,62.8652,1.0,6.0,2.94,9,7,0,1999,72,0.0,0.015961,0.015961,4.788425,7.737003,,,-0.152328,,12.180846,12155.88,1520.398,11.617263,19.555746,0.0,0.030991,317,34,,11.11,827.0,135770408.0,
0,USA-AD-803,Taiwan,TW,722020,199901,,0,0,,0,0,,0,1,1.7205,3.0,3.0,1.8321,6.0,6.0,3.053,12.0,12.0,2.94,12,7,1,1999,72,,0.005158,,4.788425,7.737003,,,-0.152328,,12.180846,12155.88,1520.398,11.617263,19.555746,,0.030991,317,34,,11.11,827.0,1356433490.0,
0,USA-AD-803,Taiwan,TW,722090,199901,,0,0,,0,0,,0,2,,0.0,1.0,-0.8889,1.0,4.0,-0.9563,3.0,6.0,2.94,12,7,1,1999,72,,0.007263,,4.788425,7.737003,,,-0.152328,,12.180846,12155.88,1520.398,11.617263,19.555746,,0.030991,317,34,,11.11,827.0,264182271.0,
0,USA-AD-804,United Kingdom,GB,721913,199901,,0,1,,0,1,-0.9994,5,1,-0.648,3.0,2.0,-0.8511,6.0,3.0,-0.8927,11.0,3.0,13.45,9,7,0,1999,72,0.037045,0.00011,-0.036935,4.788425,7.737003,2.944459,37730.715559,-0.152328,0.023572,12.180846,6878.493,8931.778,11.617263,19.555746,0.037045,0.030991,317,34,-35700714424.7011,11.11,827.0,1354111717.9999998,0.711340206185567
0,USA-AD-804,United Kingdom,GB,721914,199901,,0,0,,0,0,,0,1,,0.0,0.0,-0.9957,1.0,1.0,-0.9986,3.0,1.0,13.45,9,7,0,1999,72,0.0,0.000323,0.000323,4.788425,7.737003,2.944459,37730.715559,-0.152328,0.023572,12.180846,6878.493,8931.778,11.617263,19.555746,0.0,0.030991,317,34,-35700714424.7011,11.11,827.0,668143776.0,0.711340206185567
0,USA-AD-804,United Kingdom,GB,721932,199901,,0,0,,0,0,-1.0,1,0,0.5978,1.0,2.0,-0.9039,3.0,4.0,0.0028,9.0,10.0,13.45,9,7,0,1999,72,0.016449,0.0,-0.016449,4.788425,7.737003,2.944459,37730.715559,-0.152328,0.023572,12.180846,6878.493,8931.778,11.617263,19.555746,0.016449,0.030991,317,34,-35700714424.7011,11.11,827.0,522934857.0,0.711340206185567
0,USA-AD-804,United Kingdom,GB,721933,199901,,0,1,,0,1,-0.0478,2,3,0.1992,3.0,3.0,-0.6282,6.0,6.0,-0.2476,12.0,12.0,13.45,9,7,0,1999,72,0.02549,0.003336,-0.022154,4.788425,7.737003,2.944459,37730.715559,-0.152328,0.023572,12.180846,6878.493,8931.778,11.617263,19.555746,0.02549,0.030991,317,34,-35700714424.7011,11.11,827.0,2103036008.0,0.711340206185567
0,USA-AD-804,United Kingdom,GB,721934,199901,-1.0,1,0,-1.0,1,0,-0.6743,3,3,1.593,3.0,3.0,-0.0323,6.0,6.0,0.4894,12.0,12.0,13.45,9,7,0,1999,72,0.080409,0.009452,-0.070957,4.788425,7.737003,2.944459,37730.715559,-0.152328,0.023572,12.180846,6878.493,8931.778,11.617263,19.555746,0.080409,0.030991,317,34,-35700714424.7011,11.11,827.0,2354430308.0,0.711340206185567
0,USA-AD-804,United Kingdom,GB,721935,199901,,0,0,,0,0,-1.0,1,0,6.5965,2.0,3.0,4.0743,5.0,6.0,2.2335,11.0,12.0,13.45,9,7,0,1999,72,0.001708,0.0,-0.001708,4.788425,7.737003,2.944459,37730.715559,-0.152328,0.023572,12.180846,6878.493,8931.778,11.617263,19.555746,0.001708,0.030991,317,34,-35700714424.7011,11.11,827.0,482594507.0,0.711340206185567
0,USA-AD-804,United Kingdom,GB,721990,199901,-1.0,1,0,-1.0,2,0,-0.6929,3,2,0.0973,3.0,3.0,-0.1816,6.0,6.0,0.2055,10.0,12.0,13.45,12,7,1,1999,72,,0.003512,,4.788425,7.737003,2.944459,37730.715559,-0.152328,0.023572,12.180846,6878.493,8931.778,11.617263,19.555746,,0.030991,317,34,-35700714424.7011,11.11,827.0,493065885.0,0.711340206185567
1,USA-AD-804,United Kingdom,GB,722012,199901,-1.0,1,0,-1.0,1,0,-0.987,1,1,,0.0,1.0,37.3282,1.0,2.0,62.8652,1.0,6.0,13.45,9,7,0,1999,72,0.001089,0.000969,-0.00012,4.788425,7.737003,2.944459,37730.715559,-0.152328,0.023572,12.180846,6878.493,8931.778,11.617263,19.555746,0.001089,0.030991,317,34,-35700714424.7011,11.11,827.0,135770408.0,0.711340206185567
1,USA-AD-804,United Kingdom,GB,722020,199901,-1.0,1,0,-1.0,1,0,25.7429,2,1,1.7205,3.0,3.0,1.8321,6.0,6.0,3.053,12.0,12.0,13.45,12,7,1,1999,72,,0.00159,,4.788425,7.737003,2.944459,37730.715559,-0.152328,0.023572,12.180846,6878.493,8931.778,11.617263,19.555746,,0.030991,317,34,-35700714424.7011,11.11,827.0,1356433490.0,0.711340206185567
0,USA-AD-804,United Kingdom,GB,722090,199901,240.7857,2,3,90.5135,4,4,-0.8344,8,6,,0.0,1.0,-0.8889,1.0,4.0,-0.9563,3.0,6.0,13.45,12,7,1,1999,72,,0.024688,,4.788425,7.737003,2.944459,37730.715559,-0.152328,0.023572,12.180846,6878.493,8931.778,11.617263,19.555746,,0.030991,317,34,-35700714424.7011,11.11,827.0,264182271.0,0.711340206185567
0,USA-AD-805,India,IN,400821,199902,-1.0,1,0,-1.0,1,0,-1.0,1,0,-0.1453,3.0,3.0,-0.0581,6.0,6.0,0.0152,12.0,12.0,62.01,1,6,0,1999,40,0.000777,0.0,-0.000777,4.788425,7.737003,8.845756,742.539208,-0.152328,0.043531,12.180846,13131.91,5108.001,11.617263,19.555746,0.000777,0.030991,316,34,-3228022816.39828,10.27,964.0,787715319.0,0.308510638297872
0,USA-AD-806,Brazil,BR,720826,199902,,0,0,,0,0,,0,0,1.7242,1.0,2.0,-0.8921,4.0,2.0,-0.9738,10.0,2.0,58.76,18,4,0,1999,72,0.0,0.0,0.0,4.788425,7.737003,0.467938,6621.636001,-0.152328,0.563039,12.180846,8088.514,17793.04,11.617263,19.555746,0.0,0.030991,316,34,-26783642462.7953,10.27,964.0,,0.417525773195876
0,USA-AD-806,Brazil,BR,720836,199902,,0,1,,0,1,,0,2,,0.0,1.0,17.7473,1.0,2.0,17.7473,1.0,2.0,58.76,18,4,0,1999,72,0.0,0.002998,0.002998,4.788425,7.737003,0.467938,6621.636001,-0.152328,0.563039,12.180846,8088.514,17793.04,11.617263,19.555746,0.0,0.030991,316,34,-26783642462.7953,10.27,964.0,,0.417525773195876
0,USA-AD-806,Brazil,BR,720837,199902,,0,2,,0,4,2.8567,1,7,-0.9556,2.0,1.0,-0.7336,5.0,2.0,0.1409,7.0,3.0,58.76,18,4,0,1999,72,0.077045,0.034477,-0.042568,4.788425,7.737003,0.467938,6621.636001,-0.152328,0.563039,12.180846,8088.514,17793.04,11.617263,19.555746,0.077045,0.030991,316,34,-26783642462.7953,10.27,964.0,,0.417525773195876
0,USA-AD-806,Brazil,BR,720838,199902,,0,3,,0,6,52.6589,1,10,1.4499,3.0,3.0,0.6955,6.0,6.0,0.2746,12.0,12.0,58.76,18,4,0,1999,72,0.036565,0.072624,0.036059,4.788425,7.737003,0.467938,6621.636001,-0.152328,0.563039,12.180846,8088.514,17793.04,11.617263,19.555746,0.036565,0.030991,316,34,-26783642462.7953,10.27,964.0,,0.417525773195876
0,USA-AD-806,Brazil,BR,720839,199902,,0,3,,0,6,,0,10,0.8663,3.0,3.0,0.3742,6.0,6.0,0.1172,12.0,12.0,58.76,18,4,0,1999,72,0.0,0.095534,0.095534,4.788425,7.737003,0.467938,6621.636001,-0.152328,0.563039,12.180846,8088.514,17793.04,11.617263,19.555746,0.0,0.030991,316,34,-26783642462.7953,10.27,964.0,,0.417525773195876
0,USA-AD-806,Brazil,BR,721070,199902,,0,0,,0,0,,0,0,0.2888,3.0,3.0,0.3478,6.0,6.0,0.4589,12.0,12.0,58.76,34,4,6,1999,72,0.0,0.0,0.0,4.788425,7.737003,0.467938,6621.636001,-0.152328,0.563039,12.180846,8088.514,17793.04,11.617263,19.555746,0.0,0.030991,316,34,-26783642462.7953,10.27,964.0,2257474134.0,0.417525773195876
0,USA-AD-806,Brazil,BR,721250,199902,,0,1,,0,1,,0,1,,0.0,0.0,-1.0,2.0,0.0,34.3425,3.0,1.0,58.76,34,4,6,1999,72,0.0,0.0005,0.0005,4.788425,7.737003,0.467938,6621.636001,-0.152328,0.563039,12.180846,8088.514,17793.04,11.617263,19.555746,0.0,0.030991,316,34,-26783642462.7953,10.27,964.0,366730906.0,0.417525773195876
0,USA-AD-806,Brazil,BR,722519,199902,,0,0,,0,0,,0,0,,0.0,3.0,,0.0,4.0,,0.0,9.0,58.76,28,4,0,1999,72,0.0,0.0,0.0,4.788425,7.737003,0.467938,6621.636001,-0.152328,0.563039,12.180846,8088.514,17793.04,11.617263,19.555746,0.0,0.030991,316,34,-26783642462.7953,10.27,964.0,,0.417525773195876
0,USA-AD-806,Brazil,BR,722699,199902,,0,0,,0,0,,0,0,-0.977,1.0,1.0,-0.9201,3.0,2.0,-0.591,3.0,4.0,58.76,31,4,0,1999,72,0.0,0.0,0.0,4.788425,7.737003,0.467938,6621.636001,-0.152328,0.563039,12.180846,8088.514,17793.04,11.617263,19.555746,0.0,0.030991,316,34,-26783642462.7953,10.27,964.0,188670964.0,0.417525773195876
0,USA-AD-807,Japan,JP,720810,199902,,0,3,1764.6362,1,5,2171.6586,1,8,,,,,,,,,,35.06,18,4,0,1999,72,1.0,0.520951,-0.479049,4.788425,7.737003,-0.33393,30636.266117,-0.152328,-0.129853,12.180846,10286.19,951.7373,11.617263,19.555746,1.0,0.030991,316,34,114126431432.297,10.27,964.0,,0.587628865979381
0,USA-AD-807,Japan,JP,720825,199902,3.0157,1,3,4.9759,4,6,4.2716,7,12,0.0282,1.0,1.0,-0.9487,3.0,1.0,-0.78,4.0,3.0,35.06,18,4,0,1999,72,1.0,0.905603,-0.094397,4.788425,7.737003,-0.33393,30636.266117,-0.152328,-0.129853,12.180846,10286.19,951.7373,11.617263,19.555746,1.0,0.030991,316,34,114126431432.297,10.27,964.0,,0.587628865979381
0,USA-AD-807,Japan,JP,720826,199902,1.0166,3,3,0.7311,6,6,1.7524,12,12,1.7242,1.0,2.0,-0.8921,4.0,2.0,-0.9738,10.0,2.0,35.06,18,4,0,1999,72,0.836416,0.97522,0.138803,4.788425,7.737003,-0.33393,30636.266117,-0.152328,-0.129853,12.180846,10286.19,951.7373,11.617263,19.555746,0.836416,0.030991,316,34,114126431432.297,10.27,964.0,,0.587628865979381
0,USA-AD-807,Japan,JP,720827,199902,0.8439,3,3,5.3809,6,6,5.6242,12,12,1.5255,1.0,1.0,-0.9647,4.0,1.0,-0.9317,8.0,3.0,35.06,18,4,0,1999,72,1.0,0.566529,-0.433471,4.788425,7.737003,-0.33393,30636.266117,-0.152328,-0.129853,12.180846,10286.19,951.7373,11.617263,19.555746,1.0,0.030991,316,34,114126431432.297,10.27,964.0,,0.587628865979381
1,USA-AD-807,Japan,JP,720836,199902,0.2667,3,3,2.4226,6,6,3.247,12,12,,0.0,1.0,17.7473,1.0,2.0,17.7473,1.0,2.0,35.06,18,4,0,1999,72,0.468772,0.339322,-0.129451,4.788425,7.737003,-0.33393,30636.266117,-0.152328,-0.129853,12.180846,10286.19,951.7373,11.617263,19.555746,0.468772,0.030991,316,34,114126431432.297,10.27,964.0,,0.587628865979381
0,USA-AD-807,Japan,JP,720837,199902,0.9214,3,3,4.1421,6,6,6.5796,12,12,-0.9556,2.0,1.0,-0.7336,5.0,2.0,0.1409,7.0,3.0,35.06,18,4,0,1999,72,0.350768,0.461542,0.110774,4.788425,7.737003,-0.33393,30636.266117,-0.152328,-0.129853,12.180846,10286.19,951.7373,11.617263,19.555746,0.350768,0.030991,316,34,114126431432.297,10.27,964.0,,0.587628865979381
0,USA-AD-807,Japan,JP,720838,199902,2.7828,3,3,10.7204,6,6,29.812,12,12,1.4499,3.0,3.0,0.6955,6.0,6.0,0.2746,12.0,12.0,35.06,18,4,0,1999,72,0.369633,0.699674,0.330042,4.788425,7.737003,-0.33393,30636.266117,-0.152328,-0.129853,12.180846,10286.19,951.7373,11.617263,19.555746,0.369633,0.030991,316,34,114126431432.297,10.27,964.0,,0.587628865979381
0,USA-AD-807,Japan,JP,720839,199902,2.9994,3,3,8.1838,6,6,17.7373,12,12,0.8663,3.0,3.0,0.3742,6.0,6.0,0.1172,12.0,12.0,35.06,18,4,0,1999,72,0.468215,0.556004,0.087789,4.788425,7.737003,-0.33393,30636.266117,-0.152328,-0.129853,12.180846,10286.19,951.7373,11.617263,19.555746,0.468215,0.030991,316,34,114126431432.297,10.27,964.0,,0.587628865979381
0,USA-AD-807,Japan,JP,720840,199902,,0,1,,0,2,-0.2905,1,5,,,,,,,,,,35.06,25,4,2,1999,72,,0.015805,,4.788425,7.737003,-0.33393,30636.266117,-0.152328,-0.129853,12.180846,10286.19,951.7373,11.617263,19.555746,,0.030991,316,34,114126431432.297,10.27,964.0,,0.587628865979381
0,USA-AD-807,Japan,JP,720853,199902,-1.0,1,0,10.7408,2,2,-0.2425,8,7,,0.0,0.0,-1.0,1.0,0.0,-1.0,1.0,0.0,35.06,25,4,2,1999,72,2.140834,0.584579,-1.556255,4.788425,7.737003,-0.33393,30636.266117,-0.152328,-0.129853,12.180846,10286.19,951.7373,11.617263,19.555746,2.140834,0.030991,316,34,114126431432.297,10.27,964.0,,0.587628865979381
0,USA-AD-807,Japan,JP,720854,199902,10.5302,2,1,2.2308,4,3,2.8465,7,9,,0.0,0.0,,0.0,0.0,,0.0,0.0,35.06,18,4,0,1999,72,0.261337,0.851014,0.589677,4.788425,7.737003,-0.33393,30636.266117,-0.152328,-0.129853,12.180846,10286.19,951.7373,11.617263,19.555746,0.261337,0.030991,316,34,114126431432.297,10.27,964.0,,0.587628865979381
0,USA-AD-807,Japan,JP,720890,199902,0.2838,3,3,0.5267,6,6,0.3859,12,12,,0.0,0.0,,0.0,0.0,-0.9945,1.0,1.0,35.06,31,4,6,1999,72,1.374946,0.527075,-0.847871,4.788425,7.737003,-0.33393,30636.266117,-0.152328,-0.129853,12.180846,10286.19,951.7373,11.617263,19.555746,1.374946,0.030991,316,34,114126431432.297,10.27,964.0,679505618.0,0.587628865979381
0,USA-AD-807,Japan,JP,721070,199902,37.2837,3,3,38.1751,3,5,6.0612,8,9,0.2888,3.0,3.0,0.3478,6.0,6.0,0.4589,12.0,12.0,35.06,34,4,6,1999,72,2.499113,0.489297,-2.009816,4.788425,7.737003,-0.33393,30636.266117,-0.152328,-0.129853,12.180846,10286.19,951.7373,11.617263,19.555746,2.499113,0.030991,316,34,114126431432.297,10.27,964.0,2257474134.0,0.587628865979381
0,USA-AD-807,Japan,JP,721090,199902,9.3345,3,3,12.8645,6,6,5.4414,12,12,,0.0,0.0,-1.0,1.0,0.0,-1.0,2.0,0.0,35.06,34,4,6,1999,72,1.361662,0.903583,-0.458079,4.788425,7.737003,-0.33393,30636.266117,-0.152328,-0.129853,12.180846,10286.19,951.7373,11.617263,19.555746,1.361662,0.030991,316,34,114126431432.297,10.27,964.0,522431468.0,0.587628865979381
0,USA-AD-807,Japan,JP,721114,199902,97.5912,1,1,-0.2636,4,3,-0.8682,10,6,,0.0,0.0,,0.0,0.0,,0.0,0.0,35.06,25,4,2,1999,72,1.786782,0.105242,-1.68154,4.788425,7.737003,-0.33393,30636.266117,-0.152328,-0.129853,12.180846,10286.19,951.7373,11.617263,19.555746,1.786782,0.030991,316,34,114126431432.297,10.27,964.0,,0.587628865979381
0,USA-AD-807,Japan,JP,721119,199902,-0.6301,3,3,-0.295,6,6,0.2056,12,12,,0.0,3.0,,0.0,4.0,,0.0,8.0,35.06,24,4,6,1999,72,0.59593,0.572457,-0.023473,4.788425,7.737003,-0.33393,30636.266117,-0.152328,-0.129853,12.180846,10286.19,951.7373,11.617263,19.555746,0.59593,0.030991,316,34,114126431432.297,10.27,964.0,5239022.0,0.587628865979381
0,USA-AD-807,Japan,JP,721240,199902,1.9099,2,3,1.7719,5,6,1.4454,9,12,-0.7638,3.0,1.0,-0.6876,4.0,2.0,0.1225,8.0,7.0,35.06,34,4,6,1999,72,1.478477,0.785101,-0.693376,4.788425,7.737003,-0.33393,30636.266117,-0.152328,-0.129853,12.180846,10286.19,951.7373,11.617263,19.555746,1.478477,0.030991,316,34,114126431432.297,10.27,964.0,452458958.0,0.587628865979381
1,USA-AD-807,Japan,JP,721250,199902,3.8417,3,3,5.207,6,6,3.3394,12,12,,0.0,0.0,-1.0,2.0,0.0,34.3425,3.0,1.0,35.06,34,4,6,1999,72,0.727197,0.617737,-0.109459,4.788425,7.737003,-0.33393,30636.266117,-0.152328,-0.129853,12.180846,10286.19,951.7373,11.617263,19.555746,0.727197,0.030991,316,34,114126431432.297,10.27,964.0,366730906.0,0.587628865979381
0,USA-AD-807,Japan,JP,722511,199902,-0.0087,3,3,1.8234,6,6,3.0371,12,12,,0.0,0.0,-1.0,1.0,0.0,-1.0,1.0,0.0,35.06,25,4,0,1999,72,0.83539,0.761373,-0.074016,4.788425,7.737003,-0.33393,30636.266117,-0.152328,-0.129853,12.180846,10286.19,951.7373,11.617263,19.555746,0.83539,0.030991,316,34,114126431432.297,10.27,964.0,,0.587628865979381
0,USA-AD-807,Japan,JP,722519,199902,0.3396,3,3,0.3196,6,6,0.4215,12,12,,0.0,3.0,,0.0,4.0,,0.0,9.0,35.06,28,4,0,1999,72,0.902468,0.957632,0.055164,4.788425,7.737003,-0.33393,30636.266117,-0.152328,-0.129853,12.180846,10286.19,951.7373,11.617263,19.555746,0.902468,0.030991,316,34,114126431432.297,10.27,964.0,,0.587628865979381
0,USA-AD-807,Japan,JP,722530,199902,0.2401,2,3,0.4988,3,6,-0.025,9,12,,0.0,0.0,,0.0,0.0,,0.0,0.0,35.06,18,4,0,1999,72,0.793438,0.892009,0.098571,4.788425,7.737003,-0.33393,30636.266117,-0.152328,-0.129853,12.180846,10286.19,951.7373,11.617263,19.555746,0.793438,0.030991,316,34,114126431432.297,10.27,964.0,459076095.00000006,0.587628865979381
0,USA-AD-807,Japan,JP,722540,199902,2.41,3,3,2.6227,6,6,1.2674,11,12,,0.0,1.0,-0.3371,1.0,1.0,-0.4314,2.0,1.0,35.06,25,4,0,1999,72,0.323976,0.316512,-0.007464,4.788425,7.737003,-0.33393,30636.266117,-0.152328,-0.129853,12.180846,10286.19,951.7373,11.617263,19.555746,0.323976,0.030991,316,34,114126431432.297,10.27,964.0,975361741.0,0.587628865979381
1,USA-AD-807,Japan,JP,722599,199902,0.3506,3,3,-0.2295,6,6,0.2005,12,12,0.4341,3.0,3.0,1.9613,6.0,6.0,7.1992,11.0,12.0,35.06,31,4,0,1999,72,0.93048,0.970473,0.039992,4.788425,7.737003,-0.33393,30636.266117,-0.152328,-0.129853,12.180846,10286.19,951.7373,11.617263,19.555746,0.93048,0.030991,316,34,114126431432.297,10.27,964.0,,0.587628865979381
0,USA-AD-807,Japan,JP,722611,199902,0.3766,3,3,1.2083,6,6,3.0289,12,12,,0.0,0.0,,0.0,0.0,,0.0,0.0,35.06,25,4,0,1999,72,0.833268,0.931392,0.098123,4.788425,7.737003,-0.33393,30636.266117,-0.152328,-0.129853,12.180846,10286.19,951.7373,11.617263,19.555746,0.833268,0.030991,316,34,114126431432.297,10.27,964.0,,0.587628865979381
0,USA-AD-807,Japan,JP,722619,199902,0.1469,3,3,1.4354,5,6,2.2387,11,12,,0.0,0.0,,0.0,0.0,,0.0,0.0,35.06,28,4,0,1999,72,0.88479,0.934486,0.049695,4.788425,7.737003,-0.33393,30636.266117,-0.152328,-0.129853,12.180846,10286.19,951.7373,11.617263,19.555746,0.88479,0.030991,316,34,114126431432.297,10.27,964.0,,0.587628865979381
0,USA-AD-807,Japan,JP,722691,199902,0.3574,3,3,0.5471,6,6,0.9531,12,12,-1.0,1.0,0.0,-1.0,1.0,0.0,-1.0,2.0,0.0,35.06,25,4,0,1999,72,0.731068,0.743059,0.011992,4.788425,7.737003,-0.33393,30636.266117,-0.152328,-0.129853,12.180846,10286.19,951.7373,11.617263,19.555746,0.731068,0.030991,316,34,114126431432.297,10.27,964.0,307095051.0,0.587628865979381
0,USA-AD-807,Japan,JP,722699,199902,-0.1314,3,3,-0.1498,6,6,-0.3272,12,12,-0.977,1.0,1.0,-0.9201,3.0,2.0,-0.591,3.0,4.0,35.06,31,4,0,1999,72,0.544112,0.614166,0.070054,4.788425,7.737003,-0.33393,30636.266117,-0.152328,-0.129853,12.180846,10286.19,951.7373,11.617263,19.555746,0.544112,0.030991,316,34,114126431432.297,10.27,964.0,188670964.0,0.587628865979381
0,USA-AD-808,Russia,RU,720810,199902,,0,0,,0,1,,0,2,,,,,,,,,,156.58,18,4,0,1999,72,0.0,0.098447,0.098447,4.788425,7.737003,6.399915,4819.380371,-0.152328,1.536805,12.180846,8915.321,6009.905,11.617263,19.555746,0.0,0.030991,316,34,22855420000.0,10.27,964.0,,0.473958333333333
0,USA-AD-808,Russia,RU,720825,199902,,0,0,,0,1,,0,1,0.0282,1.0,1.0,-0.9487,3.0,1.0,-0.78,4.0,3.0,156.58,18,4,0,1999,72,0.0,0.043209,0.043209,4.788425,7.737003,6.399915,4819.380371,-0.152328,1.536805,12.180846,8915.321,6009.905,11.617263,19.555746,0.0,0.030991,316,34,22855420000.0,10.27,964.0,,0.473958333333333
0,USA-AD-808,Russia,RU,720826,199902,,0,0,,0,1,,0,2,1.7242,1.0,2.0,-0.8921,4.0,2.0,-0.9738,10.0,2.0,156.58,18,4,0,1999,72,0.0,0.007219,0.007219,4.788425,7.737003,6.399915,4819.380371,-0.152328,1.536805,12.180846,8915.321,6009.905,11.617263,19.555746,0.0,0.030991,316,34,22855420000.0,10.27,964.0,,0.473958333333333
0,USA-AD-808,Russia,RU,720827,199902,,0,1,,0,2,,0,6,1.5255,1.0,1.0,-0.9647,4.0,1.0,-0.9317,8.0,3.0,156.58,18,4,0,1999,72,0.0,0.307345,0.307345,4.788425,7.737003,6.399915,4819.380371,-0.152328,1.536805,12.180846,8915.321,6009.905,11.617263,19.555746,0.0,0.030991,316,34,22855420000.0,10.27,964.0,,0.473958333333333
1,USA-AD-808,Russia,RU,720836,199902,,0,2,,0,4,7.5946,1,10,,0.0,1.0,17.7473,1.0,2.0,17.7473,1.0,2.0,156.58,18,4,0,1999,72,0.337503,0.414477,0.076974,4.788425,7.737003,6.399915,4819.380371,-0.152328,1.536805,12.180846,8915.321,6009.905,11.617263,19.555746,0.337503,0.030991,316,34,22855420000.0,10.27,964.0,,0.473958333333333
0,USA-AD-808,Russia,RU,720837,199902,1.1544,1,3,5.348,1,6,9.174,2,12,-0.9556,2.0,1.0,-0.7336,5.0,2.0,0.1409,7.0,3.0,156.58,18,4,0,1999,72,0.097961,0.167669,0.069708,4.788425,7.737003,6.399915,4819.380371,-0.152328,1.536805,12.180846,8915.321,6009.905,11.617263,19.555746,0.097961,0.030991,316,34,22855420000.0,10.27,964.0,,0.473958333333333
0,USA-AD-808,Russia,RU,720838,199902,,0,3,,0,6,52.4298,1,12,1.4499,3.0,3.0,0.6955,6.0,6.0,0.2746,12.0,12.0,156.58,18,4,0,1999,72,0.010703,0.027043,0.01634,4.788425,7.737003,6.399915,4819.380371,-0.152328,1.536805,12.180846,8915.321,6009.905,11.617263,19.555746,0.010703,0.030991,316,34,22855420000.0,10.27,964.0,,0.473958333333333
0,USA-AD-808,Russia,RU,720839,199902,,0,3,,0,6,329.4236,1,12,0.8663,3.0,3.0,0.3742,6.0,6.0,0.1172,12.0,12.0,156.58,18,4,0,1999,72,0.006474,0.109434,0.10296,4.788425,7.737003,6.399915,4819.380371,-0.152328,1.536805,12.180846,8915.321,6009.905,11.617263,19.555746,0.006474,0.030991,316,34,22855420000.0,10.27,964.0,,0.473958333333333
0,USA-AD-808,Russia,RU,721070,199902,,0,0,,0,0,,0,0,0.2888,3.0,3.0,0.3478,6.0,6.0,0.4589,12.0,12.0,156.58,34,4,6,1999,72,0.0,0.0,0.0,4.788425,7.737003,6.399915,4819.380371,-0.152328,1.536805,12.180846,8915.321,6009.905,11.617263,19.555746,0.0,0.030991,316,34,22855420000.0,10.27,964.0,2257474134.0,0.473958333333333
0,USA-AD-808,Russia,RU,721090,199902,,0,0,,0,0,,0,0,,0.0,0.0,-1.0,1.0,0.0,-1.0,2.0,0.0,156.58,34,4,6,1999,72,0.0,0.0,0.0,4.788425,7.737003,6.399915,4819.380371,-0.152328,1.536805,12.180846,8915.321,6009.905,11.617263,19.555746,0.0,0.030991,316,34,22855420000.0,10.27,964.0,522431468.0,0.473958333333333
0,USA-AD-808,Russia,RU,721240,199902,,0,0,,0,0,,0,0,-0.7638,3.0,1.0,-0.6876,4.0,2.0,0.1225,8.0,7.0,156.58,34,4,6,1999,72,0.0,0.0,0.0,4.788425,7.737003,6.399915,4819.380371,-0.152328,1.536805,12.180846,8915.321,6009.905,11.617263,19.555746,0.0,0.030991,316,34,22855420000.0,10.27,964.0,452458958.0,0.473958333333333
0,USA-AD-808,Russia,RU,721250,199902,,0,0,,0,0,,0,0,,0.0,0.0,-1.0,2.0,0.0,34.3425,3.0,1.0,156.58,34,4,6,1999,72,0.0,0.0,0.0,4.788425,7.737003,6.399915,4819.380371,-0.152328,1.536805,12.180846,8915.321,6009.905,11.617263,19.555746,0.0,0.030991,316,34,22855420000.0,10.27,964.0,366730906.0,0.473958333333333
0,USA-AD-808,Russia,RU,722511,199902,-1.0,1,0,0.4338,3,3,3.821,5,9,,0.0,0.0,-1.0,1.0,0.0,-1.0,1.0,0.0,156.58,25,4,0,1999,72,0.16461,0.180787,0.016177,4.788425,7.737003,6.399915,4819.380371,-0.152328,1.536805,12.180846,8915.321,6009.905,11.617263,19.555746,0.16461,0.030991,316,34,22855420000.0,10.27,964.0,,0.473958333333333
0,USA-AD-808,Russia,RU,722519,199902,,0,0,,0,0,,0,2,,0.0,3.0,,0.0,4.0,,0.0,9.0,156.58,28,4,0,1999,72,0.0,0.003793,0.003793,4.788425,7.737003,6.399915,4819.380371,-0.152328,1.536805,12.180846,8915.321,6009.905,11.617263,19.555746,0.0,0.030991,316,34,22855420000.0,10.27,964.0,,0.473958333333333
0,USA-AD-808,Russia,RU,722599,199902,,0,1,,0,1,,0,1,0.4341,3.0,3.0,1.9613,6.0,6.0,7.1992,11.0,12.0,156.58,31,4,0,1999,72,0.0,0.000112,0.000112,4.788425,7.737003,6.399915,4819.380371,-0.152328,1.536805,12.180846,8915.321,6009.905,11.617263,19.555746,0.0,0.030991,316,34,22855420000.0,10.27,964.0,,0.473958333333333
0,USA-AD-808,Russia,RU,722611,199902,,0,0,,0,0,,0,1,,0.0,0.0,,0.0,0.0,,0.0,0.0,156.58,25,4,0,1999,72,0.0,0.021152,0.021152,4.788425,7.737003,6.399915,4819.380371,-0.152328,1.536805,12.180846,8915.321,6009.905,11.617263,19.555746,0.0,0.030991,316,34,22855420000.0,10.27,964.0,,0.473958333333333
0,USA-AD-808,Russia,RU,722699,199902,-0.153,3,2,-0.5423,6,4,-0.7643,12,8,-0.977,1.0,1.0,-0.9201,3.0,2.0,-0.591,3.0,4.0,156.58,31,4,0,1999,72,0.023233,0.006608,-0.016624,4.788425,7.737003,6.399915,4819.380371,-0.152328,1.536805,12.180846,8915.321,6009.905,11.617263,19.555746,0.023233,0.030991,316,34,22855420000.0,10.27,964.0,188670964.0,0.473958333333333
1,USA-AD-811,Taiwan,TW,847330,199905,0.0266,3,3,0.0699,6,6,0.816,12,12,-0.2607,3.0,3.0,-0.0199,6.0,6.0,0.5146,12.0,12.0,16.65,3,7,7,1999,84,0.221633,0.133346,-0.088288,4.788425,7.737003,,,-0.152328,,12.180846,12155.88,1520.398,11.617263,19.555746,0.221633,0.030991,313,34,,15.23,982.0,123913760988.0,
0,USA-AD-811,Taiwan,TW,854213,199905,0.4785,3,3,1.2978,6,6,2.8569,12,12,-0.7642,3.0,3.0,-0.7059,6.0,6.0,-0.4767,12.0,12.0,16.65,2,7,2,1999,85,0.104389,0.091596,-0.012793,4.788425,7.737003,,,-0.152328,,12.180846,12155.88,1520.398,11.617263,19.555746,0.104389,0.030991,313,34,,15.23,982.0,,
0,USA-AD-814,China,CN,292520,199907,0.103,3,3,0.6875,6,6,0.8352,12,12,,0.0,0.0,,0.0,0.0,,0.0,3.0,153.7,1,5,0,1999,29,0.049782,0.054792,0.00501,4.788425,7.737003,7.737003,2076.818129,-0.152328,-8.6e-05,12.180846,11183.43,1168.165,11.617263,19.555746,0.049782,0.030991,311,34,21115000000.0,19.08,1003.0,569160108.0,0.317204301075269
0,USA-AD-816,France,FR,720851,199907,-0.8776,2,2,-0.8243,2,4,-0.103,7,7,0.0413,3.0,3.0,-0.1227,6.0,6.0,-0.4001,12.0,12.0,29.88,18,5,2,1999,72,0.010013,0.003895,-0.006118,4.788425,7.737003,3.399308,32152.720748,-0.152328,-0.840956,12.180846,7456.767,9225.815,11.617263,19.555746,0.010013,0.030991,311,34,50692422641.2379,19.08,1003.0,,0.682291666666667
0,USA-AD-816,France,FR,720852,199907,,0,1,,0,1,,0,4,-0.0658,3.0,3.0,0.1041,6.0,6.0,-0.6016,12.0,12.0,29.88,18,5,2,1999,72,0.0,0.000883,0.000883,4.788425,7.737003,3.399308,32152.720748,-0.152328,-0.840956,12.180846,7456.767,9225.815,11.617263,19.555746,0.0,0.030991,311,34,50692422641.2379,19.08,1003.0,,0.682291666666667
0,USA-AD-816,France,FR,720853,199907,,0,1,,0,1,,0,2,,0.0,0.0,,0.0,0.0,-1.0,1.0,0.0,29.88,25,5,2,1999,72,,0.031668,,4.788425,7.737003,3.399308,32152.720748,-0.152328,-0.840956,12.180846,7456.767,9225.815,11.617263,19.555746,,0.030991,311,34,50692422641.2379,19.08,1003.0,,0.682291666666667
0,USA-AD-816,France,FR,720890,199907,-0.3925,1,1,-0.5771,2,1,0.9393,4,4,,0.0,0.0,,0.0,1.0,,0.0,6.0,29.88,31,5,6,1999,72,,0.037576,,4.788425,7.737003,3.399308,32152.720748,-0.152328,-0.840956,12.180846,7456.767,9225.815,11.617263,19.555746,,0.030991,311,34,50692422641.2379,19.08,1003.0,679505618.0,0.682291666666667
0,USA-AD-816,France,FR,721070,199907,,0,0,,0,0,,0,0,-0.1849,3.0,3.0,-0.0738,6.0,6.0,0.038,12.0,12.0,29.88,34,5,6,1999,72,,0.0,,4.788425,7.737003,3.399308,32152.720748,-0.152328,-0.840956,12.180846,7456.767,9225.815,11.617263,19.555746,,0.030991,311,34,50692422641.2379,19.08,1003.0,2257474134.0,0.682291666666667
1,USA-AD-816,France,FR,721090,199907,,0,0,,0,0,47.2606,1,3,,0.0,0.0,,0.0,0.0,15.0,1.0,1.0,29.88,34,5,6,1999,72,,0.015214,,4.788425,7.737003,3.399308,32152.720748,-0.152328,-0.840956,12.180846,7456.767,9225.815,11.617263,19.555746,,0.030991,311,34,50692422641.2379,19.08,1003.0,522431468.0,0.682291666666667
0,USA-AD-816,France,FR,721114,199907,-0.9989,1,1,-0.9989,1,1,-0.9989,1,1,,0.0,0.0,,0.0,0.0,,0.0,0.0,29.88,25,5,2,1999,72,,0.003542,,4.788425,7.737003,3.399308,32152.720748,-0.152328,-0.840956,12.180846,7456.767,9225.815,11.617263,19.555746,,0.030991,311,34,50692422641.2379,19.08,1003.0,,0.682291666666667
0,USA-AD-816,France,FR,721190,199907,,0,0,,0,0,-0.9958,6,3,,0.0,0.0,,0.0,0.0,,0.0,1.0,29.88,33,5,6,1999,72,0.106854,0.00296,-0.103894,4.788425,7.737003,3.399308,32152.720748,-0.152328,-0.840956,12.180846,7456.767,9225.815,11.617263,19.555746,0.106854,0.030991,311,34,50692422641.2379,19.08,1003.0,297107861.0,0.682291666666667
0,USA-AD-816,France,FR,721240,199907,,0,0,,0,0,,0,0,0.3429,1.0,1.0,1.0028,3.0,4.0,0.6895,7.0,8.0,29.88,34,5,6,1999,72,,0.0,,4.788425,7.737003,3.399308,32152.720748,-0.152328,-0.840956,12.180846,7456.767,9225.815,11.617263,19.555746,,0.030991,311,34,50692422641.2379,19.08,1003.0,452458958.0,0.682291666666667
0,USA-AD-816,France,FR,721250,199907,,0,2,,0,3,,0,3,,0.0,0.0,,0.0,1.0,65.2292,2.0,2.0,29.88,34,5,6,1999,72,,0.011721,,4.788425,7.737003,3.399308,32152.720748,-0.152328,-0.840956,12.180846,7456.767,9225.815,11.617263,19.555746,,0.030991,311,34,50692422641.2379,19.08,1003.0,366730906.0,0.682291666666667
0,USA-AD-816,France,FR,722540,199907,-1.0,1,0,-1.0,1,0,-0.9863,4,1,,0.0,0.0,-1.0,1.0,0.0,-1.0,2.0,0.0,29.88,25,5,0,1999,72,,0.005641,,4.788425,7.737003,3.399308,32152.720748,-0.152328,-0.840956,12.180846,7456.767,9225.815,11.617263,19.555746,,0.030991,311,34,50692422641.2379,19.08,1003.0,975361741.0,0.682291666666667
1,USA-AD-816,France,FR,722599,199907,1.4783,2,3,1.7991,4,5,0.3357,7,8,0.155,3.0,3.0,0.7182,6.0,6.0,2.0965,11.0,12.0,29.88,31,5,0,1999,72,,0.026147,,4.788425,7.737003,3.399308,32152.720748,-0.152328,-0.840956,12.180846,7456.767,9225.815,11.617263,19.555746,,0.030991,311,34,50692422641.2379,19.08,1003.0,,0.682291666666667
0,USA-AD-816,France,FR,722691,199907,,0,1,,0,4,,0,5,,0.0,0.0,,0.0,0.0,-0.9854,1.0,3.0,29.88,25,5,0,1999,72,,0.0372,,4.788425,7.737003,3.399308,32152.720748,-0.152328,-0.840956,12.180846,7456.767,9225.815,11.617263,19.555746,,0.030991,311,34,50692422641.2379,19.08,1003.0,307095051.0,0.682291666666667
0,USA-AD-816,France,FR,722699,199907,-0.7401,3,3,-0.848,6,6,-0.852,12,12,3.6,1.0,1.0,3.1188,2.0,2.0,-0.6952,5.0,2.0,29.88,31,5,0,1999,72,,0.094587,,4.788425,7.737003,3.399308,32152.720748,-0.152328,-0.840956,12.180846,7456.767,9225.815,11.617263,19.555746,,0.030991,311,34,50692422641.2379,19.08,1003.0,188670964.0,0.682291666666667
0,USA-AD-817,India,IN,720851,199907,,0,0,,0,0,,0,0,0.0413,3.0,3.0,-0.1227,6.0,6.0,-0.4001,12.0,12.0,58.5,18,5,2,1999,72,0.0,0.0,0.0,4.788425,7.737003,8.845756,742.539208,-0.152328,0.043531,12.180846,13131.91,5108.001,11.617263,19.555746,0.0,0.030991,311,34,-3228022816.39828,19.08,1003.0,,0.308510638297872
0,USA-AD-817,India,IN,720852,199907,,0,0,,0,0,,0,0,-0.0658,3.0,3.0,0.1041,6.0,6.0,-0.6016,12.0,12.0,58.5,18,5,2,1999,72,0.0,0.0,0.0,4.788425,7.737003,8.845756,742.539208,-0.152328,0.043531,12.180846,13131.91,5108.001,11.617263,19.555746,0.0,0.030991,311,34,-3228022816.39828,19.08,1003.0,,0.308510638297872
0,USA-AD-817,India,IN,720853,199907,,0,0,,0,0,,0,0,,0.0,0.0,,0.0,0.0,-1.0,1.0,0.0,58.5,25,5,2,1999,72,,0.0,,4.788425,7.737003,8.845756,742.539208,-0.152328,0.043531,12.180846,13131.91,5108.001,11.617263,19.555746,,0.030991,311,34,-3228022816.39828,19.08,1003.0,,0.308510638297872
0,USA-AD-817,India,IN,720890,199907,,0,0,,0,0,,0,0,,0.0,0.0,,0.0,1.0,,0.0,6.0,58.5,31,5,6,1999,72,,0.0,,4.788425,7.737003,8.845756,742.539208,-0.152328,0.043531,12.180846,13131.91,5108.001,11.617263,19.555746,,0.030991,311,34,-3228022816.39828,19.08,1003.0,679505618.0,0.308510638297872
0,USA-AD-817,India,IN,721070,199907,,0,0,,0,0,,0,0,-0.1849,3.0,3.0,-0.0738,6.0,6.0,0.038,12.0,12.0,58.5,34,5,6,1999,72,,0.0,,4.788425,7.737003,8.845756,742.539208,-0.152328,0.043531,12.180846,13131.91,5108.001,11.617263,19.555746,,0.030991,311,34,-3228022816.39828,19.08,1003.0,2257474134.0,0.308510638297872
0,USA-AD-817,India,IN,721090,199907,,0,0,,0,0,,0,0,,0.0,0.0,,0.0,0.0,15.0,1.0,1.0,58.5,34,5,6,1999,72,,0.0,,4.788425,7.737003,8.845756,742.539208,-0.152328,0.043531,12.180846,13131.91,5108.001,11.617263,19.555746,,0.030991,311,34,-3228022816.39828,19.08,1003.0,522431468.0,0.308510638297872
0,USA-AD-817,India,IN,721190,199907,,0,0,,0,0,,0,0,,0.0,0.0,,0.0,0.0,,0.0,1.0,58.5,33,5,6,1999,72,0.0,0.0,0.0,4.788425,7.737003,8.845756,742.539208,-0.152328,0.043531,12.180846,13131.91,5108.001,11.617263,19.555746,0.0,0.030991,311,34,-3228022816.39828,19.08,1003.0,297107861.0,0.308510638297872
0,USA-AD-817,India,IN,721240,199907,,0,0,,0,0,,0,0,0.3429,1.0,1.0,1.0028,3.0,4.0,0.6895,7.0,8.0,58.5,34,5,6,1999,72,,0.0,,4.788425,7.737003,8.845756,742.539208,-0.152328,0.043531,12.180846,13131.91,5108.001,11.617263,19.555746,,0.030991,311,34,-3228022816.39828,19.08,1003.0,452458958.0,0.308510638297872
1,USA-AD-817,India,IN,721250,199907,1.3014,3,3,3.2886,4,4,6.5259,4,7,,0.0,0.0,,0.0,1.0,65.2292,2.0,2.0,58.5,34,5,6,1999,72,,0.204052,,4.788425,7.737003,8.845756,742.539208,-0.152328,0.043531,12.180846,13131.91,5108.001,11.617263,19.555746,,0.030991,311,34,-3228022816.39828,19.08,1003.0,366730906.0,0.308510638297872
0,USA-AD-817,India,IN,722550,199907,,0,0,,0,0,,0,0,,0.0,0.0,,0.0,0.0,,0.0,0.0,58.5,26,5,0,1999,72,0.0,0.0,0.0,4.788425,7.737003,8.845756,742.539208,-0.152328,0.043531,12.180846,13131.91,5108.001,11.617263,19.555746,0.0,0.030991,311,34,-3228022816.39828,19.08,1003.0,446314758.0,0.308510638297872
0,USA-AD-817,India,IN,722691,199907,,0,0,,0,0,,0,0,,0.0,0.0,,0.0,0.0,-0.9854,1.0,3.0,58.5,25,5,0,1999,72,,0.0,,4.788425,7.737003,8.845756,742.539208,-0.152328,0.043531,12.180846,13131.91,5108.001,11.617263,19.555746,,0.030991,311,34,-3228022816.39828,19.08,1003.0,307095051.0,0.308510638297872
0,USA-AD-817,India,IN,722699,199907,,0,0,,0,0,,0,0,3.6,1.0,1.0,3.1188,2.0,2.0,-0.6952,5.0,2.0,58.5,31,5,0,1999,72,,0.0,,4.788425,7.737003,8.845756,742.539208,-0.152328,0.043531,12.180846,13131.91,5108.001,11.617263,19.555746,,0.030991,311,34,-3228022816.39828,19.08,1003.0,188670964.0,0.308510638297872
0,USA-AD-818,Indonesia,ID,720840,199907,,0,0,,0,0,,0,0,,0.0,0.0,,0.0,0.0,,0.0,0.0,32.2,25,5,2,1999,72,,0.0,,4.788425,7.737003,0.791126,1767.514667,-0.152328,-0.215554,12.180846,15535.87,5081.576,11.617263,19.555746,,0.030991,311,34,5782898397.49641,19.08,1003.0,,0.347368421052632
0,USA-AD-818,Indonesia,ID,720851,199907,,0,0,-1.0,1,0,-1.0,3,0,0.0413,3.0,3.0,-0.1227,6.0,6.0,-0.4001,12.0,12.0,32.2,18,5,2,1999,72,0.004948,0.0,-0.004948,4.788425,7.737003,0.791126,1767.514667,-0.152328,-0.215554,12.180846,15535.87,5081.576,11.617263,19.555746,0.004948,0.030991,311,34,5782898397.49641,19.08,1003.0,,0.347368421052632
0,USA-AD-818,Indonesia,ID,720852,199907,,0,0,,0,0,,0,0,-0.0658,3.0,3.0,0.1041,6.0,6.0,-0.6016,12.0,12.0,32.2,18,5,2,1999,72,0.0,0.0,0.0,4.788425,7.737003,0.791126,1767.514667,-0.152328,-0.215554,12.180846,15535.87,5081.576,11.617263,19.555746,0.0,0.030991,311,34,5782898397.49641,19.08,1003.0,,0.347368421052632
0,USA-AD-818,Indonesia,ID,720853,199907,,0,0,,0,0,,0,0,,0.0,0.0,,0.0,0.0,-1.0,1.0,0.0,32.2,25,5,2,1999,72,,0.0,,4.788425,7.737003,0.791126,1767.514667,-0.152328,-0.215554,12.180846,15535.87,5081.576,11.617263,19.555746,,0.030991,311,34,5782898397.49641,19.08,1003.0,,0.347368421052632
0,USA-AD-818,Indonesia,ID,720890,199907,,0,0,,0,0,,0,0,,0.0,0.0,,0.0,1.0,,0.0,6.0,32.2,31,5,6,1999,72,,0.0,,4.788425,7.737003,0.791126,1767.514667,-0.152328,-0.215554,12.180846,15535.87,5081.576,11.617263,19.555746,,0.030991,311,34,5782898397.49641,19.08,1003.0,679505618.0,0.347368421052632
0,USA-AD-818,Indonesia,ID,721070,199907,,0,0,,0,0,,0,0,-0.1849,3.0,3.0,-0.0738,6.0,6.0,0.038,12.0,12.0,32.2,34,5,6,1999,72,,0.0,,4.788425,7.737003,0.791126,1767.514667,-0.152328,-0.215554,12.180846,15535.87,5081.576,11.617263,19.555746,,0.030991,311,34,5782898397.49641,19.08,1003.0,2257474134.0,0.347368421052632
0,USA-AD-818,Indonesia,ID,721090,199907,,0,0,,0,0,,0,0,,0.0,0.0,,0.0,0.0,15.0,1.0,1.0,32.2,34,5,6,1999,72,,0.0,,4.788425,7.737003,0.791126,1767.514667,-0.152328,-0.215554,12.180846,15535.87,5081.576,11.617263,19.555746,,0.030991,311,34,5782898397.49641,19.08,1003.0,522431468.0,0.347368421052632
0,USA-AD-818,Indonesia,ID,721113,199907,,0,0,,0,0,,0,0,,,,,,,,,,32.2,18,5,2,1999,72,,0.0,,4.788425,7.737003,0.791126,1767.514667,-0.152328,-0.215554,12.180846,15535.87,5081.576,11.617263,19.555746,,0.030991,311,34,5782898397.49641,19.08,1003.0,,0.347368421052632
0,USA-AD-818,Indonesia,ID,721190,199907,,0,0,,0,1,-0.5499,1,1,,0.0,0.0,,0.0,0.0,,0.0,1.0,32.2,33,5,6,1999,72,0.005484,0.002514,-0.002969,4.788425,7.737003,0.791126,1767.514667,-0.152328,-0.215554,12.180846,15535.87,5081.576,11.617263,19.555746,0.005484,0.030991,311,34,5782898397.49641,19.08,1003.0,297107861.0,0.347368421052632
0,USA-AD-818,Indonesia,ID,721240,199907,,0,0,,0,0,,0,0,0.3429,1.0,1.0,1.0028,3.0,4.0,0.6895,7.0,8.0,32.2,34,5,6,1999,72,,0.0,,4.788425,7.737003,0.791126,1767.514667,-0.152328,-0.215554,12.180846,15535.87,5081.576,11.617263,19.555746,,0.030991,311,34,5782898397.49641,19.08,1003.0,452458958.0,0.347368421052632
0,USA-AD-818,Indonesia,ID,721250,199907,,0,0,-1.0,1,0,-1.0,1,0,,0.0,0.0,,0.0,1.0,65.2292,2.0,2.0,32.2,34,5,6,1999,72,,0.0,,4.788425,7.737003,0.791126,1767.514667,-0.152328,-0.215554,12.180846,15535.87,5081.576,11.617263,19.555746,,0.030991,311,34,5782898397.49641,19.08,1003.0,366730906.0,0.347368421052632
0,USA-AD-818,Indonesia,ID,722540,199907,,0,0,,0,0,,0,0,,0.0,0.0,-1.0,1.0,0.0,-1.0,2.0,0.0,32.2,25,5,0,1999,72,,0.0,,4.788425,7.737003,0.791126,1767.514667,-0.152328,-0.215554,12.180846,15535.87,5081.576,11.617263,19.555746,,0.030991,311,34,5782898397.49641,19.08,1003.0,975361741.0,0.347368421052632
0,USA-AD-818,Indonesia,ID,722599,199907,,0,0,,0,0,,0,0,0.155,3.0,3.0,0.7182,6.0,6.0,2.0965,11.0,12.0,32.2,31,5,0,1999,72,,0.0,,4.788425,7.737003,0.791126,1767.514667,-0.152328,-0.215554,12.180846,15535.87,5081.576,11.617263,19.555746,,0.030991,311,34,5782898397.49641,19.08,1003.0,,0.347368421052632
0,USA-AD-818,Indonesia,ID,722691,199907,,0,0,,0,0,,0,0,,0.0,0.0,,0.0,0.0,-0.9854,1.0,3.0,32.2,25,5,0,1999,72,,0.0,,4.788425,7.737003,0.791126,1767.514667,-0.152328,-0.215554,12.180846,15535.87,5081.576,11.617263,19.555746,,0.030991,311,34,5782898397.49641,19.08,1003.0,307095051.0,0.347368421052632
0,USA-AD-818,Indonesia,ID,722699,199907,,0,0,,0,0,,0,0,3.6,1.0,1.0,3.1188,2.0,2.0,-0.6952,5.0,2.0,32.2,31,5,0,1999,72,,0.0,,4.788425,7.737003,0.791126,1767.514667,-0.152328,-0.215554,12.180846,15535.87,5081.576,11.617263,19.555746,,0.030991,311,34,5782898397.49641,19.08,1003.0,188670964.0,0.347368421052632
0,USA-AD-819,Italy,IT,720851,199907,,0,0,,0,0,,0,0,0.0413,3.0,3.0,-0.1227,6.0,6.0,-0.4001,12.0,12.0,5.78,18,5,2,1999,72,0.0,0.0,0.0,4.788425,7.737003,1.677992,31405.260901,-0.152328,-0.99946,12.180846,8284.006,9047.517,11.617263,19.555746,0.0,0.030991,311,34,9984223099.04777,19.08,1003.0,,0.628865979381443
0,USA-AD-819,Italy,IT,720852,199907,,0,0,,0,0,,0,0,-0.0658,3.0,3.0,0.1041,6.0,6.0,-0.6016,12.0,12.0,5.78,18,5,2,1999,72,0.0,0.0,0.0,4.788425,7.737003,1.677992,31405.260901,-0.152328,-0.99946,12.180846,8284.006,9047.517,11.617263,19.555746,0.0,0.030991,311,34,9984223099.04777,19.08,1003.0,,0.628865979381443
0,USA-AD-819,Italy,IT,720890,199907,,0,0,,0,0,,0,1,,0.0,0.0,,0.0,1.0,,0.0,6.0,5.78,31,5,6,1999,72,,0.000996,,4.788425,7.737003,1.677992,31405.260901,-0.152328,-0.99946,12.180846,8284.006,9047.517,11.617263,19.555746,,0.030991,311,34,9984223099.04777,19.08,1003.0,679505618.0,0.628865979381443
0,USA-AD-819,Italy,IT,721070,199907,,0,0,,0,0,,0,0,-0.1849,3.0,3.0,-0.0738,6.0,6.0,0.038,12.0,12.0,5.78,34,5,6,1999,72,,0.0,,4.788425,7.737003,1.677992,31405.260901,-0.152328,-0.99946,12.180846,8284.006,9047.517,11.617263,19.555746,,0.030991,311,34,9984223099.04777,19.08,1003.0,2257474134.0,0.628865979381443
0,USA-AD-819,Italy,IT,721190,199907,0.0,2,1,0.3336,3,3,1.2189,6,7,,0.0,0.0,,0.0,0.0,,0.0,1.0,5.78,33,5,6,1999,72,0.061316,0.089936,0.02862,4.788425,7.737003,1.677992,31405.260901,-0.152328,-0.99946,12.180846,8284.006,9047.517,11.617263,19.555746,0.061316,0.030991,311,34,9984223099.04777,19.08,1003.0,297107861.0,0.628865979381443
0,USA-AD-819,Italy,IT,721240,199907,,0,0,,0,0,,0,0,0.3429,1.0,1.0,1.0028,3.0,4.0,0.6895,7.0,8.0,5.78,34,5,6,1999,72,,0.0,,4.788425,7.737003,1.677992,31405.260901,-0.152328,-0.99946,12.180846,8284.006,9047.517,11.617263,19.555746,,0.030991,311,34,9984223099.04777,19.08,1003.0,452458958.0,0.628865979381443
0,USA-AD-819,Italy,IT,721250,199907,-1.0,1,0,-0.955,1,1,-0.9196,1,2,,0.0,0.0,,0.0,1.0,65.2292,2.0,2.0,5.78,34,5,6,1999,72,,0.011526,,4.788425,7.737003,1.677992,31405.260901,-0.152328,-0.99946,12.180846,8284.006,9047.517,11.617263,19.555746,,0.030991,311,34,9984223099.04777,19.08,1003.0,366730906.0,0.628865979381443
0,USA-AD-819,Italy,IT,722599,199907,,0,0,-1.0,1,0,-0.9977,1,1,0.155,3.0,3.0,0.7182,6.0,6.0,2.0965,11.0,12.0,5.78,31,5,0,1999,72,,0.000161,,4.788425,7.737003,1.677992,31405.260901,-0.152328,-0.99946,12.180846,8284.006,9047.517,11.617263,19.555746,,0.030991,311,34,9984223099.04777,19.08,1003.0,,0.628865979381443
0,USA-AD-819,Italy,IT,722691,199907,,0,0,,0,0,,0,0,,0.0,0.0,,0.0,0.0,-0.9854,1.0,3.0,5.78,25,5,0,1999,72,,0.0,,4.788425,7.737003,1.677992,31405.260901,-0.152328,-0.99946,12.180846,8284.006,9047.517,11.617263,19.555746,,0.030991,311,34,9984223099.04777,19.08,1003.0,307095051.0,0.628865979381443
0,USA-AD-819,Italy,IT,722699,199907,-1.0,1,0,-1.0,2,0,-0.8511,2,1,3.6,1.0,1.0,3.1188,2.0,2.0,-0.6952,5.0,2.0,5.78,31,5,0,1999,72,,0.000118,,4.788425,7.737003,1.677992,31405.260901,-0.152328,-0.99946,12.180846,8284.006,9047.517,11.617263,19.555746,,0.030991,311,34,9984223099.04777,19.08,1003.0,188670964.0,0.628865979381443
0,USA-AD-820,Japan,JP,720840,199907,-0.9081,2,1,-0.0936,2,2,3.3788,2,6,,0.0,0.0,,0.0,0.0,,0.0,0.0,11.7,25,5,2,1999,72,,0.059558,,4.788425,7.737003,-0.33393,30636.266117,-0.152328,-0.129853,12.180846,10286.19,951.7373,11.617263,19.555746,,0.030991,311,34,114126431432.297,19.08,1003.0,,0.587628865979381
0,USA-AD-820,Japan,JP,720851,199907,-0.1614,3,3,-0.0392,6,6,0.1761,12,12,0.0413,3.0,3.0,-0.1227,6.0,6.0,-0.4001,12.0,12.0,11.7,18,5,2,1999,72,1.363296,0.753331,-0.609965,4.788425,7.737003,-0.33393,30636.266117,-0.152328,-0.129853,12.180846,10286.19,951.7373,11.617263,19.555746,1.363296,0.030991,311,34,114126431432.297,19.08,1003.0,,0.587628865979381
0,USA-AD-820,Japan,JP,720852,199907,-0.2894,3,3,-0.2739,6,6,0.6637,12,12,-0.0658,3.0,3.0,0.1041,6.0,6.0,-0.6016,12.0,12.0,11.7,18,5,2,1999,72,0.983491,0.313423,-0.670068,4.788425,7.737003,-0.33393,30636.266117,-0.152328,-0.129853,12.180846,10286.19,951.7373,11.617263,19.555746,0.983491,0.030991,311,34,114126431432.297,19.08,1003.0,,0.587628865979381
0,USA-AD-820,Japan,JP,720853,199907,-0.9497,2,2,-0.7393,3,4,0.7057,5,10,,0.0,0.0,,0.0,0.0,-1.0,1.0,0.0,11.7,25,5,2,1999,72,,0.371776,,4.788425,7.737003,-0.33393,30636.266117,-0.152328,-0.129853,12.180846,10286.19,951.7373,11.617263,19.555746,,0.030991,311,34,114126431432.297,19.08,1003.0,,0.587628865979381
0,USA-AD-820,Japan,JP,720890,199907,0.0951,3,3,0.1056,6,6,0.5473,12,12,,0.0,0.0,,0.0,1.0,,0.0,6.0,11.7,31,5,6,1999,72,,1.095636,,4.788425,7.737003,-0.33393,30636.266117,-0.152328,-0.129853,12.180846,10286.19,951.7373,11.617263,19.555746,,0.030991,311,34,114126431432.297,19.08,1003.0,679505618.0,0.587628865979381
0,USA-AD-820,Japan,JP,721070,199907,0.0906,2,2,-0.6942,5,5,-0.6688,8,7,-0.1849,3.0,3.0,-0.0738,6.0,6.0,0.038,12.0,12.0,11.7,34,5,6,1999,72,,0.729784,,4.788425,7.737003,-0.33393,30636.266117,-0.152328,-0.129853,12.180846,10286.19,951.7373,11.617263,19.555746,,0.030991,311,34,114126431432.297,19.08,1003.0,2257474134.0,0.587628865979381
0,USA-AD-820,Japan,JP,721090,199907,-0.276,3,3,0.0825,6,6,0.4844,12,12,,0.0,0.0,,0.0,0.0,15.0,1.0,1.0,11.7,34,5,6,1999,72,,2.24397,,4.788425,7.737003,-0.33393,30636.266117,-0.152328,-0.129853,12.180846,10286.19,951.7373,11.617263,19.555746,,0.030991,311,34,114126431432.297,19.08,1003.0,522431468.0,0.587628865979381
0,USA-AD-820,Japan,JP,721113,199907,,0,1,,0,1,,0,2,,,,,,,,,,11.7,18,5,2,1999,72,,1.0,,4.788425,7.737003,-0.33393,30636.266117,-0.152328,-0.129853,12.180846,10286.19,951.7373,11.617263,19.555746,,0.030991,311,34,114126431432.297,19.08,1003.0,,0.587628865979381
0,USA-AD-820,Japan,JP,721114,199907,-0.6532,2,3,-0.4687,2,4,-0.866,7,5,,0.0,0.0,,0.0,0.0,,0.0,0.0,11.7,25,5,2,1999,72,,0.286654,,4.788425,7.737003,-0.33393,30636.266117,-0.152328,-0.129853,12.180846,10286.19,951.7373,11.617263,19.555746,,0.030991,311,34,114126431432.297,19.08,1003.0,,0.587628865979381
0,USA-AD-820,Japan,JP,721190,199907,4.1886,3,3,3.3924,6,6,2.0568,12,12,,0.0,0.0,,0.0,0.0,,0.0,1.0,11.7,33,5,6,1999,72,0.162036,0.27326,0.111224,4.788425,7.737003,-0.33393,30636.266117,-0.152328,-0.129853,12.180846,10286.19,951.7373,11.617263,19.555746,0.162036,0.030991,311,34,114126431432.297,19.08,1003.0,297107861.0,0.587628865979381
1,USA-AD-820,Japan,JP,721240,199907,0.7704,3,3,0.8392,6,6,0.7456,11,12,0.3429,1.0,1.0,1.0028,3.0,4.0,0.6895,7.0,8.0,11.7,34,5,6,1999,72,,1.338085,,4.788425,7.737003,-0.33393,30636.266117,-0.152328,-0.129853,12.180846,10286.19,951.7373,11.617263,19.555746,,0.030991,311,34,114126431432.297,19.08,1003.0,452458958.0,0.587628865979381
0,USA-AD-820,Japan,JP,721250,199907,-0.0568,3,3,-0.0818,6,6,0.0224,12,12,,0.0,0.0,,0.0,1.0,65.2292,2.0,2.0,11.7,34,5,6,1999,72,,1.872821,,4.788425,7.737003,-0.33393,30636.266117,-0.152328,-0.129853,12.180846,10286.19,951.7373,11.617263,19.555746,,0.030991,311,34,114126431432.297,19.08,1003.0,366730906.0,0.587628865979381
0,USA-AD-820,Japan,JP,722540,199907,-0.886,3,3,-0.7278,6,6,-0.2892,12,12,,0.0,0.0,-1.0,1.0,0.0,-1.0,2.0,0.0,11.7,25,5,0,1999,72,,0.530732,,4.788425,7.737003,-0.33393,30636.266117,-0.152328,-0.129853,12.180846,10286.19,951.7373,11.617263,19.555746,,0.030991,311,34,114126431432.297,19.08,1003.0,975361741.0,0.587628865979381
0,USA-AD-820,Japan,JP,722550,199907,-0.5152,3,3,0.053,6,6,0.7977,12,12,,0.0,0.0,,0.0,0.0,,0.0,0.0,11.7,26,5,0,1999,72,0.989104,0.955222,-0.033882,4.788425,7.737003,-0.33393,30636.266117,-0.152328,-0.129853,12.180846,10286.19,951.7373,11.617263,19.555746,0.989104,0.030991,311,34,114126431432.297,19.08,1003.0,446314758.0,0.587628865979381
1,USA-AD-820,Japan,JP,722599,199907,0.2893,3,3,0.7491,6,6,0.8804,12,12,0.155,3.0,3.0,0.7182,6.0,6.0,2.0965,11.0,12.0,11.7,31,5,0,1999,72,,2.235558,,4.788425,7.737003,-0.33393,30636.266117,-0.152328,-0.129853,12.180846,10286.19,951.7373,11.617263,19.555746,,0.030991,311,34,114126431432.297,19.08,1003.0,,0.587628865979381
0,USA-AD-820,Japan,JP,722691,199907,-0.0064,3,3,0.0043,6,6,0.4741,12,12,,0.0,0.0,,0.0,0.0,-0.9854,1.0,3.0,11.7,25,5,0,1999,72,,1.814554,,4.788425,7.737003,-0.33393,30636.266117,-0.152328,-0.129853,12.180846,10286.19,951.7373,11.617263,19.555746,,0.030991,311,34,114126431432.297,19.08,1003.0,307095051.0,0.587628865979381
0,USA-AD-820,Japan,JP,722699,199907,-0.0448,3,3,-0.0779,6,6,-0.285,12,12,3.6,1.0,1.0,3.1188,2.0,2.0,-0.6952,5.0,2.0,11.7,31,5,0,1999,72,,1.450374,,4.788425,7.737003,-0.33393,30636.266117,-0.152328,-0.129853,12.180846,10286.19,951.7373,11.617263,19.555746,,0.030991,311,34,114126431432.297,19.08,1003.0,188670964.0,0.587628865979381
0,USA-AD-828,China,CN,291822,200001,,0,0,,0,1,,0,2,,0.0,0.0,,0.0,0.0,,0.0,0.0,144.02,1,7,0,2000,29,0.0,0.01641,0.01641,4.077586,8.586432,8.586432,2237.442985,-0.049668,3.1e-05,17.042239,11183.43,1168.165,9.201858,15.916695,0.0,0.094161,305,22,20518382000.0,25.51,1319.0,65125324.0,0.341463414634146
0,USA-AD-828,China,CN,300390,200001,-0.3061,3,3,-0.4594,6,6,0.0368,12,12,0.7033,1.0,1.0,-0.9726,3.0,1.0,-0.9465,6.0,3.0,144.02,1,7,0,2000,30,0.029795,0.0367,0.006904,4.077586,8.586432,8.586432,2237.442985,-0.049668,3.1e-05,17.042239,11183.43,1168.165,9.201858,15.916695,0.029795,0.094161,305,22,20518382000.0,25.51,1319.0,3033818433.0,0.341463414634146
0,USA-AD-829,Argentina,AR,721070,199911,,0,0,,0,0,,0,0,0.0222,3.0,3.0,-0.1681,6.0,6.0,-0.0121,12.0,12.0,24.53,34,5,6,1999,72,,0.0,,4.788425,7.737003,-3.385457,10838.319935,-0.152328,0.0,12.180846,8678.352,19146.65,11.617263,19.555746,,0.030991,307,34,-11942825328.0157,24.58,1351.0,2257474134.0,0.474226804123711
0,USA-AD-829,Argentina,AR,721090,199911,,0,0,,0,0,,0,0,,0.0,0.0,,0.0,0.0,,0.0,1.0,24.53,34,5,6,1999,72,,0.0,,4.788425,7.737003,-3.385457,10838.319935,-0.152328,0.0,12.180846,8678.352,19146.65,11.617263,19.555746,,0.030991,307,34,-11942825328.0157,24.58,1351.0,522431468.0,0.474226804123711
0,USA-AD-829,Argentina,AR,721240,199911,,0,0,,0,0,,0,0,1.187,2.0,3.0,1.7892,3.0,6.0,1.1393,7.0,9.0,24.53,34,5,6,1999,72,,0.0,,4.788425,7.737003,-3.385457,10838.319935,-0.152328,0.0,12.180846,8678.352,19146.65,11.617263,19.555746,,0.030991,307,34,-11942825328.0157,24.58,1351.0,452458958.0,0.474226804123711
0,USA-AD-830,Brazil,BR,720916,199911,,0,0,,0,0,,0,0,0.4922,3.0,3.0,1.1385,6.0,6.0,0.7936,12.0,12.0,42.97,23,5,0,1999,72,0.0,0.0,0.0,4.788425,7.737003,0.467938,6621.636001,-0.152328,0.563039,12.180846,8088.514,17793.04,11.617263,19.555746,0.0,0.030991,307,34,-26783642462.7953,24.58,1351.0,,0.417525773195876
0,USA-AD-830,Brazil,BR,720917,199911,,0,0,,0,0,,0,0,2.3614,3.0,3.0,2.2541,6.0,6.0,1.8552,12.0,12.0,42.97,23,5,0,1999,72,0.0,0.0,0.0,4.788425,7.737003,0.467938,6621.636001,-0.152328,0.563039,12.180846,8088.514,17793.04,11.617263,19.555746,0.0,0.030991,307,34,-26783642462.7953,24.58,1351.0,,0.417525773195876
0,USA-AD-830,Brazil,BR,720918,199911,,0,2,,0,4,,0,7,3.5039,3.0,3.0,7.3559,5.0,6.0,10.7785,9.0,12.0,42.97,23,5,0,1999,72,0.0,0.095597,0.095597,4.788425,7.737003,0.467938,6621.636001,-0.152328,0.563039,12.180846,8088.514,17793.04,11.617263,19.555746,0.0,0.030991,307,34,-26783642462.7953,24.58,1351.0,,0.417525773195876
0,USA-AD-830,Brazil,BR,721070,199911,,0,0,,0,0,,0,0,0.0222,3.0,3.0,-0.1681,6.0,6.0,-0.0121,12.0,12.0,42.97,34,5,6,1999,72,,0.0,,4.788425,7.737003,0.467938,6621.636001,-0.152328,0.563039,12.180846,8088.514,17793.04,11.617263,19.555746,,0.030991,307,34,-26783642462.7953,24.58,1351.0,2257474134.0,0.417525773195876
0,USA-AD-830,Brazil,BR,721129,199911,,0,0,,0,0,,0,1,-0.988,2.0,1.0,-0.8659,3.0,3.0,-0.6006,6.0,7.0,42.97,25,5,6,1999,72,0.0,0.000646,0.000646,4.788425,7.737003,0.467938,6621.636001,-0.152328,0.563039,12.180846,8088.514,17793.04,11.617263,19.555746,0.0,0.030991,307,34,-26783642462.7953,24.58,1351.0,611259919.0,0.417525773195876
0,USA-AD-830,Brazil,BR,721190,199911,,0,0,,0,1,,0,3,,0.0,0.0,,0.0,0.0,,0.0,3.0,42.97,33,5,6,1999,72,,0.031257,,4.788425,7.737003,0.467938,6621.636001,-0.152328,0.563039,12.180846,8088.514,17793.04,11.617263,19.555746,,0.030991,307,34,-26783642462.7953,24.58,1351.0,297107861.0,0.417525773195876
0,USA-AD-830,Brazil,BR,721240,199911,,0,0,,0,0,,0,0,1.187,2.0,3.0,1.7892,3.0,6.0,1.1393,7.0,9.0,42.97,34,5,6,1999,72,,0.0,,4.788425,7.737003,0.467938,6621.636001,-0.152328,0.563039,12.180846,8088.514,17793.04,11.617263,19.555746,,0.030991,307,34,-26783642462.7953,24.58,1351.0,452458958.0,0.417525773195876
0,USA-AD-830,Brazil,BR,721250,199911,,0,0,,0,0,-1.0,1,0,,0.0,1.0,,0.0,2.0,,0.0,2.0,42.97,34,5,6,1999,72,,0.0,,4.788425,7.737003,0.467938,6621.636001,-0.152328,0.563039,12.180846,8088.514,17793.04,11.617263,19.555746,,0.030991,307,34,-26783642462.7953,24.58,1351.0,366730906.0,0.417525773195876
0,USA-AD-830,Brazil,BR,722519,199911,,0,0,,0,0,,0,0,1.4195,3.0,2.0,2.1952,4.0,4.0,2.7763,7.0,6.0,42.97,28,5,0,1999,72,,0.0,,4.788425,7.737003,0.467938,6621.636001,-0.152328,0.563039,12.180846,8088.514,17793.04,11.617263,19.555746,,0.030991,307,34,-26783642462.7953,24.58,1351.0,,0.417525773195876
0,USA-AD-830,Brazil,BR,722692,199911,,0,0,,0,0,,0,0,,0.0,0.0,,0.0,0.0,,0.0,0.0,42.97,23,5,0,1999,72,0.0,0.0,0.0,4.788425,7.737003,0.467938,6621.636001,-0.152328,0.563039,12.180846,8088.514,17793.04,11.617263,19.555746,0.0,0.030991,307,34,-26783642462.7953,24.58,1351.0,364758636.0,0.417525773195876
0,USA-AD-830,Brazil,BR,722699,199911,,0,0,,0,0,,0,0,-0.8696,1.0,1.0,-0.8929,2.0,1.0,-0.9653,4.0,1.0,42.97,31,5,0,1999,72,,0.0,,4.788425,7.737003,0.467938,6621.636001,-0.152328,0.563039,12.180846,8088.514,17793.04,11.617263,19.555746,,0.030991,307,34,-26783642462.7953,24.58,1351.0,188670964.0,0.417525773195876
0,USA-AD-831,China,CN,720915,200001,,0,0,,0,0,,0,0,,0.0,0.0,,0.0,1.0,0.0594,2.0,2.0,23.72,23,7,1,2000,72,0.0,0.0,0.0,4.077586,8.586432,8.586432,2237.442985,-0.049668,3.1e-05,17.042239,11183.43,1168.165,9.201858,15.916695,0.0,0.094161,305,22,20518382000.0,25.51,1319.0,,0.341463414634146
0,USA-AD-831,China,CN,720916,200001,-1.0,1,0,-1.0,1,0,-1.0,2,0,-0.1305,3.0,3.0,0.9292,6.0,6.0,0.6167,12.0,12.0,23.72,23,7,1,2000,72,,0.0,,4.077586,8.586432,8.586432,2237.442985,-0.049668,3.1e-05,17.042239,11183.43,1168.165,9.201858,15.916695,,0.094161,305,22,20518382000.0,25.51,1319.0,,0.341463414634146
0,USA-AD-831,China,CN,720917,200001,-1.0,1,0,-1.0,2,0,-0.8011,3,1,0.1086,3.0,3.0,0.987,6.0,6.0,1.1027,12.0,12.0,23.72,23,7,1,2000,72,,0.007973,,4.077586,8.586432,8.586432,2237.442985,-0.049668,3.1e-05,17.042239,11183.43,1168.165,9.201858,15.916695,,0.094161,305,22,20518382000.0,25.51,1319.0,,0.341463414634146
0,USA-AD-831,China,CN,720918,200001,,0,0,,0,0,,0,0,0.578,3.0,3.0,2.0914,6.0,6.0,3.3499,9.0,12.0,23.72,23,7,1,2000,72,,0.0,,4.077586,8.586432,8.586432,2237.442985,-0.049668,3.1e-05,17.042239,11183.43,1168.165,9.201858,15.916695,,0.094161,305,22,20518382000.0,25.51,1319.0,,0.341463414634146
0,USA-AD-831,China,CN,720925,200001,,0,0,,0,0,,0,0,,0.0,0.0,,0.0,0.0,,0.0,0.0,23.72,23,7,1,2000,72,0.0,0.0,0.0,4.077586,8.586432,8.586432,2237.442985,-0.049668,3.1e-05,17.042239,11183.43,1168.165,9.201858,15.916695,0.0,0.094161,305,22,20518382000.0,25.51,1319.0,,0.341463414634146
0,USA-AD-831,China,CN,720926,200001,,0,0,,0,0,,0,0,-1.0,3.0,0.0,0.0018,4.0,2.0,0.6221,4.0,5.0,23.72,23,7,1,2000,72,0.0,0.0,0.0,4.077586,8.586432,8.586432,2237.442985,-0.049668,3.1e-05,17.042239,11183.43,1168.165,9.201858,15.916695,0.0,0.094161,305,22,20518382000.0,25.51,1319.0,,0.341463414634146
0,USA-AD-831,China,CN,720927,200001,,0,0,,0,0,,0,0,-1.0,1.0,0.0,0.1879,1.0,1.0,1.8949,2.0,3.0,23.72,23,7,1,2000,72,0.0,0.0,0.0,4.077586,8.586432,8.586432,2237.442985,-0.049668,3.1e-05,17.042239,11183.43,1168.165,9.201858,15.916695,0.0,0.094161,305,22,20518382000.0,25.51,1319.0,,0.341463414634146
0,USA-AD-831,China,CN,720928,200001,,0,0,,0,0,,0,0,,0.0,0.0,,0.0,0.0,,0.0,0.0,23.72,23,7,1,2000,72,,0.0,,4.077586,8.586432,8.586432,2237.442985,-0.049668,3.1e-05,17.042239,11183.43,1168.165,9.201858,15.916695,,0.094161,305,22,20518382000.0,25.51,1319.0,,0.341463414634146
0,USA-AD-831,China,CN,720990,200001,,0,0,,0,0,,0,1,,0.0,0.0,,0.0,0.0,-1.0,2.0,0.0,23.72,26,7,7,2000,72,0.0,0.000155,0.000155,4.077586,8.586432,8.586432,2237.442985,-0.049668,3.1e-05,17.042239,11183.43,1168.165,9.201858,15.916695,0.0,0.094161,305,22,20518382000.0,25.51,1319.0,317464531.0,0.341463414634146
0,USA-AD-831,China,CN,721070,200001,,0,0,,0,0,,0,0,-0.1305,3.0,3.0,-0.0754,6.0,6.0,-0.0393,12.0,12.0,23.72,34,7,7,2000,72,,,,4.077586,8.586432,8.586432,2237.442985,-0.049668,3.1e-05,17.042239,11183.43,1168.165,9.201858,15.916695,,0.094161,305,22,20518382000.0,25.51,1319.0,2667260873.0,0.341463414634146
0,USA-AD-831,China,CN,721090,200001,,0,0,-1.0,1,0,-1.0,1,0,,0.0,0.0,,0.0,1.0,,0.0,1.0,23.72,34,7,7,2000,72,,0.0,,4.077586,8.586432,8.586432,2237.442985,-0.049668,3.1e-05,17.042239,11183.43,1168.165,9.201858,15.916695,,0.094161,305,22,20518382000.0,25.51,1319.0,515298997.0,0.341463414634146
0,USA-AD-831,China,CN,721123,200001,,0,0,,0,0,,0,0,,0.0,0.0,,0.0,0.0,,0.0,0.0,23.72,23,7,1,2000,72,0.0,0.0,0.0,4.077586,8.586432,8.586432,2237.442985,-0.049668,3.1e-05,17.042239,11183.43,1168.165,9.201858,15.916695,0.0,0.094161,305,22,20518382000.0,25.51,1319.0,,0.341463414634146
0,USA-AD-831,China,CN,721129,200001,,0,0,,0,0,,0,0,-0.9029,2.0,1.0,-0.7711,3.0,3.0,-0.4128,5.0,7.0,23.72,25,7,7,2000,72,,0.0,,4.077586,8.586432,8.586432,2237.442985,-0.049668,3.1e-05,17.042239,11183.43,1168.165,9.201858,15.916695,,0.094161,305,22,20518382000.0,25.51,1319.0,673001024.0,0.341463414634146
0,USA-AD-831,China,CN,721190,200001,-1.0,1,0,-1.0,1,0,2.8612,3,2,,0.0,0.0,,0.0,1.0,,0.0,3.0,23.72,33,7,7,2000,72,,0.009848,,4.077586,8.586432,8.586432,2237.442985,-0.049668,3.1e-05,17.042239,11183.43,1168.165,9.201858,15.916695,,0.094161,305,22,20518382000.0,25.51,1319.0,349754008.00000006,0.341463414634146
0,USA-AD-831,China,CN,721240,200001,,0,0,,0,0,-1.0,1,0,2.0321,3.0,3.0,1.1884,4.0,4.0,1.4818,7.0,9.0,23.72,34,7,7,2000,72,,0.0,,4.077586,8.586432,8.586432,2237.442985,-0.049668,3.1e-05,17.042239,11183.43,1168.165,9.201858,15.916695,,0.094161,305,22,20518382000.0,25.51,1319.0,447581176.0,0.341463414634146
0,USA-AD-831,China,CN,721250,200001,-0.2846,3,2,-0.5956,6,4,-0.5682,12,10,-0.9779,1.0,1.0,-0.9779,1.0,1.0,-0.9492,1.0,3.0,23.72,34,7,7,2000,72,,0.305108,,4.077586,8.586432,8.586432,2237.442985,-0.049668,3.1e-05,17.042239,11183.43,1168.165,9.201858,15.916695,,0.094161,305,22,20518382000.0,25.51,1319.0,349505840.0,0.341463414634146
0,USA-AD-831,China,CN,722519,200001,,0,0,,0,0,,0,0,-0.2397,3.0,1.0,0.0148,5.0,2.0,0.482,9.0,5.0,23.72,28,7,1,2000,72,,0.0,,4.077586,8.586432,8.586432,2237.442985,-0.049668,3.1e-05,17.042239,11183.43,1168.165,9.201858,15.916695,,0.094161,305,22,20518382000.0,25.51,1319.0,,0.341463414634146
0,USA-AD-831,China,CN,722599,200001,,0,0,,0,0,,0,0,0.0764,3.0,3.0,0.1978,6.0,6.0,0.5015,12.0,12.0,23.72,31,7,1,2000,72,,0.0,,4.077586,8.586432,8.586432,2237.442985,-0.049668,3.1e-05,17.042239,11183.43,1168.165,9.201858,15.916695,,0.094161,305,22,20518382000.0,25.51,1319.0,,0.341463414634146
0,USA-AD-831,China,CN,722619,200001,1.1935,1,1,-0.7681,2,1,13.3113,3,3,,0.0,0.0,,0.0,0.0,,0.0,0.0,23.72,28,7,1,2000,72,,0.008993,,4.077586,8.586432,8.586432,2237.442985,-0.049668,3.1e-05,17.042239,11183.43,1168.165,9.201858,15.916695,,0.094161,305,22,20518382000.0,25.51,1319.0,,0.341463414634146
0,USA-AD-831,China,CN,722692,200001,,0,0,,0,1,,0,4,,0.0,0.0,,0.0,0.0,,0.0,0.0,23.72,23,7,1,2000,72,,0.022275,,4.077586,8.586432,8.586432,2237.442985,-0.049668,3.1e-05,17.042239,11183.43,1168.165,9.201858,15.916695,,0.094161,305,22,20518382000.0,25.51,1319.0,424492909.0,0.341463414634146
0,USA-AD-831,China,CN,722699,200001,-0.7475,2,2,-0.1801,3,4,0.507,3,9,-1.0,1.0,0.0,-1.0,2.0,0.0,-1.0,4.0,0.0,23.72,31,7,1,2000,72,,0.026723,,4.077586,8.586432,8.586432,2237.442985,-0.049668,3.1e-05,17.042239,11183.43,1168.165,9.201858,15.916695,,0.094161,305,22,20518382000.0,25.51,1319.0,183879293.0,0.341463414634146
0,USA-AD-832,Indonesia,ID,720915,200001,,0,0,,0,0,,0,0,,0.0,0.0,,0.0,1.0,0.0594,2.0,2.0,49.28,23,7,1,2000,72,0.0,0.0,0.0,4.077586,8.586432,4.920068,1828.10266,-0.049668,0.072134,17.042239,15535.87,5081.576,9.201858,15.916695,0.0,0.094161,305,22,7992074100.4978,25.51,1319.0,,0.365853658536585
0,USA-AD-832,Indonesia,ID,720916,200001,,0,0,,0,0,,0,0,-0.1305,3.0,3.0,0.9292,6.0,6.0,0.6167,12.0,12.0,49.28,23,7,1,2000,72,,0.0,,4.077586,8.586432,4.920068,1828.10266,-0.049668,0.072134,17.042239,15535.87,5081.576,9.201858,15.916695,,0.094161,305,22,7992074100.4978,25.51,1319.0,,0.365853658536585
0,USA-AD-832,Indonesia,ID,720917,200001,,0,0,,0,0,,0,0,0.1086,3.0,3.0,0.987,6.0,6.0,1.1027,12.0,12.0,49.28,23,7,1,2000,72,,0.0,,4.077586,8.586432,4.920068,1828.10266,-0.049668,0.072134,17.042239,15535.87,5081.576,9.201858,15.916695,,0.094161,305,22,7992074100.4978,25.51,1319.0,,0.365853658536585
0,USA-AD-832,Indonesia,ID,720918,200001,,0,0,,0,0,,0,0,0.578,3.0,3.0,2.0914,6.0,6.0,3.3499,9.0,12.0,49.28,23,7,1,2000,72,,0.0,,4.077586,8.586432,4.920068,1828.10266,-0.049668,0.072134,17.042239,15535.87,5081.576,9.201858,15.916695,,0.094161,305,22,7992074100.4978,25.51,1319.0,,0.365853658536585
0,USA-AD-832,Indonesia,ID,720925,200001,,0,0,,0,0,,0,0,,0.0,0.0,,0.0,0.0,,0.0,0.0,49.28,23,7,1,2000,72,0.0,0.0,0.0,4.077586,8.586432,4.920068,1828.10266,-0.049668,0.072134,17.042239,15535.87,5081.576,9.201858,15.916695,0.0,0.094161,305,22,7992074100.4978,25.51,1319.0,,0.365853658536585
0,USA-AD-832,Indonesia,ID,720927,200001,,0,0,,0,0,,0,0,-1.0,1.0,0.0,0.1879,1.0,1.0,1.8949,2.0,3.0,49.28,23,7,1,2000,72,0.0,0.0,0.0,4.077586,8.586432,4.920068,1828.10266,-0.049668,0.072134,17.042239,15535.87,5081.576,9.201858,15.916695,0.0,0.094161,305,22,7992074100.4978,25.51,1319.0,,0.365853658536585
0,USA-AD-832,Indonesia,ID,720990,200001,,0,0,,0,0,,0,0,,0.0,0.0,,0.0,0.0,-1.0,2.0,0.0,49.28,26,7,7,2000,72,0.0,0.0,0.0,4.077586,8.586432,4.920068,1828.10266,-0.049668,0.072134,17.042239,15535.87,5081.576,9.201858,15.916695,0.0,0.094161,305,22,7992074100.4978,25.51,1319.0,317464531.0,0.365853658536585
0,USA-AD-832,Indonesia,ID,721070,200001,,0,0,,0,0,,0,0,-0.1305,3.0,3.0,-0.0754,6.0,6.0,-0.0393,12.0,12.0,49.28,34,7,7,2000,72,,,,4.077586,8.586432,4.920068,1828.10266,-0.049668,0.072134,17.042239,15535.87,5081.576,9.201858,15.916695,,0.094161,305,22,7992074100.4978,25.51,1319.0,2667260873.0,0.365853658536585
0,USA-AD-832,Indonesia,ID,721090,200001,,0,0,,0,0,,0,0,,0.0,0.0,,0.0,1.0,,0.0,1.0,49.28,34,7,7,2000,72,,0.0,,4.077586,8.586432,4.920068,1828.10266,-0.049668,0.072134,17.042239,15535.87,5081.576,9.201858,15.916695,,0.094161,305,22,7992074100.4978,25.51,1319.0,515298997.0,0.365853658536585
0,USA-AD-832,Indonesia,ID,721123,200001,,0,0,,0,0,,0,0,,0.0,0.0,,0.0,0.0,,0.0,0.0,49.28,23,7,1,2000,72,0.0,0.0,0.0,4.077586,8.586432,4.920068,1828.10266,-0.049668,0.072134,17.042239,15535.87,5081.576,9.201858,15.916695,0.0,0.094161,305,22,7992074100.4978,25.51,1319.0,,0.365853658536585
0,USA-AD-832,Indonesia,ID,721129,200001,,0,0,,0,0,,0,0,-0.9029,2.0,1.0,-0.7711,3.0,3.0,-0.4128,5.0,7.0,49.28,25,7,7,2000,72,,0.0,,4.077586,8.586432,4.920068,1828.10266,-0.049668,0.072134,17.042239,15535.87,5081.576,9.201858,15.916695,,0.094161,305,22,7992074100.4978,25.51,1319.0,673001024.0,0.365853658536585
0,USA-AD-832,Indonesia,ID,721190,200001,-1.0,1,0,-1.0,1,0,-1.0,1,0,,0.0,0.0,,0.0,1.0,,0.0,3.0,49.28,33,7,7,2000,72,,0.0,,4.077586,8.586432,4.920068,1828.10266,-0.049668,0.072134,17.042239,15535.87,5081.576,9.201858,15.916695,,0.094161,305,22,7992074100.4978,25.51,1319.0,349754008.00000006,0.365853658536585
0,USA-AD-832,Indonesia,ID,721240,200001,,0,0,,0,0,,0,0,2.0321,3.0,3.0,1.1884,4.0,4.0,1.4818,7.0,9.0,49.28,34,7,7,2000,72,,0.0,,4.077586,8.586432,4.920068,1828.10266,-0.049668,0.072134,17.042239,15535.87,5081.576,9.201858,15.916695,,0.094161,305,22,7992074100.4978,25.51,1319.0,447581176.0,0.365853658536585
0,USA-AD-832,Indonesia,ID,721250,200001,,0,0,,0,0,-1.0,1,0,-0.9779,1.0,1.0,-0.9779,1.0,1.0,-0.9492,1.0,3.0,49.28,34,7,7,2000,72,,0.0,,4.077586,8.586432,4.920068,1828.10266,-0.049668,0.072134,17.042239,15535.87,5081.576,9.201858,15.916695,,0.094161,305,22,7992074100.4978,25.51,1319.0,349505840.0,0.365853658536585
0,USA-AD-832,Indonesia,ID,722519,200001,,0,0,,0,0,,0,0,-0.2397,3.0,1.0,0.0148,5.0,2.0,0.482,9.0,5.0,49.28,28,7,1,2000,72,,0.0,,4.077586,8.586432,4.920068,1828.10266,-0.049668,0.072134,17.042239,15535.87,5081.576,9.201858,15.916695,,0.094161,305,22,7992074100.4978,25.51,1319.0,,0.365853658536585
0,USA-AD-832,Indonesia,ID,722599,200001,,0,0,,0,0,,0,0,0.0764,3.0,3.0,0.1978,6.0,6.0,0.5015,12.0,12.0,49.28,31,7,1,2000,72,,0.0,,4.077586,8.586432,4.920068,1828.10266,-0.049668,0.072134,17.042239,15535.87,5081.576,9.201858,15.916695,,0.094161,305,22,7992074100.4978,25.51,1319.0,,0.365853658536585
0,USA-AD-832,Indonesia,ID,722692,200001,,0,0,,0,0,,0,0,,0.0,0.0,,0.0,0.0,,0.0,0.0,49.28,23,7,1,2000,72,,0.0,,4.077586,8.586432,4.920068,1828.10266,-0.049668,0.072134,17.042239,15535.87,5081.576,9.201858,15.916695,,0.094161,305,22,7992074100.4978,25.51,1319.0,424492909.0,0.365853658536585
0,USA-AD-832,Indonesia,ID,722699,200001,,0,0,,0,0,,0,0,-1.0,1.0,0.0,-1.0,2.0,0.0,-1.0,4.0,0.0,49.28,31,7,1,2000,72,,0.0,,4.077586,8.586432,4.920068,1828.10266,-0.049668,0.072134,17.042239,15535.87,5081.576,9.201858,15.916695,,0.094161,305,22,7992074100.4978,25.51,1319.0,183879293.0,0.365853658536585
0,USA-AD-833,Japan,JP,720915,199911,-0.1949,2,1,0.9483,3,3,1.1496,4,4,,0.0,0.0,-1.0,1.0,0.0,0.0594,2.0,2.0,39.28,23,5,0,1999,72,0.844814,,,4.788425,7.737003,-0.33393,30636.266117,-0.152328,-0.129853,12.180846,10286.19,951.7373,11.617263,19.555746,0.844814,0.030991,307,34,114126431432.297,24.58,1351.0,,0.587628865979381
0,USA-AD-833,Japan,JP,720916,199911,-0.3789,3,3,-0.4459,6,6,-0.6359,12,12,0.4922,3.0,3.0,1.1385,6.0,6.0,0.7936,12.0,12.0,39.28,23,5,0,1999,72,0.76773,0.660813,-0.106917,4.788425,7.737003,-0.33393,30636.266117,-0.152328,-0.129853,12.180846,10286.19,951.7373,11.617263,19.555746,0.76773,0.030991,307,34,114126431432.297,24.58,1351.0,,0.587628865979381
0,USA-AD-833,Japan,JP,720917,199911,-0.4367,3,3,-0.5804,6,6,-0.6925,12,12,2.3614,3.0,3.0,2.2541,6.0,6.0,1.8552,12.0,12.0,39.28,23,5,0,1999,72,0.902143,0.984544,0.082402,4.788425,7.737003,-0.33393,30636.266117,-0.152328,-0.129853,12.180846,10286.19,951.7373,11.617263,19.555746,0.902143,0.030991,307,34,114126431432.297,24.58,1351.0,,0.587628865979381
0,USA-AD-833,Japan,JP,720918,199911,-0.5885,3,3,-0.6003,6,6,-0.5558,12,12,3.5039,3.0,3.0,7.3559,5.0,6.0,10.7785,9.0,12.0,39.28,23,5,0,1999,72,0.844192,0.66041,-0.183783,4.788425,7.737003,-0.33393,30636.266117,-0.152328,-0.129853,12.180846,10286.19,951.7373,11.617263,19.555746,0.844192,0.030991,307,34,114126431432.297,24.58,1351.0,,0.587628865979381
0,USA-AD-833,Japan,JP,720925,199911,,0,0,,0,1,15.3129,2,2,,0.0,0.0,,0.0,0.0,,0.0,0.0,39.28,23,5,0,1999,72,5.446809,,,4.788425,7.737003,-0.33393,30636.266117,-0.152328,-0.129853,12.180846,10286.19,951.7373,11.617263,19.555746,5.446809,0.030991,307,34,114126431432.297,24.58,1351.0,,0.587628865979381
0,USA-AD-833,Japan,JP,720926,199911,2.341,3,3,1.6242,4,6,-0.3535,9,7,1.5584,1.0,2.0,0.0671,2.0,2.0,0.5933,4.0,6.0,39.28,23,5,0,1999,72,13.112371,,,4.788425,7.737003,-0.33393,30636.266117,-0.152328,-0.129853,12.180846,10286.19,951.7373,11.617263,19.555746,13.112371,0.030991,307,34,114126431432.297,24.58,1351.0,,0.587628865979381
0,USA-AD-833,Japan,JP,720927,199911,-0.0153,3,1,-0.029,4,2,0.289,6,6,,0.0,1.0,,0.0,1.0,3.7065,3.0,3.0,39.28,23,5,0,1999,72,,,,4.788425,7.737003,-0.33393,30636.266117,-0.152328,-0.129853,12.180846,10286.19,951.7373,11.617263,19.555746,,0.030991,307,34,114126431432.297,24.58,1351.0,,0.587628865979381
0,USA-AD-833,Japan,JP,720928,199911,,0,0,,0,1,,0,2,,0.0,0.0,,0.0,0.0,,0.0,0.0,39.28,23,5,0,1999,72,0.0,,,4.788425,7.737003,-0.33393,30636.266117,-0.152328,-0.129853,12.180846,10286.19,951.7373,11.617263,19.555746,0.0,0.030991,307,34,114126431432.297,24.58,1351.0,,0.587628865979381
0,USA-AD-833,Japan,JP,720990,199911,-0.5288,3,2,-0.1249,6,5,-0.2957,12,9,,0.0,0.0,,0.0,0.0,-1.0,3.0,0.0,39.28,26,5,6,1999,72,7.300618,,,4.788425,7.737003,-0.33393,30636.266117,-0.152328,-0.129853,12.180846,10286.19,951.7373,11.617263,19.555746,7.300618,0.030991,307,34,114126431432.297,24.58,1351.0,352069269.0,0.587628865979381
0,USA-AD-833,Japan,JP,721070,199911,2.1477,2,2,1.4528,4,3,-0.6298,10,7,0.0222,3.0,3.0,-0.1681,6.0,6.0,-0.0121,12.0,12.0,39.28,34,5,6,1999,72,,3.177728,,4.788425,7.737003,-0.33393,30636.266117,-0.152328,-0.129853,12.180846,10286.19,951.7373,11.617263,19.555746,,0.030991,307,34,114126431432.297,24.58,1351.0,2257474134.0,0.587628865979381
0,USA-AD-833,Japan,JP,721090,199911,-0.4532,3,3,-0.5846,6,6,-0.4905,12,12,,0.0,0.0,,0.0,0.0,,0.0,1.0,39.28,34,5,6,1999,72,,2.230814,,4.788425,7.737003,-0.33393,30636.266117,-0.152328,-0.129853,12.180846,10286.19,951.7373,11.617263,19.555746,,0.030991,307,34,114126431432.297,24.58,1351.0,522431468.0,0.587628865979381
0,USA-AD-833,Japan,JP,721123,199911,0.0212,3,3,-0.1814,6,6,-0.3476,12,12,,0.0,0.0,,0.0,0.0,,0.0,0.0,39.28,23,5,0,1999,72,5.798773,,,4.788425,7.737003,-0.33393,30636.266117,-0.152328,-0.129853,12.180846,10286.19,951.7373,11.617263,19.555746,5.798773,0.030991,307,34,114126431432.297,24.58,1351.0,,0.587628865979381
0,USA-AD-833,Japan,JP,721129,199911,-0.2033,3,3,-0.1929,6,6,-0.1378,12,12,-0.988,2.0,1.0,-0.8659,3.0,3.0,-0.6006,6.0,7.0,39.28,25,5,6,1999,72,0.696133,0.575077,-0.121056,4.788425,7.737003,-0.33393,30636.266117,-0.152328,-0.129853,12.180846,10286.19,951.7373,11.617263,19.555746,0.696133,0.030991,307,34,114126431432.297,24.58,1351.0,611259919.0,0.587628865979381
0,USA-AD-833,Japan,JP,721190,199911,-0.7498,3,3,-0.5578,6,6,0.8453,12,12,,0.0,0.0,,0.0,0.0,,0.0,3.0,39.28,33,5,6,1999,72,,0.661982,,4.788425,7.737003,-0.33393,30636.266117,-0.152328,-0.129853,12.180846,10286.19,951.7373,11.617263,19.555746,,0.030991,307,34,114126431432.297,24.58,1351.0,297107861.0,0.587628865979381
0,USA-AD-833,Japan,JP,721240,199911,1.008,3,3,0.3476,6,6,0.7896,11,12,1.187,2.0,3.0,1.7892,3.0,6.0,1.1393,7.0,9.0,39.28,34,5,6,1999,72,,2.268629,,4.788425,7.737003,-0.33393,30636.266117,-0.152328,-0.129853,12.180846,10286.19,951.7373,11.617263,19.555746,,0.030991,307,34,114126431432.297,24.58,1351.0,452458958.0,0.587628865979381
0,USA-AD-833,Japan,JP,721250,199911,-0.5349,3,3,-0.6894,6,6,-0.6574,12,12,,0.0,1.0,,0.0,2.0,,0.0,2.0,39.28,34,5,6,1999,72,,1.876314,,4.788425,7.737003,-0.33393,30636.266117,-0.152328,-0.129853,12.180846,10286.19,951.7373,11.617263,19.555746,,0.030991,307,34,114126431432.297,24.58,1351.0,366730906.0,0.587628865979381
1,USA-AD-833,Japan,JP,722519,199911,0.0972,3,3,0.1515,6,6,0.5431,12,12,1.4195,3.0,2.0,2.1952,4.0,4.0,2.7763,7.0,6.0,39.28,28,5,0,1999,72,,1.349413,,4.788425,7.737003,-0.33393,30636.266117,-0.152328,-0.129853,12.180846,10286.19,951.7373,11.617263,19.555746,,0.030991,307,34,114126431432.297,24.58,1351.0,,0.587628865979381
0,USA-AD-833,Japan,JP,722550,199911,0.3961,3,3,1.0289,6,6,0.5445,12,12,,0.0,0.0,,0.0,0.0,,0.0,0.0,39.28,26,5,0,1999,72,,5.373929,,4.788425,7.737003,-0.33393,30636.266117,-0.152328,-0.129853,12.180846,10286.19,951.7373,11.617263,19.555746,,0.030991,307,34,114126431432.297,24.58,1351.0,446314758.0,0.587628865979381
1,USA-AD-833,Japan,JP,722599,199911,1.0511,3,3,1.1858,6,6,1.2053,12,12,1.304,3.0,3.0,0.8359,6.0,6.0,1.3063,12.0,12.0,39.28,31,5,0,1999,72,,,,4.788425,7.737003,-0.33393,30636.266117,-0.152328,-0.129853,12.180846,10286.19,951.7373,11.617263,19.555746,,0.030991,307,34,114126431432.297,24.58,1351.0,,0.587628865979381
0,USA-AD-833,Japan,JP,722619,199911,0.3888,3,3,0.4258,6,6,0.9755,12,12,,0.0,0.0,,0.0,0.0,,0.0,0.0,39.28,28,5,0,1999,72,,,,4.788425,7.737003,-0.33393,30636.266117,-0.152328,-0.129853,12.180846,10286.19,951.7373,11.617263,19.555746,,0.030991,307,34,114126431432.297,24.58,1351.0,,0.587628865979381
0,USA-AD-833,Japan,JP,722692,199911,0.1878,3,3,0.0512,6,6,0.3638,12,12,,0.0,0.0,,0.0,0.0,,0.0,0.0,39.28,23,5,0,1999,72,0.878909,0.881891,0.002983,4.788425,7.737003,-0.33393,30636.266117,-0.152328,-0.129853,12.180846,10286.19,951.7373,11.617263,19.555746,0.878909,0.030991,307,34,114126431432.297,24.58,1351.0,364758636.0,0.587628865979381
0,USA-AD-833,Japan,JP,722699,199911,0.0057,3,3,-0.0188,6,6,-0.321,12,12,-0.8696,1.0,1.0,-0.8929,2.0,1.0,-0.9653,4.0,1.0,39.28,31,5,0,1999,72,,1.889646,,4.788425,7.737003,-0.33393,30636.266117,-0.152328,-0.129853,12.180846,10286.19,951.7373,11.617263,19.555746,,0.030991,307,34,114126431432.297,24.58,1351.0,188670964.0,0.587628865979381
1,USA-AD-834,Russia,RU,720916,199911,-1.0,2,0,2.1247,2,2,3.6633,2,3,0.4922,3.0,3.0,1.1385,6.0,6.0,0.7936,12.0,12.0,177.59,23,5,0,1999,72,0.031575,0.300828,0.269253,4.788425,7.737003,6.399915,4819.380371,-0.152328,1.536805,12.180846,8915.321,6009.905,11.617263,19.555746,0.031575,0.030991,307,34,22855420000.0,24.58,1351.0,,0.473958333333333
0,USA-AD-834,Russia,RU,720925,199911,,0,0,,0,0,,0,1,,0.0,0.0,,0.0,0.0,,0.0,0.0,177.59,23,5,0,1999,72,0.0,,,4.788425,7.737003,6.399915,4819.380371,-0.152328,1.536805,12.180846,8915.321,6009.905,11.617263,19.555746,0.0,0.030991,307,34,22855420000.0,24.58,1351.0,,0.473958333333333
0,USA-AD-834,Russia,RU,720926,199911,,0,0,-1.0,1,0,-1.0,1,0,1.5584,1.0,2.0,0.0671,2.0,2.0,0.5933,4.0,6.0,177.59,23,5,0,1999,72,1.533788,,,4.788425,7.737003,6.399915,4819.380371,-0.152328,1.536805,12.180846,8915.321,6009.905,11.617263,19.555746,1.533788,0.030991,307,34,22855420000.0,24.58,1351.0,,0.473958333333333
0,USA-AD-834,Russia,RU,720990,199911,,0,0,,0,0,,0,0,,0.0,0.0,,0.0,0.0,-1.0,3.0,0.0,177.59,26,5,6,1999,72,0.0,,,4.788425,7.737003,6.399915,4819.380371,-0.152328,1.536805,12.180846,8915.321,6009.905,11.617263,19.555746,0.0,0.030991,307,34,22855420000.0,24.58,1351.0,352069269.0,0.473958333333333
0,USA-AD-834,Russia,RU,721070,199911,,0,0,,0,0,,0,0,0.0222,3.0,3.0,-0.1681,6.0,6.0,-0.0121,12.0,12.0,177.59,34,5,6,1999,72,,0.0,,4.788425,7.737003,6.399915,4819.380371,-0.152328,1.536805,12.180846,8915.321,6009.905,11.617263,19.555746,,0.030991,307,34,22855420000.0,24.58,1351.0,2257474134.0,0.473958333333333
0,USA-AD-834,Russia,RU,721090,199911,,0,0,,0,0,,0,0,,0.0,0.0,,0.0,0.0,,0.0,1.0,177.59,34,5,6,1999,72,,0.0,,4.788425,7.737003,6.399915,4819.380371,-0.152328,1.536805,12.180846,8915.321,6009.905,11.617263,19.555746,,0.030991,307,34,22855420000.0,24.58,1351.0,522431468.0,0.473958333333333
0,USA-AD-834,Russia,RU,721129,199911,,0,0,,0,0,,0,0,-0.988,2.0,1.0,-0.8659,3.0,3.0,-0.6006,6.0,7.0,177.59,25,5,6,1999,72,0.0,0.0,0.0,4.788425,7.737003,6.399915,4819.380371,-0.152328,1.536805,12.180846,8915.321,6009.905,11.617263,19.555746,0.0,0.030991,307,34,22855420000.0,24.58,1351.0,611259919.0,0.473958333333333
0,USA-AD-834,Russia,RU,721190,199911,,0,0,,0,0,,0,0,,0.0,0.0,,0.0,0.0,,0.0,3.0,177.59,33,5,6,1999,72,,0.0,,4.788425,7.737003,6.399915,4819.380371,-0.152328,1.536805,12.180846,8915.321,6009.905,11.617263,19.555746,,0.030991,307,34,22855420000.0,24.58,1351.0,297107861.0,0.473958333333333
0,USA-AD-834,Russia,RU,721240,199911,,0,0,,0,0,,0,0,1.187,2.0,3.0,1.7892,3.0,6.0,1.1393,7.0,9.0,177.59,34,5,6,1999,72,,0.0,,4.788425,7.737003,6.399915,4819.380371,-0.152328,1.536805,12.180846,8915.321,6009.905,11.617263,19.555746,,0.030991,307,34,22855420000.0,24.58,1351.0,452458958.0,0.473958333333333
0,USA-AD-834,Russia,RU,721250,199911,,0,0,,0,0,,0,0,,0.0,1.0,,0.0,2.0,,0.0,2.0,177.59,34,5,6,1999,72,,0.0,,4.788425,7.737003,6.399915,4819.380371,-0.152328,1.536805,12.180846,8915.321,6009.905,11.617263,19.555746,,0.030991,307,34,22855420000.0,24.58,1351.0,366730906.0,0.473958333333333
0,USA-AD-834,Russia,RU,722519,199911,-0.928,1,1,-0.8524,1,2,0.1782,1,3,1.4195,3.0,2.0,2.1952,4.0,4.0,2.7763,7.0,6.0,177.59,28,5,0,1999,72,,0.005068,,4.788425,7.737003,6.399915,4819.380371,-0.152328,1.536805,12.180846,8915.321,6009.905,11.617263,19.555746,,0.030991,307,34,22855420000.0,24.58,1351.0,,0.473958333333333
0,USA-AD-834,Russia,RU,722550,199911,-1.0,1,0,-1.0,1,0,-1.0,1,0,,0.0,0.0,,0.0,0.0,,0.0,0.0,177.59,26,5,0,1999,72,,0.0,,4.788425,7.737003,6.399915,4819.380371,-0.152328,1.536805,12.180846,8915.321,6009.905,11.617263,19.555746,,0.030991,307,34,22855420000.0,24.58,1351.0,446314758.0,0.473958333333333
0,USA-AD-834,Russia,RU,722599,199911,,0,0,,0,0,-1.0,1,0,1.304,3.0,3.0,0.8359,6.0,6.0,1.3063,12.0,12.0,177.59,31,5,0,1999,72,,,,4.788425,7.737003,6.399915,4819.380371,-0.152328,1.536805,12.180846,8915.321,6009.905,11.617263,19.555746,,0.030991,307,34,22855420000.0,24.58,1351.0,,0.473958333333333
0,USA-AD-834,Russia,RU,722619,199911,,0,0,,0,1,,0,1,,0.0,0.0,,0.0,0.0,,0.0,0.0,177.59,28,5,0,1999,72,,,,4.788425,7.737003,6.399915,4819.380371,-0.152328,1.536805,12.180846,8915.321,6009.905,11.617263,19.555746,,0.030991,307,34,22855420000.0,24.58,1351.0,,0.473958333333333
0,USA-AD-834,Russia,RU,722699,199911,49.7,1,3,2.9889,3,5,-0.3336,8,7,-0.8696,1.0,1.0,-0.8929,2.0,1.0,-0.9653,4.0,1.0,177.59,31,5,0,1999,72,,0.005279,,4.788425,7.737003,6.399915,4819.380371,-0.152328,1.536805,12.180846,8915.321,6009.905,11.617263,19.555746,,0.030991,307,34,22855420000.0,24.58,1351.0,188670964.0,0.473958333333333
0,USA-AD-835,Slovakia,SK,721190,200001,,0,0,,0,0,,0,3,,0.0,0.0,,0.0,1.0,,0.0,3.0,,33,7,7,2000,72,,0.060108,,4.077586,8.586432,0.789224,8997.211996,-0.049668,0.11296,17.042239,8289.6,8205.849,9.201858,15.916695,,0.094161,305,22,-694258356.335149,25.51,1319.0,349754008.00000006,0.58433734939759
0,USA-AD-836,South Africa,ZA,720916,199911,,0,0,,0,0,,0,0,0.4922,3.0,3.0,1.1385,6.0,6.0,0.7936,12.0,12.0,16.65,23,5,0,1999,72,0.0,0.0,0.0,4.788425,7.737003,2.4,4552.85008,-0.152328,0.105132,12.180846,14418.61,12792.46,11.617263,19.555746,0.0,0.030991,307,34,-675246561.695196,24.58,1351.0,,0.433333333333333
0,USA-AD-836,South Africa,ZA,720917,199911,,0,0,,0,0,,0,0,2.3614,3.0,3.0,2.2541,6.0,6.0,1.8552,12.0,12.0,16.65,23,5,0,1999,72,0.0,0.0,0.0,4.788425,7.737003,2.4,4552.85008,-0.152328,0.105132,12.180846,14418.61,12792.46,11.617263,19.555746,0.0,0.030991,307,34,-675246561.695196,24.58,1351.0,,0.433333333333333
0,USA-AD-836,South Africa,ZA,720918,199911,,0,0,,0,0,,0,0,3.5039,3.0,3.0,7.3559,5.0,6.0,10.7785,9.0,12.0,16.65,23,5,0,1999,72,0.0,0.0,0.0,4.788425,7.737003,2.4,4552.85008,-0.152328,0.105132,12.180846,14418.61,12792.46,11.617263,19.555746,0.0,0.030991,307,34,-675246561.695196,24.58,1351.0,,0.433333333333333
0,USA-AD-836,South Africa,ZA,720927,199911,,0,0,,0,0,,0,0,,0.0,1.0,,0.0,1.0,3.7065,3.0,3.0,16.65,23,5,0,1999,72,,,,4.788425,7.737003,2.4,4552.85008,-0.152328,0.105132,12.180846,14418.61,12792.46,11.617263,19.555746,,0.030991,307,34,-675246561.695196,24.58,1351.0,,0.433333333333333
0,USA-AD-836,South Africa,ZA,721070,199911,,0,0,,0,0,,0,0,0.0222,3.0,3.0,-0.1681,6.0,6.0,-0.0121,12.0,12.0,16.65,34,5,6,1999,72,,0.0,,4.788425,7.737003,2.4,4552.85008,-0.152328,0.105132,12.180846,14418.61,12792.46,11.617263,19.555746,,0.030991,307,34,-675246561.695196,24.58,1351.0,2257474134.0,0.433333333333333
0,USA-AD-836,South Africa,ZA,721090,199911,,0,0,,0,0,,0,0,,0.0,0.0,,0.0,0.0,,0.0,1.0,16.65,34,5,6,1999,72,,0.0,,4.788425,7.737003,2.4,4552.85008,-0.152328,0.105132,12.180846,14418.61,12792.46,11.617263,19.555746,,0.030991,307,34,-675246561.695196,24.58,1351.0,522431468.0,0.433333333333333
0,USA-AD-836,South Africa,ZA,721123,199911,,0,0,,0,0,,0,0,,0.0,0.0,,0.0,0.0,,0.0,0.0,16.65,23,5,0,1999,72,0.0,,,4.788425,7.737003,2.4,4552.85008,-0.152328,0.105132,12.180846,14418.61,12792.46,11.617263,19.555746,0.0,0.030991,307,34,-675246561.695196,24.58,1351.0,,0.433333333333333
0,USA-AD-836,South Africa,ZA,721240,199911,,0,0,,0,0,,0,0,1.187,2.0,3.0,1.7892,3.0,6.0,1.1393,7.0,9.0,16.65,34,5,6,1999,72,,0.0,,4.788425,7.737003,2.4,4552.85008,-0.152328,0.105132,12.180846,14418.61,12792.46,11.617263,19.555746,,0.030991,307,34,-675246561.695196,24.58,1351.0,452458958.0,0.433333333333333
0,USA-AD-836,South Africa,ZA,722519,199911,,0,0,,0,0,,0,0,1.4195,3.0,2.0,2.1952,4.0,4.0,2.7763,7.0,6.0,16.65,28,5,0,1999,72,,0.0,,4.788425,7.737003,2.4,4552.85008,-0.152328,0.105132,12.180846,14418.61,12792.46,11.617263,19.555746,,0.030991,307,34,-675246561.695196,24.58,1351.0,,0.433333333333333
0,USA-AD-836,South Africa,ZA,722599,199911,,0,0,,0,0,,0,0,1.304,3.0,3.0,0.8359,6.0,6.0,1.3063,12.0,12.0,16.65,31,5,0,1999,72,,,,4.788425,7.737003,2.4,4552.85008,-0.152328,0.105132,12.180846,14418.61,12792.46,11.617263,19.555746,,0.030991,307,34,-675246561.695196,24.58,1351.0,,0.433333333333333
0,USA-AD-837,Taiwan,TW,720915,200001,,0,0,,0,0,,0,0,,0.0,0.0,,0.0,1.0,0.0594,2.0,2.0,14.8,23,7,1,2000,72,0.0,0.0,0.0,4.077586,8.586432,,,-0.049668,,17.042239,12155.88,1520.398,9.201858,15.916695,0.0,0.094161,305,22,,25.51,1319.0,,
0,USA-AD-837,Taiwan,TW,720916,200001,,0,0,,0,0,-1.0,3,0,-0.1305,3.0,3.0,0.9292,6.0,6.0,0.6167,12.0,12.0,14.8,23,7,1,2000,72,,0.0,,4.077586,8.586432,,,-0.049668,,17.042239,12155.88,1520.398,9.201858,15.916695,,0.094161,305,22,,25.51,1319.0,,
0,USA-AD-837,Taiwan,TW,720917,200001,,0,0,-1.0,2,0,-1.0,7,0,0.1086,3.0,3.0,0.987,6.0,6.0,1.1027,12.0,12.0,14.8,23,7,1,2000,72,,0.0,,4.077586,8.586432,,,-0.049668,,17.042239,12155.88,1520.398,9.201858,15.916695,,0.094161,305,22,,25.51,1319.0,,
0,USA-AD-837,Taiwan,TW,720918,200001,,0,0,-1.0,1,0,-1.0,5,0,0.578,3.0,3.0,2.0914,6.0,6.0,3.3499,9.0,12.0,14.8,23,7,1,2000,72,,0.0,,4.077586,8.586432,,,-0.049668,,17.042239,12155.88,1520.398,9.201858,15.916695,,0.094161,305,22,,25.51,1319.0,,
0,USA-AD-837,Taiwan,TW,720926,200001,,0,0,,0,0,,0,1,-1.0,3.0,0.0,0.0018,4.0,2.0,0.6221,4.0,5.0,14.8,23,7,1,2000,72,0.0,0.010875,0.010875,4.077586,8.586432,,,-0.049668,,17.042239,12155.88,1520.398,9.201858,15.916695,0.0,0.094161,305,22,,25.51,1319.0,,
0,USA-AD-837,Taiwan,TW,720990,200001,,0,0,,0,0,-1.0,1,0,,0.0,0.0,,0.0,0.0,-1.0,2.0,0.0,14.8,26,7,7,2000,72,0.016163,0.0,-0.016163,4.077586,8.586432,,,-0.049668,,17.042239,12155.88,1520.398,9.201858,15.916695,0.016163,0.094161,305,22,,25.51,1319.0,317464531.0,
0,USA-AD-837,Taiwan,TW,721070,200001,,0,0,,0,0,,0,0,-0.1305,3.0,3.0,-0.0754,6.0,6.0,-0.0393,12.0,12.0,14.8,34,7,7,2000,72,,,,4.077586,8.586432,,,-0.049668,,17.042239,12155.88,1520.398,9.201858,15.916695,,0.094161,305,22,,25.51,1319.0,2667260873.0,
0,USA-AD-837,Taiwan,TW,721090,200001,,0,0,,0,0,,0,0,,0.0,0.0,,0.0,1.0,,0.0,1.0,14.8,34,7,7,2000,72,,0.0,,4.077586,8.586432,,,-0.049668,,17.042239,12155.88,1520.398,9.201858,15.916695,,0.094161,305,22,,25.51,1319.0,515298997.0,
0,USA-AD-837,Taiwan,TW,721123,200001,,0,0,,0,0,,0,1,,0.0,0.0,,0.0,0.0,,0.0,0.0,14.8,23,7,1,2000,72,0.0,0.004969,0.004969,4.077586,8.586432,,,-0.049668,,17.042239,12155.88,1520.398,9.201858,15.916695,0.0,0.094161,305,22,,25.51,1319.0,,
0,USA-AD-837,Taiwan,TW,721129,200001,,0,0,,0,2,,0,2,-0.9029,2.0,1.0,-0.7711,3.0,3.0,-0.4128,5.0,7.0,14.8,25,7,7,2000,72,,0.016259,,4.077586,8.586432,,,-0.049668,,17.042239,12155.88,1520.398,9.201858,15.916695,,0.094161,305,22,,25.51,1319.0,673001024.0,
0,USA-AD-837,Taiwan,TW,721190,200001,0.4792,1,2,1.3333,1,3,1.3662,2,4,,0.0,0.0,,0.0,1.0,,0.0,3.0,14.8,33,7,7,2000,72,,0.006191,,4.077586,8.586432,,,-0.049668,,17.042239,12155.88,1520.398,9.201858,15.916695,,0.094161,305,22,,25.51,1319.0,349754008.00000006,
0,USA-AD-837,Taiwan,TW,721240,200001,,0,0,,0,0,,0,0,2.0321,3.0,3.0,1.1884,4.0,4.0,1.4818,7.0,9.0,14.8,34,7,7,2000,72,,0.0,,4.077586,8.586432,,,-0.049668,,17.042239,12155.88,1520.398,9.201858,15.916695,,0.094161,305,22,,25.51,1319.0,447581176.0,
0,USA-AD-837,Taiwan,TW,721250,200001,,0,0,,0,0,,0,0,-0.9779,1.0,1.0,-0.9779,1.0,1.0,-0.9492,1.0,3.0,14.8,34,7,7,2000,72,,0.0,,4.077586,8.586432,,,-0.049668,,17.042239,12155.88,1520.398,9.201858,15.916695,,0.094161,305,22,,25.51,1319.0,349505840.0,
0,USA-AD-837,Taiwan,TW,722519,200001,,0,0,,0,0,,0,0,-0.2397,3.0,1.0,0.0148,5.0,2.0,0.482,9.0,5.0,14.8,28,7,1,2000,72,,0.0,,4.077586,8.586432,,,-0.049668,,17.042239,12155.88,1520.398,9.201858,15.916695,,0.094161,305,22,,25.51,1319.0,,
0,USA-AD-837,Taiwan,TW,722599,200001,,0,1,,0,2,,0,2,0.0764,3.0,3.0,0.1978,6.0,6.0,0.5015,12.0,12.0,14.8,31,7,1,2000,72,,0.000415,,4.077586,8.586432,,,-0.049668,,17.042239,12155.88,1520.398,9.201858,15.916695,,0.094161,305,22,,25.51,1319.0,,
0,USA-AD-837,Taiwan,TW,722619,200001,,0,0,,0,0,,0,0,,0.0,0.0,,0.0,0.0,,0.0,0.0,14.8,28,7,1,2000,72,,0.0,,4.077586,8.586432,,,-0.049668,,17.042239,12155.88,1520.398,9.201858,15.916695,,0.094161,305,22,,25.51,1319.0,,
0,USA-AD-837,Taiwan,TW,722692,200001,,0,0,,0,0,,0,0,,0.0,0.0,,0.0,0.0,,0.0,0.0,14.8,23,7,1,2000,72,,0.0,,4.077586,8.586432,,,-0.049668,,17.042239,12155.88,1520.398,9.201858,15.916695,,0.094161,305,22,,25.51,1319.0,424492909.0,
0,USA-AD-837,Taiwan,TW,722699,200001,,0,0,,0,0,,0,0,-1.0,1.0,0.0,-1.0,2.0,0.0,-1.0,4.0,0.0,14.8,31,7,1,2000,72,,0.0,,4.077586,8.586432,,,-0.049668,,17.042239,12155.88,1520.398,9.201858,15.916695,,0.094161,305,22,,25.51,1319.0,183879293.0,
0,USA-AD-838,Thailand,TH,720915,199911,,0,0,,0,0,,0,0,,0.0,0.0,-1.0,1.0,0.0,0.0594,2.0,2.0,67.97,23,5,0,1999,72,0.0,,,4.788425,7.737003,4.572308,3403.087374,-0.152328,-0.08573,12.180846,13936.19,3699.128,11.617263,19.555746,0.0,0.030991,307,34,12427871816.9766,24.58,1351.0,,0.371134020618557
0,USA-AD-838,Thailand,TH,720916,199911,,0,0,,0,0,,0,0,0.4922,3.0,3.0,1.1385,6.0,6.0,0.7936,12.0,12.0,67.97,23,5,0,1999,72,0.0,0.0,0.0,4.788425,7.737003,4.572308,3403.087374,-0.152328,-0.08573,12.180846,13936.19,3699.128,11.617263,19.555746,0.0,0.030991,307,34,12427871816.9766,24.58,1351.0,,0.371134020618557
0,USA-AD-838,Thailand,TH,720917,199911,,0,1,,0,1,,0,1,2.3614,3.0,3.0,2.2541,6.0,6.0,1.8552,12.0,12.0,67.97,23,5,0,1999,72,0.0,0.000255,0.000255,4.788425,7.737003,4.572308,3403.087374,-0.152328,-0.08573,12.180846,13936.19,3699.128,11.617263,19.555746,0.0,0.030991,307,34,12427871816.9766,24.58,1351.0,,0.371134020618557
0,USA-AD-838,Thailand,TH,720918,199911,,0,0,,0,0,,0,0,3.5039,3.0,3.0,7.3559,5.0,6.0,10.7785,9.0,12.0,67.97,23,5,0,1999,72,0.0,0.0,0.0,4.788425,7.737003,4.572308,3403.087374,-0.152328,-0.08573,12.180846,13936.19,3699.128,11.617263,19.555746,0.0,0.030991,307,34,12427871816.9766,24.58,1351.0,,0.371134020618557
0,USA-AD-838,Thailand,TH,720990,199911,,0,0,,0,0,,0,0,,0.0,0.0,,0.0,0.0,-1.0,3.0,0.0,67.97,26,5,6,1999,72,0.0,,,4.788425,7.737003,4.572308,3403.087374,-0.152328,-0.08573,12.180846,13936.19,3699.128,11.617263,19.555746,0.0,0.030991,307,34,12427871816.9766,24.58,1351.0,352069269.0,0.371134020618557
0,USA-AD-838,Thailand,TH,721070,199911,,0,0,,0,0,,0,0,0.0222,3.0,3.0,-0.1681,6.0,6.0,-0.0121,12.0,12.0,67.97,34,5,6,1999,72,,0.0,,4.788425,7.737003,4.572308,3403.087374,-0.152328,-0.08573,12.180846,13936.19,3699.128,11.617263,19.555746,,0.030991,307,34,12427871816.9766,24.58,1351.0,2257474134.0,0.371134020618557
0,USA-AD-838,Thailand,TH,721090,199911,,0,0,,0,0,,0,0,,0.0,0.0,,0.0,0.0,,0.0,1.0,67.97,34,5,6,1999,72,,0.0,,4.788425,7.737003,4.572308,3403.087374,-0.152328,-0.08573,12.180846,13936.19,3699.128,11.617263,19.555746,,0.030991,307,34,12427871816.9766,24.58,1351.0,522431468.0,0.371134020618557
0,USA-AD-838,Thailand,TH,721123,199911,,0,1,,0,1,,0,1,,0.0,0.0,,0.0,0.0,,0.0,0.0,67.97,23,5,0,1999,72,0.0,,,4.788425,7.737003,4.572308,3403.087374,-0.152328,-0.08573,12.180846,13936.19,3699.128,11.617263,19.555746,0.0,0.030991,307,34,12427871816.9766,24.58,1351.0,,0.371134020618557
0,USA-AD-838,Thailand,TH,721129,199911,,0,1,,0,1,,0,1,-0.988,2.0,1.0,-0.8659,3.0,3.0,-0.6006,6.0,7.0,67.97,25,5,6,1999,72,0.0,0.0,0.0,4.788425,7.737003,4.572308,3403.087374,-0.152328,-0.08573,12.180846,13936.19,3699.128,11.617263,19.555746,0.0,0.030991,307,34,12427871816.9766,24.58,1351.0,611259919.0,0.371134020618557
0,USA-AD-838,Thailand,TH,721190,199911,,0,0,,0,0,,0,0,,0.0,0.0,,0.0,0.0,,0.0,3.0,67.97,33,5,6,1999,72,,0.0,,4.788425,7.737003,4.572308,3403.087374,-0.152328,-0.08573,12.180846,13936.19,3699.128,11.617263,19.555746,,0.030991,307,34,12427871816.9766,24.58,1351.0,297107861.0,0.371134020618557
0,USA-AD-838,Thailand,TH,721240,199911,,0,0,,0,0,,0,0,1.187,2.0,3.0,1.7892,3.0,6.0,1.1393,7.0,9.0,67.97,34,5,6,1999,72,,0.0,,4.788425,7.737003,4.572308,3403.087374,-0.152328,-0.08573,12.180846,13936.19,3699.128,11.617263,19.555746,,0.030991,307,34,12427871816.9766,24.58,1351.0,452458958.0,0.371134020618557
0,USA-AD-838,Thailand,TH,721250,199911,,0,0,,0,0,,0,0,,0.0,1.0,,0.0,2.0,,0.0,2.0,67.97,34,5,6,1999,72,,0.0,,4.788425,7.737003,4.572308,3403.087374,-0.152328,-0.08573,12.180846,13936.19,3699.128,11.617263,19.555746,,0.030991,307,34,12427871816.9766,24.58,1351.0,366730906.0,0.371134020618557
0,USA-AD-838,Thailand,TH,722519,199911,,0,0,,0,0,,0,0,1.4195,3.0,2.0,2.1952,4.0,4.0,2.7763,7.0,6.0,67.97,28,5,0,1999,72,,0.0,,4.788425,7.737003,4.572308,3403.087374,-0.152328,-0.08573,12.180846,13936.19,3699.128,11.617263,19.555746,,0.030991,307,34,12427871816.9766,24.58,1351.0,,0.371134020618557
0,USA-AD-838,Thailand,TH,722619,199911,,0,0,,0,0,,0,0,,0.0,0.0,,0.0,0.0,,0.0,0.0,67.97,28,5,0,1999,72,,,,4.788425,7.737003,4.572308,3403.087374,-0.152328,-0.08573,12.180846,13936.19,3699.128,11.617263,19.555746,,0.030991,307,34,12427871816.9766,24.58,1351.0,,0.371134020618557
0,USA-AD-838,Thailand,TH,722699,199911,,0,0,,0,0,,0,0,-0.8696,1.0,1.0,-0.8929,2.0,1.0,-0.9653,4.0,1.0,67.97,31,5,0,1999,72,,0.0,,4.788425,7.737003,4.572308,3403.087374,-0.152328,-0.08573,12.180846,13936.19,3699.128,11.617263,19.555746,,0.030991,307,34,12427871816.9766,24.58,1351.0,188670964.0,0.371134020618557
0,USA-AD-839,Turkey,TR,720917,200001,,0,0,,0,0,,0,0,0.1086,3.0,3.0,0.987,6.0,6.0,1.1027,12.0,12.0,8.81,23,7,1,2000,72,,0.0,,4.077586,8.586432,6.985287,6326.257465,-0.049668,0.492942,17.042239,9705.772,7937.729,9.201858,15.916695,,0.094161,305,22,-9920000000.0,25.51,1319.0,,0.525
0,USA-AD-839,Turkey,TR,720918,200001,,0,0,,0,0,,0,0,0.578,3.0,3.0,2.0914,6.0,6.0,3.3499,9.0,12.0,8.81,23,7,1,2000,72,,0.0,,4.077586,8.586432,6.985287,6326.257465,-0.049668,0.492942,17.042239,9705.772,7937.729,9.201858,15.916695,,0.094161,305,22,-9920000000.0,25.51,1319.0,,0.525
0,USA-AD-839,Turkey,TR,721070,200001,,0,0,,0,0,,0,0,-0.1305,3.0,3.0,-0.0754,6.0,6.0,-0.0393,12.0,12.0,8.81,34,7,7,2000,72,,,,4.077586,8.586432,6.985287,6326.257465,-0.049668,0.492942,17.042239,9705.772,7937.729,9.201858,15.916695,,0.094161,305,22,-9920000000.0,25.51,1319.0,2667260873.0,0.525
0,USA-AD-839,Turkey,TR,721090,200001,,0,0,,0,0,,0,0,,0.0,0.0,,0.0,1.0,,0.0,1.0,8.81,34,7,7,2000,72,,0.0,,4.077586,8.586432,6.985287,6326.257465,-0.049668,0.492942,17.042239,9705.772,7937.729,9.201858,15.916695,,0.094161,305,22,-9920000000.0,25.51,1319.0,515298997.0,0.525
0,USA-AD-839,Turkey,TR,721123,200001,,0,0,,0,0,,0,0,,0.0,0.0,,0.0,0.0,,0.0,0.0,8.81,23,7,1,2000,72,0.0,0.0,0.0,4.077586,8.586432,6.985287,6326.257465,-0.049668,0.492942,17.042239,9705.772,7937.729,9.201858,15.916695,0.0,0.094161,305,22,-9920000000.0,25.51,1319.0,,0.525
0,USA-AD-839,Turkey,TR,721129,200001,,0,0,,0,0,,0,0,-0.9029,2.0,1.0,-0.7711,3.0,3.0,-0.4128,5.0,7.0,8.81,25,7,7,2000,72,,0.0,,4.077586,8.586432,6.985287,6326.257465,-0.049668,0.492942,17.042239,9705.772,7937.729,9.201858,15.916695,,0.094161,305,22,-9920000000.0,25.51,1319.0,673001024.0,0.525
0,USA-AD-839,Turkey,TR,721240,200001,,0,0,,0,0,,0,0,2.0321,3.0,3.0,1.1884,4.0,4.0,1.4818,7.0,9.0,8.81,34,7,7,2000,72,,0.0,,4.077586,8.586432,6.985287,6326.257465,-0.049668,0.492942,17.042239,9705.772,7937.729,9.201858,15.916695,,0.094161,305,22,-9920000000.0,25.51,1319.0,447581176.0,0.525
0,USA-AD-840,Venezuela,VE,720916,199911,,0,0,,0,0,,0,0,0.4922,3.0,3.0,1.1385,6.0,6.0,0.7936,12.0,12.0,42.93,23,5,0,1999,72,0.0,0.0,0.0,4.788425,7.737003,-5.970458,3675.991041,-0.152328,0.106212,12.180846,4204.499,14585.11,11.617263,19.555746,0.0,0.030991,307,34,2112000000.0,24.58,1351.0,,0.373684210526316
0,USA-AD-840,Venezuela,VE,720917,199911,,0,0,,0,0,,0,0,2.3614,3.0,3.0,2.2541,6.0,6.0,1.8552,12.0,12.0,42.93,23,5,0,1999,72,0.0,0.0,0.0,4.788425,7.737003,-5.970458,3675.991041,-0.152328,0.106212,12.180846,4204.499,14585.11,11.617263,19.555746,0.0,0.030991,307,34,2112000000.0,24.58,1351.0,,0.373684210526316
0,USA-AD-840,Venezuela,VE,720918,199911,,0,0,,0,0,,0,0,3.5039,3.0,3.0,7.3559,5.0,6.0,10.7785,9.0,12.0,42.93,23,5,0,1999,72,0.0,0.0,0.0,4.788425,7.737003,-5.970458,3675.991041,-0.152328,0.106212,12.180846,4204.499,14585.11,11.617263,19.555746,0.0,0.030991,307,34,2112000000.0,24.58,1351.0,,0.373684210526316
1,USA-AD-841,China,CN,200970,199911,21.9444,1,3,8.3745,3,6,0.9946,8,8,-1.0,1.0,0.0,0.3333,1.0,1.0,7.8181,1.0,3.0,54.55,1,5,0,1999,20,0.565239,0.775156,0.209917,4.788425,7.737003,7.737003,2076.818129,-0.152328,-8.6e-05,12.180846,11183.43,1168.165,11.617263,19.555746,0.565239,0.030991,307,34,21115000000.0,24.58,1351.0,1055867922.0,0.317204301075269
0,USA-AD-841,China,CN,210690,199911,-0.386,3,3,-0.2858,6,6,0.1237,12,12,0.0953,3.0,3.0,0.0582,6.0,6.0,0.2595,12.0,12.0,54.55,2,5,4,1999,21,0.025751,0.023254,-0.002497,4.788425,7.737003,7.737003,2076.818129,-0.152328,-8.6e-05,12.180846,11183.43,1168.165,11.617263,19.555746,0.025751,0.030991,307,34,21115000000.0,24.58,1351.0,8520804852.0,0.317204301075269
0,USA-AD-846,Czech Republic,CZ,730439,200002,,0,0,,0,1,,0,1,,0.0,1.0,-0.9782,2.0,2.0,0.8071,5.0,7.0,12.55,20,7,5,2000,73,0.0,0.002796,0.002796,4.077586,8.586432,4.01067,12543.936434,-0.049668,0.116553,17.042239,8008.006,8309.523,9.201858,15.916695,0.0,0.094161,304,22,-2689755313.83904,27.78,1531.0,1340016781.0,0.590361445783133
0,USA-AD-847a,Japan,JP,730410,199912,-0.3907,3,3,-0.3587,6,6,-0.0037,12,12,,0.0,0.0,,0.0,1.0,,0.0,2.0,68.88,9,5,4,1999,73,0.740576,0.827713,0.087137,4.788425,7.737003,-0.33393,30636.266117,-0.152328,-0.129853,12.180846,10286.19,951.7373,11.617263,19.555746,1.481151,0.030991,306,34,114126431432.297,25.47,1319.0,1330168729.0,0.587628865979381
0,USA-AD-847a,Japan,JP,730431,199912,1.0393,3,3,0.7607,6,6,-0.5846,12,12,,0.0,1.0,,0.0,1.0,,0.0,3.0,68.88,15,5,4,1999,73,0.746276,0.573197,-0.173079,4.788425,7.737003,-0.33393,30636.266117,-0.152328,-0.129853,12.180846,10286.19,951.7373,11.617263,19.555746,1.492552,0.030991,306,34,114126431432.297,25.47,1319.0,648381692.0,0.587628865979381
0,USA-AD-847a,Japan,JP,730439,199912,-0.0883,3,3,0.0472,6,6,0.5486,12,12,-1.0,1.0,0.0,-0.9782,2.0,2.0,-0.7707,6.0,5.0,68.88,20,5,4,1999,73,3.12382,,,4.788425,7.737003,-0.33393,30636.266117,-0.152328,-0.129853,12.180846,10286.19,951.7373,11.617263,19.555746,6.24764,0.030991,306,34,114126431432.297,25.47,1319.0,1327606601.0,0.587628865979381
0,USA-AD-847a,Japan,JP,730451,199912,0.4624,3,3,0.2865,6,6,1.5767,12,12,,0.0,0.0,,0.0,1.0,,0.0,5.0,68.88,15,5,4,1999,73,0.837967,0.899508,0.061541,4.788425,7.737003,-0.33393,30636.266117,-0.152328,-0.129853,12.180846,10286.19,951.7373,11.617263,19.555746,1.675934,0.030991,306,34,114126431432.297,25.47,1319.0,314476043.0,0.587628865979381
0,USA-AD-847a,Japan,JP,730459,199912,-0.2046,3,3,-0.2898,6,6,-0.1977,12,12,0.6239,2.0,2.0,5.8516,2.0,4.0,9.5965,2.0,8.0,68.88,20,5,4,1999,73,0.51372,0.426254,-0.087465,4.788425,7.737003,-0.33393,30636.266117,-0.152328,-0.129853,12.180846,10286.19,951.7373,11.617263,19.555746,1.027439,0.030991,306,34,114126431432.297,25.47,1319.0,600181475.0,0.587628865979381
0,USA-AD-847b,Japan,JP,730410,199912,-0.3907,3,3,-0.3587,6,6,-0.0037,12,12,,0.0,0.0,,0.0,1.0,,0.0,2.0,70.43,9,5,4,1999,73,0.740576,0.827713,0.087137,4.788425,7.737003,-0.33393,30636.266117,-0.152328,-0.129853,12.180846,10286.19,951.7373,11.617263,19.555746,1.481151,0.030991,306,34,114126431432.297,25.47,1319.0,1330168729.0,0.587628865979381
0,USA-AD-847b,Japan,JP,730431,199912,1.0393,3,3,0.7607,6,6,-0.5846,12,12,,0.0,1.0,,0.0,1.0,,0.0,3.0,70.43,15,5,4,1999,73,0.746276,0.573197,-0.173079,4.788425,7.737003,-0.33393,30636.266117,-0.152328,-0.129853,12.180846,10286.19,951.7373,11.617263,19.555746,1.492552,0.030991,306,34,114126431432.297,25.47,1319.0,648381692.0,0.587628865979381
0,USA-AD-847b,Japan,JP,730439,199912,-0.0883,3,3,0.0472,6,6,0.5486,12,12,-1.0,1.0,0.0,-0.9782,2.0,2.0,-0.7707,6.0,5.0,70.43,20,5,4,1999,73,3.12382,,,4.788425,7.737003,-0.33393,30636.266117,-0.152328,-0.129853,12.180846,10286.19,951.7373,11.617263,19.555746,6.24764,0.030991,306,34,114126431432.297,25.47,1319.0,1327606601.0,0.587628865979381
0,USA-AD-847b,Japan,JP,730451,199912,0.4624,3,3,0.2865,6,6,1.5767,12,12,,0.0,0.0,,0.0,1.0,,0.0,5.0,70.43,15,5,4,1999,73,0.837967,0.899508,0.061541,4.788425,7.737003,-0.33393,30636.266117,-0.152328,-0.129853,12.180846,10286.19,951.7373,11.617263,19.555746,1.675934,0.030991,306,34,114126431432.297,25.47,1319.0,314476043.0,0.587628865979381
0,USA-AD-847b,Japan,JP,730459,199912,-0.2046,3,3,-0.2898,6,6,-0.1977,12,12,0.6239,2.0,2.0,5.8516,2.0,4.0,9.5965,2.0,8.0,70.43,20,5,4,1999,73,0.51372,0.426254,-0.087465,4.788425,7.737003,-0.33393,30636.266117,-0.152328,-0.129853,12.180846,10286.19,951.7373,11.617263,19.555746,1.027439,0.030991,306,34,114126431432.297,25.47,1319.0,600181475.0,0.587628865979381
0,USA-AD-848,Mexico,MX,730410,200002,-1.0,1,0,-0.3948,1,2,-0.3948,1,2,,0.0,1.0,,0.0,1.0,,0.0,2.0,4.6,9,7,5,2000,73,,0.003753,,4.077586,8.586432,5.029284,9581.969702,-0.049668,-0.010966,17.042239,2468.405,11711.42,9.201858,15.916695,,0.094161,304,22,-18752421871.0,27.78,1531.0,1199602343.0,0.379518072289157
0,USA-AD-848,Mexico,MX,730431,200002,,0,0,,0,0,,0,0,-1.0,1.0,0.0,-0.8333,1.0,1.0,21.3,1.0,3.0,4.6,15,7,5,2000,73,,0.0,,4.077586,8.586432,5.029284,9581.969702,-0.049668,-0.010966,17.042239,2468.405,11711.42,9.201858,15.916695,,0.094161,304,22,-18752421871.0,27.78,1531.0,709671692.0,0.379518072289157
0,USA-AD-848,Mexico,MX,730439,200002,,0,1,,0,1,,0,4,,0.0,1.0,-0.9782,2.0,2.0,0.8071,5.0,7.0,4.6,20,7,5,2000,73,0.0,0.000747,0.000747,4.077586,8.586432,5.029284,9581.969702,-0.049668,-0.010966,17.042239,2468.405,11711.42,9.201858,15.916695,0.0,0.094161,304,22,-18752421871.0,27.78,1531.0,1340016781.0,0.379518072289157
0,USA-AD-848,Mexico,MX,730459,200002,,0,0,,0,1,,0,2,136516.0,1.0,2.0,6.0187,3.0,4.0,9.7685,3.0,8.0,4.6,20,7,5,2000,73,,0.004423,,4.077586,8.586432,5.029284,9581.969702,-0.049668,-0.010966,17.042239,2468.405,11711.42,9.201858,15.916695,,0.094161,304,22,-18752421871.0,27.78,1531.0,670162349.0,0.379518072289157
0,USA-AD-849,Romania,RO,730410,200002,,0,0,,0,0,,0,3,,0.0,1.0,,0.0,1.0,,0.0,2.0,12.34,9,7,5,2000,73,,0.025789,,4.077586,8.586432,2.461263,4569.311243,-0.049668,0.415832,17.042239,,,9.201858,15.916695,,0.094161,304,22,-1355000000.0,27.78,1531.0,1199602343.0,0.58433734939759
0,USA-AD-849,Romania,RO,730431,200002,,0,1,,0,1,-0.5145,2,2,-1.0,1.0,0.0,-0.8333,1.0,1.0,21.3,1.0,3.0,12.34,15,7,5,2000,73,,0.060508,,4.077586,8.586432,2.461263,4569.311243,-0.049668,0.415832,17.042239,,,9.201858,15.916695,,0.094161,304,22,-1355000000.0,27.78,1531.0,709671692.0,0.58433734939759
0,USA-AD-849,Romania,RO,730439,200002,,0,0,,0,1,,0,2,,0.0,1.0,-0.9782,2.0,2.0,0.8071,5.0,7.0,12.34,20,7,5,2000,73,0.0,0.003197,0.003197,4.077586,8.586432,2.461263,4569.311243,-0.049668,0.415832,17.042239,,,9.201858,15.916695,0.0,0.094161,304,22,-1355000000.0,27.78,1531.0,1340016781.0,0.58433734939759
0,USA-AD-851,China,CN,320415,199912,-0.2399,3,3,0.0691,6,6,0.0719,12,12,,0.0,0.0,,0.0,0.0,,0.0,0.0,129.6,4,5,7,1999,32,0.045865,0.078895,0.033029,4.788425,7.737003,7.737003,2076.818129,-0.152328,-8.6e-05,12.180846,11183.43,1168.165,11.617263,19.555746,0.045865,0.030991,306,34,21115000000.0,25.47,1319.0,371131990.0,0.317204301075269
0,USA-AD-853,Japan,JP,721632,200002,-0.3545,3,3,0.87,6,6,0.7239,12,12,,0.0,0.0,,0.0,0.0,,0.0,0.0,31.98,10,7,0,2000,72,0.989452,0.95621,-0.033242,4.077586,8.586432,2.764648,31430.63113,-0.049668,-0.053915,17.042239,10286.19,951.7373,9.201858,15.916695,0.989452,0.094161,304,22,130690474028.487,27.78,1531.0,1220465316.0,0.55421686746988
0,USA-AD-853,Japan,JP,721633,200002,0.4596,3,3,0.9785,6,6,0.9063,12,12,,0.0,0.0,,0.0,2.0,-0.8211,6.0,6.0,31.98,10,7,0,2000,72,0.916647,0.672688,-0.243959,4.077586,8.586432,2.764648,31430.63113,-0.049668,-0.053915,17.042239,10286.19,951.7373,9.201858,15.916695,0.916647,0.094161,304,22,130690474028.487,27.78,1531.0,1782202828.0,0.55421686746988
0,USA-AD-853,Japan,JP,721650,200002,0.5152,3,3,0.522,6,6,0.6505,12,12,-0.066,3.0,3.0,-0.0744,6.0,6.0,0.0269,12.0,12.0,31.98,10,7,0,2000,72,0.825561,0.910783,0.085222,4.077586,8.586432,2.764648,31430.63113,-0.049668,-0.053915,17.042239,10286.19,951.7373,9.201858,15.916695,0.825561,0.094161,304,22,130690474028.487,27.78,1531.0,721750629.0,0.55421686746988
0,USA-AD-853,Japan,JP,721661,200002,,0,0,,0,0,-0.8918,1,1,,,,,,,,,,31.98,10,7,0,2000,72,0.494271,0.0571,-0.43717,4.077586,8.586432,2.764648,31430.63113,-0.049668,-0.053915,17.042239,10286.19,951.7373,9.201858,15.916695,0.494271,0.094161,304,22,130690474028.487,27.78,1531.0,,0.55421686746988
0,USA-AD-853,Japan,JP,721669,200002,,0,2,2.0,1,3,0.2821,3,5,,0.0,0.0,,0.0,0.0,-1.0,1.0,0.0,31.98,10,7,0,2000,72,0.36877,0.295226,-0.073543,4.077586,8.586432,2.764648,31430.63113,-0.049668,-0.053915,17.042239,10286.19,951.7373,9.201858,15.916695,0.36877,0.094161,304,22,130690474028.487,27.78,1531.0,,0.55421686746988
0,USA-AD-853,Japan,JP,721691,200002,-1.0,1,0,-1.0,1,0,-1.0,1,0,,,,,,,,,,31.98,10,7,0,2000,72,0.77588,0.0,-0.77588,4.077586,8.586432,2.764648,31430.63113,-0.049668,-0.053915,17.042239,10286.19,951.7373,9.201858,15.916695,0.77588,0.094161,304,22,130690474028.487,27.78,1531.0,,0.55421686746988
0,USA-AD-853,Japan,JP,721699,200002,0.8662,3,3,-0.4438,6,6,-0.9273,12,12,-1.0,1.0,0.0,-1.0,1.0,0.0,-1.0,1.0,0.0,31.98,10,7,0,2000,72,0.38957,0.187714,-0.201855,4.077586,8.586432,2.764648,31430.63113,-0.049668,-0.053915,17.042239,10286.19,951.7373,9.201858,15.916695,0.38957,0.094161,304,22,130690474028.487,27.78,1531.0,,0.55421686746988
0,USA-AD-853,Japan,JP,722870,200002,,0,0,,0,0,-1.0,2,0,,,,,,,,,,31.98,11,7,0,2000,72,0.424955,,,4.077586,8.586432,2.764648,31430.63113,-0.049668,-0.053915,17.042239,10286.19,951.7373,9.201858,15.916695,0.424955,0.094161,304,22,130690474028.487,27.78,1531.0,197954149.0,0.55421686746988
0,USA-AD-859,Japan,JP,730410,200005,0.2413,3,3,0.2769,6,6,0.0656,12,12,-1.0,1.0,0.0,-0.8103,1.0,1.0,-0.8103,1.0,1.0,62.14,9,6,5,2000,73,,3.208421,,4.077586,8.586432,2.764648,31430.63113,-0.049668,-0.053915,17.042239,10286.19,951.7373,9.201858,15.916695,,0.094161,301,22,130690474028.487,27.74,1566.0,1199602343.0,0.55421686746988
0,USA-AD-859,Japan,JP,730441,200005,-0.0151,3,3,-0.0075,6,6,-0.1629,12,12,0.0209,3.0,3.0,0.0517,6.0,6.0,0.0093,12.0,12.0,62.14,2,6,13,2000,73,0.69875,0.733057,0.034307,4.077586,8.586432,2.764648,31430.63113,-0.049668,-0.053915,17.042239,10286.19,951.7373,9.201858,15.916695,0.69875,0.094161,301,22,130690474028.487,27.74,1566.0,596119584.0,0.55421686746988
0,USA-AD-859,Japan,JP,730449,200005,0.0959,3,3,-0.2413,6,6,-0.5119,12,12,1.0355,3.0,3.0,-0.1025,6.0,6.0,0.1903,12.0,12.0,62.14,3,6,13,2000,73,0.572002,0.465564,-0.106439,4.077586,8.586432,2.764648,31430.63113,-0.049668,-0.053915,17.042239,10286.19,951.7373,9.201858,15.916695,0.572002,0.094161,301,22,130690474028.487,27.74,1566.0,651992384.0,0.55421686746988
1,USA-AD-860,Japan,JP,721011,200004,-0.2992,3,3,0.6061,5,6,2.8623,9,12,-0.0094,1.0,1.0,-0.0094,1.0,1.0,4.3046,1.0,5.0,32.52,9,5,0,2000,72,0.948057,0.976082,0.028024,4.077586,8.586432,2.764648,31430.63113,-0.049668,-0.053915,17.042239,10286.19,951.7373,9.201858,15.916695,0.948057,0.094161,302,22,130690474028.487,22.76,1628.0,200078320.0,0.55421686746988
0,USA-AD-860,Japan,JP,721012,200004,0.1584,3,3,0.3995,5,6,0.4145,11,12,0.1074,3.0,3.0,1.438,6.0,6.0,3.0796,11.0,12.0,32.52,9,5,0,2000,72,0.765766,0.573897,-0.191868,4.077586,8.586432,2.764648,31430.63113,-0.049668,-0.053915,17.042239,10286.19,951.7373,9.201858,15.916695,0.765766,0.094161,302,22,130690474028.487,22.76,1628.0,3053362021.0,0.55421686746988
1,USA-AD-860,Japan,JP,721050,200004,0.0364,2,3,0.7639,3,6,2.5287,4,12,27.171,1.0,2.0,18.9141,2.0,3.0,19.5459,3.0,7.0,32.52,9,5,0,2000,72,0.372416,0.745672,0.373256,4.077586,8.586432,2.764648,31430.63113,-0.049668,-0.053915,17.042239,10286.19,951.7373,9.201858,15.916695,0.372416,0.094161,302,22,130690474028.487,22.76,1628.0,603585912.0,0.55421686746988
0,USA-AD-860,Japan,JP,721210,200004,,0,2,,0,4,-0.9149,5,5,,0.0,2.0,2.1464,1.0,2.0,4.2956,1.0,3.0,32.52,9,5,0,2000,72,0.077636,0.611416,0.53378,4.077586,8.586432,2.764648,31430.63113,-0.049668,-0.053915,17.042239,10286.19,951.7373,9.201858,15.916695,0.077636,0.094161,302,22,130690474028.487,22.76,1628.0,284568959.00000006,0.55421686746988
0,USA-AD-860,Japan,JP,721250,200004,-0.5015,3,3,-0.5256,6,6,-0.7453,12,12,-1.0,1.0,0.0,-1.0,2.0,0.0,-0.9645,2.0,4.0,32.52,34,5,7,2000,72,,1.5191,,4.077586,8.586432,2.764648,31430.63113,-0.049668,-0.053915,17.042239,10286.19,951.7373,9.201858,15.916695,,0.094161,302,22,130690474028.487,22.76,1628.0,349505840.0,0.55421686746988
0,USA-AD-860,Japan,JP,722599,200004,-0.3062,3,3,-0.1982,6,6,-0.1352,12,12,-0.1037,3.0,3.0,0.0913,6.0,6.0,0.0809,12.0,12.0,32.52,31,5,1,2000,72,,4.049997,,4.077586,8.586432,2.764648,31430.63113,-0.049668,-0.053915,17.042239,10286.19,951.7373,9.201858,15.916695,,0.094161,302,22,130690474028.487,22.76,1628.0,,0.55421686746988
0,USA-AD-860,Japan,JP,722699,200004,-0.3257,3,3,-0.3864,6,6,-0.3479,12,12,,0.0,0.0,-1.0,1.0,0.0,-1.0,3.0,0.0,32.52,31,5,1,2000,72,,3.392784,,4.077586,8.586432,2.764648,31430.63113,-0.049668,-0.053915,17.042239,10286.19,951.7373,9.201858,15.916695,,0.094161,302,22,130690474028.487,22.76,1628.0,183879293.0,0.55421686746988
0,USA-AD-861,Indonesia,ID,390311,200006,-1.0,1,0,-1.0,1,0,-1.0,1,0,-0.4823,3.0,3.0,-0.189,6.0,6.0,-0.3092,12.0,12.0,95.79,2,6,0,2000,39,0.00088,0.0,-0.00088,4.077586,8.586432,4.920068,1828.10266,-0.049668,0.072134,17.042239,15535.87,5081.576,9.201858,15.916695,0.00088,0.094161,300,22,7992074100.4978,29.8,1616.0,1671740888.0,0.365853658536585
0,USA-AD-864,Germany,DE,730723,200008,-0.717,1,1,-0.717,1,1,-0.2032,7,3,0.4694,3.0,3.0,-0.0772,5.0,6.0,0.5244,10.0,12.0,51.34,7,7,13,2000,73,0.316222,0.423221,0.106999,4.077586,8.586432,2.876523,35104.130847,-0.049668,0.153922,17.042239,7595.452,8503.73,9.201858,15.916695,0.316222,0.094161,298,22,-29762995297.8759,30.2,1652.0,325811888.0,0.602409638554217
1,USA-AD-865,Italy,IT,730723,200008,,0,1,,0,2,27.0,2,2,0.4694,3.0,3.0,-0.0772,5.0,6.0,0.5244,10.0,12.0,32.12,7,7,13,2000,73,0.002811,0.111601,0.108791,4.077586,8.586432,3.882099,32609.667463,-0.049668,0.153922,17.042239,8284.006,9047.517,9.201858,15.916695,0.002811,0.094161,298,22,-3106733996.05026,30.2,1652.0,325811888.0,0.590361445783133
0,USA-AD-867,Philippines,PH,730723,200008,,0,0,,0,0,,0,0,0.4694,3.0,3.0,-0.0772,5.0,6.0,0.5244,10.0,12.0,34.67,7,7,13,2000,73,0.0,0.0,0.0,4.077586,8.586432,4.382505,1793.347611,-0.049668,0.130555,17.042239,13153.98,2669.687,9.201858,15.916695,0.0,0.094161,298,22,-2228000000.0,30.2,1652.0,325811888.0,0.390243902439024
0,USA-AD-868,China,CN,731210,200010,-0.0689,3,3,-0.1976,6,6,-0.2048,12,12,-0.0306,3.0,3.0,0.067,6.0,6.0,0.1,12.0,12.0,118.78,23,7,9,2000,73,0.22259,0.15847,-0.06412,4.077586,8.586432,8.586432,2237.442985,-0.049668,3.1e-05,17.042239,11183.43,1168.165,9.201858,15.916695,0.22259,0.094161,296,22,20518382000.0,30.96,1759.0,2126544064.0,0.341463414634146
0,USA-AD-869,India,IN,731210,200010,,0,0,,0,0,,0,0,-0.0306,3.0,3.0,0.067,6.0,6.0,0.1,12.0,12.0,21.14,23,7,9,2000,73,0.0,0.0,0.0,4.077586,8.586432,3.840991,756.70411,-0.049668,0.043808,17.042239,13131.91,5108.001,9.201858,15.916695,0.0,0.094161,296,22,-4601248652.10513,30.96,1759.0,2126544064.0,0.319277108433735
0,USA-AD-870,Malaysia,MY,731210,200010,1.7098,2,1,0.7345,5,4,-0.2567,11,10,-0.0306,3.0,3.0,0.067,6.0,6.0,0.1,12.0,12.0,0.18,23,7,9,2000,73,0.075529,0.049859,-0.02567,4.077586,8.586432,8.858868,6455.614198,-0.049668,0.0,17.042239,14859.51,4418.149,9.201858,15.916695,0.075529,0.094161,296,22,8487894736.8421,30.96,1759.0,2126544064.0,0.385542168674699
0,USA-AD-874,China,CN,721420,200101,-1.0,2,0,-1.0,4,0,-1.0,6,0,0.859,2.0,3.0,1.2523,3.0,5.0,-0.6405,9.0,7.0,59.98,14,6,5,2001,72,0.209921,0.0,-0.209921,0.955538,8.312639,8.312639,2405.893967,0.141926,-0.000173,-1.689015,11183.43,1168.165,4.725936,2.917329,0.209921,-0.031897,293,56,17401000000.0,25.62,1504.0,3304402438.0,0.28735632183908
0,USA-AD-875,Indonesia,ID,721420,200101,,0,0,-1.0,1,0,-0.9984,1,1,0.859,2.0,3.0,1.2523,3.0,5.0,-0.6405,9.0,7.0,60.46,14,6,5,2001,72,0.169627,0.00019,-0.169437,0.955538,8.312639,3.643466,1868.591723,0.141926,0.218371,-1.689015,15535.87,5081.576,4.725936,2.917329,0.169627,-0.031897,293,56,6900901091.30435,25.62,1504.0,3304402438.0,0.289772727272727
0,USA-AD-882,Ukraine,UA,721420,200101,,0,0,,0,0,,0,1,0.859,2.0,3.0,1.2523,3.0,5.0,-0.6405,9.0,7.0,41.69,14,6,5,2001,72,0.0,0.002277,0.002277,0.955538,8.312639,8.8,1547.27832,0.141926,-0.012513,-1.689015,8995.575,7327.559,4.725936,2.917329,0.0,-0.031897,293,56,1324000000.0,25.62,1504.0,3304402438.0,0.448863636363636
0,USA-AD-888,Japan,JP,722240,200101,-0.5125,3,3,0.1611,6,6,1.2302,12,12,-1.0,3.0,0.0,-1.0,6.0,0.0,-0.9971,12.0,1.0,70.48,4,5,7,2001,72,0.740431,0.721997,-0.018434,0.955538,8.312639,0.386103,31476.052067,0.141926,0.127717,-1.689015,10286.19,951.7373,4.725936,2.917329,0.740431,-0.031897,293,56,86219920754.3289,25.62,1504.0,304251035.0,0.51685393258427
0,USA-AD-890,Spain,ES,722240,200101,,0,1,,0,2,,0,4,-1.0,3.0,0.0,-1.0,6.0,0.0,-0.9971,12.0,1.0,24.32,4,5,7,2001,72,0.0,0.03611,0.03611,0.955538,8.312639,3.919089,24878.378454,0.141926,0.031244,-1.689015,7437.157,10101.71,4.725936,2.917329,0.0,-0.031897,293,56,-27179039139.8312,25.62,1504.0,304251035.0,0.550561797752809
0,USA-AD-891,China,CN,270400,200103,0.013,3,3,-0.2272,6,6,-0.0085,12,12,,0.0,0.0,,0.0,0.0,,0.0,1.0,214.89,2,6,0,2001,27,0.716976,0.82078,0.103804,0.955538,8.312639,8.312639,2405.893967,0.141926,-0.000173,-1.689015,11183.43,1168.165,4.725936,2.917329,0.716976,-0.031897,291,56,17401000000.0,24.5,1438.0,2617712204.0,0.28735632183908
0,USA-AD-892,Argentina,AR,210690,200105,,0,0,,0,0,,0,0,-0.3048,3.0,3.0,-0.0079,6.0,6.0,0.2625,12.0,12.0,49.93,2,7,6,2001,21,0.0,0.0,0.0,0.955538,8.312639,-4.40884,10051.944846,0.141926,0.0,-1.689015,8678.352,19146.65,4.725936,2.917329,0.0,-0.031897,289,56,-3780423241.19359,28.31,1389.0,9010428320.0,0.426966292134831
0,USA-AD-893,China,CN,170290,200105,-0.386,3,3,0.0047,5,6,0.5311,11,12,0.2622,3.0,3.0,0.4258,6.0,6.0,0.4218,12.0,12.0,183.8,3,7,6,2001,17,0.050636,0.065807,0.015171,0.955538,8.312639,8.312639,2405.893967,0.141926,-0.000173,-1.689015,11183.43,1168.165,4.725936,2.917329,0.050636,-0.031897,289,56,17401000000.0,28.31,1389.0,322796897.0,0.28735632183908
0,USA-AD-893,China,CN,210690,200105,0.7253,3,3,0.7953,6,6,0.7766,12,12,-0.3048,3.0,3.0,-0.0079,6.0,6.0,0.2625,12.0,12.0,183.8,2,7,6,2001,21,0.053654,0.031982,-0.021672,0.955538,8.312639,8.312639,2405.893967,0.141926,-0.000173,-1.689015,11183.43,1168.165,4.725936,2.917329,0.053654,-0.031897,289,56,17401000000.0,28.31,1389.0,9010428320.0,0.28735632183908
0,USA-AD-895,China,CN,810430,200104,0.5483,3,3,0.6244,5,5,0.2358,11,11,-0.1429,3.0,3.0,0.1,6.0,6.0,0.4507,12.0,12.0,305.56,3,6,0,2001,81,0.061385,0.109592,0.048208,0.955538,8.312639,8.312639,2405.893967,0.141926,-0.000173,-1.689015,11183.43,1168.165,4.725936,2.917329,0.061385,-0.031897,290,56,17401000000.0,25.66,1459.0,118247235.0,0.28735632183908
0,USA-AD-898,Argentina,AR,720826,200105,,0,0,,0,0,,0,0,,0.0,0.0,,0.0,2.0,,0.0,5.0,40.6,18,6,2,2001,72,0.0,0.0,0.0,0.955538,8.312639,-4.40884,10051.944846,0.141926,0.0,-1.689015,8678.352,19146.65,4.725936,2.917329,0.0,-0.031897,289,56,-3780423241.19359,28.31,1389.0,,0.426966292134831
0,USA-AD-898,Argentina,AR,720827,200105,,0,0,,0,0,,0,0,,0.0,0.0,,0.0,2.0,,0.0,2.0,40.6,18,6,2,2001,72,0.0,0.0,0.0,0.955538,8.312639,-4.40884,10051.944846,0.141926,0.0,-1.689015,8678.352,19146.65,4.725936,2.917329,0.0,-0.031897,289,56,-3780423241.19359,28.31,1389.0,,0.426966292134831
0,USA-AD-898,Argentina,AR,720836,200105,,0,0,,0,0,,0,0,,0.0,1.0,1.6492,1.0,1.0,2.2373,1.0,2.0,40.6,18,6,2,2001,72,0.0,0.0,0.0,0.955538,8.312639,-4.40884,10051.944846,0.141926,0.0,-1.689015,8678.352,19146.65,4.725936,2.917329,0.0,-0.031897,289,56,-3780423241.19359,28.31,1389.0,,0.426966292134831
0,USA-AD-898,Argentina,AR,720837,200105,,0,0,,0,0,,0,0,,0.0,1.0,-0.849,2.0,1.0,-0.5559,4.0,3.0,40.6,18,6,2,2001,72,0.0,0.0,0.0,0.955538,8.312639,-4.40884,10051.944846,0.141926,0.0,-1.689015,8678.352,19146.65,4.725936,2.917329,0.0,-0.031897,289,56,-3780423241.19359,28.31,1389.0,,0.426966292134831
0,USA-AD-898,Argentina,AR,720838,200105,,0,0,,0,0,,0,0,-0.8519,3.0,2.0,-0.9256,6.0,3.0,-0.756,12.0,8.0,40.6,18,6,2,2001,72,0.0,0.0,0.0,0.955538,8.312639,-4.40884,10051.944846,0.141926,0.0,-1.689015,8678.352,19146.65,4.725936,2.917329,0.0,-0.031897,289,56,-3780423241.19359,28.31,1389.0,,0.426966292134831
0,USA-AD-898,Argentina,AR,720839,200105,,0,0,,0,0,,0,0,-0.7161,3.0,2.0,-0.8611,6.0,2.0,-0.7175,12.0,7.0,40.6,18,6,2,2001,72,0.0,0.0,0.0,0.955538,8.312639,-4.40884,10051.944846,0.141926,0.0,-1.689015,8678.352,19146.65,4.725936,2.917329,0.0,-0.031897,289,56,-3780423241.19359,28.31,1389.0,,0.426966292134831
0,USA-AD-899,China,CN,720810,200105,0.43,3,3,0.5656,4,5,0.6724,8,10,,0.0,0.0,,0.0,0.0,,0.0,0.0,67.44,18,6,2,2001,72,0.53065,0.617229,0.086579,0.955538,8.312639,8.312639,2405.893967,0.141926,-0.000173,-1.689015,11183.43,1168.165,4.725936,2.917329,0.53065,-0.031897,289,56,17401000000.0,28.31,1389.0,,0.28735632183908
0,USA-AD-899,China,CN,720826,200105,-1.0,1,0,-1.0,1,0,-1.0,1,0,,0.0,0.0,,0.0,2.0,,0.0,5.0,67.44,18,6,2,2001,72,0.00067,0.0,-0.00067,0.955538,8.312639,8.312639,2405.893967,0.141926,-0.000173,-1.689015,11183.43,1168.165,4.725936,2.917329,0.00067,-0.031897,289,56,17401000000.0,28.31,1389.0,,0.28735632183908
0,USA-AD-899,China,CN,720827,200105,,0,0,,0,0,,0,0,,0.0,0.0,,0.0,2.0,,0.0,2.0,67.44,18,6,2,2001,72,0.0,0.0,0.0,0.955538,8.312639,8.312639,2405.893967,0.141926,-0.000173,-1.689015,11183.43,1168.165,4.725936,2.917329,0.0,-0.031897,289,56,17401000000.0,28.31,1389.0,,0.28735632183908
0,USA-AD-899,China,CN,720836,200105,-1.0,1,0,-1.0,2,0,-0.603,3,1,,0.0,1.0,1.6492,1.0,1.0,2.2373,1.0,2.0,67.44,18,6,2,2001,72,0.024786,0.012469,-0.012318,0.955538,8.312639,8.312639,2405.893967,0.141926,-0.000173,-1.689015,11183.43,1168.165,4.725936,2.917329,0.024786,-0.031897,289,56,17401000000.0,28.31,1389.0,,0.28735632183908
0,USA-AD-899,China,CN,720837,200105,-0.9271,3,1,-0.8362,5,4,-0.7489,11,8,,0.0,1.0,-0.849,2.0,1.0,-0.5559,4.0,3.0,67.44,18,6,2,2001,72,0.078572,0.018593,-0.059978,0.955538,8.312639,8.312639,2405.893967,0.141926,-0.000173,-1.689015,11183.43,1168.165,4.725936,2.917329,0.078572,-0.031897,289,56,17401000000.0,28.31,1389.0,,0.28735632183908
0,USA-AD-899,China,CN,720838,200105,0.0602,3,2,0.266,6,5,-0.2444,12,11,-0.8519,3.0,2.0,-0.9256,6.0,3.0,-0.756,12.0,8.0,67.44,18,6,2,2001,72,0.104959,0.076017,-0.028942,0.955538,8.312639,8.312639,2405.893967,0.141926,-0.000173,-1.689015,11183.43,1168.165,4.725936,2.917329,0.104959,-0.031897,289,56,17401000000.0,28.31,1389.0,,0.28735632183908
0,USA-AD-899,China,CN,720839,200105,0.472,3,2,-0.0076,5,5,-0.5258,11,10,-0.7161,3.0,2.0,-0.8611,6.0,2.0,-0.7175,12.0,7.0,67.44,18,6,2,2001,72,0.076746,0.028905,-0.047841,0.955538,8.312639,8.312639,2405.893967,0.141926,-0.000173,-1.689015,11183.43,1168.165,4.725936,2.917329,0.076746,-0.031897,289,56,17401000000.0,28.31,1389.0,,0.28735632183908
0,USA-AD-899,China,CN,720840,200105,-1.0,1,0,-1.0,1,0,-1.0,2,0,,0.0,0.0,,0.0,0.0,,0.0,0.0,67.44,25,6,4,2001,72,0.688173,0.0,-0.688173,0.955538,8.312639,8.312639,2405.893967,0.141926,-0.000173,-1.689015,11183.43,1168.165,4.725936,2.917329,0.688173,-0.031897,289,56,17401000000.0,28.31,1389.0,,0.28735632183908
0,USA-AD-899,China,CN,720853,200105,,0,0,,0,0,5.0569,1,1,,0.0,1.0,,0.0,1.0,,0.0,2.0,67.44,25,6,4,2001,72,0.040972,0.000315,-0.040657,0.955538,8.312639,8.312639,2405.893967,0.141926,-0.000173,-1.689015,11183.43,1168.165,4.725936,2.917329,0.040972,-0.031897,289,56,17401000000.0,28.31,1389.0,,0.28735632183908
0,USA-AD-899,China,CN,720854,200105,,0,0,,0,0,,0,2,,0.0,1.0,,0.0,1.0,,0.0,1.0,67.44,18,6,2,2001,72,0.0,0.004452,0.004452,0.955538,8.312639,8.312639,2405.893967,0.141926,-0.000173,-1.689015,11183.43,1168.165,4.725936,2.917329,0.0,-0.031897,289,56,17401000000.0,28.31,1389.0,,0.28735632183908
0,USA-AD-899,China,CN,720890,200105,0.8221,2,3,0.1994,5,5,-0.5778,11,5,-0.8731,3.0,3.0,-0.5132,5.0,5.0,-0.8635,11.0,9.0,67.44,31,6,8,2001,72,0.303752,0.118156,-0.185596,0.955538,8.312639,8.312639,2405.893967,0.141926,-0.000173,-1.689015,11183.43,1168.165,4.725936,2.917329,0.303752,-0.031897,289,56,17401000000.0,28.31,1389.0,765811388.0,0.28735632183908
0,USA-AD-899,China,CN,721070,200105,,0,0,,0,0,,0,0,0.0764,3.0,3.0,0.19,6.0,6.0,0.1146,12.0,12.0,67.44,34,6,8,2001,72,0.0,0.0,0.0,0.955538,8.312639,8.312639,2405.893967,0.141926,-0.000173,-1.689015,11183.43,1168.165,4.725936,2.917329,0.0,-0.031897,289,56,17401000000.0,28.31,1389.0,2764735094.0,0.28735632183908
0,USA-AD-899,China,CN,721090,200105,2187.5066,1,1,2199.4009,1,2,2199.4009,1,2,,0.0,0.0,-1.0,1.0,0.0,-1.0,2.0,0.0,67.44,34,6,8,2001,72,7.9e-05,0.003432,0.003353,0.955538,8.312639,8.312639,2405.893967,0.141926,-0.000173,-1.689015,11183.43,1168.165,4.725936,2.917329,7.9e-05,-0.031897,289,56,17401000000.0,28.31,1389.0,460627121.0,0.28735632183908
0,USA-AD-899,China,CN,721119,200105,,0,0,,0,0,,0,0,-1.0,1.0,0.0,-0.6223,1.0,2.0,-0.3537,6.0,4.0,67.44,24,6,8,2001,72,0.0,0.0,0.0,0.955538,8.312639,8.312639,2405.893967,0.141926,-0.000173,-1.689015,11183.43,1168.165,4.725936,2.917329,0.0,-0.031897,289,56,17401000000.0,28.31,1389.0,1744530.0,0.28735632183908
0,USA-AD-899,China,CN,721240,200105,,0,1,,0,1,,0,1,0.6771,3.0,3.0,1.6095,6.0,6.0,2.6256,9.0,12.0,67.44,34,6,8,2001,72,0.0,0.014781,0.014781,0.955538,8.312639,8.312639,2405.893967,0.141926,-0.000173,-1.689015,11183.43,1168.165,4.725936,2.917329,0.0,-0.031897,289,56,17401000000.0,28.31,1389.0,470737401.0,0.28735632183908
0,USA-AD-899,China,CN,721250,200105,-0.5954,3,2,-0.3614,5,5,0.3079,11,10,-1.0,1.0,0.0,14.5354,4.0,1.0,18.7203,4.0,3.0,67.44,34,6,8,2001,72,2.27237,0.055474,-2.216896,0.955538,8.312639,8.312639,2405.893967,0.141926,-0.000173,-1.689015,11183.43,1168.165,4.725936,2.917329,2.27237,-0.031897,289,56,17401000000.0,28.31,1389.0,358780227.0,0.28735632183908
0,USA-AD-899,China,CN,722511,200105,-1.0,1,0,-1.0,1,0,-1.0,1,0,,0.0,2.0,0.4562,1.0,2.0,12.0332,2.0,3.0,67.44,25,6,2,2001,72,0.000294,0.0,-0.000294,0.955538,8.312639,8.312639,2405.893967,0.141926,-0.000173,-1.689015,11183.43,1168.165,4.725936,2.917329,0.000294,-0.031897,289,56,17401000000.0,28.31,1389.0,,0.28735632183908
0,USA-AD-899,China,CN,722519,200105,,0,0,,0,0,,0,0,-0.6728,3.0,1.0,-0.3213,4.0,2.0,-0.124,6.0,4.0,67.44,28,6,2,2001,72,0.0,0.0,0.0,0.955538,8.312639,8.312639,2405.893967,0.141926,-0.000173,-1.689015,11183.43,1168.165,4.725936,2.917329,0.0,-0.031897,289,56,17401000000.0,28.31,1389.0,,0.28735632183908
0,USA-AD-899,China,CN,722530,200105,,0,0,-1.0,1,0,-1.0,1,0,,0.0,0.0,,0.0,0.0,,0.0,0.0,67.44,18,6,2,2001,72,0.155006,0.0,-0.155006,0.955538,8.312639,8.312639,2405.893967,0.141926,-0.000173,-1.689015,11183.43,1168.165,4.725936,2.917329,0.155006,-0.031897,289,56,17401000000.0,28.31,1389.0,556111962.0,0.28735632183908
0,USA-AD-899,China,CN,722540,200105,,0,0,-1.0,1,0,-1.0,2,0,,0.0,0.0,,0.0,0.0,-1.0,1.0,0.0,67.44,25,6,2,2001,72,0.018893,0.0,-0.018893,0.955538,8.312639,8.312639,2405.893967,0.141926,-0.000173,-1.689015,11183.43,1168.165,4.725936,2.917329,0.018893,-0.031897,289,56,17401000000.0,28.31,1389.0,1097799888.0,0.28735632183908
0,USA-AD-899,China,CN,722599,200105,,0,0,,0,0,,0,0,0.155,3.0,3.0,0.0057,6.0,6.0,-0.3782,12.0,9.0,67.44,31,6,2,2001,72,0.0,0.0,0.0,0.955538,8.312639,8.312639,2405.893967,0.141926,-0.000173,-1.689015,11183.43,1168.165,4.725936,2.917329,0.0,-0.031897,289,56,17401000000.0,28.31,1389.0,,0.28735632183908
0,USA-AD-899,China,CN,722611,200105,,0,0,,0,0,-0.4659,2,1,,0.0,0.0,,0.0,0.0,,0.0,0.0,67.44,25,6,2,2001,72,0.005659,0.004551,-0.001107,0.955538,8.312639,8.312639,2405.893967,0.141926,-0.000173,-1.689015,11183.43,1168.165,4.725936,2.917329,0.005659,-0.031897,289,56,17401000000.0,28.31,1389.0,,0.28735632183908
0,USA-AD-899,China,CN,722619,200105,,0,1,1.1363,1,2,0.2895,2,2,,0.0,0.0,,0.0,0.0,,0.0,0.0,67.44,28,6,2,2001,72,0.039628,0.018204,-0.021424,0.955538,8.312639,8.312639,2405.893967,0.141926,-0.000173,-1.689015,11183.43,1168.165,4.725936,2.917329,0.039628,-0.031897,289,56,17401000000.0,28.31,1389.0,,0.28735632183908
0,USA-AD-899,China,CN,722691,200105,-1.0,2,0,-0.5627,4,2,0.6529,7,6,,0.0,0.0,-1.0,1.0,0.0,-1.0,3.0,0.0,67.44,25,6,2,2001,72,0.043209,0.071156,0.027947,0.955538,8.312639,8.312639,2405.893967,0.141926,-0.000173,-1.689015,11183.43,1168.165,4.725936,2.917329,0.043209,-0.031897,289,56,17401000000.0,28.31,1389.0,448030582.0,0.28735632183908
0,USA-AD-899,China,CN,722699,200105,636.2,2,2,143.9381,4,5,31.3541,10,8,,0.0,0.0,,0.0,0.0,,0.0,1.0,67.44,31,6,2,2001,72,0.043607,0.02031,-0.023297,0.955538,8.312639,8.312639,2405.893967,0.141926,-0.000173,-1.689015,11183.43,1168.165,4.725936,2.917329,0.043607,-0.031897,289,56,17401000000.0,28.31,1389.0,180906347.0,0.28735632183908
0,USA-AD-900,India,IN,720825,200105,,0,0,,0,0,,0,0,,0.0,0.0,,0.0,0.0,,0.0,0.0,34.75,18,6,2,2001,72,0.0,0.0,0.0,0.955538,8.312639,4.823966,778.507378,0.141926,0.049949,-1.689015,13131.91,5108.001,4.725936,2.917329,0.0,-0.031897,289,56,1410181566.42622,28.31,1389.0,,0.304597701149425
0,USA-AD-900,India,IN,720826,200105,,0,0,,0,0,,0,0,,0.0,0.0,,0.0,2.0,,0.0,5.0,34.75,18,6,2,2001,72,0.0,0.0,0.0,0.955538,8.312639,4.823966,778.507378,0.141926,0.049949,-1.689015,13131.91,5108.001,4.725936,2.917329,0.0,-0.031897,289,56,1410181566.42622,28.31,1389.0,,0.304597701149425
0,USA-AD-900,India,IN,720827,200105,,0,0,,0,0,,0,0,,0.0,0.0,,0.0,2.0,,0.0,2.0,34.75,18,6,2,2001,72,0.0,0.0,0.0,0.955538,8.312639,4.823966,778.507378,0.141926,0.049949,-1.689015,13131.91,5108.001,4.725936,2.917329,0.0,-0.031897,289,56,1410181566.42622,28.31,1389.0,,0.304597701149425
0,USA-AD-900,India,IN,720836,200105,,0,0,,0,0,,0,0,,0.0,1.0,1.6492,1.0,1.0,2.2373,1.0,2.0,34.75,18,6,2,2001,72,0.0,0.0,0.0,0.955538,8.312639,4.823966,778.507378,0.141926,0.049949,-1.689015,13131.91,5108.001,4.725936,2.917329,0.0,-0.031897,289,56,1410181566.42622,28.31,1389.0,,0.304597701149425
0,USA-AD-900,India,IN,720837,200105,,0,0,,0,0,,0,0,,0.0,1.0,-0.849,2.0,1.0,-0.5559,4.0,3.0,34.75,18,6,2,2001,72,0.0,0.0,0.0,0.955538,8.312639,4.823966,778.507378,0.141926,0.049949,-1.689015,13131.91,5108.001,4.725936,2.917329,0.0,-0.031897,289,56,1410181566.42622,28.31,1389.0,,0.304597701149425
0,USA-AD-900,India,IN,720838,200105,,0,0,,0,0,,0,0,-0.8519,3.0,2.0,-0.9256,6.0,3.0,-0.756,12.0,8.0,34.75,18,6,2,2001,72,0.0,0.0,0.0,0.955538,8.312639,4.823966,778.507378,0.141926,0.049949,-1.689015,13131.91,5108.001,4.725936,2.917329,0.0,-0.031897,289,56,1410181566.42622,28.31,1389.0,,0.304597701149425
0,USA-AD-900,India,IN,720839,200105,,0,0,-1.0,1,0,-1.0,1,0,-0.7161,3.0,2.0,-0.8611,6.0,2.0,-0.7175,12.0,7.0,34.75,18,6,2,2001,72,5.4e-05,0.0,-5.4e-05,0.955538,8.312639,4.823966,778.507378,0.141926,0.049949,-1.689015,13131.91,5108.001,4.725936,2.917329,5.4e-05,-0.031897,289,56,1410181566.42622,28.31,1389.0,,0.304597701149425
0,USA-AD-900,India,IN,720840,200105,,0,1,,0,3,,0,5,,0.0,0.0,,0.0,0.0,,0.0,0.0,34.75,25,6,4,2001,72,0.0,0.911145,0.911145,0.955538,8.312639,4.823966,778.507378,0.141926,0.049949,-1.689015,13131.91,5108.001,4.725936,2.917329,0.0,-0.031897,289,56,1410181566.42622,28.31,1389.0,,0.304597701149425
0,USA-AD-900,India,IN,720853,200105,,0,0,,0,0,,0,0,,0.0,1.0,,0.0,1.0,,0.0,2.0,34.75,25,6,4,2001,72,0.0,0.0,0.0,0.955538,8.312639,4.823966,778.507378,0.141926,0.049949,-1.689015,13131.91,5108.001,4.725936,2.917329,0.0,-0.031897,289,56,1410181566.42622,28.31,1389.0,,0.304597701149425
0,USA-AD-900,India,IN,720854,200105,,0,0,,0,0,,0,0,,0.0,1.0,,0.0,1.0,,0.0,1.0,34.75,18,6,2,2001,72,0.0,0.0,0.0,0.955538,8.312639,4.823966,778.507378,0.141926,0.049949,-1.689015,13131.91,5108.001,4.725936,2.917329,0.0,-0.031897,289,56,1410181566.42622,28.31,1389.0,,0.304597701149425
0,USA-AD-900,India,IN,720890,200105,,0,0,-1.0,1,0,-1.0,2,0,-0.8731,3.0,3.0,-0.5132,5.0,5.0,-0.8635,11.0,9.0,34.75,31,6,8,2001,72,0.124081,0.0,-0.124081,0.955538,8.312639,4.823966,778.507378,0.141926,0.049949,-1.689015,13131.91,5108.001,4.725936,2.917329,0.124081,-0.031897,289,56,1410181566.42622,28.31,1389.0,765811388.0,0.304597701149425
0,USA-AD-900,India,IN,721070,200105,,0,0,,0,0,,0,0,0.0764,3.0,3.0,0.19,6.0,6.0,0.1146,12.0,12.0,34.75,34,6,8,2001,72,0.0,0.0,0.0,0.955538,8.312639,4.823966,778.507378,0.141926,0.049949,-1.689015,13131.91,5108.001,4.725936,2.917329,0.0,-0.031897,289,56,1410181566.42622,28.31,1389.0,2764735094.0,0.304597701149425
0,USA-AD-900,India,IN,721090,200105,-1.0,1,0,-1.0,1,0,-1.0,1,0,,0.0,0.0,-1.0,1.0,0.0,-1.0,2.0,0.0,34.75,34,6,8,2001,72,0.000466,0.0,-0.000466,0.955538,8.312639,4.823966,778.507378,0.141926,0.049949,-1.689015,13131.91,5108.001,4.725936,2.917329,0.000466,-0.031897,289,56,1410181566.42622,28.31,1389.0,460627121.0,0.304597701149425
0,USA-AD-900,India,IN,721240,200105,,0,0,,0,0,,0,0,0.6771,3.0,3.0,1.6095,6.0,6.0,2.6256,9.0,12.0,34.75,34,6,8,2001,72,0.0,0.0,0.0,0.955538,8.312639,4.823966,778.507378,0.141926,0.049949,-1.689015,13131.91,5108.001,4.725936,2.917329,0.0,-0.031897,289,56,1410181566.42622,28.31,1389.0,470737401.0,0.304597701149425
0,USA-AD-900,India,IN,721250,200105,,0,0,-0.4857,1,1,-0.2407,4,6,-1.0,1.0,0.0,14.5354,4.0,1.0,18.7203,4.0,3.0,34.75,34,6,8,2001,72,1.33321,0.017667,-1.315543,0.955538,8.312639,4.823966,778.507378,0.141926,0.049949,-1.689015,13131.91,5108.001,4.725936,2.917329,1.33321,-0.031897,289,56,1410181566.42622,28.31,1389.0,358780227.0,0.304597701149425
0,USA-AD-900,India,IN,722511,200105,,0,0,,0,0,,0,0,,0.0,2.0,0.4562,1.0,2.0,12.0332,2.0,3.0,34.75,25,6,2,2001,72,0.0,0.0,0.0,0.955538,8.312639,4.823966,778.507378,0.141926,0.049949,-1.689015,13131.91,5108.001,4.725936,2.917329,0.0,-0.031897,289,56,1410181566.42622,28.31,1389.0,,0.304597701149425
0,USA-AD-900,India,IN,722519,200105,,0,0,,0,0,,0,0,-0.6728,3.0,1.0,-0.3213,4.0,2.0,-0.124,6.0,4.0,34.75,28,6,2,2001,72,0.0,0.0,0.0,0.955538,8.312639,4.823966,778.507378,0.141926,0.049949,-1.689015,13131.91,5108.001,4.725936,2.917329,0.0,-0.031897,289,56,1410181566.42622,28.31,1389.0,,0.304597701149425
0,USA-AD-900,India,IN,722540,200105,,0,0,,0,1,,0,1,,0.0,0.0,,0.0,0.0,-1.0,1.0,0.0,34.75,25,6,2,2001,72,0.0,0.013395,0.013395,0.955538,8.312639,4.823966,778.507378,0.141926,0.049949,-1.689015,13131.91,5108.001,4.725936,2.917329,0.0,-0.031897,289,56,1410181566.42622,28.31,1389.0,1097799888.0,0.304597701149425
0,USA-AD-900,India,IN,722599,200105,,0,0,,0,0,,0,0,0.155,3.0,3.0,0.0057,6.0,6.0,-0.3782,12.0,9.0,34.75,31,6,2,2001,72,0.0,0.0,0.0,0.955538,8.312639,4.823966,778.507378,0.141926,0.049949,-1.689015,13131.91,5108.001,4.725936,2.917329,0.0,-0.031897,289,56,1410181566.42622,28.31,1389.0,,0.304597701149425
0,USA-AD-900,India,IN,722619,200105,,0,0,,0,0,,0,0,,0.0,0.0,,0.0,0.0,,0.0,0.0,34.75,28,6,2,2001,72,0.0,0.0,0.0,0.955538,8.312639,4.823966,778.507378,0.141926,0.049949,-1.689015,13131.91,5108.001,4.725936,2.917329,0.0,-0.031897,289,56,1410181566.42622,28.31,1389.0,,0.304597701149425
0,USA-AD-900,India,IN,722691,200105,,0,0,,0,0,,0,0,,0.0,0.0,-1.0,1.0,0.0,-1.0,3.0,0.0,34.75,25,6,2,2001,72,0.0,0.0,0.0,0.955538,8.312639,4.823966,778.507378,0.141926,0.049949,-1.689015,13131.91,5108.001,4.725936,2.917329,0.0,-0.031897,289,56,1410181566.42622,28.31,1389.0,448030582.0,0.304597701149425
0,USA-AD-900,India,IN,722699,200105,,0,0,,0,0,,0,0,,0.0,0.0,,0.0,0.0,,0.0,1.0,34.75,31,6,2,2001,72,0.0,0.0,0.0,0.955538,8.312639,4.823966,778.507378,0.141926,0.049949,-1.689015,13131.91,5108.001,4.725936,2.917329,0.0,-0.031897,289,56,1410181566.42622,28.31,1389.0,180906347.0,0.304597701149425
0,USA-AD-901,Indonesia,ID,720825,200105,,0,0,,0,0,,0,0,,0.0,0.0,,0.0,0.0,,0.0,0.0,59.25,18,6,2,2001,72,0.0,0.0,0.0,0.955538,8.312639,3.643466,1868.591723,0.141926,0.218371,-1.689015,15535.87,5081.576,4.725936,2.917329,0.0,-0.031897,289,56,6900901091.30435,28.31,1389.0,,0.289772727272727
0,USA-AD-901,Indonesia,ID,720826,200105,,0,0,,0,0,,0,0,,0.0,0.0,,0.0,2.0,,0.0,5.0,59.25,18,6,2,2001,72,0.0,0.0,0.0,0.955538,8.312639,3.643466,1868.591723,0.141926,0.218371,-1.689015,15535.87,5081.576,4.725936,2.917329,0.0,-0.031897,289,56,6900901091.30435,28.31,1389.0,,0.289772727272727
0,USA-AD-901,Indonesia,ID,720827,200105,,0,0,,0,0,,0,0,,0.0,0.0,,0.0,2.0,,0.0,2.0,59.25,18,6,2,2001,72,0.0,0.0,0.0,0.955538,8.312639,3.643466,1868.591723,0.141926,0.218371,-1.689015,15535.87,5081.576,4.725936,2.917329,0.0,-0.031897,289,56,6900901091.30435,28.31,1389.0,,0.289772727272727
0,USA-AD-901,Indonesia,ID,720836,200105,,0,0,,0,0,,0,0,,0.0,1.0,1.6492,1.0,1.0,2.2373,1.0,2.0,59.25,18,6,2,2001,72,0.0,0.0,0.0,0.955538,8.312639,3.643466,1868.591723,0.141926,0.218371,-1.689015,15535.87,5081.576,4.725936,2.917329,0.0,-0.031897,289,56,6900901091.30435,28.31,1389.0,,0.289772727272727
0,USA-AD-901,Indonesia,ID,720837,200105,,0,0,,0,0,,0,0,,0.0,1.0,-0.849,2.0,1.0,-0.5559,4.0,3.0,59.25,18,6,2,2001,72,0.0,0.0,0.0,0.955538,8.312639,3.643466,1868.591723,0.141926,0.218371,-1.689015,15535.87,5081.576,4.725936,2.917329,0.0,-0.031897,289,56,6900901091.30435,28.31,1389.0,,0.289772727272727
0,USA-AD-901,Indonesia,ID,720838,200105,,0,0,,0,0,,0,0,-0.8519,3.0,2.0,-0.9256,6.0,3.0,-0.756,12.0,8.0,59.25,18,6,2,2001,72,0.0,0.0,0.0,0.955538,8.312639,3.643466,1868.591723,0.141926,0.218371,-1.689015,15535.87,5081.576,4.725936,2.917329,0.0,-0.031897,289,56,6900901091.30435,28.31,1389.0,,0.289772727272727
0,USA-AD-901,Indonesia,ID,720839,200105,,0,0,,0,0,,0,0,-0.7161,3.0,2.0,-0.8611,6.0,2.0,-0.7175,12.0,7.0,59.25,18,6,2,2001,72,0.0,0.0,0.0,0.955538,8.312639,3.643466,1868.591723,0.141926,0.218371,-1.689015,15535.87,5081.576,4.725936,2.917329,0.0,-0.031897,289,56,6900901091.30435,28.31,1389.0,,0.289772727272727
0,USA-AD-901,Indonesia,ID,720853,200105,,0,0,,0,0,,0,0,,0.0,1.0,,0.0,1.0,,0.0,2.0,59.25,25,6,4,2001,72,0.0,0.0,0.0,0.955538,8.312639,3.643466,1868.591723,0.141926,0.218371,-1.689015,15535.87,5081.576,4.725936,2.917329,0.0,-0.031897,289,56,6900901091.30435,28.31,1389.0,,0.289772727272727
0,USA-AD-901,Indonesia,ID,720854,200105,,0,0,,0,0,,0,0,,0.0,1.0,,0.0,1.0,,0.0,1.0,59.25,18,6,2,2001,72,0.0,0.0,0.0,0.955538,8.312639,3.643466,1868.591723,0.141926,0.218371,-1.689015,15535.87,5081.576,4.725936,2.917329,0.0,-0.031897,289,56,6900901091.30435,28.31,1389.0,,0.289772727272727
0,USA-AD-901,Indonesia,ID,720890,200105,,0,0,,0,0,,0,0,-0.8731,3.0,3.0,-0.5132,5.0,5.0,-0.8635,11.0,9.0,59.25,31,6,8,2001,72,0.0,0.0,0.0,0.955538,8.312639,3.643466,1868.591723,0.141926,0.218371,-1.689015,15535.87,5081.576,4.725936,2.917329,0.0,-0.031897,289,56,6900901091.30435,28.31,1389.0,765811388.0,0.289772727272727
0,USA-AD-901,Indonesia,ID,721070,200105,,0,0,,0,0,,0,0,0.0764,3.0,3.0,0.19,6.0,6.0,0.1146,12.0,12.0,59.25,34,6,8,2001,72,0.0,0.0,0.0,0.955538,8.312639,3.643466,1868.591723,0.141926,0.218371,-1.689015,15535.87,5081.576,4.725936,2.917329,0.0,-0.031897,289,56,6900901091.30435,28.31,1389.0,2764735094.0,0.289772727272727
0,USA-AD-901,Indonesia,ID,721090,200105,,0,0,,0,0,,0,0,,0.0,0.0,-1.0,1.0,0.0,-1.0,2.0,0.0,59.25,34,6,8,2001,72,0.0,0.0,0.0,0.955538,8.312639,3.643466,1868.591723,0.141926,0.218371,-1.689015,15535.87,5081.576,4.725936,2.917329,0.0,-0.031897,289,56,6900901091.30435,28.31,1389.0,460627121.0,0.289772727272727
0,USA-AD-901,Indonesia,ID,721114,200105,,0,0,,0,0,,0,0,,0.0,0.0,,0.0,0.0,,0.0,0.0,59.25,25,6,4,2001,72,0.0,0.0,0.0,0.955538,8.312639,3.643466,1868.591723,0.141926,0.218371,-1.689015,15535.87,5081.576,4.725936,2.917329,0.0,-0.031897,289,56,6900901091.30435,28.31,1389.0,,0.289772727272727
0,USA-AD-901,Indonesia,ID,721119,200105,,0,0,,0,0,,0,0,-1.0,1.0,0.0,-0.6223,1.0,2.0,-0.3537,6.0,4.0,59.25,24,6,8,2001,72,0.0,0.0,0.0,0.955538,8.312639,3.643466,1868.591723,0.141926,0.218371,-1.689015,15535.87,5081.576,4.725936,2.917329,0.0,-0.031897,289,56,6900901091.30435,28.31,1389.0,1744530.0,0.289772727272727
0,USA-AD-901,Indonesia,ID,721240,200105,,0,0,,0,0,,0,0,0.6771,3.0,3.0,1.6095,6.0,6.0,2.6256,9.0,12.0,59.25,34,6,8,2001,72,0.0,0.0,0.0,0.955538,8.312639,3.643466,1868.591723,0.141926,0.218371,-1.689015,15535.87,5081.576,4.725936,2.917329,0.0,-0.031897,289,56,6900901091.30435,28.31,1389.0,470737401.0,0.289772727272727
0,USA-AD-901,Indonesia,ID,721250,200105,,0,0,,0,0,,0,0,-1.0,1.0,0.0,14.5354,4.0,1.0,18.7203,4.0,3.0,59.25,34,6,8,2001,72,0.0,0.0,0.0,0.955538,8.312639,3.643466,1868.591723,0.141926,0.218371,-1.689015,15535.87,5081.576,4.725936,2.917329,0.0,-0.031897,289,56,6900901091.30435,28.31,1389.0,358780227.0,0.289772727272727
0,USA-AD-901,Indonesia,ID,722511,200105,,0,0,,0,0,,0,0,,0.0,2.0,0.4562,1.0,2.0,12.0332,2.0,3.0,59.25,25,6,2,2001,72,0.0,0.0,0.0,0.955538,8.312639,3.643466,1868.591723,0.141926,0.218371,-1.689015,15535.87,5081.576,4.725936,2.917329,0.0,-0.031897,289,56,6900901091.30435,28.31,1389.0,,0.289772727272727
0,USA-AD-901,Indonesia,ID,722519,200105,,0,0,,0,0,,0,0,-0.6728,3.0,1.0,-0.3213,4.0,2.0,-0.124,6.0,4.0,59.25,28,6,2,2001,72,0.0,0.0,0.0,0.955538,8.312639,3.643466,1868.591723,0.141926,0.218371,-1.689015,15535.87,5081.576,4.725936,2.917329,0.0,-0.031897,289,56,6900901091.30435,28.31,1389.0,,0.289772727272727
0,USA-AD-901,Indonesia,ID,722530,200105,,0,0,,0,0,,0,0,,0.0,0.0,,0.0,0.0,,0.0,0.0,59.25,18,6,2,2001,72,0.0,0.0,0.0,0.955538,8.312639,3.643466,1868.591723,0.141926,0.218371,-1.689015,15535.87,5081.576,4.725936,2.917329,0.0,-0.031897,289,56,6900901091.30435,28.31,1389.0,556111962.0,0.289772727272727
0,USA-AD-901,Indonesia,ID,722599,200105,,0,0,,0,0,,0,0,0.155,3.0,3.0,0.0057,6.0,6.0,-0.3782,12.0,9.0,59.25,31,6,2,2001,72,0.0,0.0,0.0,0.955538,8.312639,3.643466,1868.591723,0.141926,0.218371,-1.689015,15535.87,5081.576,4.725936,2.917329,0.0,-0.031897,289,56,6900901091.30435,28.31,1389.0,,0.289772727272727
0,USA-AD-901,Indonesia,ID,722611,200105,,0,0,,0,0,,0,0,,0.0,0.0,,0.0,0.0,,0.0,0.0,59.25,25,6,2,2001,72,0.0,0.0,0.0,0.955538,8.312639,3.643466,1868.591723,0.141926,0.218371,-1.689015,15535.87,5081.576,4.725936,2.917329,0.0,-0.031897,289,56,6900901091.30435,28.31,1389.0,,0.289772727272727
0,USA-AD-901,Indonesia,ID,722691,200105,,0,0,,0,0,,0,0,,0.0,0.0,-1.0,1.0,0.0,-1.0,3.0,0.0,59.25,25,6,2,2001,72,0.0,0.0,0.0,0.955538,8.312639,3.643466,1868.591723,0.141926,0.218371,-1.689015,15535.87,5081.576,4.725936,2.917329,0.0,-0.031897,289,56,6900901091.30435,28.31,1389.0,448030582.0,0.289772727272727
0,USA-AD-901,Indonesia,ID,722699,200105,,0,0,,0,0,,0,0,,0.0,0.0,,0.0,0.0,,0.0,1.0,59.25,31,6,2,2001,72,0.0,0.0,0.0,0.955538,8.312639,3.643466,1868.591723,0.141926,0.218371,-1.689015,15535.87,5081.576,4.725936,2.917329,0.0,-0.031897,289,56,6900901091.30435,28.31,1389.0,180906347.0,0.289772727272727
1,USA-AD-902,Kazakhstan,KZ,720836,200105,,0,0,,0,0,1.3946,2,1,,0.0,1.0,1.6492,1.0,1.0,2.2373,1.0,2.0,239.57,18,6,2,2001,72,0.001753,0.004326,0.002574,0.955538,8.312639,13.5,4822.528628,0.141926,0.032382,-1.689015,10257.21,4667.011,4.725936,2.917329,0.001753,-0.031897,289,56,-1389516439.9889,28.31,1389.0,,0.390243902439024
0,USA-AD-902,Kazakhstan,KZ,720837,200105,1.6651,1,3,2.0468,3,5,1.7346,5,9,,0.0,1.0,-0.849,2.0,1.0,-0.5559,4.0,3.0,239.57,18,6,2,2001,72,0.012042,0.029903,0.017861,0.955538,8.312639,13.5,4822.528628,0.141926,0.032382,-1.689015,10257.21,4667.011,4.725936,2.917329,0.012042,-0.031897,289,56,-1389516439.9889,28.31,1389.0,,0.390243902439024
0,USA-AD-902,Kazakhstan,KZ,720838,200105,4.3008,1,3,3.8394,3,6,0.7999,7,12,-0.8519,3.0,2.0,-0.9256,6.0,3.0,-0.756,12.0,8.0,239.57,18,6,2,2001,72,0.00387,0.006257,0.002387,0.955538,8.312639,13.5,4822.528628,0.141926,0.032382,-1.689015,10257.21,4667.011,4.725936,2.917329,0.00387,-0.031897,289,56,-1389516439.9889,28.31,1389.0,,0.390243902439024
0,USA-AD-902,Kazakhstan,KZ,720839,200105,,0,3,6.2598,1,6,3.0279,5,11,-0.7161,3.0,2.0,-0.8611,6.0,2.0,-0.7175,12.0,7.0,239.57,18,6,2,2001,72,0.002051,0.005987,0.003936,0.955538,8.312639,13.5,4822.528628,0.141926,0.032382,-1.689015,10257.21,4667.011,4.725936,2.917329,0.002051,-0.031897,289,56,-1389516439.9889,28.31,1389.0,,0.390243902439024
0,USA-AD-902,Kazakhstan,KZ,721240,200105,,0,0,,0,0,,0,0,0.6771,3.0,3.0,1.6095,6.0,6.0,2.6256,9.0,12.0,239.57,34,6,8,2001,72,0.0,0.0,0.0,0.955538,8.312639,13.5,4822.528628,0.141926,0.032382,-1.689015,10257.21,4667.011,4.725936,2.917329,0.0,-0.031897,289,56,-1389516439.9889,28.31,1389.0,470737401.0,0.390243902439024
0,USA-AD-903,Netherlands,NL,720836,200105,,0,1,,0,1,,0,1,,0.0,1.0,1.6492,1.0,1.0,2.2373,1.0,2.0,2.44,18,6,2,2001,72,0.0,0.000609,0.000609,0.955538,8.312639,2.323576,41297.319883,0.141926,0.031244,-1.689015,7281.814,8679.86,4.725936,2.917329,0.0,-0.031897,289,56,9813967287.13197,28.31,1389.0,,0.561797752808989
0,USA-AD-903,Netherlands,NL,720853,200105,,0,0,,0,0,-1.0,1,0,,0.0,1.0,,0.0,1.0,,0.0,2.0,2.44,25,6,4,2001,72,0.00203,0.0,-0.00203,0.955538,8.312639,2.323576,41297.319883,0.141926,0.031244,-1.689015,7281.814,8679.86,4.725936,2.917329,0.00203,-0.031897,289,56,9813967287.13197,28.31,1389.0,,0.561797752808989
0,USA-AD-903,Netherlands,NL,720854,200105,,0,0,,0,0,,0,1,,0.0,1.0,,0.0,1.0,,0.0,1.0,2.44,18,6,2,2001,72,0.0,0.008921,0.008921,0.955538,8.312639,2.323576,41297.319883,0.141926,0.031244,-1.689015,7281.814,8679.86,4.725936,2.917329,0.0,-0.031897,289,56,9813967287.13197,28.31,1389.0,,0.561797752808989
0,USA-AD-903,Netherlands,NL,720890,200105,,0,0,-1.0,1,0,-0.9569,1,1,-0.8731,3.0,3.0,-0.5132,5.0,5.0,-0.8635,11.0,9.0,2.44,31,6,8,2001,72,0.007516,0.00024,-0.007276,0.955538,8.312639,2.323576,41297.319883,0.141926,0.031244,-1.689015,7281.814,8679.86,4.725936,2.917329,0.007516,-0.031897,289,56,9813967287.13197,28.31,1389.0,765811388.0,0.561797752808989
0,USA-AD-903,Netherlands,NL,721090,200105,,0,0,-1.0,1,0,-1.0,1,0,,0.0,0.0,-1.0,1.0,0.0,-1.0,2.0,0.0,2.44,34,6,8,2001,72,0.003012,0.0,-0.003012,0.955538,8.312639,2.323576,41297.319883,0.141926,0.031244,-1.689015,7281.814,8679.86,4.725936,2.917329,0.003012,-0.031897,289,56,9813967287.13197,28.31,1389.0,460627121.0,0.561797752808989
0,USA-AD-903,Netherlands,NL,721119,200105,,0,0,-1.0,2,0,-1.0,3,0,-1.0,1.0,0.0,-0.6223,1.0,2.0,-0.3537,6.0,4.0,2.44,24,6,8,2001,72,0.116475,0.0,-0.116475,0.955538,8.312639,2.323576,41297.319883,0.141926,0.031244,-1.689015,7281.814,8679.86,4.725936,2.917329,0.116475,-0.031897,289,56,9813967287.13197,28.31,1389.0,1744530.0,0.561797752808989
0,USA-AD-903,Netherlands,NL,721240,200105,,0,0,,0,0,,0,1,0.6771,3.0,3.0,1.6095,6.0,6.0,2.6256,9.0,12.0,2.44,34,6,8,2001,72,0.0,0.064143,0.064143,0.955538,8.312639,2.323576,41297.319883,0.141926,0.031244,-1.689015,7281.814,8679.86,4.725936,2.917329,0.0,-0.031897,289,56,9813967287.13197,28.31,1389.0,470737401.0,0.561797752808989
1,USA-AD-903,Netherlands,NL,721250,200105,-0.03,1,3,6.15,1,5,8.3284,2,10,-1.0,1.0,0.0,14.5354,4.0,1.0,18.7203,4.0,3.0,2.44,34,6,8,2001,72,0.029681,0.002817,-0.026864,0.955538,8.312639,2.323576,41297.319883,0.141926,0.031244,-1.689015,7281.814,8679.86,4.725936,2.917329,0.029681,-0.031897,289,56,9813967287.13197,28.31,1389.0,358780227.0,0.561797752808989
0,USA-AD-903,Netherlands,NL,722519,200105,,0,0,,0,0,-1.0,1,0,-0.6728,3.0,1.0,-0.3213,4.0,2.0,-0.124,6.0,4.0,2.44,28,6,2,2001,72,0.000938,0.0,-0.000938,0.955538,8.312639,2.323576,41297.319883,0.141926,0.031244,-1.689015,7281.814,8679.86,4.725936,2.917329,0.000938,-0.031897,289,56,9813967287.13197,28.31,1389.0,,0.561797752808989
0,USA-AD-903,Netherlands,NL,722540,200105,,0,1,,0,3,,0,5,,0.0,0.0,,0.0,0.0,-1.0,1.0,0.0,2.44,25,6,2,2001,72,0.0,0.023096,0.023096,0.955538,8.312639,2.323576,41297.319883,0.141926,0.031244,-1.689015,7281.814,8679.86,4.725936,2.917329,0.0,-0.031897,289,56,9813967287.13197,28.31,1389.0,1097799888.0,0.561797752808989
0,USA-AD-903,Netherlands,NL,722599,200105,-1.0,1,0,-0.7673,1,1,-0.7673,1,1,0.155,3.0,3.0,0.0057,6.0,6.0,-0.3782,12.0,9.0,2.44,31,6,2,2001,72,0.0009,2.8e-05,-0.000872,0.955538,8.312639,2.323576,41297.319883,0.141926,0.031244,-1.689015,7281.814,8679.86,4.725936,2.917329,0.0009,-0.031897,289,56,9813967287.13197,28.31,1389.0,,0.561797752808989
0,USA-AD-903,Netherlands,NL,722691,200105,,0,0,,0,0,,0,0,,0.0,0.0,-1.0,1.0,0.0,-1.0,3.0,0.0,2.44,25,6,2,2001,72,0.0,0.0,0.0,0.955538,8.312639,2.323576,41297.319883,0.141926,0.031244,-1.689015,7281.814,8679.86,4.725936,2.917329,0.0,-0.031897,289,56,9813967287.13197,28.31,1389.0,448030582.0,0.561797752808989
0,USA-AD-903,Netherlands,NL,722699,200105,,0,1,,0,1,,0,2,,0.0,0.0,,0.0,0.0,,0.0,1.0,2.44,31,6,2,2001,72,0.0,0.000174,0.000174,0.955538,8.312639,2.323576,41297.319883,0.141926,0.031244,-1.689015,7281.814,8679.86,4.725936,2.917329,0.0,-0.031897,289,56,9813967287.13197,28.31,1389.0,180906347.0,0.561797752808989
0,USA-AD-904,Romania,RO,720827,200105,,0,0,,0,0,,0,0,,0.0,0.0,,0.0,2.0,,0.0,2.0,88.62,18,6,2,2001,72,0.0,0.0,0.0,0.955538,8.312639,5.218136,4875.303106,0.141926,0.338669,-1.689015,,,4.725936,2.917329,0.0,-0.031897,289,56,-2229000000.0,28.31,1389.0,,0.557471264367816
0,USA-AD-904,Romania,RO,721090,200105,,0,0,,0,0,,0,0,,0.0,0.0,-1.0,1.0,0.0,-1.0,2.0,0.0,88.62,34,6,8,2001,72,0.0,0.0,0.0,0.955538,8.312639,5.218136,4875.303106,0.141926,0.338669,-1.689015,,,4.725936,2.917329,0.0,-0.031897,289,56,-2229000000.0,28.31,1389.0,460627121.0,0.557471264367816
0,USA-AD-904,Romania,RO,721119,200105,,0,0,,0,0,,0,0,-1.0,1.0,0.0,-0.6223,1.0,2.0,-0.3537,6.0,4.0,88.62,24,6,8,2001,72,0.0,0.0,0.0,0.955538,8.312639,5.218136,4875.303106,0.141926,0.338669,-1.689015,,,4.725936,2.917329,0.0,-0.031897,289,56,-2229000000.0,28.31,1389.0,1744530.0,0.557471264367816
0,USA-AD-905,South Africa,ZA,720836,200105,-0.8953,1,1,0.5842,2,3,-0.6101,6,5,,0.0,1.0,1.6492,1.0,1.0,2.2373,1.0,2.0,9.28,18,6,2,2001,72,0.006099,0.002993,-0.003106,0.955538,8.312639,2.7,4786.48245,0.141926,0.240547,-1.689015,14418.61,12792.46,4.725936,2.917329,0.006099,-0.031897,289,56,342639131.12158,28.31,1389.0,,0.343023255813953
0,USA-AD-905,South Africa,ZA,720837,200105,16.8613,1,3,12.5737,2,5,1.3912,7,9,,0.0,1.0,-0.849,2.0,1.0,-0.5559,4.0,3.0,9.28,18,6,2,2001,72,0.011668,0.027364,0.015695,0.955538,8.312639,2.7,4786.48245,0.141926,0.240547,-1.689015,14418.61,12792.46,4.725936,2.917329,0.011668,-0.031897,289,56,342639131.12158,28.31,1389.0,,0.343023255813953
0,USA-AD-905,South Africa,ZA,720838,200105,7.32,2,3,2.3564,4,5,0.8919,9,10,-0.8519,3.0,2.0,-0.9256,6.0,3.0,-0.756,12.0,8.0,9.28,18,6,2,2001,72,0.006398,0.01295,0.006553,0.955538,8.312639,2.7,4786.48245,0.141926,0.240547,-1.689015,14418.61,12792.46,4.725936,2.917329,0.006398,-0.031897,289,56,342639131.12158,28.31,1389.0,,0.343023255813953
0,USA-AD-905,South Africa,ZA,720839,200105,0.423,2,3,0.3644,4,6,1.1518,9,12,-0.7161,3.0,2.0,-0.8611,6.0,2.0,-0.7175,12.0,7.0,9.28,18,6,2,2001,72,0.014953,0.027908,0.012956,0.955538,8.312639,2.7,4786.48245,0.141926,0.240547,-1.689015,14418.61,12792.46,4.725936,2.917329,0.014953,-0.031897,289,56,342639131.12158,28.31,1389.0,,0.343023255813953
0,USA-AD-905,South Africa,ZA,720854,200105,,0,0,,0,0,-1.0,1,0,,0.0,1.0,,0.0,1.0,,0.0,1.0,9.28,18,6,2,2001,72,0.005605,0.0,-0.005605,0.955538,8.312639,2.7,4786.48245,0.141926,0.240547,-1.689015,14418.61,12792.46,4.725936,2.917329,0.005605,-0.031897,289,56,342639131.12158,28.31,1389.0,,0.343023255813953
0,USA-AD-905,South Africa,ZA,721070,200105,,0,0,,0,0,,0,0,0.0764,3.0,3.0,0.19,6.0,6.0,0.1146,12.0,12.0,9.28,34,6,8,2001,72,0.0,0.0,0.0,0.955538,8.312639,2.7,4786.48245,0.141926,0.240547,-1.689015,14418.61,12792.46,4.725936,2.917329,0.0,-0.031897,289,56,342639131.12158,28.31,1389.0,2764735094.0,0.343023255813953
0,USA-AD-905,South Africa,ZA,721240,200105,,0,0,,0,0,,0,0,0.6771,3.0,3.0,1.6095,6.0,6.0,2.6256,9.0,12.0,9.28,34,6,8,2001,72,0.0,0.0,0.0,0.955538,8.312639,2.7,4786.48245,0.141926,0.240547,-1.689015,14418.61,12792.46,4.725936,2.917329,0.0,-0.031897,289,56,342639131.12158,28.31,1389.0,470737401.0,0.343023255813953
0,USA-AD-906,Taiwan,TW,720826,200105,,0,0,,0,0,,0,0,,0.0,0.0,,0.0,2.0,,0.0,5.0,20.28,18,6,2,2001,72,0.0,0.0,0.0,0.955538,8.312639,,,0.141926,,-1.689015,12155.88,1520.398,4.725936,2.917329,0.0,-0.031897,289,56,,28.31,1389.0,,
0,USA-AD-906,Taiwan,TW,720827,200105,-1.0,1,0,-1.0,1,0,-1.0,1,0,,0.0,0.0,,0.0,2.0,,0.0,2.0,20.28,18,6,2,2001,72,0.00166,0.0,-0.00166,0.955538,8.312639,,,0.141926,,-1.689015,12155.88,1520.398,4.725936,2.917329,0.00166,-0.031897,289,56,,28.31,1389.0,,
0,USA-AD-906,Taiwan,TW,720836,200105,-1.0,1,0,-1.0,2,0,-1.0,2,0,,0.0,1.0,1.6492,1.0,1.0,2.2373,1.0,2.0,20.28,18,6,2,2001,72,0.002026,0.0,-0.002026,0.955538,8.312639,,,0.141926,,-1.689015,12155.88,1520.398,4.725936,2.917329,0.002026,-0.031897,289,56,,28.31,1389.0,,
0,USA-AD-906,Taiwan,TW,720837,200105,-1.0,1,0,-1.0,2,0,-1.0,2,0,,0.0,1.0,-0.849,2.0,1.0,-0.5559,4.0,3.0,20.28,18,6,2,2001,72,0.002466,0.0,-0.002466,0.955538,8.312639,,,0.141926,,-1.689015,12155.88,1520.398,4.725936,2.917329,0.002466,-0.031897,289,56,,28.31,1389.0,,
0,USA-AD-906,Taiwan,TW,720838,200105,-1.0,1,0,-1.0,3,0,-0.9218,3,1,-0.8519,3.0,2.0,-0.9256,6.0,3.0,-0.756,12.0,8.0,20.28,18,6,2,2001,72,0.000598,4.4e-05,-0.000554,0.955538,8.312639,,,0.141926,,-1.689015,12155.88,1520.398,4.725936,2.917329,0.000598,-0.031897,289,56,,28.31,1389.0,,
0,USA-AD-906,Taiwan,TW,720839,200105,-1.0,1,0,-0.0432,4,3,0.7234,5,9,-0.7161,3.0,2.0,-0.8611,6.0,2.0,-0.7175,12.0,7.0,20.28,18,6,2,2001,72,0.006172,0.00984,0.003668,0.955538,8.312639,,,0.141926,,-1.689015,12155.88,1520.398,4.725936,2.917329,0.006172,-0.031897,289,56,,28.31,1389.0,,
0,USA-AD-906,Taiwan,TW,721070,200105,,0,0,,0,0,,0,0,0.0764,3.0,3.0,0.19,6.0,6.0,0.1146,12.0,12.0,20.28,34,6,8,2001,72,0.0,0.0,0.0,0.955538,8.312639,,,0.141926,,-1.689015,12155.88,1520.398,4.725936,2.917329,0.0,-0.031897,289,56,,28.31,1389.0,2764735094.0,
0,USA-AD-906,Taiwan,TW,721090,200105,,0,0,,0,0,,0,1,,0.0,0.0,-1.0,1.0,0.0,-1.0,2.0,0.0,20.28,34,6,8,2001,72,0.0,0.000263,0.000263,0.955538,8.312639,,,0.141926,,-1.689015,12155.88,1520.398,4.725936,2.917329,0.0,-0.031897,289,56,,28.31,1389.0,460627121.0,
0,USA-AD-906,Taiwan,TW,721114,200105,,0,1,,0,1,,0,1,,0.0,0.0,,0.0,0.0,,0.0,0.0,20.28,25,6,4,2001,72,0.0,0.001949,0.001949,0.955538,8.312639,,,0.141926,,-1.689015,12155.88,1520.398,4.725936,2.917329,0.0,-0.031897,289,56,,28.31,1389.0,,
0,USA-AD-906,Taiwan,TW,721119,200105,,0,0,,0,0,,0,0,-1.0,1.0,0.0,-0.6223,1.0,2.0,-0.3537,6.0,4.0,20.28,24,6,8,2001,72,0.0,0.0,0.0,0.955538,8.312639,,,0.141926,,-1.689015,12155.88,1520.398,4.725936,2.917329,0.0,-0.031897,289,56,,28.31,1389.0,1744530.0,
0,USA-AD-906,Taiwan,TW,721240,200105,-1.0,1,0,-1.0,1,0,-1.0,1,0,0.6771,3.0,3.0,1.6095,6.0,6.0,2.6256,9.0,12.0,20.28,34,6,8,2001,72,0.266071,0.0,-0.266071,0.955538,8.312639,,,0.141926,,-1.689015,12155.88,1520.398,4.725936,2.917329,0.266071,-0.031897,289,56,,28.31,1389.0,470737401.0,
0,USA-AD-906,Taiwan,TW,722511,200105,,0,0,,0,0,,0,0,,0.0,2.0,0.4562,1.0,2.0,12.0332,2.0,3.0,20.28,25,6,2,2001,72,0.0,0.0,0.0,0.955538,8.312639,,,0.141926,,-1.689015,12155.88,1520.398,4.725936,2.917329,0.0,-0.031897,289,56,,28.31,1389.0,,
0,USA-AD-906,Taiwan,TW,722519,200105,,0,0,,0,0,,0,0,-0.6728,3.0,1.0,-0.3213,4.0,2.0,-0.124,6.0,4.0,20.28,28,6,2,2001,72,0.0,0.0,0.0,0.955538,8.312639,,,0.141926,,-1.689015,12155.88,1520.398,4.725936,2.917329,0.0,-0.031897,289,56,,28.31,1389.0,,
0,USA-AD-906,Taiwan,TW,722540,200105,,0,0,,0,0,,0,0,,0.0,0.0,,0.0,0.0,-1.0,1.0,0.0,20.28,25,6,2,2001,72,0.0,0.0,0.0,0.955538,8.312639,,,0.141926,,-1.689015,12155.88,1520.398,4.725936,2.917329,0.0,-0.031897,289,56,,28.31,1389.0,1097799888.0,
0,USA-AD-906,Taiwan,TW,722611,200105,,0,0,,0,0,,0,0,,0.0,0.0,,0.0,0.0,,0.0,0.0,20.28,25,6,2,2001,72,0.0,0.0,0.0,0.955538,8.312639,,,0.141926,,-1.689015,12155.88,1520.398,4.725936,2.917329,0.0,-0.031897,289,56,,28.31,1389.0,,
0,USA-AD-906,Taiwan,TW,722619,200105,,0,0,,0,0,,0,0,,0.0,0.0,,0.0,0.0,,0.0,0.0,20.28,28,6,2,2001,72,0.0,0.0,0.0,0.955538,8.312639,,,0.141926,,-1.689015,12155.88,1520.398,4.725936,2.917329,0.0,-0.031897,289,56,,28.31,1389.0,,
0,USA-AD-906,Taiwan,TW,722691,200105,,0,0,,0,0,,0,0,,0.0,0.0,-1.0,1.0,0.0,-1.0,3.0,0.0,20.28,25,6,2,2001,72,0.0,0.0,0.0,0.955538,8.312639,,,0.141926,,-1.689015,12155.88,1520.398,4.725936,2.917329,0.0,-0.031897,289,56,,28.31,1389.0,448030582.0,
0,USA-AD-906,Taiwan,TW,722699,200105,-1.0,1,0,-1.0,2,0,1596.3846,2,1,,0.0,0.0,,0.0,0.0,,0.0,1.0,20.28,31,6,2,2001,72,0.000521,0.000772,0.00025,0.955538,8.312639,,,0.141926,,-1.689015,12155.88,1520.398,4.725936,2.917329,0.000521,-0.031897,289,56,,28.31,1389.0,180906347.0,
0,USA-AD-907,Thailand,TH,720825,200105,,0,0,,0,0,,0,0,,0.0,0.0,,0.0,0.0,,0.0,0.0,7.48,18,6,2,2001,72,0.0,0.0,0.0,0.955538,8.312639,3.444249,3599.025249,0.141926,0.107701,-1.689015,13936.19,3699.128,4.725936,2.917329,0.0,-0.031897,289,56,5100898193.97191,28.31,1389.0,,0.325842696629214
0,USA-AD-907,Thailand,TH,720826,200105,,0,0,,0,0,,0,0,,0.0,0.0,,0.0,2.0,,0.0,5.0,7.48,18,6,2,2001,72,0.0,0.0,0.0,0.955538,8.312639,3.444249,3599.025249,0.141926,0.107701,-1.689015,13936.19,3699.128,4.725936,2.917329,0.0,-0.031897,289,56,5100898193.97191,28.31,1389.0,,0.325842696629214
0,USA-AD-907,Thailand,TH,720827,200105,,0,0,,0,0,,0,0,,0.0,0.0,,0.0,2.0,,0.0,2.0,7.48,18,6,2,2001,72,0.0,0.0,0.0,0.955538,8.312639,3.444249,3599.025249,0.141926,0.107701,-1.689015,13936.19,3699.128,4.725936,2.917329,0.0,-0.031897,289,56,5100898193.97191,28.31,1389.0,,0.325842696629214
0,USA-AD-907,Thailand,TH,720837,200105,,0,0,,0,0,,0,0,,0.0,1.0,-0.849,2.0,1.0,-0.5559,4.0,3.0,7.48,18,6,2,2001,72,0.0,0.0,0.0,0.955538,8.312639,3.444249,3599.025249,0.141926,0.107701,-1.689015,13936.19,3699.128,4.725936,2.917329,0.0,-0.031897,289,56,5100898193.97191,28.31,1389.0,,0.325842696629214
0,USA-AD-907,Thailand,TH,720838,200105,,0,0,,0,0,,0,0,-0.8519,3.0,2.0,-0.9256,6.0,3.0,-0.756,12.0,8.0,7.48,18,6,2,2001,72,0.0,0.0,0.0,0.955538,8.312639,3.444249,3599.025249,0.141926,0.107701,-1.689015,13936.19,3699.128,4.725936,2.917329,0.0,-0.031897,289,56,5100898193.97191,28.31,1389.0,,0.325842696629214
0,USA-AD-907,Thailand,TH,720839,200105,,0,0,,0,0,-1.0,1,0,-0.7161,3.0,2.0,-0.8611,6.0,2.0,-0.7175,12.0,7.0,7.48,18,6,2,2001,72,9.7e-05,0.0,-9.7e-05,0.955538,8.312639,3.444249,3599.025249,0.141926,0.107701,-1.689015,13936.19,3699.128,4.725936,2.917329,9.7e-05,-0.031897,289,56,5100898193.97191,28.31,1389.0,,0.325842696629214
0,USA-AD-907,Thailand,TH,720854,200105,,0,0,,0,1,,0,1,,0.0,1.0,,0.0,1.0,,0.0,1.0,7.48,18,6,2,2001,72,0.0,0.007242,0.007242,0.955538,8.312639,3.444249,3599.025249,0.141926,0.107701,-1.689015,13936.19,3699.128,4.725936,2.917329,0.0,-0.031897,289,56,5100898193.97191,28.31,1389.0,,0.325842696629214
0,USA-AD-907,Thailand,TH,720890,200105,,0,0,,0,0,,0,0,-0.8731,3.0,3.0,-0.5132,5.0,5.0,-0.8635,11.0,9.0,7.48,31,6,8,2001,72,0.0,0.0,0.0,0.955538,8.312639,3.444249,3599.025249,0.141926,0.107701,-1.689015,13936.19,3699.128,4.725936,2.917329,0.0,-0.031897,289,56,5100898193.97191,28.31,1389.0,765811388.0,0.325842696629214
0,USA-AD-907,Thailand,TH,721070,200105,,0,0,,0,0,,0,0,0.0764,3.0,3.0,0.19,6.0,6.0,0.1146,12.0,12.0,7.48,34,6,8,2001,72,0.0,0.0,0.0,0.955538,8.312639,3.444249,3599.025249,0.141926,0.107701,-1.689015,13936.19,3699.128,4.725936,2.917329,0.0,-0.031897,289,56,5100898193.97191,28.31,1389.0,2764735094.0,0.325842696629214
0,USA-AD-907,Thailand,TH,721090,200105,,0,0,,0,0,,0,0,,0.0,0.0,-1.0,1.0,0.0,-1.0,2.0,0.0,7.48,34,6,8,2001,72,0.0,0.0,0.0,0.955538,8.312639,3.444249,3599.025249,0.141926,0.107701,-1.689015,13936.19,3699.128,4.725936,2.917329,0.0,-0.031897,289,56,5100898193.97191,28.31,1389.0,460627121.0,0.325842696629214
0,USA-AD-907,Thailand,TH,721119,200105,,0,0,,0,0,,0,0,-1.0,1.0,0.0,-0.6223,1.0,2.0,-0.3537,6.0,4.0,7.48,24,6,8,2001,72,0.0,0.0,0.0,0.955538,8.312639,3.444249,3599.025249,0.141926,0.107701,-1.689015,13936.19,3699.128,4.725936,2.917329,0.0,-0.031897,289,56,5100898193.97191,28.31,1389.0,1744530.0,0.325842696629214
0,USA-AD-907,Thailand,TH,721240,200105,,0,0,,0,0,,0,0,0.6771,3.0,3.0,1.6095,6.0,6.0,2.6256,9.0,12.0,7.48,34,6,8,2001,72,0.0,0.0,0.0,0.955538,8.312639,3.444249,3599.025249,0.141926,0.107701,-1.689015,13936.19,3699.128,4.725936,2.917329,0.0,-0.031897,289,56,5100898193.97191,28.31,1389.0,470737401.0,0.325842696629214
0,USA-AD-907,Thailand,TH,721250,200105,,0,0,,0,0,,0,0,-1.0,1.0,0.0,14.5354,4.0,1.0,18.7203,4.0,3.0,7.48,34,6,8,2001,72,0.0,0.0,0.0,0.955538,8.312639,3.444249,3599.025249,0.141926,0.107701,-1.689015,13936.19,3699.128,4.725936,2.917329,0.0,-0.031897,289,56,5100898193.97191,28.31,1389.0,358780227.0,0.325842696629214
0,USA-AD-907,Thailand,TH,722519,200105,,0,0,,0,0,,0,0,-0.6728,3.0,1.0,-0.3213,4.0,2.0,-0.124,6.0,4.0,7.48,28,6,2,2001,72,0.0,0.0,0.0,0.955538,8.312639,3.444249,3599.025249,0.141926,0.107701,-1.689015,13936.19,3699.128,4.725936,2.917329,0.0,-0.031897,289,56,5100898193.97191,28.31,1389.0,,0.325842696629214
0,USA-AD-907,Thailand,TH,722599,200105,,0,0,,0,0,,0,0,0.155,3.0,3.0,0.0057,6.0,6.0,-0.3782,12.0,9.0,7.48,31,6,2,2001,72,0.0,0.0,0.0,0.955538,8.312639,3.444249,3599.025249,0.141926,0.107701,-1.689015,13936.19,3699.128,4.725936,2.917329,0.0,-0.031897,289,56,5100898193.97191,28.31,1389.0,,0.325842696629214
0,USA-AD-907,Thailand,TH,722691,200105,,0,0,,0,0,,0,0,,0.0,0.0,-1.0,1.0,0.0,-1.0,3.0,0.0,7.48,25,6,2,2001,72,0.0,0.0,0.0,0.955538,8.312639,3.444249,3599.025249,0.141926,0.107701,-1.689015,13936.19,3699.128,4.725936,2.917329,0.0,-0.031897,289,56,5100898193.97191,28.31,1389.0,448030582.0,0.325842696629214
0,USA-AD-908,Ukraine,UA,720810,200105,,0,2,,0,2,,0,3,,0.0,0.0,,0.0,0.0,,0.0,0.0,89.49,18,6,2,2001,72,0.0,0.145458,0.145458,0.955538,8.312639,8.8,1547.27832,0.141926,-0.012513,-1.689015,8995.575,7327.559,4.725936,2.917329,0.0,-0.031897,289,56,1324000000.0,28.31,1389.0,,0.448863636363636
0,USA-AD-908,Ukraine,UA,720827,200105,,0,0,,0,0,-1.0,1,0,,0.0,0.0,,0.0,2.0,,0.0,2.0,89.49,18,6,2,2001,72,0.088803,0.0,-0.088803,0.955538,8.312639,8.8,1547.27832,0.141926,-0.012513,-1.689015,8995.575,7327.559,4.725936,2.917329,0.088803,-0.031897,289,56,1324000000.0,28.31,1389.0,,0.448863636363636
0,USA-AD-909,France,FR,284420,200107,,0,1,-0.19,2,2,-0.7127,3,2,,0.0,0.0,,0.0,0.0,,0.0,1.0,17.52,16,7,10,2001,28,0.22964,0.065537,-0.164103,0.955538,8.312639,1.899467,33640.6738,0.141926,0.031244,-1.689015,7456.767,9225.815,4.725936,2.917329,0.22964,-0.031897,287,56,20965385279.5953,24.61,1049.0,4089074855.999999,0.609195402298851
0,USA-AD-909,France,FR,284440,200107,0.0768,3,3,0.1898,6,6,0.2218,12,12,-1.0,3.0,0.0,-0.8,5.0,1.0,-0.25,7.0,4.0,17.52,4,7,0,2001,28,0.085024,0.102353,0.017329,0.955538,8.312639,1.899467,33640.6738,0.141926,0.031244,-1.689015,7456.767,9225.815,4.725936,2.917329,0.085024,-0.031897,287,56,20965385279.5953,24.61,1049.0,774743151.0,0.609195402298851
0,USA-AD-912,United Kingdom,GB,284420,200107,,0,0,-1.0,1,0,-1.0,2,0,,0.0,0.0,,0.0,0.0,,0.0,1.0,,16,7,10,2001,28,0.120723,0.0,-0.120723,0.955538,8.312639,2.391022,40082.135936,0.141926,0.051025,-1.689015,6878.493,8931.778,4.725936,2.917329,0.120723,-0.031897,287,56,-29139796850.0518,24.61,1049.0,4089074855.999999,0.640449438202247
0,USA-AD-912,United Kingdom,GB,284440,200107,0.0377,3,3,0.0826,6,6,0.3171,12,12,-1.0,3.0,0.0,-0.8,5.0,1.0,-0.25,7.0,4.0,,4,7,0,2001,28,0.120413,0.108909,-0.011504,0.955538,8.312639,2.391022,40082.135936,0.141926,0.051025,-1.689015,6878.493,8931.778,4.725936,2.917329,0.120413,-0.031897,287,56,-29139796850.0518,24.61,1049.0,774743151.0,0.640449438202247
0,USA-AD-913,France,FR,722211,200108,,0,1,-0.0525,1,1,-0.6799,2,1,,0.0,1.0,-1.0,1.0,1.0,-1.0,1.0,1.0,4.3,8,7,0,2001,72,0.017696,0.003921,-0.013775,0.955538,8.312639,1.899467,33640.6738,0.141926,0.031244,-1.689015,7456.767,9225.815,4.725936,2.917329,0.017696,-0.031897,286,56,20965385279.5953,25.68,927.0,,0.609195402298851
0,USA-AD-913,France,FR,722219,200108,,0,0,,0,1,-1.0,2,1,,0.0,1.0,,0.0,1.0,-0.9995,4.0,1.0,4.3,6,7,0,2001,72,0.0545,0.000137,-0.054363,0.955538,8.312639,1.899467,33640.6738,0.141926,0.031244,-1.689015,7456.767,9225.815,4.725936,2.917329,0.0545,-0.031897,286,56,20965385279.5953,25.68,927.0,,0.609195402298851
0,USA-AD-913,France,FR,722220,200108,-1.0,1,0,-1.0,3,0,-1.0,7,0,-0.92,3.0,3.0,-0.8491,6.0,6.0,-0.7948,12.0,12.0,4.3,10,7,7,2001,72,0.022223,0.0,-0.022223,0.955538,8.312639,1.899467,33640.6738,0.141926,0.031244,-1.689015,7456.767,9225.815,4.725936,2.917329,0.022223,-0.031897,286,56,20965385279.5953,25.68,927.0,968475900.0,0.609195402298851
0,USA-AD-913,France,FR,722230,200108,-0.1667,1,1,-0.9966,3,2,-0.9958,5,3,-1.0,1.0,0.0,13.8252,1.0,2.0,0.0956,2.0,6.0,4.3,12,7,7,2001,72,0.002915,0.000704,-0.002211,0.955538,8.312639,1.899467,33640.6738,0.141926,0.031244,-1.689015,7456.767,9225.815,4.725936,2.917329,0.002915,-0.031897,286,56,20965385279.5953,25.68,927.0,357365365.0,0.609195402298851
0,USA-AD-914,Germany,DE,722211,200108,-1.0,2,0,-0.2427,3,2,0.4368,5,4,,0.0,1.0,-1.0,1.0,1.0,-1.0,1.0,1.0,17.07,8,7,0,2001,72,0.004138,0.016739,0.012601,0.955538,8.312639,1.636142,35618.51437,0.141926,0.031244,-1.689015,7595.452,8503.73,4.725936,2.917329,0.004138,-0.031897,286,56,-3351198981.71194,25.68,927.0,,0.561797752808989
0,USA-AD-914,Germany,DE,722219,200108,,0,3,1.5389,2,4,1.7279,6,8,,0.0,1.0,,0.0,1.0,-0.9995,4.0,1.0,17.07,6,7,0,2001,72,0.017121,0.062404,0.045283,0.955538,8.312639,1.636142,35618.51437,0.141926,0.031244,-1.689015,7595.452,8503.73,4.725936,2.917329,0.017121,-0.031897,286,56,-3351198981.71194,25.68,927.0,,0.561797752808989
0,USA-AD-914,Germany,DE,722220,200108,-0.9844,2,2,0.7624,3,4,0.3382,6,7,-0.92,3.0,3.0,-0.8491,6.0,6.0,-0.7948,12.0,12.0,17.07,10,7,7,2001,72,0.004614,0.004781,0.000167,0.955538,8.312639,1.636142,35618.51437,0.141926,0.031244,-1.689015,7595.452,8503.73,4.725936,2.917329,0.004614,-0.031897,286,56,-3351198981.71194,25.68,927.0,968475900.0,0.561797752808989
0,USA-AD-914,Germany,DE,722230,200108,3.0212,3,3,-0.566,6,6,-0.4272,11,11,-1.0,1.0,0.0,13.8252,1.0,2.0,0.0956,2.0,6.0,17.07,12,7,7,2001,72,0.017912,0.012421,-0.005491,0.955538,8.312639,1.636142,35618.51437,0.141926,0.031244,-1.689015,7595.452,8503.73,4.725936,2.917329,0.017912,-0.031897,286,56,-3351198981.71194,25.68,927.0,357365365.0,0.561797752808989
0,USA-AD-915,Italy,IT,722211,200108,,0,0,,0,2,26.3038,1,4,,0.0,1.0,-1.0,1.0,1.0,-1.0,1.0,1.0,7.72,8,7,0,2001,72,0.004979,0.025635,0.020656,0.955538,8.312639,2.006433,33243.599344,0.141926,0.031244,-1.689015,8284.006,9047.517,4.725936,2.917329,0.004979,-0.031897,286,56,1814148807.61766,25.68,927.0,,0.544943820224719
0,USA-AD-915,Italy,IT,722219,200108,,0,0,,0,0,-0.4234,3,1,,0.0,1.0,,0.0,1.0,-0.9995,4.0,1.0,7.72,6,7,0,2001,72,0.02689,0.00918,-0.017709,0.955538,8.312639,2.006433,33243.599344,0.141926,0.031244,-1.689015,8284.006,9047.517,4.725936,2.917329,0.02689,-0.031897,286,56,1814148807.61766,25.68,927.0,,0.544943820224719
0,USA-AD-915,Italy,IT,722220,200108,2.5847,1,2,1.9916,3,4,0.7886,7,9,-0.92,3.0,3.0,-0.8491,6.0,6.0,-0.7948,12.0,12.0,7.72,10,7,7,2001,72,0.032049,0.04684,0.014791,0.955538,8.312639,2.006433,33243.599344,0.141926,0.031244,-1.689015,8284.006,9047.517,4.725936,2.917329,0.032049,-0.031897,286,56,1814148807.61766,25.68,927.0,968475900.0,0.544943820224719
0,USA-AD-915,Italy,IT,722230,200108,-0.3938,3,2,-0.055,6,5,-0.0326,11,10,-1.0,1.0,0.0,13.8252,1.0,2.0,0.0956,2.0,6.0,7.72,12,7,7,2001,72,0.051781,0.057542,0.005761,0.955538,8.312639,2.006433,33243.599344,0.141926,0.031244,-1.689015,8284.006,9047.517,4.725936,2.917329,0.051781,-0.031897,286,56,1814148807.61766,25.68,927.0,357365365.0,0.544943820224719
0,USA-AD-918,United Kingdom,GB,722211,200108,-0.4967,3,2,-0.0214,5,4,0.2919,7,6,,0.0,1.0,-1.0,1.0,1.0,-1.0,1.0,1.0,6.85,8,7,0,2001,72,0.004887,0.005779,0.000892,0.955538,8.312639,2.391022,40082.135936,0.141926,0.051025,-1.689015,6878.493,8931.778,4.725936,2.917329,0.004887,-0.031897,286,56,-29139796850.0518,25.68,927.0,,0.640449438202247
0,USA-AD-918,United Kingdom,GB,722219,200108,,0,0,,0,0,-1.0,2,0,,0.0,1.0,,0.0,1.0,-0.9995,4.0,1.0,6.85,6,7,0,2001,72,0.002527,0.0,-0.002527,0.955538,8.312639,2.391022,40082.135936,0.141926,0.051025,-1.689015,6878.493,8931.778,4.725936,2.917329,0.002527,-0.031897,286,56,-29139796850.0518,25.68,927.0,,0.640449438202247
0,USA-AD-918,United Kingdom,GB,722220,200108,4.7629,3,3,0.4416,6,6,-0.1122,12,12,-0.92,3.0,3.0,-0.8491,6.0,6.0,-0.7948,12.0,12.0,6.85,10,7,7,2001,72,0.060167,0.050159,-0.010008,0.955538,8.312639,2.391022,40082.135936,0.141926,0.051025,-1.689015,6878.493,8931.778,4.725936,2.917329,0.060167,-0.031897,286,56,-29139796850.0518,25.68,927.0,968475900.0,0.640449438202247
0,USA-AD-918,United Kingdom,GB,722230,200108,-0.8568,1,1,-0.9378,4,1,-0.738,7,5,-1.0,1.0,0.0,13.8252,1.0,2.0,0.0956,2.0,6.0,6.85,12,7,7,2001,72,0.005327,0.00253,-0.002797,0.955538,8.312639,2.391022,40082.135936,0.141926,0.051025,-1.689015,6878.493,8931.778,4.725936,2.917329,0.005327,-0.031897,286,56,-29139796850.0518,25.68,927.0,357365365.0,0.640449438202247
0,USA-AD-919,Japan,JP,730511,200106,,0,2,-0.6747,2,3,-0.9119,5,4,39.096,1.0,3.0,14.7111,2.0,6.0,19.0716,2.0,9.0,30.8,8,5,0,2001,73,0.737962,0.047264,-0.690698,0.955538,8.312639,0.386103,31476.052067,0.141926,0.127717,-1.689015,10286.19,951.7373,4.725936,2.917329,0.737962,-0.031897,288,56,86219920754.3289,27.85,1386.0,2583845904.0,0.51685393258427
0,USA-AD-919,Japan,JP,730512,200106,,0,0,,0,1,,0,1,1.2954,3.0,3.0,2.0533,6.0,6.0,2.5909,12.0,12.0,30.8,8,5,0,2001,73,0.0,0.151722,0.151722,0.955538,8.312639,0.386103,31476.052067,0.141926,0.127717,-1.689015,10286.19,951.7373,4.725936,2.917329,0.0,-0.031897,288,56,86219920754.3289,27.85,1386.0,487386272.0,0.51685393258427
0,USA-AD-919,Japan,JP,730519,200106,-0.9954,2,1,-0.9943,4,2,-0.9999,8,2,,0.0,0.0,,0.0,0.0,,0.0,0.0,30.8,8,5,0,2001,73,0.876242,0.07595,-0.800292,0.955538,8.312639,0.386103,31476.052067,0.141926,0.127717,-1.689015,10286.19,951.7373,4.725936,2.917329,0.876242,-0.031897,288,56,86219920754.3289,27.85,1386.0,301565656.0,0.51685393258427
0,USA-AD-920,Mexico,MX,730512,200108,,0,0,,0,0,,0,0,-0.2408,3.0,3.0,0.8134,6.0,6.0,1.1345,12.0,12.0,49.86,8,7,0,2001,73,,0.0,,0.955538,8.312639,-0.450845,9398.350744,0.141926,-0.011974,-1.689015,2468.405,11711.42,4.725936,2.917329,,-0.031897,286,56,-17752510948.0,25.68,927.0,487386272.0,0.308988764044944
1,USA-AD-921,China,CN,481920,200108,3.0066,3,3,1.6634,6,6,0.7209,12,12,2.473,3.0,3.0,1.1007,6.0,6.0,0.7154,12.0,12.0,164.75,1,5,0,2001,48,0.062476,0.191801,0.129324,0.955538,8.312639,8.312639,2405.893967,0.141926,-0.000173,-1.689015,11183.43,1168.165,4.725936,2.917329,0.062476,-0.031897,286,56,17401000000.0,25.68,927.0,3519517173.0,0.28735632183908
0,USA-AD-921,China,CN,481950,200108,-0.1289,3,3,0.2105,6,6,0.4914,12,12,2.2434,3.0,3.0,1.1681,6.0,6.0,0.5771,12.0,12.0,164.75,1,5,0,2001,48,0.129014,0.164251,0.035237,0.955538,8.312639,8.312639,2405.893967,0.141926,-0.000173,-1.689015,11183.43,1168.165,4.725936,2.917329,0.129014,-0.031897,286,56,17401000000.0,25.68,927.0,678700736.0,0.28735632183908
0,USA-AD-922,China,CN,700721,200109,,0,1,-0.9444,1,2,-0.6267,2,3,-0.6462,1.0,2.0,-0.5569,2.0,3.0,0.096,5.0,6.0,124.5,1,6,0,2001,70,0.016518,0.007581,-0.008937,0.955538,8.312639,8.312639,2405.893967,0.141926,-0.000173,-1.689015,11183.43,1168.165,4.725936,2.917329,0.016518,-0.031897,285,56,17401000000.0,25.62,952.0,1815475780.0,0.28735632183908
0,USA-AD-928,Canada,CA,440710,200111,-0.3238,3,3,-0.1834,6,6,0.3896,12,12,,0.0,0.0,,0.0,1.0,,0.0,1.0,12.58,1,7,0,2001,44,0.192191,0.214411,0.02222,0.955538,8.312639,1.875098,38200.456121,0.141926,0.042713,-1.689015,2079.297,10032.81,4.725936,2.917329,0.192191,-0.031897,283,56,15757824510.9174,18.8,868.0,15678444106.0,0.573033707865168
0,USA-AD-928,Canada,CA,440910,200111,-1.0,1,0,-1.0,2,0,5.7988,2,4,,0.0,0.0,,0.0,0.0,,0.0,0.0,12.58,3,7,0,2001,44,0.011889,0.031389,0.0195,0.955538,8.312639,1.875098,38200.456121,0.141926,0.042713,-1.689015,2079.297,10032.81,4.725936,2.917329,0.011889,-0.031897,283,56,15757824510.9174,18.8,868.0,1226141932.0,0.573033707865168
0,USA-AD-929,India,IN,720299,200111,,0,0,,0,0,-1.0,1,0,,0.0,0.0,,0.0,0.0,-1.0,1.0,0.0,18.94,7,7,7,2001,72,0.00858,0.0,-0.00858,0.955538,8.312639,4.823966,778.507378,0.141926,0.049949,-1.689015,13131.91,5108.001,4.725936,2.917329,0.00858,-0.031897,283,56,1410181566.42622,18.8,868.0,284253206.0,0.304597701149425
0,USA-AD-931,Kazakhstan,KZ,720230,200111,,0,1,,0,3,,0,4,,0.0,1.0,,0.0,1.0,,0.0,3.0,53.47,7,7,7,2001,72,0.0,0.045786,0.045786,0.955538,8.312639,13.5,4822.528628,0.141926,0.032382,-1.689015,10257.21,4667.011,4.725936,2.917329,0.0,-0.031897,283,56,-1389516439.9889,18.8,868.0,922764997.0,0.390243902439024
0,USA-AD-932,China,CN,940171,200112,-0.45,3,3,-0.2635,6,6,0.979,12,12,-0.8569,2.0,2.0,0.4588,4.0,5.0,0.262,8.0,10.0,134.77,1,7,0,2001,94,0.482328,0.415727,-0.0666,0.955538,8.312639,8.312639,2405.893967,0.141926,-0.000173,-1.689015,11183.43,1168.165,4.725936,2.917329,0.482328,-0.031897,282,56,17401000000.0,18.71,876.0,1299613581.0,0.28735632183908
1,USA-AD-932,China,CN,940179,200112,0.5291,3,3,0.6821,6,6,1.7726,12,12,1.5935,3.0,2.0,1.6403,5.0,5.0,4.7497,8.0,10.0,134.77,1,7,0,2001,94,0.305907,0.351289,0.045382,0.955538,8.312639,8.312639,2405.893967,0.141926,-0.000173,-1.689015,11183.43,1168.165,4.725936,2.917329,0.305907,-0.031897,282,56,17401000000.0,18.71,876.0,1771939666.0,0.28735632183908
0,USA-AD-932,China,CN,940320,200112,0.3401,3,3,1.376,6,6,3.2039,12,12,0.7266,3.0,3.0,0.5887,6.0,6.0,0.4851,12.0,12.0,134.77,6,7,0,2001,94,0.254517,0.519627,0.26511,0.955538,8.312639,8.312639,2405.893967,0.141926,-0.000173,-1.689015,11183.43,1168.165,4.725936,2.917329,0.254517,-0.031897,282,56,17401000000.0,18.71,876.0,4980942854.0,0.28735632183908
0,USA-AD-933,India,IN,392062,200112,,0,0,,0,1,,0,2,0.1169,3.0,3.0,0.1129,6.0,6.0,0.0936,12.0,12.0,2.96,11,7,11,2001,39,0.0,0.000723,0.000723,0.955538,8.312639,4.823966,778.507378,0.141926,0.049949,-1.689015,13131.91,5108.001,4.725936,2.917329,0.0,-0.031897,282,56,1410181566.42622,18.71,876.0,1955074110.0,0.304597701149425
0,USA-AD-934,Taiwan,TW,392062,200112,-0.3873,3,3,-0.5753,6,6,-0.4774,12,12,0.1169,3.0,3.0,0.1129,6.0,6.0,0.0936,12.0,12.0,9.19,11,7,11,2001,39,0.10716,0.04649,-0.060671,0.955538,8.312639,,,0.141926,,-1.689015,12155.88,1520.398,4.725936,2.917329,0.10716,-0.031897,282,56,,18.71,876.0,1955074110.0,
0,USA-AD-935,China,CN,721632,200112,,0,0,6.015,1,1,6.015,1,1,,0.0,0.0,,0.0,0.0,,0.0,0.0,117.21,10,6,1,2001,72,0.000195,0.000743,0.000549,0.955538,8.312639,8.312639,2405.893967,0.141926,-0.000173,-1.689015,11183.43,1168.165,4.725936,2.917329,0.000195,-0.031897,282,56,17401000000.0,18.71,876.0,1042945145.0,0.28735632183908
0,USA-AD-935,China,CN,721633,200112,-0.3127,3,3,-0.2561,6,5,0.0131,11,11,-0.4791,3.0,3.0,0.1849,3.0,6.0,0.5192,8.0,10.0,117.21,10,6,1,2001,72,0.360273,0.177367,-0.182906,0.955538,8.312639,8.312639,2405.893967,0.141926,-0.000173,-1.689015,11183.43,1168.165,4.725936,2.917329,0.360273,-0.031897,282,56,17401000000.0,18.71,876.0,1467710825.0,0.28735632183908
0,USA-AD-935,China,CN,721650,200112,1.1439,2,3,0.1774,5,5,4.7391,7,11,-0.4343,3.0,3.0,-0.5197,6.0,6.0,-0.6155,12.0,10.0,117.21,10,6,1,2001,72,0.016562,0.051899,0.035337,0.955538,8.312639,8.312639,2405.893967,0.141926,-0.000173,-1.689015,11183.43,1168.165,4.725936,2.917329,0.016562,-0.031897,282,56,17401000000.0,18.71,876.0,718917007.0,0.28735632183908
0,USA-AD-935,China,CN,721669,200112,,0,0,,0,0,,0,1,,0.0,0.0,,0.0,0.0,,0.0,0.0,117.21,10,6,1,2001,72,0.0,0.003772,0.003772,0.955538,8.312639,8.312639,2405.893967,0.141926,-0.000173,-1.689015,11183.43,1168.165,4.725936,2.917329,0.0,-0.031897,282,56,17401000000.0,18.71,876.0,,0.28735632183908
0,USA-AD-935,China,CN,721699,200112,,0,0,,0,0,,0,3,,0.0,0.0,,0.0,0.0,-1.0,1.0,0.0,117.21,10,6,1,2001,72,0.0,0.013088,0.013088,0.955538,8.312639,8.312639,2405.893967,0.141926,-0.000173,-1.689015,11183.43,1168.165,4.725936,2.917329,0.0,-0.031897,282,56,17401000000.0,18.71,876.0,,0.28735632183908
0,USA-AD-935,China,CN,722870,200112,,0,0,,0,0,,0,0,,0.0,0.0,,0.0,0.0,,0.0,0.0,117.21,11,6,1,2001,72,0.0,0.0,0.0,0.955538,8.312639,8.312639,2405.893967,0.141926,-0.000173,-1.689015,11183.43,1168.165,4.725936,2.917329,0.0,-0.031897,282,56,17401000000.0,18.71,876.0,210072657.0,0.28735632183908
0,USA-AD-936,Germany,DE,721632,200112,,0,0,-1.0,1,0,-1.0,1,0,,0.0,0.0,,0.0,0.0,,0.0,0.0,6.58,10,6,1,2001,72,0.033223,0.0,-0.033223,0.955538,8.312639,1.636142,35618.51437,0.141926,0.031244,-1.689015,7595.452,8503.73,4.725936,2.917329,0.033223,-0.031897,282,56,-3351198981.71194,18.71,876.0,1042945145.0,0.561797752808989
1,USA-AD-936,Germany,DE,721633,200112,0.2565,1,3,2.9506,1,5,2.5438,2,6,-0.4791,3.0,3.0,0.1849,3.0,6.0,0.5192,8.0,10.0,6.58,10,6,1,2001,72,0.004678,0.006695,0.002018,0.955538,8.312639,1.636142,35618.51437,0.141926,0.031244,-1.689015,7595.452,8503.73,4.725936,2.917329,0.004678,-0.031897,282,56,-3351198981.71194,18.71,876.0,1467710825.0,0.561797752808989
0,USA-AD-936,Germany,DE,721650,200112,-0.9724,2,2,-0.9494,4,4,-0.9144,8,7,-0.4343,3.0,3.0,-0.5197,6.0,6.0,-0.6155,12.0,10.0,6.58,10,6,1,2001,72,0.060084,0.007039,-0.053044,0.955538,8.312639,1.636142,35618.51437,0.141926,0.031244,-1.689015,7595.452,8503.73,4.725936,2.917329,0.060084,-0.031897,282,56,-3351198981.71194,18.71,876.0,718917007.0,0.561797752808989
0,USA-AD-936,Germany,DE,721661,200112,,0,2,,0,3,8.9726,1,3,,,,,,,,,,6.58,10,6,1,2001,72,0.183507,1.0,0.816493,0.955538,8.312639,1.636142,35618.51437,0.141926,0.031244,-1.689015,7595.452,8503.73,4.725936,2.917329,0.183507,-0.031897,282,56,-3351198981.71194,18.71,876.0,,0.561797752808989
0,USA-AD-936,Germany,DE,721669,200112,,0,1,,0,1,,0,1,,0.0,0.0,,0.0,0.0,,0.0,0.0,6.58,10,6,1,2001,72,0.0,0.001229,0.001229,0.955538,8.312639,1.636142,35618.51437,0.141926,0.031244,-1.689015,7595.452,8503.73,4.725936,2.917329,0.0,-0.031897,282,56,-3351198981.71194,18.71,876.0,,0.561797752808989
0,USA-AD-936,Germany,DE,721699,200112,,0,0,1288.111,2,2,1288.7473,2,4,,0.0,0.0,,0.0,0.0,-1.0,1.0,0.0,6.58,10,6,1,2001,72,0.003,0.160026,0.157026,0.955538,8.312639,1.636142,35618.51437,0.141926,0.031244,-1.689015,7595.452,8503.73,4.725936,2.917329,0.003,-0.031897,282,56,-3351198981.71194,18.71,876.0,,0.561797752808989
0,USA-AD-936,Germany,DE,722870,200112,,0,0,-0.0989,2,1,-0.0946,3,2,,0.0,0.0,,0.0,0.0,,0.0,0.0,6.58,11,6,1,2001,72,0.079683,0.864166,0.784484,0.955538,8.312639,1.636142,35618.51437,0.141926,0.031244,-1.689015,7595.452,8503.73,4.725936,2.917329,0.079683,-0.031897,282,56,-3351198981.71194,18.71,876.0,210072657.0,0.561797752808989
1,USA-AD-938,Luxembourg,LU,721633,200112,-0.1501,1,2,0.2595,1,3,1.2036,1,4,-0.4791,3.0,3.0,0.1849,3.0,6.0,0.5192,8.0,10.0,2.4,10,6,1,2001,72,0.004443,0.003746,-0.000697,0.955538,8.312639,3.074356,94243.706836,0.141926,0.031244,-1.689015,7478.872,8835.645,4.725936,2.917329,0.004443,-0.031897,282,56,1654765115.11819,18.71,876.0,1467710825.0,0.556179775280899
0,USA-AD-938,Luxembourg,LU,721650,200112,,0,0,,0,0,-1.0,1,0,-0.4343,3.0,3.0,-0.5197,6.0,6.0,-0.6155,12.0,10.0,2.4,10,6,1,2001,72,0.005346,0.0,-0.005346,0.955538,8.312639,3.074356,94243.706836,0.141926,0.031244,-1.689015,7478.872,8835.645,4.725936,2.917329,0.005346,-0.031897,282,56,1654765115.11819,18.71,876.0,718917007.0,0.556179775280899
0,USA-AD-939,Russia,RU,721633,200112,,0,0,0.3493,1,1,-0.7354,4,1,-0.4791,3.0,3.0,0.1849,3.0,6.0,0.5192,8.0,10.0,165.0,10,6,1,2001,72,0.024149,0.002332,-0.021818,0.955538,8.312639,5.100051,5618.955566,0.141926,0.036949,-1.689015,8915.321,6009.905,4.725936,2.917329,0.024149,-0.031897,282,56,32053820000.0,18.71,876.0,1467710825.0,0.419540229885057
0,USA-AD-939,Russia,RU,721650,200112,,0,0,,0,0,1.3759,1,2,-0.4343,3.0,3.0,-0.5197,6.0,6.0,-0.6155,12.0,10.0,165.0,10,6,1,2001,72,0.004322,0.009009,0.004687,0.955538,8.312639,5.100051,5618.955566,0.141926,0.036949,-1.689015,8915.321,6009.905,4.725936,2.917329,0.004322,-0.031897,282,56,32053820000.0,18.71,876.0,718917007.0,0.419540229885057
0,USA-AD-939,Russia,RU,721669,200112,,0,0,,0,1,,0,3,,0.0,0.0,,0.0,0.0,,0.0,0.0,165.0,10,6,1,2001,72,0.0,0.18252,0.18252,0.955538,8.312639,5.100051,5618.955566,0.141926,0.036949,-1.689015,8915.321,6009.905,4.725936,2.917329,0.0,-0.031897,282,56,32053820000.0,18.71,876.0,,0.419540229885057
0,USA-AD-939,Russia,RU,721699,200112,,0,0,,0,0,,0,0,,0.0,0.0,,0.0,0.0,-1.0,1.0,0.0,165.0,10,6,1,2001,72,0.0,0.0,0.0,0.955538,8.312639,5.100051,5618.955566,0.141926,0.036949,-1.689015,8915.321,6009.905,4.725936,2.917329,0.0,-0.031897,282,56,32053820000.0,18.71,876.0,,0.419540229885057
0,USA-AD-942,Taiwan,TW,721632,200112,,0,0,,0,0,,0,0,,0.0,0.0,,0.0,0.0,,0.0,0.0,13.95,10,6,1,2001,72,0.0,0.0,0.0,0.955538,8.312639,,,0.141926,,-1.689015,12155.88,1520.398,4.725936,2.917329,0.0,-0.031897,282,56,,18.71,876.0,1042945145.0,
1,USA-AD-942,Taiwan,TW,721633,200112,-0.8256,2,1,-0.0561,4,4,0.938,5,9,-0.4791,3.0,3.0,0.1849,3.0,6.0,0.5192,8.0,10.0,13.95,10,6,1,2001,72,0.025989,0.028642,0.002653,0.955538,8.312639,,,0.141926,,-1.689015,12155.88,1520.398,4.725936,2.917329,0.025989,-0.031897,282,56,,18.71,876.0,1467710825.0,
0,USA-AD-942,Taiwan,TW,721650,200112,,0,0,,0,0,,0,0,-0.4343,3.0,3.0,-0.5197,6.0,6.0,-0.6155,12.0,10.0,13.95,10,6,1,2001,72,0.0,0.0,0.0,0.955538,8.312639,,,0.141926,,-1.689015,12155.88,1520.398,4.725936,2.917329,0.0,-0.031897,282,56,,18.71,876.0,718917007.0,
0,USA-AD-943,China,CN,730630,200112,2.0082,2,3,1.1239,5,6,2.1794,8,12,-0.1051,3.0,3.0,-0.1743,6.0,6.0,-0.1963,12.0,12.0,36.42,23,6,9,2001,73,0.040023,0.090281,0.050258,0.955538,8.312639,8.312639,2405.893967,0.141926,-0.000173,-1.689015,11183.43,1168.165,4.725936,2.917329,0.040023,-0.031897,282,56,17401000000.0,18.71,876.0,2501236355.0,0.28735632183908
0,USA-AD-953,Brazil,BR,721391,200204,5.2138,2,3,2.3071,4,5,2.9532,8,9,,0.0,0.0,,0.0,1.0,,0.0,2.0,65.76,20,7,5,2002,72,0.018801,0.049987,0.031186,1.700447,9.243393,3.053462,6944.622576,-0.030359,0.242902,12.278075,8088.514,17793.04,7.743999,9.242373,0.018801,0.005415,278,38,-9407043257.05195,25.73,1027.0,,0.327067669172932
0,USA-AD-953,Brazil,BR,722790,200204,-0.2405,1,1,-0.2405,1,1,0.4342,1,3,,0.0,0.0,,0.0,0.0,,0.0,1.0,65.76,22,7,9,2002,72,0.006335,0.006135,-0.0002,1.700447,9.243393,3.053462,6944.622576,-0.030359,0.242902,12.278075,8088.514,17793.04,7.743999,9.242373,0.006335,0.005415,278,38,-9407043257.05195,25.73,1027.0,682037503.0,0.327067669172932
0,USA-AD-956,Germany,DE,721391,200204,,0,1,,0,2,-0.9746,1,2,,0.0,0.0,,0.0,1.0,,0.0,2.0,14.56,20,7,5,2002,72,0.000193,2.6e-05,-0.000168,1.700447,9.243393,-0.228256,35477.515154,-0.030359,-0.052819,12.278075,7595.452,8503.73,7.743999,9.242373,0.000193,0.005415,278,38,41715833075.2022,25.73,1027.0,,0.49236641221374
0,USA-AD-956,Germany,DE,722790,200204,,0,0,-1.0,1,0,-1.0,2,0,,0.0,0.0,,0.0,0.0,,0.0,1.0,14.56,22,7,9,2002,72,0.000248,0.0,-0.000248,1.700447,9.243393,-0.228256,35477.515154,-0.030359,-0.052819,12.278075,7595.452,8503.73,7.743999,9.242373,0.000248,0.005415,278,38,41715833075.2022,25.73,1027.0,682037503.0,0.49236641221374
0,USA-AD-962,Ukraine,UA,721391,200204,0.0018,2,1,0.0579,4,2,-0.3028,7,2,,0.0,0.0,,0.0,1.0,,0.0,2.0,129.52,20,7,5,2002,72,0.036369,0.020199,-0.016169,1.700447,9.243393,5.339647,1644.28125,-0.030359,-0.008476,12.278075,8995.575,7327.559,7.743999,9.242373,0.036369,0.005415,278,38,3180000000.0,25.73,1027.0,,0.424812030075188
0,USA-AD-964,Argentina,AR,720915,200205,,0,0,,0,0,,0,0,,0.0,0.0,,0.0,0.0,-1.0,5.0,0.0,70.56,23,7,3,2002,72,0.0,0.0,0.0,1.700447,9.243393,-10.894485,8861.561993,-0.030359,2.064789,12.278075,8678.352,19146.65,7.743999,9.242373,0.0,0.005415,277,38,8766610000.0,25.35,1042.0,,0.379699248120301
0,USA-AD-964,Argentina,AR,720916,200205,,0,0,,0,0,,0,0,1.9364,3.0,3.0,-0.1901,6.0,6.0,-0.7828,12.0,12.0,70.56,23,7,3,2002,72,0.0,0.0,0.0,1.700447,9.243393,-10.894485,8861.561993,-0.030359,2.064789,12.278075,8678.352,19146.65,7.743999,9.242373,0.0,0.005415,277,38,8766610000.0,25.35,1042.0,,0.379699248120301
0,USA-AD-964,Argentina,AR,720917,200205,,0,0,,0,0,,0,0,0.638,3.0,3.0,-0.2147,6.0,6.0,-0.6222,12.0,12.0,70.56,23,7,3,2002,72,0.0,0.0,0.0,1.700447,9.243393,-10.894485,8861.561993,-0.030359,2.064789,12.278075,8678.352,19146.65,7.743999,9.242373,0.0,0.005415,277,38,8766610000.0,25.35,1042.0,,0.379699248120301
0,USA-AD-964,Argentina,AR,720918,200205,,0,0,,0,0,,0,0,-0.9519,3.0,1.0,-0.9963,6.0,1.0,-0.9535,12.0,5.0,70.56,23,7,3,2002,72,0.0,0.0,0.0,1.700447,9.243393,-10.894485,8861.561993,-0.030359,2.064789,12.278075,8678.352,19146.65,7.743999,9.242373,0.0,0.005415,277,38,8766610000.0,25.35,1042.0,,0.379699248120301
0,USA-AD-964,Argentina,AR,721190,200205,,0,0,,0,0,,0,0,875.5714,1.0,1.0,-0.5733,2.0,1.0,-0.7897,5.0,1.0,70.56,33,7,9,2002,72,0.0,0.0,0.0,1.700447,9.243393,-10.894485,8861.561993,-0.030359,2.064789,12.278075,8678.352,19146.65,7.743999,9.242373,0.0,0.005415,277,38,8766610000.0,25.35,1042.0,321555422.0,0.379699248120301
0,USA-AD-965,Australia,AU,720916,200205,,0,0,,0,0,,0,0,1.9364,3.0,3.0,-0.1901,6.0,6.0,-0.7828,12.0,12.0,24.06,23,7,3,2002,72,0.0,0.0,0.0,1.700447,9.243393,3.949805,47599.407929,-0.030359,-0.048039,12.278075,14802.03,8112.907,7.743999,9.242373,0.0,0.005415,277,38,-16002234756.2013,25.35,1042.0,,0.522556390977444
0,USA-AD-965,Australia,AU,720917,200205,,0,0,,0,0,,0,0,0.638,3.0,3.0,-0.2147,6.0,6.0,-0.6222,12.0,12.0,24.06,23,7,3,2002,72,0.0,0.0,0.0,1.700447,9.243393,3.949805,47599.407929,-0.030359,-0.048039,12.278075,14802.03,8112.907,7.743999,9.242373,0.0,0.005415,277,38,-16002234756.2013,25.35,1042.0,,0.522556390977444
0,USA-AD-965,Australia,AU,720918,200205,-1.0,1,0,21.0254,1,1,125.9019,1,6,-0.9519,3.0,1.0,-0.9963,6.0,1.0,-0.9535,12.0,5.0,24.06,23,7,3,2002,72,0.000589,0.069026,0.068437,1.700447,9.243393,3.949805,47599.407929,-0.030359,-0.048039,12.278075,14802.03,8112.907,7.743999,9.242373,0.000589,0.005415,277,38,-16002234756.2013,25.35,1042.0,,0.522556390977444
0,USA-AD-965,Australia,AU,720926,200205,,0,0,,0,0,,0,0,,0.0,0.0,,0.0,0.0,-1.0,5.0,0.0,24.06,23,7,3,2002,72,0.0,0.0,0.0,1.700447,9.243393,3.949805,47599.407929,-0.030359,-0.048039,12.278075,14802.03,8112.907,7.743999,9.242373,0.0,0.005415,277,38,-16002234756.2013,25.35,1042.0,,0.522556390977444
0,USA-AD-965,Australia,AU,720927,200205,,0,0,,0,0,,0,0,,0.0,0.0,-1.0,2.0,0.0,-1.0,8.0,0.0,24.06,23,7,3,2002,72,0.0,0.0,0.0,1.700447,9.243393,3.949805,47599.407929,-0.030359,-0.048039,12.278075,14802.03,8112.907,7.743999,9.242373,0.0,0.005415,277,38,-16002234756.2013,25.35,1042.0,,0.522556390977444
0,USA-AD-965,Australia,AU,721070,200205,,0,0,-1.0,1,0,-1.0,1,0,1.6683,3.0,3.0,0.0748,6.0,6.0,0.0957,12.0,12.0,24.06,34,7,9,2002,72,,0.0,,1.700447,9.243393,3.949805,47599.407929,-0.030359,-0.048039,12.278075,14802.03,8112.907,7.743999,9.242373,,0.005415,277,38,-16002234756.2013,25.35,1042.0,3083612995.0,0.522556390977444
0,USA-AD-965,Australia,AU,721123,200205,,0,0,,0,0,-1.0,1,0,-1.0,2.0,0.0,-1.0,3.0,0.0,-0.9688,9.0,3.0,24.06,23,7,3,2002,72,0.00711,0.0,-0.00711,1.700447,9.243393,3.949805,47599.407929,-0.030359,-0.048039,12.278075,14802.03,8112.907,7.743999,9.242373,0.00711,0.005415,277,38,-16002234756.2013,25.35,1042.0,,0.522556390977444
0,USA-AD-965,Australia,AU,721129,200205,,0,0,,0,0,,0,0,,0.0,0.0,,0.0,1.0,2.7767,3.0,3.0,24.06,25,7,9,2002,72,0.0,0.0,0.0,1.700447,9.243393,3.949805,47599.407929,-0.030359,-0.048039,12.278075,14802.03,8112.907,7.743999,9.242373,0.0,0.005415,277,38,-16002234756.2013,25.35,1042.0,702144168.0,0.522556390977444
0,USA-AD-965,Australia,AU,721190,200205,,0,0,,0,0,,0,0,875.5714,1.0,1.0,-0.5733,2.0,1.0,-0.7897,5.0,1.0,24.06,33,7,9,2002,72,0.0,0.0,0.0,1.700447,9.243393,3.949805,47599.407929,-0.030359,-0.048039,12.278075,14802.03,8112.907,7.743999,9.242373,0.0,0.005415,277,38,-16002234756.2013,25.35,1042.0,321555422.0,0.522556390977444
0,USA-AD-965,Australia,AU,721240,200205,-1.0,1,0,-1.0,1,0,-1.0,1,0,0.7339,3.0,2.0,-0.3105,6.0,5.0,-0.435,12.0,10.0,24.06,34,7,9,2002,72,,0.0,,1.700447,9.243393,3.949805,47599.407929,-0.030359,-0.048039,12.278075,14802.03,8112.907,7.743999,9.242373,,0.005415,277,38,-16002234756.2013,25.35,1042.0,471418176.0,0.522556390977444
0,USA-AD-965,Australia,AU,721250,200205,,0,0,,0,0,,0,0,,0.0,1.0,-0.8675,2.0,2.0,-0.9686,3.0,3.0,24.06,34,7,9,2002,72,,0.0,,1.700447,9.243393,3.949805,47599.407929,-0.030359,-0.048039,12.278075,14802.03,8112.907,7.743999,9.242373,,0.005415,277,38,-16002234756.2013,25.35,1042.0,355918068.0,0.522556390977444
0,USA-AD-965,Australia,AU,722692,200205,-1.0,1,0,-1.0,2,0,-1.0,3,0,,0.0,0.0,,0.0,0.0,,0.0,0.0,24.06,23,7,3,2002,72,0.003495,0.0,-0.003495,1.700447,9.243393,3.949805,47599.407929,-0.030359,-0.048039,12.278075,14802.03,8112.907,7.743999,9.242373,0.003495,0.005415,277,38,-16002234756.2013,25.35,1042.0,408656438.0,0.522556390977444
0,USA-AD-965,Australia,AU,722699,200205,,0,0,,0,0,,0,0,9.0,1.0,1.0,10.0,1.0,2.0,10.0,1.0,2.0,24.06,31,7,3,2002,72,,0.0,,1.700447,9.243393,3.949805,47599.407929,-0.030359,-0.048039,12.278075,14802.03,8112.907,7.743999,9.242373,,0.005415,277,38,-16002234756.2013,25.35,1042.0,202098861.0,0.522556390977444
0,USA-AD-966,Belgium,BE,720915,200205,,0,0,,0,0,,0,0,,0.0,0.0,,0.0,0.0,-1.0,5.0,0.0,11.66,23,7,3,2002,72,0.0,0.0,0.0,1.700447,9.243393,1.706894,36600.862592,-0.030359,-0.052819,12.278075,7302.655,8817.223,7.743999,9.242373,0.0,0.005415,277,38,11622181453.1175,25.35,1042.0,,0.496240601503759
0,USA-AD-966,Belgium,BE,720916,200205,,0,0,,0,0,,0,0,1.9364,3.0,3.0,-0.1901,6.0,6.0,-0.7828,12.0,12.0,11.66,23,7,3,2002,72,0.0,0.0,0.0,1.700447,9.243393,1.706894,36600.862592,-0.030359,-0.052819,12.278075,7302.655,8817.223,7.743999,9.242373,0.0,0.005415,277,38,11622181453.1175,25.35,1042.0,,0.496240601503759
0,USA-AD-966,Belgium,BE,720917,200205,,0,0,,0,0,,0,0,0.638,3.0,3.0,-0.2147,6.0,6.0,-0.6222,12.0,12.0,11.66,23,7,3,2002,72,0.0,0.0,0.0,1.700447,9.243393,1.706894,36600.862592,-0.030359,-0.052819,12.278075,7302.655,8817.223,7.743999,9.242373,0.0,0.005415,277,38,11622181453.1175,25.35,1042.0,,0.496240601503759
0,USA-AD-966,Belgium,BE,720918,200205,,0,0,,0,0,,0,0,-0.9519,3.0,1.0,-0.9963,6.0,1.0,-0.9535,12.0,5.0,11.66,23,7,3,2002,72,0.0,0.0,0.0,1.700447,9.243393,1.706894,36600.862592,-0.030359,-0.052819,12.278075,7302.655,8817.223,7.743999,9.242373,0.0,0.005415,277,38,11622181453.1175,25.35,1042.0,,0.496240601503759
0,USA-AD-966,Belgium,BE,720990,200205,,0,0,,0,1,,0,1,,0.0,0.0,,0.0,1.0,,0.0,1.0,11.66,26,7,9,2002,72,0.0,0.00079,0.00079,1.700447,9.243393,1.706894,36600.862592,-0.030359,-0.052819,12.278075,7302.655,8817.223,7.743999,9.242373,0.0,0.005415,277,38,11622181453.1175,25.35,1042.0,233432223.0,0.496240601503759
0,USA-AD-966,Belgium,BE,721070,200205,-1.0,1,0,-1.0,1,0,-1.0,1,0,1.6683,3.0,3.0,0.0748,6.0,6.0,0.0957,12.0,12.0,11.66,34,7,9,2002,72,,0.0,,1.700447,9.243393,1.706894,36600.862592,-0.030359,-0.052819,12.278075,7302.655,8817.223,7.743999,9.242373,,0.005415,277,38,11622181453.1175,25.35,1042.0,3083612995.0,0.496240601503759
0,USA-AD-966,Belgium,BE,721090,200205,2.3049,1,1,11.9934,1,3,889.7815,2,7,,0.0,0.0,,0.0,0.0,,0.0,0.0,11.66,34,7,9,2002,72,,0.047475,,1.700447,9.243393,1.706894,36600.862592,-0.030359,-0.052819,12.278075,7302.655,8817.223,7.743999,9.242373,,0.005415,277,38,11622181453.1175,25.35,1042.0,473130974.0,0.496240601503759
0,USA-AD-966,Belgium,BE,721123,200205,,0,0,,0,0,,0,0,-1.0,2.0,0.0,-1.0,3.0,0.0,-0.9688,9.0,3.0,11.66,23,7,3,2002,72,0.0,0.0,0.0,1.700447,9.243393,1.706894,36600.862592,-0.030359,-0.052819,12.278075,7302.655,8817.223,7.743999,9.242373,0.0,0.005415,277,38,11622181453.1175,25.35,1042.0,,0.496240601503759
0,USA-AD-966,Belgium,BE,721129,200205,,0,0,,0,0,,0,0,,0.0,0.0,,0.0,1.0,2.7767,3.0,3.0,11.66,25,7,9,2002,72,0.0,0.0,0.0,1.700447,9.243393,1.706894,36600.862592,-0.030359,-0.052819,12.278075,7302.655,8817.223,7.743999,9.242373,0.0,0.005415,277,38,11622181453.1175,25.35,1042.0,702144168.0,0.496240601503759
0,USA-AD-966,Belgium,BE,721190,200205,,0,1,,0,1,,0,2,875.5714,1.0,1.0,-0.5733,2.0,1.0,-0.7897,5.0,1.0,11.66,33,7,9,2002,72,0.0,0.00157,0.00157,1.700447,9.243393,1.706894,36600.862592,-0.030359,-0.052819,12.278075,7302.655,8817.223,7.743999,9.242373,0.0,0.005415,277,38,11622181453.1175,25.35,1042.0,321555422.0,0.496240601503759
0,USA-AD-966,Belgium,BE,721240,200205,,0,0,,0,0,,0,0,0.7339,3.0,2.0,-0.3105,6.0,5.0,-0.435,12.0,10.0,11.66,34,7,9,2002,72,,0.0,,1.700447,9.243393,1.706894,36600.862592,-0.030359,-0.052819,12.278075,7302.655,8817.223,7.743999,9.242373,,0.005415,277,38,11622181453.1175,25.35,1042.0,471418176.0,0.496240601503759
0,USA-AD-966,Belgium,BE,721250,200205,,0,0,,0,0,,0,0,,0.0,1.0,-0.8675,2.0,2.0,-0.9686,3.0,3.0,11.66,34,7,9,2002,72,,0.0,,1.700447,9.243393,1.706894,36600.862592,-0.030359,-0.052819,12.278075,7302.655,8817.223,7.743999,9.242373,,0.005415,277,38,11622181453.1175,25.35,1042.0,355918068.0,0.496240601503759
0,USA-AD-966,Belgium,BE,722519,200205,,0,0,,0,0,-1.0,1,0,,0.0,0.0,-1.0,2.0,0.0,-0.7377,4.0,2.0,11.66,28,7,3,2002,72,,0.0,,1.700447,9.243393,1.706894,36600.862592,-0.030359,-0.052819,12.278075,7302.655,8817.223,7.743999,9.242373,,0.005415,277,38,11622181453.1175,25.35,1042.0,,0.496240601503759
0,USA-AD-966,Belgium,BE,722599,200205,,0,1,,0,1,-0.9313,1,1,2.4739,1.0,3.0,0.7351,3.0,6.0,-0.2144,9.0,10.0,11.66,31,7,3,2002,72,,5.1e-05,,1.700447,9.243393,1.706894,36600.862592,-0.030359,-0.052819,12.278075,7302.655,8817.223,7.743999,9.242373,,0.005415,277,38,11622181453.1175,25.35,1042.0,,0.496240601503759
0,USA-AD-967,Brazil,BR,720916,200205,,0,0,,0,0,,0,0,1.9364,3.0,3.0,-0.1901,6.0,6.0,-0.7828,12.0,12.0,43.34,23,7,3,2002,72,0.0,0.0,0.0,1.700447,9.243393,3.053462,6944.622576,-0.030359,0.242902,12.278075,8088.514,17793.04,7.743999,9.242373,0.0,0.005415,277,38,-9407043257.05195,25.35,1042.0,,0.327067669172932
0,USA-AD-967,Brazil,BR,720917,200205,,0,0,,0,0,,0,0,0.638,3.0,3.0,-0.2147,6.0,6.0,-0.6222,12.0,12.0,43.34,23,7,3,2002,72,0.0,0.0,0.0,1.700447,9.243393,3.053462,6944.622576,-0.030359,0.242902,12.278075,8088.514,17793.04,7.743999,9.242373,0.0,0.005415,277,38,-9407043257.05195,25.35,1042.0,,0.327067669172932
0,USA-AD-967,Brazil,BR,720918,200205,,0,0,,0,0,,0,0,-0.9519,3.0,1.0,-0.9963,6.0,1.0,-0.9535,12.0,5.0,43.34,23,7,3,2002,72,0.0,0.0,0.0,1.700447,9.243393,3.053462,6944.622576,-0.030359,0.242902,12.278075,8088.514,17793.04,7.743999,9.242373,0.0,0.005415,277,38,-9407043257.05195,25.35,1042.0,,0.327067669172932
0,USA-AD-967,Brazil,BR,720927,200205,-1.0,1,0,-1.0,1,0,-1.0,1,0,,0.0,0.0,-1.0,2.0,0.0,-1.0,8.0,0.0,43.34,23,7,3,2002,72,0.073191,0.0,-0.073191,1.700447,9.243393,3.053462,6944.622576,-0.030359,0.242902,12.278075,8088.514,17793.04,7.743999,9.242373,0.073191,0.005415,277,38,-9407043257.05195,25.35,1042.0,,0.327067669172932
0,USA-AD-967,Brazil,BR,721070,200205,,0,0,,0,0,,0,0,1.6683,3.0,3.0,0.0748,6.0,6.0,0.0957,12.0,12.0,43.34,34,7,9,2002,72,,0.0,,1.700447,9.243393,3.053462,6944.622576,-0.030359,0.242902,12.278075,8088.514,17793.04,7.743999,9.242373,,0.005415,277,38,-9407043257.05195,25.35,1042.0,3083612995.0,0.327067669172932
0,USA-AD-967,Brazil,BR,721123,200205,,0,0,,0,0,,0,0,-1.0,2.0,0.0,-1.0,3.0,0.0,-0.9688,9.0,3.0,43.34,23,7,3,2002,72,0.0,0.0,0.0,1.700447,9.243393,3.053462,6944.622576,-0.030359,0.242902,12.278075,8088.514,17793.04,7.743999,9.242373,0.0,0.005415,277,38,-9407043257.05195,25.35,1042.0,,0.327067669172932
0,USA-AD-967,Brazil,BR,721129,200205,,0,0,,0,0,,0,0,,0.0,0.0,,0.0,1.0,2.7767,3.0,3.0,43.34,25,7,9,2002,72,0.0,0.0,0.0,1.700447,9.243393,3.053462,6944.622576,-0.030359,0.242902,12.278075,8088.514,17793.04,7.743999,9.242373,0.0,0.005415,277,38,-9407043257.05195,25.35,1042.0,702144168.0,0.327067669172932
0,USA-AD-967,Brazil,BR,721190,200205,,0,0,,0,0,,0,0,875.5714,1.0,1.0,-0.5733,2.0,1.0,-0.7897,5.0,1.0,43.34,33,7,9,2002,72,0.0,0.0,0.0,1.700447,9.243393,3.053462,6944.622576,-0.030359,0.242902,12.278075,8088.514,17793.04,7.743999,9.242373,0.0,0.005415,277,38,-9407043257.05195,25.35,1042.0,321555422.0,0.327067669172932
0,USA-AD-967,Brazil,BR,721240,200205,,0,0,,0,0,,0,0,0.7339,3.0,2.0,-0.3105,6.0,5.0,-0.435,12.0,10.0,43.34,34,7,9,2002,72,,0.0,,1.700447,9.243393,3.053462,6944.622576,-0.030359,0.242902,12.278075,8088.514,17793.04,7.743999,9.242373,,0.005415,277,38,-9407043257.05195,25.35,1042.0,471418176.0,0.327067669172932
0,USA-AD-967,Brazil,BR,721250,200205,,0,0,-1.0,2,0,-1.0,2,0,,0.0,1.0,-0.8675,2.0,2.0,-0.9686,3.0,3.0,43.34,34,7,9,2002,72,,0.0,,1.700447,9.243393,3.053462,6944.622576,-0.030359,0.242902,12.278075,8088.514,17793.04,7.743999,9.242373,,0.005415,277,38,-9407043257.05195,25.35,1042.0,355918068.0,0.327067669172932
0,USA-AD-967,Brazil,BR,722699,200205,,0,0,,0,0,,0,2,9.0,1.0,1.0,10.0,1.0,2.0,10.0,1.0,2.0,43.34,31,7,3,2002,72,,5.4e-05,,1.700447,9.243393,3.053462,6944.622576,-0.030359,0.242902,12.278075,8088.514,17793.04,7.743999,9.242373,,0.005415,277,38,-9407043257.05195,25.35,1042.0,202098861.0,0.327067669172932
0,USA-AD-968,China,CN,720915,200205,,0,0,6.6842,1,1,6.6842,1,1,,0.0,0.0,,0.0,0.0,-1.0,5.0,0.0,129.85,23,7,3,2002,72,0.002436,0.006416,0.003979,1.700447,9.243393,9.243393,2610.729603,-0.030359,-1.3e-05,12.278075,11183.43,1168.165,7.743999,9.242373,0.002436,0.005415,277,38,35421997979.6472,25.35,1042.0,,0.261538461538462
0,USA-AD-968,China,CN,720916,200205,,0,0,,0,0,,0,1,1.9364,3.0,3.0,-0.1901,6.0,6.0,-0.7828,12.0,12.0,129.85,23,7,3,2002,72,0.0,0.000722,0.000722,1.700447,9.243393,9.243393,2610.729603,-0.030359,-1.3e-05,12.278075,11183.43,1168.165,7.743999,9.242373,0.0,0.005415,277,38,35421997979.6472,25.35,1042.0,,0.261538461538462
0,USA-AD-968,China,CN,720917,200205,,0,0,,0,1,,0,1,0.638,3.0,3.0,-0.2147,6.0,6.0,-0.6222,12.0,12.0,129.85,23,7,3,2002,72,0.0,2.3e-05,2.3e-05,1.700447,9.243393,9.243393,2610.729603,-0.030359,-1.3e-05,12.278075,11183.43,1168.165,7.743999,9.242373,0.0,0.005415,277,38,35421997979.6472,25.35,1042.0,,0.261538461538462
0,USA-AD-968,China,CN,720918,200205,,0,0,,0,0,,0,0,-0.9519,3.0,1.0,-0.9963,6.0,1.0,-0.9535,12.0,5.0,129.85,23,7,3,2002,72,0.0,0.0,0.0,1.700447,9.243393,9.243393,2610.729603,-0.030359,-1.3e-05,12.278075,11183.43,1168.165,7.743999,9.242373,0.0,0.005415,277,38,35421997979.6472,25.35,1042.0,,0.261538461538462
0,USA-AD-968,China,CN,720925,200205,,0,0,,0,0,,0,3,,0.0,0.0,,0.0,0.0,,0.0,0.0,129.85,23,7,3,2002,72,0.0,0.543984,0.543984,1.700447,9.243393,9.243393,2610.729603,-0.030359,-1.3e-05,12.278075,11183.43,1168.165,7.743999,9.242373,0.0,0.005415,277,38,35421997979.6472,25.35,1042.0,,0.261538461538462
0,USA-AD-968,China,CN,720926,200205,,0,0,,0,1,,0,4,,0.0,0.0,,0.0,0.0,-1.0,5.0,0.0,129.85,23,7,3,2002,72,0.0,0.123813,0.123813,1.700447,9.243393,9.243393,2610.729603,-0.030359,-1.3e-05,12.278075,11183.43,1168.165,7.743999,9.242373,0.0,0.005415,277,38,35421997979.6472,25.35,1042.0,,0.261538461538462
0,USA-AD-968,China,CN,720927,200205,,0,0,,0,0,-0.9192,1,1,,0.0,0.0,-1.0,2.0,0.0,-1.0,8.0,0.0,129.85,23,7,3,2002,72,0.040786,0.003565,-0.037222,1.700447,9.243393,9.243393,2610.729603,-0.030359,-1.3e-05,12.278075,11183.43,1168.165,7.743999,9.242373,0.040786,0.005415,277,38,35421997979.6472,25.35,1042.0,,0.261538461538462
0,USA-AD-968,China,CN,720928,200205,,0,0,,0,0,,0,0,,0.0,0.0,,0.0,0.0,,0.0,0.0,129.85,23,7,3,2002,72,0.0,0.0,0.0,1.700447,9.243393,9.243393,2610.729603,-0.030359,-1.3e-05,12.278075,11183.43,1168.165,7.743999,9.242373,0.0,0.005415,277,38,35421997979.6472,25.35,1042.0,,0.261538461538462
0,USA-AD-968,China,CN,720990,200205,,0,0,,0,0,,0,1,,0.0,0.0,,0.0,1.0,,0.0,1.0,129.85,26,7,9,2002,72,0.0,7.7e-05,7.7e-05,1.700447,9.243393,9.243393,2610.729603,-0.030359,-1.3e-05,12.278075,11183.43,1168.165,7.743999,9.242373,0.0,0.005415,277,38,35421997979.6472,25.35,1042.0,233432223.0,0.261538461538462
0,USA-AD-968,China,CN,721070,200205,,0,0,,0,0,,0,1,1.6683,3.0,3.0,0.0748,6.0,6.0,0.0957,12.0,12.0,129.85,34,7,9,2002,72,,0.003034,,1.700447,9.243393,9.243393,2610.729603,-0.030359,-1.3e-05,12.278075,11183.43,1168.165,7.743999,9.242373,,0.005415,277,38,35421997979.6472,25.35,1042.0,3083612995.0,0.261538461538462
0,USA-AD-968,China,CN,721090,200205,,0,0,,0,0,-1.0,2,0,,0.0,0.0,,0.0,0.0,,0.0,0.0,129.85,34,7,9,2002,72,,0.0,,1.700447,9.243393,9.243393,2610.729603,-0.030359,-1.3e-05,12.278075,11183.43,1168.165,7.743999,9.242373,,0.005415,277,38,35421997979.6472,25.35,1042.0,473130974.0,0.261538461538462
0,USA-AD-968,China,CN,721123,200205,,0,0,,0,0,,0,0,-1.0,2.0,0.0,-1.0,3.0,0.0,-0.9688,9.0,3.0,129.85,23,7,3,2002,72,0.0,0.0,0.0,1.700447,9.243393,9.243393,2610.729603,-0.030359,-1.3e-05,12.278075,11183.43,1168.165,7.743999,9.242373,0.0,0.005415,277,38,35421997979.6472,25.35,1042.0,,0.261538461538462
0,USA-AD-968,China,CN,721129,200205,,0,1,,0,4,,0,6,,0.0,0.0,,0.0,1.0,2.7767,3.0,3.0,129.85,25,7,9,2002,72,0.0,0.004831,0.004831,1.700447,9.243393,9.243393,2610.729603,-0.030359,-1.3e-05,12.278075,11183.43,1168.165,7.743999,9.242373,0.0,0.005415,277,38,35421997979.6472,25.35,1042.0,702144168.0,0.261538461538462
0,USA-AD-968,China,CN,721190,200205,22.1931,1,1,12.9745,3,4,23.1845,3,8,875.5714,1.0,1.0,-0.5733,2.0,1.0,-0.7897,5.0,1.0,129.85,33,7,9,2002,72,0.000943,0.011447,0.010504,1.700447,9.243393,9.243393,2610.729603,-0.030359,-1.3e-05,12.278075,11183.43,1168.165,7.743999,9.242373,0.000943,0.005415,277,38,35421997979.6472,25.35,1042.0,321555422.0,0.261538461538462
0,USA-AD-968,China,CN,721240,200205,,0,0,,0,0,8.6806,1,4,0.7339,3.0,2.0,-0.3105,6.0,5.0,-0.435,12.0,10.0,129.85,34,7,9,2002,72,,0.140445,,1.700447,9.243393,9.243393,2610.729603,-0.030359,-1.3e-05,12.278075,11183.43,1168.165,7.743999,9.242373,,0.005415,277,38,35421997979.6472,25.35,1042.0,471418176.0,0.261538461538462
0,USA-AD-968,China,CN,721250,200205,0.5627,2,3,-0.2217,5,6,0.5077,10,12,,0.0,1.0,-0.8675,2.0,2.0,-0.9686,3.0,3.0,129.85,34,7,9,2002,72,,0.076885,,1.700447,9.243393,9.243393,2610.729603,-0.030359,-1.3e-05,12.278075,11183.43,1168.165,7.743999,9.242373,,0.005415,277,38,35421997979.6472,25.35,1042.0,355918068.0,0.261538461538462
0,USA-AD-968,China,CN,722519,200205,,0,0,,0,0,,0,1,,0.0,0.0,-1.0,2.0,0.0,-0.7377,4.0,2.0,129.85,28,7,3,2002,72,,9.1e-05,,1.700447,9.243393,9.243393,2610.729603,-0.030359,-1.3e-05,12.278075,11183.43,1168.165,7.743999,9.242373,,0.005415,277,38,35421997979.6472,25.35,1042.0,,0.261538461538462
0,USA-AD-968,China,CN,722550,200205,-1.0,1,0,-1.0,1,0,-1.0,2,0,,0.0,0.0,,0.0,0.0,,0.0,0.0,129.85,26,7,3,2002,72,0.030133,0.0,-0.030133,1.700447,9.243393,9.243393,2610.729603,-0.030359,-1.3e-05,12.278075,11183.43,1168.165,7.743999,9.242373,0.030133,0.005415,277,38,35421997979.6472,25.35,1042.0,605401345.0,0.261538461538462
0,USA-AD-968,China,CN,722599,200205,,0,0,,0,0,,0,1,2.4739,1.0,3.0,0.7351,3.0,6.0,-0.2144,9.0,10.0,129.85,31,7,3,2002,72,,1e-06,,1.700447,9.243393,9.243393,2610.729603,-0.030359,-1.3e-05,12.278075,11183.43,1168.165,7.743999,9.242373,,0.005415,277,38,35421997979.6472,25.35,1042.0,,0.261538461538462
0,USA-AD-968,China,CN,722619,200205,,0,1,,0,1,0.5012,2,2,,0.0,0.0,,0.0,0.0,,0.0,0.0,129.85,28,7,3,2002,72,,0.015983,,1.700447,9.243393,9.243393,2610.729603,-0.030359,-1.3e-05,12.278075,11183.43,1168.165,7.743999,9.242373,,0.005415,277,38,35421997979.6472,25.35,1042.0,,0.261538461538462
0,USA-AD-968,China,CN,722692,200205,,0,0,0.2699,1,1,17.7473,2,3,,0.0,0.0,,0.0,0.0,,0.0,0.0,129.85,23,7,3,2002,72,0.000315,0.000906,0.000591,1.700447,9.243393,9.243393,2610.729603,-0.030359,-1.3e-05,12.278075,11183.43,1168.165,7.743999,9.242373,0.000315,0.005415,277,38,35421997979.6472,25.35,1042.0,408656438.0,0.261538461538462
0,USA-AD-968,China,CN,722699,200205,0.6691,2,3,1.0119,3,5,-0.7824,8,10,9.0,1.0,1.0,10.0,1.0,2.0,10.0,1.0,2.0,129.85,31,7,3,2002,72,,0.014614,,1.700447,9.243393,9.243393,2610.729603,-0.030359,-1.3e-05,12.278075,11183.43,1168.165,7.743999,9.242373,,0.005415,277,38,35421997979.6472,25.35,1042.0,202098861.0,0.261538461538462
0,USA-AD-970,Germany,DE,720916,200205,,0,0,,0,1,,0,2,1.9364,3.0,3.0,-0.1901,6.0,6.0,-0.7828,12.0,12.0,14.52,23,7,3,2002,72,0.0,0.000838,0.000838,1.700447,9.243393,-0.228256,35477.515154,-0.030359,-0.052819,12.278075,7595.452,8503.73,7.743999,9.242373,0.0,0.005415,277,38,41715833075.2022,25.35,1042.0,,0.49236641221374
0,USA-AD-970,Germany,DE,720918,200205,0.4296,3,3,1.149,6,6,0.8133,12,12,-0.9519,3.0,1.0,-0.9963,6.0,1.0,-0.9535,12.0,5.0,14.52,23,7,3,2002,72,0.10681,0.164169,0.05736,1.700447,9.243393,-0.228256,35477.515154,-0.030359,-0.052819,12.278075,7595.452,8503.73,7.743999,9.242373,0.10681,0.005415,277,38,41715833075.2022,25.35,1042.0,,0.49236641221374
0,USA-AD-970,Germany,DE,720925,200205,-1.0,1,0,-1.0,1,0,-0.8765,1,1,,0.0,0.0,,0.0,0.0,,0.0,0.0,14.52,23,7,3,2002,72,0.059287,0.003642,-0.055645,1.700447,9.243393,-0.228256,35477.515154,-0.030359,-0.052819,12.278075,7595.452,8503.73,7.743999,9.242373,0.059287,0.005415,277,38,41715833075.2022,25.35,1042.0,,0.49236641221374
0,USA-AD-970,Germany,DE,720926,200205,,0,1,-0.9942,1,1,-0.9935,1,2,,0.0,0.0,,0.0,0.0,-1.0,5.0,0.0,14.52,23,7,3,2002,72,0.076749,0.004108,-0.072641,1.700447,9.243393,-0.228256,35477.515154,-0.030359,-0.052819,12.278075,7595.452,8503.73,7.743999,9.242373,0.076749,0.005415,277,38,41715833075.2022,25.35,1042.0,,0.49236641221374
0,USA-AD-970,Germany,DE,720927,200205,-1.0,2,0,0.1809,2,1,0.8739,2,3,,0.0,0.0,-1.0,2.0,0.0,-1.0,8.0,0.0,14.52,23,7,3,2002,72,0.127978,0.22009,0.092112,1.700447,9.243393,-0.228256,35477.515154,-0.030359,-0.052819,12.278075,7595.452,8503.73,7.743999,9.242373,0.127978,0.005415,277,38,41715833075.2022,25.35,1042.0,,0.49236641221374
0,USA-AD-970,Germany,DE,720990,200205,,0,0,-1.0,1,0,-1.0,3,0,,0.0,0.0,,0.0,1.0,,0.0,1.0,14.52,26,7,9,2002,72,0.579887,0.0,-0.579887,1.700447,9.243393,-0.228256,35477.515154,-0.030359,-0.052819,12.278075,7595.452,8503.73,7.743999,9.242373,0.579887,0.005415,277,38,41715833075.2022,25.35,1042.0,233432223.0,0.49236641221374
0,USA-AD-970,Germany,DE,721070,200205,,0,1,,0,2,,0,5,1.6683,3.0,3.0,0.0748,6.0,6.0,0.0957,12.0,12.0,14.52,34,7,9,2002,72,,0.02217,,1.700447,9.243393,-0.228256,35477.515154,-0.030359,-0.052819,12.278075,7595.452,8503.73,7.743999,9.242373,,0.005415,277,38,41715833075.2022,25.35,1042.0,3083612995.0,0.49236641221374
0,USA-AD-970,Germany,DE,721090,200205,,0,0,4.02,1,1,-0.3932,4,2,,0.0,0.0,,0.0,0.0,,0.0,0.0,14.52,34,7,9,2002,72,,0.000566,,1.700447,9.243393,-0.228256,35477.515154,-0.030359,-0.052819,12.278075,7595.452,8503.73,7.743999,9.242373,,0.005415,277,38,41715833075.2022,25.35,1042.0,473130974.0,0.49236641221374
0,USA-AD-970,Germany,DE,721123,200205,0.9829,2,1,-0.185,4,3,-0.5348,10,5,-1.0,2.0,0.0,-1.0,3.0,0.0,-0.9688,9.0,3.0,14.52,23,7,3,2002,72,0.077201,0.022943,-0.054258,1.700447,9.243393,-0.228256,35477.515154,-0.030359,-0.052819,12.278075,7595.452,8503.73,7.743999,9.242373,0.077201,0.005415,277,38,41715833075.2022,25.35,1042.0,,0.49236641221374
0,USA-AD-970,Germany,DE,721129,200205,0.0226,3,3,0.2831,6,6,0.275,12,12,,0.0,0.0,,0.0,1.0,2.7767,3.0,3.0,14.52,25,7,9,2002,72,0.266742,0.253413,-0.013329,1.700447,9.243393,-0.228256,35477.515154,-0.030359,-0.052819,12.278075,7595.452,8503.73,7.743999,9.242373,0.266742,0.005415,277,38,41715833075.2022,25.35,1042.0,702144168.0,0.49236641221374
0,USA-AD-970,Germany,DE,721190,200205,1.1029,3,2,2.6084,5,5,0.2566,10,10,875.5714,1.0,1.0,-0.5733,2.0,1.0,-0.7897,5.0,1.0,14.52,33,7,9,2002,72,0.03767,0.048458,0.010787,1.700447,9.243393,-0.228256,35477.515154,-0.030359,-0.052819,12.278075,7595.452,8503.73,7.743999,9.242373,0.03767,0.005415,277,38,41715833075.2022,25.35,1042.0,321555422.0,0.49236641221374
0,USA-AD-970,Germany,DE,721240,200205,,0,2,3.0086,1,3,-0.1371,5,5,0.7339,3.0,2.0,-0.3105,6.0,5.0,-0.435,12.0,10.0,14.52,34,7,9,2002,72,,0.275125,,1.700447,9.243393,-0.228256,35477.515154,-0.030359,-0.052819,12.278075,7595.452,8503.73,7.743999,9.242373,,0.005415,277,38,41715833075.2022,25.35,1042.0,471418176.0,0.49236641221374
0,USA-AD-970,Germany,DE,721250,200205,-0.1064,3,2,0.1673,4,4,0.1615,8,7,,0.0,1.0,-0.8675,2.0,2.0,-0.9686,3.0,3.0,14.52,34,7,9,2002,72,,0.026232,,1.700447,9.243393,-0.228256,35477.515154,-0.030359,-0.052819,12.278075,7595.452,8503.73,7.743999,9.242373,,0.005415,277,38,41715833075.2022,25.35,1042.0,355918068.0,0.49236641221374
0,USA-AD-970,Germany,DE,722550,200205,,0,1,,0,2,-0.2419,1,2,,0.0,0.0,,0.0,0.0,,0.0,0.0,14.52,26,7,3,2002,72,0.004486,0.00166,-0.002826,1.700447,9.243393,-0.228256,35477.515154,-0.030359,-0.052819,12.278075,7595.452,8503.73,7.743999,9.242373,0.004486,0.005415,277,38,41715833075.2022,25.35,1042.0,605401345.0,0.49236641221374
0,USA-AD-970,Germany,DE,722599,200205,0.2121,2,2,-0.3063,3,5,5.2723,3,11,2.4739,1.0,3.0,0.7351,3.0,6.0,-0.2144,9.0,10.0,14.52,31,7,3,2002,72,,0.011943,,1.700447,9.243393,-0.228256,35477.515154,-0.030359,-0.052819,12.278075,7595.452,8503.73,7.743999,9.242373,,0.005415,277,38,41715833075.2022,25.35,1042.0,,0.49236641221374
0,USA-AD-970,Germany,DE,722619,200205,0.0385,1,1,0.0385,1,1,4.779,1,5,,0.0,0.0,,0.0,0.0,,0.0,0.0,14.52,28,7,3,2002,72,,0.032727,,1.700447,9.243393,-0.228256,35477.515154,-0.030359,-0.052819,12.278075,7595.452,8503.73,7.743999,9.242373,,0.005415,277,38,41715833075.2022,25.35,1042.0,,0.49236641221374
0,USA-AD-970,Germany,DE,722692,200205,-0.6305,3,3,-0.6554,5,5,-0.4025,10,10,,0.0,0.0,,0.0,0.0,,0.0,0.0,14.52,23,7,3,2002,72,0.014551,0.012318,-0.002233,1.700447,9.243393,-0.228256,35477.515154,-0.030359,-0.052819,12.278075,7595.452,8503.73,7.743999,9.242373,0.014551,0.005415,277,38,41715833075.2022,25.35,1042.0,408656438.0,0.49236641221374
0,USA-AD-970,Germany,DE,722699,200205,-0.3677,3,3,-0.3184,6,6,-0.3636,12,12,9.0,1.0,1.0,10.0,1.0,2.0,10.0,1.0,2.0,14.52,31,7,3,2002,72,,0.071263,,1.700447,9.243393,-0.228256,35477.515154,-0.030359,-0.052819,12.278075,7595.452,8503.73,7.743999,9.242373,,0.005415,277,38,41715833075.2022,25.35,1042.0,202098861.0,0.49236641221374
0,USA-AD-971,India,IN,720915,200205,,0,0,,0,0,,0,0,,0.0,0.0,,0.0,0.0,-1.0,5.0,0.0,153.65,23,7,3,2002,72,0.0,0.0,0.0,1.700447,9.243393,3.803975,793.615913,-0.030359,0.030176,12.278075,13131.91,5108.001,7.743999,9.242373,0.0,0.005415,277,38,7059496037.43387,25.35,1042.0,,0.31203007518797
0,USA-AD-971,India,IN,720916,200205,,0,0,,0,0,-0.1631,1,1,1.9364,3.0,3.0,-0.1901,6.0,6.0,-0.7828,12.0,12.0,153.65,23,7,3,2002,72,0.001518,0.000342,-0.001175,1.700447,9.243393,3.803975,793.615913,-0.030359,0.030176,12.278075,13131.91,5108.001,7.743999,9.242373,0.001518,0.005415,277,38,7059496037.43387,25.35,1042.0,,0.31203007518797
0,USA-AD-971,India,IN,720917,200205,,0,0,,0,0,-1.0,1,0,0.638,3.0,3.0,-0.2147,6.0,6.0,-0.6222,12.0,12.0,153.65,23,7,3,2002,72,0.000226,0.0,-0.000226,1.700447,9.243393,3.803975,793.615913,-0.030359,0.030176,12.278075,13131.91,5108.001,7.743999,9.242373,0.000226,0.005415,277,38,7059496037.43387,25.35,1042.0,,0.31203007518797
0,USA-AD-971,India,IN,720918,200205,,0,0,,0,0,,0,0,-0.9519,3.0,1.0,-0.9963,6.0,1.0,-0.9535,12.0,5.0,153.65,23,7,3,2002,72,0.0,0.0,0.0,1.700447,9.243393,3.803975,793.615913,-0.030359,0.030176,12.278075,13131.91,5108.001,7.743999,9.242373,0.0,0.005415,277,38,7059496037.43387,25.35,1042.0,,0.31203007518797
0,USA-AD-971,India,IN,720926,200205,,0,0,,0,0,,0,1,,0.0,0.0,,0.0,0.0,-1.0,5.0,0.0,153.65,23,7,3,2002,72,0.0,0.01436,0.01436,1.700447,9.243393,3.803975,793.615913,-0.030359,0.030176,12.278075,13131.91,5108.001,7.743999,9.242373,0.0,0.005415,277,38,7059496037.43387,25.35,1042.0,,0.31203007518797
0,USA-AD-971,India,IN,720927,200205,,0,0,,0,0,,0,1,,0.0,0.0,-1.0,2.0,0.0,-1.0,8.0,0.0,153.65,23,7,3,2002,72,0.0,0.027116,0.027116,1.700447,9.243393,3.803975,793.615913,-0.030359,0.030176,12.278075,13131.91,5108.001,7.743999,9.242373,0.0,0.005415,277,38,7059496037.43387,25.35,1042.0,,0.31203007518797
0,USA-AD-971,India,IN,720990,200205,,0,0,,0,1,,0,1,,0.0,0.0,,0.0,1.0,,0.0,1.0,153.65,26,7,9,2002,72,0.0,0.002684,0.002684,1.700447,9.243393,3.803975,793.615913,-0.030359,0.030176,12.278075,13131.91,5108.001,7.743999,9.242373,0.0,0.005415,277,38,7059496037.43387,25.35,1042.0,233432223.0,0.31203007518797
0,USA-AD-971,India,IN,721070,200205,,0,0,,0,0,,0,0,1.6683,3.0,3.0,0.0748,6.0,6.0,0.0957,12.0,12.0,153.65,34,7,9,2002,72,,0.0,,1.700447,9.243393,3.803975,793.615913,-0.030359,0.030176,12.278075,13131.91,5108.001,7.743999,9.242373,,0.005415,277,38,7059496037.43387,25.35,1042.0,3083612995.0,0.31203007518797
0,USA-AD-971,India,IN,721090,200205,,0,0,,0,0,,0,0,,0.0,0.0,,0.0,0.0,,0.0,0.0,153.65,34,7,9,2002,72,,0.0,,1.700447,9.243393,3.803975,793.615913,-0.030359,0.030176,12.278075,13131.91,5108.001,7.743999,9.242373,,0.005415,277,38,7059496037.43387,25.35,1042.0,473130974.0,0.31203007518797
0,USA-AD-971,India,IN,721123,200205,,0,0,,0,0,,0,0,-1.0,2.0,0.0,-1.0,3.0,0.0,-0.9688,9.0,3.0,153.65,23,7,3,2002,72,0.0,0.0,0.0,1.700447,9.243393,3.803975,793.615913,-0.030359,0.030176,12.278075,13131.91,5108.001,7.743999,9.242373,0.0,0.005415,277,38,7059496037.43387,25.35,1042.0,,0.31203007518797
0,USA-AD-971,India,IN,721129,200205,,0,0,,0,0,-0.9326,1,1,,0.0,0.0,,0.0,1.0,2.7767,3.0,3.0,153.65,25,7,9,2002,72,0.001773,0.000117,-0.001656,1.700447,9.243393,3.803975,793.615913,-0.030359,0.030176,12.278075,13131.91,5108.001,7.743999,9.242373,0.001773,0.005415,277,38,7059496037.43387,25.35,1042.0,702144168.0,0.31203007518797
0,USA-AD-971,India,IN,721190,200205,,0,0,,0,1,-0.2,1,1,875.5714,1.0,1.0,-0.5733,2.0,1.0,-0.7897,5.0,1.0,153.65,33,7,9,2002,72,0.000155,0.000419,0.000265,1.700447,9.243393,3.803975,793.615913,-0.030359,0.030176,12.278075,13131.91,5108.001,7.743999,9.242373,0.000155,0.005415,277,38,7059496037.43387,25.35,1042.0,321555422.0,0.31203007518797
0,USA-AD-971,India,IN,721240,200205,,0,0,,0,0,,0,0,0.7339,3.0,2.0,-0.3105,6.0,5.0,-0.435,12.0,10.0,153.65,34,7,9,2002,72,,0.0,,1.700447,9.243393,3.803975,793.615913,-0.030359,0.030176,12.278075,13131.91,5108.001,7.743999,9.242373,,0.005415,277,38,7059496037.43387,25.35,1042.0,471418176.0,0.31203007518797
0,USA-AD-971,India,IN,721250,200205,66.6737,2,3,14.0519,5,5,21.7724,6,11,,0.0,1.0,-0.8675,2.0,2.0,-0.9686,3.0,3.0,153.65,34,7,9,2002,72,,0.080574,,1.700447,9.243393,3.803975,793.615913,-0.030359,0.030176,12.278075,13131.91,5108.001,7.743999,9.242373,,0.005415,277,38,7059496037.43387,25.35,1042.0,355918068.0,0.31203007518797
0,USA-AD-971,India,IN,722519,200205,,0,0,,0,0,,0,0,,0.0,0.0,-1.0,2.0,0.0,-0.7377,4.0,2.0,153.65,28,7,3,2002,72,,0.0,,1.700447,9.243393,3.803975,793.615913,-0.030359,0.030176,12.278075,13131.91,5108.001,7.743999,9.242373,,0.005415,277,38,7059496037.43387,25.35,1042.0,,0.31203007518797
0,USA-AD-971,India,IN,722599,200205,,0,0,,0,1,,0,1,2.4739,1.0,3.0,0.7351,3.0,6.0,-0.2144,9.0,10.0,153.65,31,7,3,2002,72,,0.000608,,1.700447,9.243393,3.803975,793.615913,-0.030359,0.030176,12.278075,13131.91,5108.001,7.743999,9.242373,,0.005415,277,38,7059496037.43387,25.35,1042.0,,0.31203007518797
0,USA-AD-971,India,IN,722619,200205,,0,0,,0,0,,0,0,,0.0,0.0,,0.0,0.0,,0.0,0.0,153.65,28,7,3,2002,72,,0.0,,1.700447,9.243393,3.803975,793.615913,-0.030359,0.030176,12.278075,13131.91,5108.001,7.743999,9.242373,,0.005415,277,38,7059496037.43387,25.35,1042.0,,0.31203007518797
0,USA-AD-971,India,IN,722699,200205,,0,0,,0,1,,0,1,9.0,1.0,1.0,10.0,1.0,2.0,10.0,1.0,2.0,153.65,31,7,3,2002,72,,9e-05,,1.700447,9.243393,3.803975,793.615913,-0.030359,0.030176,12.278075,13131.91,5108.001,7.743999,9.242373,,0.005415,277,38,7059496037.43387,25.35,1042.0,202098861.0,0.31203007518797
0,USA-AD-972,Japan,JP,720915,200205,10.7417,3,3,1.2975,6,6,0.6151,8,9,,0.0,0.0,,0.0,0.0,-1.0,5.0,0.0,112.56,23,7,3,2002,72,0.997564,0.978591,-0.018973,1.700447,9.243393,0.041962,31416.124177,-0.030359,0.031754,12.278075,10286.19,951.7373,7.743999,9.242373,0.997564,0.005415,277,38,108861295892.017,25.35,1042.0,,0.492481203007519
0,USA-AD-972,Japan,JP,720916,200205,2.3613,3,3,3.9244,6,6,3.7832,12,12,1.9364,3.0,3.0,-0.1901,6.0,6.0,-0.7828,12.0,12.0,112.56,23,7,3,2002,72,0.949368,0.990652,0.041283,1.700447,9.243393,0.041962,31416.124177,-0.030359,0.031754,12.278075,10286.19,951.7373,7.743999,9.242373,0.949368,0.005415,277,38,108861295892.017,25.35,1042.0,,0.492481203007519
0,USA-AD-972,Japan,JP,720917,200205,3.3416,3,3,5.544,6,6,7.4595,12,12,0.638,3.0,3.0,-0.2147,6.0,6.0,-0.6222,12.0,12.0,112.56,23,7,3,2002,72,0.992968,0.997944,0.004976,1.700447,9.243393,0.041962,31416.124177,-0.030359,0.031754,12.278075,10286.19,951.7373,7.743999,9.242373,0.992968,0.005415,277,38,108861295892.017,25.35,1042.0,,0.492481203007519
0,USA-AD-972,Japan,JP,720918,200205,0.8883,3,3,0.2574,6,6,-0.0309,12,12,-0.9519,3.0,1.0,-0.9963,6.0,1.0,-0.9535,12.0,5.0,112.56,23,7,3,2002,72,0.892559,0.76492,-0.127639,1.700447,9.243393,0.041962,31416.124177,-0.030359,0.031754,12.278075,10286.19,951.7373,7.743999,9.242373,0.892559,0.005415,277,38,108861295892.017,25.35,1042.0,,0.492481203007519
0,USA-AD-972,Japan,JP,720925,200205,,0,1,,0,1,5.7509,3,6,,0.0,0.0,,0.0,0.0,,0.0,0.0,112.56,23,7,3,2002,72,0.399796,0.341734,-0.058061,1.700447,9.243393,0.041962,31416.124177,-0.030359,0.031754,12.278075,10286.19,951.7373,7.743999,9.242373,0.399796,0.005415,277,38,108861295892.017,25.35,1042.0,,0.492481203007519
0,USA-AD-972,Japan,JP,720926,200205,0.229,3,2,0.1854,6,5,0.9136,8,11,,0.0,0.0,,0.0,0.0,-1.0,5.0,0.0,112.56,23,7,3,2002,72,0.130895,0.365463,0.234568,1.700447,9.243393,0.041962,31416.124177,-0.030359,0.031754,12.278075,10286.19,951.7373,7.743999,9.242373,0.130895,0.005415,277,38,108861295892.017,25.35,1042.0,,0.492481203007519
0,USA-AD-972,Japan,JP,720927,200205,0.6447,2,3,1.2326,4,6,0.5495,10,12,,0.0,0.0,-1.0,2.0,0.0,-1.0,8.0,0.0,112.56,23,7,3,2002,72,0.717244,0.702114,-0.01513,1.700447,9.243393,0.041962,31416.124177,-0.030359,0.031754,12.278075,10286.19,951.7373,7.743999,9.242373,0.717244,0.005415,277,38,108861295892.017,25.35,1042.0,,0.492481203007519
0,USA-AD-972,Japan,JP,720928,200205,,0,0,,0,0,-1.0,2,0,,0.0,0.0,,0.0,0.0,,0.0,0.0,112.56,23,7,3,2002,72,1.0,0.0,-1.0,1.700447,9.243393,0.041962,31416.124177,-0.030359,0.031754,12.278075,10286.19,951.7373,7.743999,9.242373,1.0,0.005415,277,38,108861295892.017,25.35,1042.0,,0.492481203007519
0,USA-AD-972,Japan,JP,720990,200205,2.8461,2,2,3.7618,5,5,1.702,7,10,,0.0,0.0,,0.0,1.0,,0.0,1.0,112.56,26,7,9,2002,72,0.14657,0.397432,0.250862,1.700447,9.243393,0.041962,31416.124177,-0.030359,0.031754,12.278075,10286.19,951.7373,7.743999,9.242373,0.14657,0.005415,277,38,108861295892.017,25.35,1042.0,233432223.0,0.492481203007519
0,USA-AD-972,Japan,JP,721070,200205,-0.7576,3,2,-0.7139,4,4,-0.4908,8,8,1.6683,3.0,3.0,0.0748,6.0,6.0,0.0957,12.0,12.0,112.56,34,7,9,2002,72,,0.408716,,1.700447,9.243393,0.041962,31416.124177,-0.030359,0.031754,12.278075,10286.19,951.7373,7.743999,9.242373,,0.005415,277,38,108861295892.017,25.35,1042.0,3083612995.0,0.492481203007519
0,USA-AD-972,Japan,JP,721090,200205,-0.2711,3,3,-0.4828,6,6,-0.5145,12,12,,0.0,0.0,,0.0,0.0,,0.0,0.0,112.56,34,7,9,2002,72,,0.667708,,1.700447,9.243393,0.041962,31416.124177,-0.030359,0.031754,12.278075,10286.19,951.7373,7.743999,9.242373,,0.005415,277,38,108861295892.017,25.35,1042.0,473130974.0,0.492481203007519
0,USA-AD-972,Japan,JP,721123,200205,0.0544,3,3,0.1712,6,6,0.7943,11,12,-1.0,2.0,0.0,-1.0,3.0,0.0,-0.9688,9.0,3.0,112.56,23,7,3,2002,72,0.905062,0.955453,0.050391,1.700447,9.243393,0.041962,31416.124177,-0.030359,0.031754,12.278075,10286.19,951.7373,7.743999,9.242373,0.905062,0.005415,277,38,108861295892.017,25.35,1042.0,,0.492481203007519
0,USA-AD-972,Japan,JP,721129,200205,0.1852,3,3,-0.0294,6,6,0.3188,12,12,,0.0,0.0,,0.0,1.0,2.7767,3.0,3.0,112.56,25,7,9,2002,72,0.584256,0.508595,-0.075661,1.700447,9.243393,0.041962,31416.124177,-0.030359,0.031754,12.278075,10286.19,951.7373,7.743999,9.242373,0.584256,0.005415,277,38,108861295892.017,25.35,1042.0,702144168.0,0.492481203007519
0,USA-AD-972,Japan,JP,721190,200205,-0.7224,3,3,-0.7326,6,6,-0.7325,12,12,875.5714,1.0,1.0,-0.5733,2.0,1.0,-0.7897,5.0,1.0,112.56,33,7,9,2002,72,0.487389,0.277732,-0.209658,1.700447,9.243393,0.041962,31416.124177,-0.030359,0.031754,12.278075,10286.19,951.7373,7.743999,9.242373,0.487389,0.005415,277,38,108861295892.017,25.35,1042.0,321555422.0,0.492481203007519
0,USA-AD-972,Japan,JP,721240,200205,-0.3207,3,3,0.0576,6,6,-0.141,12,12,0.7339,3.0,2.0,-0.3105,6.0,5.0,-0.435,12.0,10.0,112.56,34,7,9,2002,72,,0.479538,,1.700447,9.243393,0.041962,31416.124177,-0.030359,0.031754,12.278075,10286.19,951.7373,7.743999,9.242373,,0.005415,277,38,108861295892.017,25.35,1042.0,471418176.0,0.492481203007519
0,USA-AD-972,Japan,JP,721250,200205,-0.3653,3,3,0.8016,6,6,0.6683,12,12,,0.0,1.0,-0.8675,2.0,2.0,-0.9686,3.0,3.0,112.56,34,7,9,2002,72,,0.416815,,1.700447,9.243393,0.041962,31416.124177,-0.030359,0.031754,12.278075,10286.19,951.7373,7.743999,9.242373,,0.005415,277,38,108861295892.017,25.35,1042.0,355918068.0,0.492481203007519
0,USA-AD-972,Japan,JP,722519,200205,0.1111,3,3,0.0907,6,6,0.364,12,12,,0.0,0.0,-1.0,2.0,0.0,-0.7377,4.0,2.0,112.56,28,7,3,2002,72,,0.987017,,1.700447,9.243393,0.041962,31416.124177,-0.030359,0.031754,12.278075,10286.19,951.7373,7.743999,9.242373,,0.005415,277,38,108861295892.017,25.35,1042.0,,0.492481203007519
0,USA-AD-972,Japan,JP,722550,200205,0.1572,3,3,0.5852,5,6,1.284,11,12,,0.0,0.0,,0.0,0.0,,0.0,0.0,112.56,26,7,3,2002,72,0.942353,0.948841,0.006488,1.700447,9.243393,0.041962,31416.124177,-0.030359,0.031754,12.278075,10286.19,951.7373,7.743999,9.242373,0.942353,0.005415,277,38,108861295892.017,25.35,1042.0,605401345.0,0.492481203007519
0,USA-AD-972,Japan,JP,722599,200205,0.101,3,3,0.2642,6,6,0.8661,12,12,2.4739,1.0,3.0,0.7351,3.0,6.0,-0.2144,9.0,10.0,112.56,31,7,3,2002,72,,0.978094,,1.700447,9.243393,0.041962,31416.124177,-0.030359,0.031754,12.278075,10286.19,951.7373,7.743999,9.242373,,0.005415,277,38,108861295892.017,25.35,1042.0,,0.492481203007519
0,USA-AD-972,Japan,JP,722619,200205,0.1655,3,3,0.337,6,6,0.3339,12,12,,0.0,0.0,,0.0,0.0,,0.0,0.0,112.56,28,7,3,2002,72,,0.944604,,1.700447,9.243393,0.041962,31416.124177,-0.030359,0.031754,12.278075,10286.19,951.7373,7.743999,9.242373,,0.005415,277,38,108861295892.017,25.35,1042.0,,0.492481203007519
0,USA-AD-972,Japan,JP,722692,200205,-0.0766,3,3,0.0235,6,6,0.0321,12,12,,0.0,0.0,,0.0,0.0,,0.0,0.0,112.56,23,7,3,2002,72,0.644664,0.536631,-0.108033,1.700447,9.243393,0.041962,31416.124177,-0.030359,0.031754,12.278075,10286.19,951.7373,7.743999,9.242373,0.644664,0.005415,277,38,108861295892.017,25.35,1042.0,408656438.0,0.492481203007519
1,USA-AD-972,Japan,JP,722699,200205,0.3354,3,3,0.4583,6,6,0.6582,12,12,9.0,1.0,1.0,10.0,1.0,2.0,10.0,1.0,2.0,112.56,31,7,3,2002,72,,0.781669,,1.700447,9.243393,0.041962,31416.124177,-0.030359,0.031754,12.278075,10286.19,951.7373,7.743999,9.242373,,0.005415,277,38,108861295892.017,25.35,1042.0,202098861.0,0.492481203007519
0,USA-AD-974,Netherlands,NL,720917,200205,,0,0,,0,0,,0,0,0.638,3.0,3.0,-0.2147,6.0,6.0,-0.6222,12.0,12.0,6.38,23,7,3,2002,72,0.0,0.0,0.0,1.700447,9.243393,0.245786,41135.419074,-0.030359,-0.052819,12.278075,7281.814,8679.86,7.743999,9.242373,0.0,0.005415,277,38,11032388748.3937,25.35,1042.0,,0.496212121212121
0,USA-AD-974,Netherlands,NL,720925,200205,,0,0,,0,0,-1.0,1,0,,0.0,0.0,,0.0,0.0,,0.0,0.0,6.38,23,7,3,2002,72,0.005072,0.0,-0.005072,1.700447,9.243393,0.245786,41135.419074,-0.030359,-0.052819,12.278075,7281.814,8679.86,7.743999,9.242373,0.005072,0.005415,277,38,11032388748.3937,25.35,1042.0,,0.496212121212121
0,USA-AD-974,Netherlands,NL,720926,200205,-0.0472,1,1,49.8746,1,2,49.8746,1,2,,0.0,0.0,,0.0,0.0,-1.0,5.0,0.0,6.38,23,7,3,2002,72,0.001727,0.037299,0.035572,1.700447,9.243393,0.245786,41135.419074,-0.030359,-0.052819,12.278075,7281.814,8679.86,7.743999,9.242373,0.001727,0.005415,277,38,11032388748.3937,25.35,1042.0,,0.496212121212121
0,USA-AD-974,Netherlands,NL,720990,200205,,0,0,,0,1,-0.9072,2,1,,0.0,0.0,,0.0,1.0,,0.0,1.0,6.38,26,7,9,2002,72,0.014789,0.00079,-0.013999,1.700447,9.243393,0.245786,41135.419074,-0.030359,-0.052819,12.278075,7281.814,8679.86,7.743999,9.242373,0.014789,0.005415,277,38,11032388748.3937,25.35,1042.0,233432223.0,0.496212121212121
0,USA-AD-974,Netherlands,NL,721090,200205,,0,1,,0,2,,0,2,,0.0,0.0,,0.0,0.0,,0.0,0.0,6.38,34,7,9,2002,72,,0.000842,,1.700447,9.243393,0.245786,41135.419074,-0.030359,-0.052819,12.278075,7281.814,8679.86,7.743999,9.242373,,0.005415,277,38,11032388748.3937,25.35,1042.0,473130974.0,0.496212121212121
0,USA-AD-974,Netherlands,NL,721123,200205,,0,0,,0,0,,0,0,-1.0,2.0,0.0,-1.0,3.0,0.0,-0.9688,9.0,3.0,6.38,23,7,3,2002,72,0.0,0.0,0.0,1.700447,9.243393,0.245786,41135.419074,-0.030359,-0.052819,12.278075,7281.814,8679.86,7.743999,9.242373,0.0,0.005415,277,38,11032388748.3937,25.35,1042.0,,0.496212121212121
0,USA-AD-974,Netherlands,NL,721129,200205,,0,0,,0,0,-1.0,2,0,,0.0,0.0,,0.0,1.0,2.7767,3.0,3.0,6.38,25,7,9,2002,72,0.003223,0.0,-0.003223,1.700447,9.243393,0.245786,41135.419074,-0.030359,-0.052819,12.278075,7281.814,8679.86,7.743999,9.242373,0.003223,0.005415,277,38,11032388748.3937,25.35,1042.0,702144168.0,0.496212121212121
0,USA-AD-974,Netherlands,NL,721190,200205,,0,0,,0,1,0.8333,1,1,875.5714,1.0,1.0,-0.5733,2.0,1.0,-0.7897,5.0,1.0,6.38,33,7,9,2002,72,0.000183,0.00061,0.000426,1.700447,9.243393,0.245786,41135.419074,-0.030359,-0.052819,12.278075,7281.814,8679.86,7.743999,9.242373,0.000183,0.005415,277,38,11032388748.3937,25.35,1042.0,321555422.0,0.496212121212121
0,USA-AD-974,Netherlands,NL,721240,200205,-0.3594,1,1,-0.3594,1,1,0.5877,1,2,0.7339,3.0,2.0,-0.3105,6.0,5.0,-0.435,12.0,10.0,6.38,34,7,9,2002,72,,0.095428,,1.700447,9.243393,0.245786,41135.419074,-0.030359,-0.052819,12.278075,7281.814,8679.86,7.743999,9.242373,,0.005415,277,38,11032388748.3937,25.35,1042.0,471418176.0,0.496212121212121
0,USA-AD-974,Netherlands,NL,721250,200205,2.1417,2,3,1.1009,5,4,0.4816,10,7,,0.0,1.0,-0.8675,2.0,2.0,-0.9686,3.0,3.0,6.38,34,7,9,2002,72,,0.003221,,1.700447,9.243393,0.245786,41135.419074,-0.030359,-0.052819,12.278075,7281.814,8679.86,7.743999,9.242373,,0.005415,277,38,11032388748.3937,25.35,1042.0,355918068.0,0.496212121212121
0,USA-AD-974,Netherlands,NL,722550,200205,,0,0,,0,1,,0,2,,0.0,0.0,,0.0,0.0,,0.0,0.0,6.38,26,7,3,2002,72,0.0,0.003748,0.003748,1.700447,9.243393,0.245786,41135.419074,-0.030359,-0.052819,12.278075,7281.814,8679.86,7.743999,9.242373,0.0,0.005415,277,38,11032388748.3937,25.35,1042.0,605401345.0,0.496212121212121
0,USA-AD-974,Netherlands,NL,722599,200205,,0,0,,0,0,-1.0,1,0,2.4739,1.0,3.0,0.7351,3.0,6.0,-0.2144,9.0,10.0,6.38,31,7,3,2002,72,,0.0,,1.700447,9.243393,0.245786,41135.419074,-0.030359,-0.052819,12.278075,7281.814,8679.86,7.743999,9.242373,,0.005415,277,38,11032388748.3937,25.35,1042.0,,0.496212121212121
1,USA-AD-974,Netherlands,NL,722699,200205,-1.0,1,0,-1.0,1,0,6.17,2,1,9.0,1.0,1.0,10.0,1.0,2.0,10.0,1.0,2.0,6.38,31,7,3,2002,72,,0.000405,,1.700447,9.243393,0.245786,41135.419074,-0.030359,-0.052819,12.278075,7281.814,8679.86,7.743999,9.242373,,0.005415,277,38,11032388748.3937,25.35,1042.0,202098861.0,0.496212121212121
0,USA-AD-975,New Zealand,NZ,720915,200205,,0,0,,0,0,,0,0,,0.0,0.0,,0.0,0.0,-1.0,5.0,0.0,7.1,23,7,3,2002,72,0.0,0.0,0.0,1.700447,9.243393,4.713478,32641.820216,-0.030359,-0.091039,12.278075,12765.8,9747.415,7.743999,9.242373,0.0,0.005415,277,38,-1395997085.63105,25.35,1042.0,,0.466165413533835
0,USA-AD-975,New Zealand,NZ,720916,200205,,0,0,,0,0,,0,0,1.9364,3.0,3.0,-0.1901,6.0,6.0,-0.7828,12.0,12.0,7.1,23,7,3,2002,72,0.0,0.0,0.0,1.700447,9.243393,4.713478,32641.820216,-0.030359,-0.091039,12.278075,12765.8,9747.415,7.743999,9.242373,0.0,0.005415,277,38,-1395997085.63105,25.35,1042.0,,0.466165413533835
0,USA-AD-975,New Zealand,NZ,720917,200205,,0,0,,0,0,,0,0,0.638,3.0,3.0,-0.2147,6.0,6.0,-0.6222,12.0,12.0,7.1,23,7,3,2002,72,0.0,0.0,0.0,1.700447,9.243393,4.713478,32641.820216,-0.030359,-0.091039,12.278075,12765.8,9747.415,7.743999,9.242373,0.0,0.005415,277,38,-1395997085.63105,25.35,1042.0,,0.466165413533835
0,USA-AD-975,New Zealand,NZ,720925,200205,,0,0,,0,0,,0,0,,0.0,0.0,,0.0,0.0,,0.0,0.0,7.1,23,7,3,2002,72,0.0,0.0,0.0,1.700447,9.243393,4.713478,32641.820216,-0.030359,-0.091039,12.278075,12765.8,9747.415,7.743999,9.242373,0.0,0.005415,277,38,-1395997085.63105,25.35,1042.0,,0.466165413533835
0,USA-AD-975,New Zealand,NZ,720926,200205,,0,0,,0,0,,0,0,,0.0,0.0,,0.0,0.0,-1.0,5.0,0.0,7.1,23,7,3,2002,72,0.0,0.0,0.0,1.700447,9.243393,4.713478,32641.820216,-0.030359,-0.091039,12.278075,12765.8,9747.415,7.743999,9.242373,0.0,0.005415,277,38,-1395997085.63105,25.35,1042.0,,0.466165413533835
0,USA-AD-975,New Zealand,NZ,720927,200205,,0,0,,0,0,,0,0,,0.0,0.0,-1.0,2.0,0.0,-1.0,8.0,0.0,7.1,23,7,3,2002,72,0.0,0.0,0.0,1.700447,9.243393,4.713478,32641.820216,-0.030359,-0.091039,12.278075,12765.8,9747.415,7.743999,9.242373,0.0,0.005415,277,38,-1395997085.63105,25.35,1042.0,,0.466165413533835
0,USA-AD-975,New Zealand,NZ,721070,200205,,0,0,,0,0,,0,0,1.6683,3.0,3.0,0.0748,6.0,6.0,0.0957,12.0,12.0,7.1,34,7,9,2002,72,,0.0,,1.700447,9.243393,4.713478,32641.820216,-0.030359,-0.091039,12.278075,12765.8,9747.415,7.743999,9.242373,,0.005415,277,38,-1395997085.63105,25.35,1042.0,3083612995.0,0.466165413533835
0,USA-AD-975,New Zealand,NZ,721123,200205,,0,0,,0,0,,0,0,-1.0,2.0,0.0,-1.0,3.0,0.0,-0.9688,9.0,3.0,7.1,23,7,3,2002,72,0.0,0.0,0.0,1.700447,9.243393,4.713478,32641.820216,-0.030359,-0.091039,12.278075,12765.8,9747.415,7.743999,9.242373,0.0,0.005415,277,38,-1395997085.63105,25.35,1042.0,,0.466165413533835
0,USA-AD-975,New Zealand,NZ,721129,200205,,0,0,,0,0,,0,0,,0.0,0.0,,0.0,1.0,2.7767,3.0,3.0,7.1,25,7,9,2002,72,0.0,0.0,0.0,1.700447,9.243393,4.713478,32641.820216,-0.030359,-0.091039,12.278075,12765.8,9747.415,7.743999,9.242373,0.0,0.005415,277,38,-1395997085.63105,25.35,1042.0,702144168.0,0.466165413533835
0,USA-AD-975,New Zealand,NZ,721190,200205,,0,0,,0,0,,0,0,875.5714,1.0,1.0,-0.5733,2.0,1.0,-0.7897,5.0,1.0,7.1,33,7,9,2002,72,0.0,0.0,0.0,1.700447,9.243393,4.713478,32641.820216,-0.030359,-0.091039,12.278075,12765.8,9747.415,7.743999,9.242373,0.0,0.005415,277,38,-1395997085.63105,25.35,1042.0,321555422.0,0.466165413533835
0,USA-AD-975,New Zealand,NZ,721240,200205,,0,0,,0,0,,0,0,0.7339,3.0,2.0,-0.3105,6.0,5.0,-0.435,12.0,10.0,7.1,34,7,9,2002,72,,0.0,,1.700447,9.243393,4.713478,32641.820216,-0.030359,-0.091039,12.278075,12765.8,9747.415,7.743999,9.242373,,0.005415,277,38,-1395997085.63105,25.35,1042.0,471418176.0,0.466165413533835
0,USA-AD-975,New Zealand,NZ,721250,200205,,0,0,,0,0,,0,0,,0.0,1.0,-0.8675,2.0,2.0,-0.9686,3.0,3.0,7.1,34,7,9,2002,72,,0.0,,1.700447,9.243393,4.713478,32641.820216,-0.030359,-0.091039,12.278075,12765.8,9747.415,7.743999,9.242373,,0.005415,277,38,-1395997085.63105,25.35,1042.0,355918068.0,0.466165413533835
0,USA-AD-975,New Zealand,NZ,722619,200205,,0,0,,0,0,,0,0,,0.0,0.0,,0.0,0.0,,0.0,0.0,7.1,28,7,3,2002,72,,0.0,,1.700447,9.243393,4.713478,32641.820216,-0.030359,-0.091039,12.278075,12765.8,9747.415,7.743999,9.242373,,0.005415,277,38,-1395997085.63105,25.35,1042.0,,0.466165413533835
0,USA-AD-975,New Zealand,NZ,722699,200205,,0,0,,0,0,,0,0,9.0,1.0,1.0,10.0,1.0,2.0,10.0,1.0,2.0,7.1,31,7,3,2002,72,,0.0,,1.700447,9.243393,4.713478,32641.820216,-0.030359,-0.091039,12.278075,12765.8,9747.415,7.743999,9.242373,,0.005415,277,38,-1395997085.63105,25.35,1042.0,202098861.0,0.466165413533835
0,USA-AD-976,Russia,RU,720915,200205,,0,0,,0,0,,0,0,,0.0,0.0,,0.0,0.0,-1.0,5.0,0.0,137.33,23,7,3,2002,72,0.0,0.0,0.0,1.700447,9.243393,4.699992,5910.171875,-0.030359,0.074737,12.278075,8915.321,6009.905,7.743999,9.242373,0.0,0.005415,277,38,27472950000.0,25.35,1042.0,,0.352272727272727
0,USA-AD-976,Russia,RU,720917,200205,,0,0,21.848,1,1,29.4686,1,2,0.638,3.0,3.0,-0.2147,6.0,6.0,-0.6222,12.0,12.0,137.33,23,7,3,2002,72,0.000296,0.001526,0.001229,1.700447,9.243393,4.699992,5910.171875,-0.030359,0.074737,12.278075,8915.321,6009.905,7.743999,9.242373,0.000296,0.005415,277,38,27472950000.0,25.35,1042.0,,0.352272727272727
0,USA-AD-976,Russia,RU,720918,200205,,0,0,-1.0,1,0,-1.0,1,0,-0.9519,3.0,1.0,-0.9963,6.0,1.0,-0.9535,12.0,5.0,137.33,23,7,3,2002,72,4.3e-05,0.0,-4.3e-05,1.700447,9.243393,4.699992,5910.171875,-0.030359,0.074737,12.278075,8915.321,6009.905,7.743999,9.242373,4.3e-05,0.005415,277,38,27472950000.0,25.35,1042.0,,0.352272727272727
0,USA-AD-976,Russia,RU,720927,200205,,0,0,-1.0,1,0,-1.0,1,0,,0.0,0.0,-1.0,2.0,0.0,-1.0,8.0,0.0,137.33,23,7,3,2002,72,0.012019,0.0,-0.012019,1.700447,9.243393,4.699992,5910.171875,-0.030359,0.074737,12.278075,8915.321,6009.905,7.743999,9.242373,0.012019,0.005415,277,38,27472950000.0,25.35,1042.0,,0.352272727272727
0,USA-AD-976,Russia,RU,721070,200205,-1.0,1,0,-1.0,1,0,-1.0,1,0,1.6683,3.0,3.0,0.0748,6.0,6.0,0.0957,12.0,12.0,137.33,34,7,9,2002,72,,0.0,,1.700447,9.243393,4.699992,5910.171875,-0.030359,0.074737,12.278075,8915.321,6009.905,7.743999,9.242373,,0.005415,277,38,27472950000.0,25.35,1042.0,3083612995.0,0.352272727272727
0,USA-AD-976,Russia,RU,721090,200205,,0,0,,0,0,,0,0,,0.0,0.0,,0.0,0.0,,0.0,0.0,137.33,34,7,9,2002,72,,0.0,,1.700447,9.243393,4.699992,5910.171875,-0.030359,0.074737,12.278075,8915.321,6009.905,7.743999,9.242373,,0.005415,277,38,27472950000.0,25.35,1042.0,473130974.0,0.352272727272727
0,USA-AD-976,Russia,RU,721190,200205,,0,0,,0,0,,0,0,875.5714,1.0,1.0,-0.5733,2.0,1.0,-0.7897,5.0,1.0,137.33,33,7,9,2002,72,0.0,0.0,0.0,1.700447,9.243393,4.699992,5910.171875,-0.030359,0.074737,12.278075,8915.321,6009.905,7.743999,9.242373,0.0,0.005415,277,38,27472950000.0,25.35,1042.0,321555422.0,0.352272727272727
0,USA-AD-976,Russia,RU,721240,200205,,0,0,,0,0,,0,0,0.7339,3.0,2.0,-0.3105,6.0,5.0,-0.435,12.0,10.0,137.33,34,7,9,2002,72,,0.0,,1.700447,9.243393,4.699992,5910.171875,-0.030359,0.074737,12.278075,8915.321,6009.905,7.743999,9.242373,,0.005415,277,38,27472950000.0,25.35,1042.0,471418176.0,0.352272727272727
0,USA-AD-976,Russia,RU,722519,200205,1.1461,1,2,-0.2714,3,2,-0.7354,8,2,,0.0,0.0,-1.0,2.0,0.0,-0.7377,4.0,2.0,137.33,28,7,3,2002,72,,0.012892,,1.700447,9.243393,4.699992,5910.171875,-0.030359,0.074737,12.278075,8915.321,6009.905,7.743999,9.242373,,0.005415,277,38,27472950000.0,25.35,1042.0,,0.352272727272727
0,USA-AD-976,Russia,RU,722699,200205,,0,0,,0,0,,0,0,9.0,1.0,1.0,10.0,1.0,2.0,10.0,1.0,2.0,137.33,31,7,3,2002,72,,0.0,,1.700447,9.243393,4.699992,5910.171875,-0.030359,0.074737,12.278075,8915.321,6009.905,7.743999,9.242373,,0.005415,277,38,27472950000.0,25.35,1042.0,202098861.0,0.352272727272727
0,USA-AD-977,South Africa,ZA,720916,200205,,0,0,,0,0,,0,0,1.9364,3.0,3.0,-0.1901,6.0,6.0,-0.7828,12.0,12.0,43.32,23,7,3,2002,72,0.0,0.0,0.0,1.700447,9.243393,3.700374,4916.814981,-0.030359,0.224361,12.278075,14418.61,12792.46,7.743999,9.242373,0.0,0.005415,277,38,1009383967.41917,25.35,1042.0,,0.278195488721804
0,USA-AD-977,South Africa,ZA,720917,200205,,0,0,,0,0,,0,0,0.638,3.0,3.0,-0.2147,6.0,6.0,-0.6222,12.0,12.0,43.32,23,7,3,2002,72,0.0,0.0,0.0,1.700447,9.243393,3.700374,4916.814981,-0.030359,0.224361,12.278075,14418.61,12792.46,7.743999,9.242373,0.0,0.005415,277,38,1009383967.41917,25.35,1042.0,,0.278195488721804
0,USA-AD-977,South Africa,ZA,720918,200205,,0,0,,0,0,,0,0,-0.9519,3.0,1.0,-0.9963,6.0,1.0,-0.9535,12.0,5.0,43.32,23,7,3,2002,72,0.0,0.0,0.0,1.700447,9.243393,3.700374,4916.814981,-0.030359,0.224361,12.278075,14418.61,12792.46,7.743999,9.242373,0.0,0.005415,277,38,1009383967.41917,25.35,1042.0,,0.278195488721804
0,USA-AD-977,South Africa,ZA,720990,200205,,0,0,,0,0,,0,0,,0.0,0.0,,0.0,1.0,,0.0,1.0,43.32,26,7,9,2002,72,0.0,0.0,0.0,1.700447,9.243393,3.700374,4916.814981,-0.030359,0.224361,12.278075,14418.61,12792.46,7.743999,9.242373,0.0,0.005415,277,38,1009383967.41917,25.35,1042.0,233432223.0,0.278195488721804
0,USA-AD-977,South Africa,ZA,721070,200205,,0,0,,0,0,,0,0,1.6683,3.0,3.0,0.0748,6.0,6.0,0.0957,12.0,12.0,43.32,34,7,9,2002,72,,0.0,,1.700447,9.243393,3.700374,4916.814981,-0.030359,0.224361,12.278075,14418.61,12792.46,7.743999,9.242373,,0.005415,277,38,1009383967.41917,25.35,1042.0,3083612995.0,0.278195488721804
0,USA-AD-977,South Africa,ZA,721123,200205,,0,0,,0,0,,0,0,-1.0,2.0,0.0,-1.0,3.0,0.0,-0.9688,9.0,3.0,43.32,23,7,3,2002,72,0.0,0.0,0.0,1.700447,9.243393,3.700374,4916.814981,-0.030359,0.224361,12.278075,14418.61,12792.46,7.743999,9.242373,0.0,0.005415,277,38,1009383967.41917,25.35,1042.0,,0.278195488721804
0,USA-AD-977,South Africa,ZA,721129,200205,,0,0,,0,0,,0,0,,0.0,0.0,,0.0,1.0,2.7767,3.0,3.0,43.32,25,7,9,2002,72,0.0,0.0,0.0,1.700447,9.243393,3.700374,4916.814981,-0.030359,0.224361,12.278075,14418.61,12792.46,7.743999,9.242373,0.0,0.005415,277,38,1009383967.41917,25.35,1042.0,702144168.0,0.278195488721804
0,USA-AD-977,South Africa,ZA,721240,200205,,0,0,,0,0,,0,0,0.7339,3.0,2.0,-0.3105,6.0,5.0,-0.435,12.0,10.0,43.32,34,7,9,2002,72,,0.0,,1.700447,9.243393,3.700374,4916.814981,-0.030359,0.224361,12.278075,14418.61,12792.46,7.743999,9.242373,,0.005415,277,38,1009383967.41917,25.35,1042.0,471418176.0,0.278195488721804
0,USA-AD-978,Spain,ES,720915,200205,,0,0,,0,0,,0,0,,0.0,0.0,,0.0,0.0,-1.0,5.0,0.0,46.2,23,7,3,2002,72,0.0,0.0,0.0,1.700447,9.243393,2.755456,25205.315477,-0.030359,-0.052819,12.278075,7437.157,10101.71,7.743999,9.242373,0.0,0.005415,277,38,-25767011830.8264,25.35,1042.0,,0.496240601503759
0,USA-AD-978,Spain,ES,720916,200205,,0,0,,0,0,,0,0,1.9364,3.0,3.0,-0.1901,6.0,6.0,-0.7828,12.0,12.0,46.2,23,7,3,2002,72,0.0,0.0,0.0,1.700447,9.243393,2.755456,25205.315477,-0.030359,-0.052819,12.278075,7437.157,10101.71,7.743999,9.242373,0.0,0.005415,277,38,-25767011830.8264,25.35,1042.0,,0.496240601503759
0,USA-AD-978,Spain,ES,720917,200205,,0,0,,0,0,,0,0,0.638,3.0,3.0,-0.2147,6.0,6.0,-0.6222,12.0,12.0,46.2,23,7,3,2002,72,0.0,0.0,0.0,1.700447,9.243393,2.755456,25205.315477,-0.030359,-0.052819,12.278075,7437.157,10101.71,7.743999,9.242373,0.0,0.005415,277,38,-25767011830.8264,25.35,1042.0,,0.496240601503759
0,USA-AD-978,Spain,ES,720918,200205,,0,0,,0,0,,0,0,-0.9519,3.0,1.0,-0.9963,6.0,1.0,-0.9535,12.0,5.0,46.2,23,7,3,2002,72,0.0,0.0,0.0,1.700447,9.243393,2.755456,25205.315477,-0.030359,-0.052819,12.278075,7437.157,10101.71,7.743999,9.242373,0.0,0.005415,277,38,-25767011830.8264,25.35,1042.0,,0.496240601503759
0,USA-AD-978,Spain,ES,721070,200205,,0,0,,0,1,,0,1,1.6683,3.0,3.0,0.0748,6.0,6.0,0.0957,12.0,12.0,46.2,34,7,9,2002,72,,0.002714,,1.700447,9.243393,2.755456,25205.315477,-0.030359,-0.052819,12.278075,7437.157,10101.71,7.743999,9.242373,,0.005415,277,38,-25767011830.8264,25.35,1042.0,3083612995.0,0.496240601503759
0,USA-AD-978,Spain,ES,721123,200205,,0,0,,0,0,,0,1,-1.0,2.0,0.0,-1.0,3.0,0.0,-0.9688,9.0,3.0,46.2,23,7,3,2002,72,0.0,0.002665,0.002665,1.700447,9.243393,2.755456,25205.315477,-0.030359,-0.052819,12.278075,7437.157,10101.71,7.743999,9.242373,0.0,0.005415,277,38,-25767011830.8264,25.35,1042.0,,0.496240601503759
0,USA-AD-978,Spain,ES,721129,200205,,0,0,,0,0,,0,0,,0.0,0.0,,0.0,1.0,2.7767,3.0,3.0,46.2,25,7,9,2002,72,0.0,0.0,0.0,1.700447,9.243393,2.755456,25205.315477,-0.030359,-0.052819,12.278075,7437.157,10101.71,7.743999,9.242373,0.0,0.005415,277,38,-25767011830.8264,25.35,1042.0,702144168.0,0.496240601503759
0,USA-AD-978,Spain,ES,721190,200205,,0,1,,0,1,,0,1,875.5714,1.0,1.0,-0.5733,2.0,1.0,-0.7897,5.0,1.0,46.2,33,7,9,2002,72,0.0,0.0003,0.0003,1.700447,9.243393,2.755456,25205.315477,-0.030359,-0.052819,12.278075,7437.157,10101.71,7.743999,9.242373,0.0,0.005415,277,38,-25767011830.8264,25.35,1042.0,321555422.0,0.496240601503759
0,USA-AD-978,Spain,ES,721240,200205,,0,0,,0,0,,0,0,0.7339,3.0,2.0,-0.3105,6.0,5.0,-0.435,12.0,10.0,46.2,34,7,9,2002,72,,0.0,,1.700447,9.243393,2.755456,25205.315477,-0.030359,-0.052819,12.278075,7437.157,10101.71,7.743999,9.242373,,0.005415,277,38,-25767011830.8264,25.35,1042.0,471418176.0,0.496240601503759
0,USA-AD-978,Spain,ES,722699,200205,,0,0,,0,0,,0,0,9.0,1.0,1.0,10.0,1.0,2.0,10.0,1.0,2.0,46.2,31,7,3,2002,72,,0.0,,1.700447,9.243393,2.755456,25205.315477,-0.030359,-0.052819,12.278075,7437.157,10101.71,7.743999,9.242373,,0.005415,277,38,-25767011830.8264,25.35,1042.0,202098861.0,0.496240601503759
0,USA-AD-979,Sweden,SE,720916,200205,-0.4181,3,1,-0.4685,5,2,-0.2228,5,5,1.9364,3.0,3.0,-0.1901,6.0,6.0,-0.7828,12.0,12.0,40.54,23,7,3,2002,72,0.039152,0.005952,-0.0332,1.700447,9.243393,2.277729,42831.75841,-0.030359,-0.057315,12.278075,7440.511,7682.775,7.743999,9.242373,0.039152,0.005415,277,38,12452537009.6809,25.35,1042.0,,0.477443609022556
0,USA-AD-979,Sweden,SE,720917,200205,-1.0,1,0,-1.0,1,0,2.5617,2,3,0.638,3.0,3.0,-0.2147,6.0,6.0,-0.6222,12.0,12.0,40.54,23,7,3,2002,72,0.003792,0.000217,-0.003575,1.700447,9.243393,2.277729,42831.75841,-0.030359,-0.057315,12.278075,7440.511,7682.775,7.743999,9.242373,0.003792,0.005415,277,38,12452537009.6809,25.35,1042.0,,0.477443609022556
0,USA-AD-979,Sweden,SE,720926,200205,-0.8913,3,2,-0.8474,6,4,-0.8257,9,8,,0.0,0.0,,0.0,0.0,-1.0,5.0,0.0,40.54,23,7,3,2002,72,0.724023,0.24386,-0.480163,1.700447,9.243393,2.277729,42831.75841,-0.030359,-0.057315,12.278075,7440.511,7682.775,7.743999,9.242373,0.724023,0.005415,277,38,12452537009.6809,25.35,1042.0,,0.477443609022556
0,USA-AD-979,Sweden,SE,720990,200205,-0.8879,1,1,1.0,1,2,1.0,1,2,,0.0,0.0,,0.0,1.0,,0.0,1.0,40.54,26,7,9,2002,72,0.001764,0.006884,0.005121,1.700447,9.243393,2.277729,42831.75841,-0.030359,-0.057315,12.278075,7440.511,7682.775,7.743999,9.242373,0.001764,0.005415,277,38,12452537009.6809,25.35,1042.0,233432223.0,0.477443609022556
0,USA-AD-979,Sweden,SE,721070,200205,-1.0,1,0,-1.0,1,0,-1.0,1,0,1.6683,3.0,3.0,0.0748,6.0,6.0,0.0957,12.0,12.0,40.54,34,7,9,2002,72,,0.0,,1.700447,9.243393,2.277729,42831.75841,-0.030359,-0.057315,12.278075,7440.511,7682.775,7.743999,9.242373,,0.005415,277,38,12452537009.6809,25.35,1042.0,3083612995.0,0.477443609022556
0,USA-AD-979,Sweden,SE,721090,200205,0.2739,3,3,0.0136,6,6,0.386,12,12,,0.0,0.0,,0.0,0.0,,0.0,0.0,40.54,34,7,9,2002,72,,0.078232,,1.700447,9.243393,2.277729,42831.75841,-0.030359,-0.057315,12.278075,7440.511,7682.775,7.743999,9.242373,,0.005415,277,38,12452537009.6809,25.35,1042.0,473130974.0,0.477443609022556
1,USA-AD-979,Sweden,SE,721129,200205,4.3103,3,3,4.8415,6,6,5.004,12,12,,0.0,0.0,,0.0,1.0,2.7767,3.0,3.0,40.54,25,7,9,2002,72,0.125672,0.230401,0.104729,1.700447,9.243393,2.277729,42831.75841,-0.030359,-0.057315,12.278075,7440.511,7682.775,7.743999,9.242373,0.125672,0.005415,277,38,12452537009.6809,25.35,1042.0,702144168.0,0.477443609022556
0,USA-AD-979,Sweden,SE,721190,200205,0.3767,3,3,0.5943,6,6,0.7011,12,12,875.5714,1.0,1.0,-0.5733,2.0,1.0,-0.7897,5.0,1.0,40.54,33,7,9,2002,72,0.321359,0.605543,0.284184,1.700447,9.243393,2.277729,42831.75841,-0.030359,-0.057315,12.278075,7440.511,7682.775,7.743999,9.242373,0.321359,0.005415,277,38,12452537009.6809,25.35,1042.0,321555422.0,0.477443609022556
0,USA-AD-979,Sweden,SE,721240,200205,,0,0,,0,0,,0,0,0.7339,3.0,2.0,-0.3105,6.0,5.0,-0.435,12.0,10.0,40.54,34,7,9,2002,72,,0.0,,1.700447,9.243393,2.277729,42831.75841,-0.030359,-0.057315,12.278075,7440.511,7682.775,7.743999,9.242373,,0.005415,277,38,12452537009.6809,25.35,1042.0,471418176.0,0.477443609022556
0,USA-AD-979,Sweden,SE,721250,200205,-1.0,1,0,-0.9979,3,1,-0.9991,8,1,,0.0,1.0,-0.8675,2.0,2.0,-0.9686,3.0,3.0,40.54,34,7,9,2002,72,,0.000606,,1.700447,9.243393,2.277729,42831.75841,-0.030359,-0.057315,12.278075,7440.511,7682.775,7.743999,9.242373,,0.005415,277,38,12452537009.6809,25.35,1042.0,355918068.0,0.477443609022556
0,USA-AD-979,Sweden,SE,722550,200205,-1.0,1,0,-0.37,3,1,3.089,3,3,,0.0,0.0,,0.0,0.0,,0.0,0.0,40.54,26,7,3,2002,72,0.003623,0.003569,-5.3e-05,1.700447,9.243393,2.277729,42831.75841,-0.030359,-0.057315,12.278075,7440.511,7682.775,7.743999,9.242373,0.003623,0.005415,277,38,12452537009.6809,25.35,1042.0,605401345.0,0.477443609022556
0,USA-AD-979,Sweden,SE,722599,200205,-1.0,1,0,-1.0,2,0,-0.5157,3,2,2.4739,1.0,3.0,0.7351,3.0,6.0,-0.2144,9.0,10.0,40.54,31,7,3,2002,72,,0.00025,,1.700447,9.243393,2.277729,42831.75841,-0.030359,-0.057315,12.278075,7440.511,7682.775,7.743999,9.242373,,0.005415,277,38,12452537009.6809,25.35,1042.0,,0.477443609022556
0,USA-AD-979,Sweden,SE,722699,200205,-0.1912,3,3,0.2819,6,6,-0.9673,11,11,9.0,1.0,1.0,10.0,1.0,2.0,10.0,1.0,2.0,40.54,31,7,3,2002,72,,0.013076,,1.700447,9.243393,2.277729,42831.75841,-0.030359,-0.057315,12.278075,7440.511,7682.775,7.743999,9.242373,,0.005415,277,38,12452537009.6809,25.35,1042.0,202098861.0,0.477443609022556
0,USA-AD-980,Taiwan,TW,720915,200205,,0,0,,0,0,,0,0,,0.0,0.0,,0.0,0.0,-1.0,5.0,0.0,3.15,23,7,3,2002,72,0.0,0.0,0.0,1.700447,9.243393,,,-0.030359,,12.278075,12155.88,1520.398,7.743999,9.242373,0.0,0.005415,277,38,,25.35,1042.0,,
0,USA-AD-980,Taiwan,TW,720916,200205,,0,0,,0,0,,0,0,1.9364,3.0,3.0,-0.1901,6.0,6.0,-0.7828,12.0,12.0,3.15,23,7,3,2002,72,0.0,0.0,0.0,1.700447,9.243393,,,-0.030359,,12.278075,12155.88,1520.398,7.743999,9.242373,0.0,0.005415,277,38,,25.35,1042.0,,
0,USA-AD-980,Taiwan,TW,720917,200205,,0,0,-1.0,1,0,-1.0,1,0,0.638,3.0,3.0,-0.2147,6.0,6.0,-0.6222,12.0,12.0,3.15,23,7,3,2002,72,0.0002,0.0,-0.0002,1.700447,9.243393,,,-0.030359,,12.278075,12155.88,1520.398,7.743999,9.242373,0.0002,0.005415,277,38,,25.35,1042.0,,
0,USA-AD-980,Taiwan,TW,720918,200205,,0,1,,0,1,,0,1,-0.9519,3.0,1.0,-0.9963,6.0,1.0,-0.9535,12.0,5.0,3.15,23,7,3,2002,72,0.0,0.000426,0.000426,1.700447,9.243393,,,-0.030359,,12.278075,12155.88,1520.398,7.743999,9.242373,0.0,0.005415,277,38,,25.35,1042.0,,
0,USA-AD-980,Taiwan,TW,720925,200205,,0,0,,0,0,5.6016,2,1,,0.0,0.0,,0.0,0.0,,0.0,0.0,3.15,23,7,3,2002,72,0.066861,0.031078,-0.035784,1.700447,9.243393,,,-0.030359,,12.278075,12155.88,1520.398,7.743999,9.242373,0.066861,0.005415,277,38,,25.35,1042.0,,
0,USA-AD-980,Taiwan,TW,720927,200205,0.8,1,2,0.5,2,2,0.5,2,2,,0.0,0.0,-1.0,2.0,0.0,-1.0,8.0,0.0,3.15,23,7,3,2002,72,0.00517,0.005408,0.000238,1.700447,9.243393,,,-0.030359,,12.278075,12155.88,1520.398,7.743999,9.242373,0.00517,0.005415,277,38,,25.35,1042.0,,
0,USA-AD-980,Taiwan,TW,720928,200205,,0,0,,0,0,,0,0,,0.0,0.0,,0.0,0.0,,0.0,0.0,3.15,23,7,3,2002,72,0.0,0.0,0.0,1.700447,9.243393,,,-0.030359,,12.278075,12155.88,1520.398,7.743999,9.242373,0.0,0.005415,277,38,,25.35,1042.0,,
0,USA-AD-980,Taiwan,TW,720990,200205,450.625,1,1,4069.3636,2,4,15.1103,3,7,,0.0,0.0,,0.0,1.0,,0.0,1.0,3.15,26,7,9,2002,72,0.022333,0.310811,0.288479,1.700447,9.243393,,,-0.030359,,12.278075,12155.88,1520.398,7.743999,9.242373,0.022333,0.005415,277,38,,25.35,1042.0,233432223.0,
0,USA-AD-980,Taiwan,TW,721070,200205,,0,0,,0,0,,0,0,1.6683,3.0,3.0,0.0748,6.0,6.0,0.0957,12.0,12.0,3.15,34,7,9,2002,72,,0.0,,1.700447,9.243393,,,-0.030359,,12.278075,12155.88,1520.398,7.743999,9.242373,,0.005415,277,38,,25.35,1042.0,3083612995.0,
0,USA-AD-980,Taiwan,TW,721090,200205,,0,0,-1.0,1,0,-0.998,1,1,,0.0,0.0,,0.0,0.0,,0.0,0.0,3.15,34,7,9,2002,72,,0.000413,,1.700447,9.243393,,,-0.030359,,12.278075,12155.88,1520.398,7.743999,9.242373,,0.005415,277,38,,25.35,1042.0,473130974.0,
0,USA-AD-980,Taiwan,TW,721123,200205,,0,0,,0,0,0.1231,1,2,-1.0,2.0,0.0,-1.0,3.0,0.0,-0.9688,9.0,3.0,3.15,23,7,3,2002,72,0.006806,0.005016,-0.001789,1.700447,9.243393,,,-0.030359,,12.278075,12155.88,1520.398,7.743999,9.242373,0.006806,0.005415,277,38,,25.35,1042.0,,
0,USA-AD-980,Taiwan,TW,721129,200205,,0,0,,0,0,-1.0,1,0,,0.0,0.0,,0.0,1.0,2.7767,3.0,3.0,3.15,25,7,9,2002,72,0.002128,0.0,-0.002128,1.700447,9.243393,,,-0.030359,,12.278075,12155.88,1520.398,7.743999,9.242373,0.002128,0.005415,277,38,,25.35,1042.0,702144168.0,
0,USA-AD-980,Taiwan,TW,721240,200205,,0,0,,0,0,,0,0,0.7339,3.0,2.0,-0.3105,6.0,5.0,-0.435,12.0,10.0,3.15,34,7,9,2002,72,,0.0,,1.700447,9.243393,,,-0.030359,,12.278075,12155.88,1520.398,7.743999,9.242373,,0.005415,277,38,,25.35,1042.0,471418176.0,
0,USA-AD-980,Taiwan,TW,721250,200205,,0,0,,0,0,,0,1,,0.0,1.0,-0.8675,2.0,2.0,-0.9686,3.0,3.0,3.15,34,7,9,2002,72,,0.000209,,1.700447,9.243393,,,-0.030359,,12.278075,12155.88,1520.398,7.743999,9.242373,,0.005415,277,38,,25.35,1042.0,355918068.0,
0,USA-AD-980,Taiwan,TW,722519,200205,,0,0,,0,0,,0,0,,0.0,0.0,-1.0,2.0,0.0,-0.7377,4.0,2.0,3.15,28,7,3,2002,72,,0.0,,1.700447,9.243393,,,-0.030359,,12.278075,12155.88,1520.398,7.743999,9.242373,,0.005415,277,38,,25.35,1042.0,,
0,USA-AD-980,Taiwan,TW,722599,200205,,0,0,,0,0,,0,0,2.4739,1.0,3.0,0.7351,3.0,6.0,-0.2144,9.0,10.0,3.15,31,7,3,2002,72,,0.0,,1.700447,9.243393,,,-0.030359,,12.278075,12155.88,1520.398,7.743999,9.242373,,0.005415,277,38,,25.35,1042.0,,
0,USA-AD-980,Taiwan,TW,722692,200205,,0,0,,0,0,-1.0,1,0,,0.0,0.0,,0.0,0.0,,0.0,0.0,3.15,23,7,3,2002,72,0.000184,0.0,-0.000184,1.700447,9.243393,,,-0.030359,,12.278075,12155.88,1520.398,7.743999,9.242373,0.000184,0.005415,277,38,,25.35,1042.0,408656438.0,
0,USA-AD-980,Taiwan,TW,722699,200205,-1.0,1,0,-1.0,1,0,-1.0,1,0,9.0,1.0,1.0,10.0,1.0,2.0,10.0,1.0,2.0,3.15,31,7,3,2002,72,,0.0,,1.700447,9.243393,,,-0.030359,,12.278075,12155.88,1520.398,7.743999,9.242373,,0.005415,277,38,,25.35,1042.0,202098861.0,
0,USA-AD-981,Thailand,TH,720915,200205,,0,0,,0,0,,0,0,,0.0,0.0,,0.0,0.0,-1.0,5.0,0.0,127.44,23,7,3,2002,72,0.0,0.0,0.0,1.700447,9.243393,6.149036,3783.754221,-0.030359,-0.033125,12.278075,13936.19,3699.128,7.743999,9.242373,0.0,0.005415,277,38,4654204782.89078,25.35,1042.0,,0.300751879699248
0,USA-AD-981,Thailand,TH,720916,200205,,0,0,,0,0,-1.0,1,0,1.9364,3.0,3.0,-0.1901,6.0,6.0,-0.7828,12.0,12.0,127.44,23,7,3,2002,72,0.000195,0.0,-0.000195,1.700447,9.243393,6.149036,3783.754221,-0.030359,-0.033125,12.278075,13936.19,3699.128,7.743999,9.242373,0.000195,0.005415,277,38,4654204782.89078,25.35,1042.0,,0.300751879699248
0,USA-AD-981,Thailand,TH,720917,200205,,0,0,,0,0,-0.717,2,1,0.638,3.0,3.0,-0.2147,6.0,6.0,-0.6222,12.0,12.0,127.44,23,7,3,2002,72,0.002518,1.7e-05,-0.002501,1.700447,9.243393,6.149036,3783.754221,-0.030359,-0.033125,12.278075,13936.19,3699.128,7.743999,9.242373,0.002518,0.005415,277,38,4654204782.89078,25.35,1042.0,,0.300751879699248
0,USA-AD-981,Thailand,TH,720918,200205,,0,0,,0,0,,0,0,-0.9519,3.0,1.0,-0.9963,6.0,1.0,-0.9535,12.0,5.0,127.44,23,7,3,2002,72,0.0,0.0,0.0,1.700447,9.243393,6.149036,3783.754221,-0.030359,-0.033125,12.278075,13936.19,3699.128,7.743999,9.242373,0.0,0.005415,277,38,4654204782.89078,25.35,1042.0,,0.300751879699248
0,USA-AD-981,Thailand,TH,720926,200205,-1.0,1,0,-1.0,1,0,1.8204,1,2,,0.0,0.0,,0.0,0.0,-1.0,5.0,0.0,127.44,23,7,3,2002,72,0.001944,0.044651,0.042707,1.700447,9.243393,6.149036,3783.754221,-0.030359,-0.033125,12.278075,13936.19,3699.128,7.743999,9.242373,0.001944,0.005415,277,38,4654204782.89078,25.35,1042.0,,0.300751879699248
0,USA-AD-981,Thailand,TH,720927,200205,-1.0,1,0,-1.0,1,0,-1.0,1,0,,0.0,0.0,-1.0,2.0,0.0,-1.0,8.0,0.0,127.44,23,7,3,2002,72,0.008929,0.0,-0.008929,1.700447,9.243393,6.149036,3783.754221,-0.030359,-0.033125,12.278075,13936.19,3699.128,7.743999,9.242373,0.008929,0.005415,277,38,4654204782.89078,25.35,1042.0,,0.300751879699248
0,USA-AD-981,Thailand,TH,720990,200205,-1.0,1,0,-1.0,1,0,-1.0,1,0,,0.0,0.0,,0.0,1.0,,0.0,1.0,127.44,26,7,9,2002,72,0.001754,0.0,-0.001754,1.700447,9.243393,6.149036,3783.754221,-0.030359,-0.033125,12.278075,13936.19,3699.128,7.743999,9.242373,0.001754,0.005415,277,38,4654204782.89078,25.35,1042.0,233432223.0,0.300751879699248
0,USA-AD-981,Thailand,TH,721070,200205,,0,0,,0,0,,0,0,1.6683,3.0,3.0,0.0748,6.0,6.0,0.0957,12.0,12.0,127.44,34,7,9,2002,72,,0.0,,1.700447,9.243393,6.149036,3783.754221,-0.030359,-0.033125,12.278075,13936.19,3699.128,7.743999,9.242373,,0.005415,277,38,4654204782.89078,25.35,1042.0,3083612995.0,0.300751879699248
0,USA-AD-981,Thailand,TH,721090,200205,,0,0,,0,0,,0,0,,0.0,0.0,,0.0,0.0,,0.0,0.0,127.44,34,7,9,2002,72,,0.0,,1.700447,9.243393,6.149036,3783.754221,-0.030359,-0.033125,12.278075,13936.19,3699.128,7.743999,9.242373,,0.005415,277,38,4654204782.89078,25.35,1042.0,473130974.0,0.300751879699248
0,USA-AD-981,Thailand,TH,721123,200205,,0,0,,0,0,-1.0,1,0,-1.0,2.0,0.0,-1.0,3.0,0.0,-0.9688,9.0,3.0,127.44,23,7,3,2002,72,0.000557,0.0,-0.000557,1.700447,9.243393,6.149036,3783.754221,-0.030359,-0.033125,12.278075,13936.19,3699.128,7.743999,9.242373,0.000557,0.005415,277,38,4654204782.89078,25.35,1042.0,,0.300751879699248
0,USA-AD-981,Thailand,TH,721129,200205,,0,0,,0,0,,0,0,,0.0,0.0,,0.0,1.0,2.7767,3.0,3.0,127.44,25,7,9,2002,72,0.0,0.0,0.0,1.700447,9.243393,6.149036,3783.754221,-0.030359,-0.033125,12.278075,13936.19,3699.128,7.743999,9.242373,0.0,0.005415,277,38,4654204782.89078,25.35,1042.0,702144168.0,0.300751879699248
0,USA-AD-981,Thailand,TH,721190,200205,,0,0,-1.0,2,0,-1.0,4,0,875.5714,1.0,1.0,-0.5733,2.0,1.0,-0.7897,5.0,1.0,127.44,33,7,9,2002,72,0.002539,0.0,-0.002539,1.700447,9.243393,6.149036,3783.754221,-0.030359,-0.033125,12.278075,13936.19,3699.128,7.743999,9.242373,0.002539,0.005415,277,38,4654204782.89078,25.35,1042.0,321555422.0,0.300751879699248
0,USA-AD-981,Thailand,TH,721240,200205,,0,0,,0,0,,0,0,0.7339,3.0,2.0,-0.3105,6.0,5.0,-0.435,12.0,10.0,127.44,34,7,9,2002,72,,0.0,,1.700447,9.243393,6.149036,3783.754221,-0.030359,-0.033125,12.278075,13936.19,3699.128,7.743999,9.242373,,0.005415,277,38,4654204782.89078,25.35,1042.0,471418176.0,0.300751879699248
0,USA-AD-981,Thailand,TH,721250,200205,,0,0,,0,0,,0,0,,0.0,1.0,-0.8675,2.0,2.0,-0.9686,3.0,3.0,127.44,34,7,9,2002,72,,0.0,,1.700447,9.243393,6.149036,3783.754221,-0.030359,-0.033125,12.278075,13936.19,3699.128,7.743999,9.242373,,0.005415,277,38,4654204782.89078,25.35,1042.0,355918068.0,0.300751879699248
0,USA-AD-981,Thailand,TH,722519,200205,,0,0,,0,0,,0,0,,0.0,0.0,-1.0,2.0,0.0,-0.7377,4.0,2.0,127.44,28,7,3,2002,72,,0.0,,1.700447,9.243393,6.149036,3783.754221,-0.030359,-0.033125,12.278075,13936.19,3699.128,7.743999,9.242373,,0.005415,277,38,4654204782.89078,25.35,1042.0,,0.300751879699248
0,USA-AD-981,Thailand,TH,722599,200205,,0,0,,0,0,,0,0,2.4739,1.0,3.0,0.7351,3.0,6.0,-0.2144,9.0,10.0,127.44,31,7,3,2002,72,,0.0,,1.700447,9.243393,6.149036,3783.754221,-0.030359,-0.033125,12.278075,13936.19,3699.128,7.743999,9.242373,,0.005415,277,38,4654204782.89078,25.35,1042.0,,0.300751879699248
0,USA-AD-981,Thailand,TH,722619,200205,,0,0,,0,0,,0,0,,0.0,0.0,,0.0,0.0,,0.0,0.0,127.44,28,7,3,2002,72,,0.0,,1.700447,9.243393,6.149036,3783.754221,-0.030359,-0.033125,12.278075,13936.19,3699.128,7.743999,9.242373,,0.005415,277,38,4654204782.89078,25.35,1042.0,,0.300751879699248
0,USA-AD-981,Thailand,TH,722692,200205,,0,0,,0,0,,0,0,,0.0,0.0,,0.0,0.0,,0.0,0.0,127.44,23,7,3,2002,72,0.0,0.0,0.0,1.700447,9.243393,6.149036,3783.754221,-0.030359,-0.033125,12.278075,13936.19,3699.128,7.743999,9.242373,0.0,0.005415,277,38,4654204782.89078,25.35,1042.0,408656438.0,0.300751879699248
0,USA-AD-981,Thailand,TH,722699,200205,,0,0,,0,0,,0,2,9.0,1.0,1.0,10.0,1.0,2.0,10.0,1.0,2.0,127.44,31,7,3,2002,72,,0.000414,,1.700447,9.243393,6.149036,3783.754221,-0.030359,-0.033125,12.278075,13936.19,3699.128,7.743999,9.242373,,0.005415,277,38,4654204782.89078,25.35,1042.0,202098861.0,0.300751879699248
0,USA-AD-982,Turkey,TR,720916,200205,,0,0,,0,0,,0,0,1.9364,3.0,3.0,-0.1901,6.0,6.0,-0.7828,12.0,12.0,18.34,23,7,3,2002,72,0.0,0.0,0.0,1.700447,9.243393,6.435509,6211.70543,-0.030359,0.229799,12.278075,9705.772,7937.729,7.743999,9.242373,0.0,0.005415,277,38,-626000000.0,25.35,1042.0,,0.407692307692308
0,USA-AD-982,Turkey,TR,720917,200205,,0,0,,0,0,,0,0,0.638,3.0,3.0,-0.2147,6.0,6.0,-0.6222,12.0,12.0,18.34,23,7,3,2002,72,0.0,0.0,0.0,1.700447,9.243393,6.435509,6211.70543,-0.030359,0.229799,12.278075,9705.772,7937.729,7.743999,9.242373,0.0,0.005415,277,38,-626000000.0,25.35,1042.0,,0.407692307692308
0,USA-AD-982,Turkey,TR,720927,200205,,0,0,,0,0,-1.0,1,0,,0.0,0.0,-1.0,2.0,0.0,-1.0,8.0,0.0,18.34,23,7,3,2002,72,0.005994,0.0,-0.005994,1.700447,9.243393,6.435509,6211.70543,-0.030359,0.229799,12.278075,9705.772,7937.729,7.743999,9.242373,0.005994,0.005415,277,38,-626000000.0,25.35,1042.0,,0.407692307692308
0,USA-AD-982,Turkey,TR,721070,200205,,0,0,,0,0,,0,0,1.6683,3.0,3.0,0.0748,6.0,6.0,0.0957,12.0,12.0,18.34,34,7,9,2002,72,,0.0,,1.700447,9.243393,6.435509,6211.70543,-0.030359,0.229799,12.278075,9705.772,7937.729,7.743999,9.242373,,0.005415,277,38,-626000000.0,25.35,1042.0,3083612995.0,0.407692307692308
0,USA-AD-982,Turkey,TR,721129,200205,,0,0,,0,0,,0,0,,0.0,0.0,,0.0,1.0,2.7767,3.0,3.0,18.34,25,7,9,2002,72,0.0,0.0,0.0,1.700447,9.243393,6.435509,6211.70543,-0.030359,0.229799,12.278075,9705.772,7937.729,7.743999,9.242373,0.0,0.005415,277,38,-626000000.0,25.35,1042.0,702144168.0,0.407692307692308
0,USA-AD-982,Turkey,TR,721240,200205,,0,0,,0,0,,0,0,0.7339,3.0,2.0,-0.3105,6.0,5.0,-0.435,12.0,10.0,18.34,34,7,9,2002,72,,0.0,,1.700447,9.243393,6.435509,6211.70543,-0.030359,0.229799,12.278075,9705.772,7937.729,7.743999,9.242373,,0.005415,277,38,-626000000.0,25.35,1042.0,471418176.0,0.407692307692308
0,USA-AD-983,Venezuela,VE,720916,200205,,0,0,,0,0,,0,0,1.9364,3.0,3.0,-0.1901,6.0,6.0,-0.7828,12.0,12.0,72.81,23,7,3,2002,72,0.0,0.0,0.0,1.700447,9.243393,-8.855647,3398.568499,-0.030359,0.604279,12.278075,4204.499,14585.11,7.743999,9.242373,0.0,0.005415,277,38,7599000000.0,25.35,1042.0,,0.272727272727273
0,USA-AD-983,Venezuela,VE,720917,200205,,0,0,,0,0,,0,0,0.638,3.0,3.0,-0.2147,6.0,6.0,-0.6222,12.0,12.0,72.81,23,7,3,2002,72,0.0,0.0,0.0,1.700447,9.243393,-8.855647,3398.568499,-0.030359,0.604279,12.278075,4204.499,14585.11,7.743999,9.242373,0.0,0.005415,277,38,7599000000.0,25.35,1042.0,,0.272727272727273
0,USA-AD-983,Venezuela,VE,720918,200205,,0,0,,0,0,,0,0,-0.9519,3.0,1.0,-0.9963,6.0,1.0,-0.9535,12.0,5.0,72.81,23,7,3,2002,72,0.0,0.0,0.0,1.700447,9.243393,-8.855647,3398.568499,-0.030359,0.604279,12.278075,4204.499,14585.11,7.743999,9.242373,0.0,0.005415,277,38,7599000000.0,25.35,1042.0,,0.272727272727273
0,USA-AD-983,Venezuela,VE,720927,200205,,0,0,,0,0,,0,0,,0.0,0.0,-1.0,2.0,0.0,-1.0,8.0,0.0,72.81,23,7,3,2002,72,0.0,0.0,0.0,1.700447,9.243393,-8.855647,3398.568499,-0.030359,0.604279,12.278075,4204.499,14585.11,7.743999,9.242373,0.0,0.005415,277,38,7599000000.0,25.35,1042.0,,0.272727272727273
0,USA-AD-983,Venezuela,VE,721070,200205,,0,0,,0,0,,0,0,1.6683,3.0,3.0,0.0748,6.0,6.0,0.0957,12.0,12.0,72.81,34,7,9,2002,72,,0.0,,1.700447,9.243393,-8.855647,3398.568499,-0.030359,0.604279,12.278075,4204.499,14585.11,7.743999,9.242373,,0.005415,277,38,7599000000.0,25.35,1042.0,3083612995.0,0.272727272727273
0,USA-AD-986,China,CN,720292,200207,0.4604,1,2,0.1943,3,4,-0.0453,8,7,,0.0,1.0,,0.0,1.0,,0.0,1.0,78.52,4,8,7,2002,72,0.387326,0.386709,-0.000616,1.700447,9.243393,9.243393,2610.729603,-0.030359,-1.3e-05,12.278075,11183.43,1168.165,7.743999,9.242373,0.387326,0.005415,275,38,35421997979.6472,25.74,968.0,213739655.0,0.261538461538462
0,USA-AD-987,South Africa,ZA,720292,200207,-0.5833,3,2,-0.6429,4,2,0.0,7,8,,0.0,1.0,,0.0,1.0,,0.0,1.0,41.72,4,8,7,2002,72,0.487278,0.606719,0.119441,1.700447,9.243393,3.700374,4916.814981,-0.030359,0.224361,12.278075,14418.61,12792.46,7.743999,9.242373,0.487278,0.005415,275,38,1009383967.41917,25.74,968.0,213739655.0,0.278195488721804
0,USA-AD-989,China,CN,392690,200210,0.2453,3,3,0.1051,6,6,0.2315,12,12,0.0092,3.0,3.0,0.0367,6.0,6.0,0.3728,12.0,12.0,59.3,10,8,13,2002,39,0.154006,0.18592,0.031914,1.700447,9.243393,9.243393,2610.729603,-0.030359,-1.3e-05,12.278075,11183.43,1168.165,7.743999,9.242373,0.154006,0.005415,272,38,35421997979.6472,27.54,1417.0,22273737049.0,0.261538461538462
0,USA-AD-989,China,CN,401693,200210,0.465,3,3,1.0564,6,6,1.8328,12,12,-0.0926,3.0,3.0,0.0817,6.0,6.0,0.2482,12.0,12.0,59.3,1,8,0,2002,40,0.029445,0.074166,0.044721,1.700447,9.243393,9.243393,2610.729603,-0.030359,-1.3e-05,12.278075,11183.43,1168.165,7.743999,9.242373,0.029445,0.005415,272,38,35421997979.6472,27.54,1417.0,4741065052.0,0.261538461538462
0,USA-AD-989,China,CN,690919,200210,0.194,3,3,-0.0193,6,6,-0.0201,12,12,-0.9204,3.0,3.0,-0.9035,6.0,6.0,-0.7784,12.0,12.0,59.3,14,8,0,2002,69,0.390524,0.2788,-0.111724,1.700447,9.243393,9.243393,2610.729603,-0.030359,-1.3e-05,12.278075,11183.43,1168.165,7.743999,9.242373,0.390524,0.005415,272,38,35421997979.6472,27.54,1417.0,787349374.0,0.261538461538462
0,USA-AD-989,China,CN,843120,200210,0.4411,3,3,0.3487,6,6,2.008,12,12,0.0247,3.0,3.0,-0.1633,6.0,6.0,0.0217,12.0,12.0,59.3,2,8,0,2002,84,0.07439,0.167893,0.093502,1.700447,9.243393,9.243393,2610.729603,-0.030359,-1.3e-05,12.278075,11183.43,1168.165,7.743999,9.242373,0.07439,0.005415,272,38,35421997979.6472,27.54,1417.0,2210644631.0,0.261538461538462
0,USA-AD-989,China,CN,843139,200210,1.2489,3,3,1.1732,6,6,5.4822,12,12,-0.1489,3.0,3.0,-0.4804,6.0,6.0,-0.5762,12.0,12.0,59.3,3,8,0,2002,84,0.023458,0.071343,0.047885,1.700447,9.243393,9.243393,2610.729603,-0.030359,-1.3e-05,12.278075,11183.43,1168.165,7.743999,9.242373,0.023458,0.005415,272,38,35421997979.6472,27.54,1417.0,2952847897.0,0.261538461538462
0,USA-AD-989,China,CN,848210,200210,0.2449,3,3,0.1288,6,6,0.363,12,12,-0.0685,3.0,3.0,-0.0736,6.0,6.0,0.2192,12.0,12.0,59.3,23,8,14,2002,84,0.146653,0.156757,0.010104,1.700447,9.243393,9.243393,2610.729603,-0.030359,-1.3e-05,12.278075,11183.43,1168.165,7.743999,9.242373,0.146653,0.005415,272,38,35421997979.6472,27.54,1417.0,6272675018.0,0.261538461538462
0,USA-AD-989,China,CN,848280,200210,0.2745,3,3,-0.0049,6,6,0.2146,12,12,0.9908,3.0,3.0,0.9248,6.0,6.0,1.8188,12.0,12.0,59.3,23,8,14,2002,84,0.054166,0.045151,-0.009015,1.700447,9.243393,9.243393,2610.729603,-0.030359,-1.3e-05,12.278075,11183.43,1168.165,7.743999,9.242373,0.054166,0.005415,272,38,35421997979.6472,27.54,1417.0,1054410321.0,0.261538461538462
0,USA-AD-989,China,CN,848291,200210,0.0772,3,3,0.1077,6,6,0.4586,12,12,1.088,1.0,2.0,0.8784,2.0,4.0,0.6286,4.0,8.0,59.3,23,8,14,2002,84,0.128269,0.141479,0.01321,1.700447,9.243393,9.243393,2610.729603,-0.030359,-1.3e-05,12.278075,11183.43,1168.165,7.743999,9.242373,0.128269,0.005415,272,38,35421997979.6472,27.54,1417.0,622936262.0,0.261538461538462
0,USA-AD-989,China,CN,848299,200210,0.7925,3,3,0.6698,6,6,0.5092,12,12,0.0417,3.0,3.0,0.5387,6.0,6.0,3.9989,12.0,12.0,59.3,23,8,14,2002,84,0.279102,0.210799,-0.068303,1.700447,9.243393,9.243393,2610.729603,-0.030359,-1.3e-05,12.278075,11183.43,1168.165,7.743999,9.242373,0.279102,0.005415,272,38,35421997979.6472,27.54,1417.0,1525987249.0,0.261538461538462
0,USA-AD-989,China,CN,848320,200210,1.6048,3,3,1.3962,6,6,1.254,12,12,,0.0,1.0,,0.0,3.0,-0.3967,3.0,3.0,59.3,23,8,14,2002,84,0.297933,0.350364,0.052431,1.700447,9.243393,9.243393,2610.729603,-0.030359,-1.3e-05,12.278075,11183.43,1168.165,7.743999,9.242373,0.297933,0.005415,272,38,35421997979.6472,27.54,1417.0,424307628.0,0.261538461538462
0,USA-AD-989,China,CN,848330,200210,0.0372,3,3,0.4475,6,6,1.3029,12,12,-0.0169,3.0,3.0,0.0016,6.0,6.0,-0.4829,12.0,12.0,59.3,23,8,14,2002,84,0.046485,0.085282,0.038797,1.700447,9.243393,9.243393,2610.729603,-0.030359,-1.3e-05,12.278075,11183.43,1168.165,7.743999,9.242373,0.046485,0.005415,272,38,35421997979.6472,27.54,1417.0,1981717583.0,0.261538461538462
1,USA-AD-989,China,CN,848350,200210,0.1451,3,3,0.0056,6,6,0.5363,12,12,-0.1958,3.0,3.0,0.0585,6.0,6.0,0.8702,12.0,12.0,59.3,2,8,0,2002,84,0.078512,0.11362,0.035108,1.700447,9.243393,9.243393,2610.729603,-0.030359,-1.3e-05,12.278075,11183.43,1168.165,7.743999,9.242373,0.078512,0.005415,272,38,35421997979.6472,27.54,1417.0,1954155361.0,0.261538461538462
0,USA-AD-989,China,CN,848390,200210,0.0203,3,3,0.0681,6,6,-0.0733,12,12,0.0268,3.0,3.0,0.0895,6.0,6.0,-0.0999,12.0,12.0,59.3,23,8,14,2002,84,0.050101,0.052999,0.002898,1.700447,9.243393,9.243393,2610.729603,-0.030359,-1.3e-05,12.278075,11183.43,1168.165,7.743999,9.242373,0.050101,0.005415,272,38,35421997979.6472,27.54,1417.0,3162175911.0,0.261538461538462
0,USA-AD-989,China,CN,870850,200210,,0,0,-0.9986,2,1,-0.9895,7,3,0.417,3.0,3.0,0.1879,6.0,6.0,0.2403,12.0,12.0,59.3,10,8,14,2002,87,0.136025,0.000565,-0.13546,1.700447,9.243393,9.243393,2610.729603,-0.030359,-1.3e-05,12.278075,11183.43,1168.165,7.743999,9.242373,0.136025,0.005415,272,38,35421997979.6472,27.54,1417.0,4178349990.0,0.261538461538462
0,USA-AD-989,China,CN,870860,200210,0.3554,2,2,-0.0649,3,5,-0.0376,3,6,-0.1825,3.0,3.0,-0.1334,6.0,6.0,0.487,12.0,12.0,59.3,7,8,14,2002,87,0.033384,0.071069,0.037685,1.700447,9.243393,9.243393,2610.729603,-0.030359,-1.3e-05,12.278075,11183.43,1168.165,7.743999,9.242373,0.033384,0.005415,272,38,35421997979.6472,27.54,1417.0,2672196816.0,0.261538461538462
0,USA-AD-989,China,CN,870870,200210,-0.1474,3,3,-0.1266,6,6,0.1984,12,12,-0.2387,3.0,3.0,-0.0096,6.0,6.0,0.5366,12.0,12.0,59.3,5,8,0,2002,87,0.095737,0.101118,0.00538,1.700447,9.243393,9.243393,2610.729603,-0.030359,-1.3e-05,12.278075,11183.43,1168.165,7.743999,9.242373,0.095737,0.005415,272,38,35421997979.6472,27.54,1417.0,6970264300.0,0.261538461538462
0,USA-AD-989,China,CN,870893,200210,2.2251,3,3,1.7462,5,6,1.2099,10,12,-0.2483,3.0,3.0,-0.4124,6.0,6.0,-0.0505,12.0,12.0,59.3,1,8,0,2002,87,0.010903,0.018303,0.0074,1.700447,9.243393,9.243393,2610.729603,-0.030359,-1.3e-05,12.278075,11183.43,1168.165,7.743999,9.242373,0.010903,0.005415,272,38,35421997979.6472,27.54,1417.0,2835935374.0,0.261538461538462
0,USA-AD-989,China,CN,870899,200210,0.1247,3,3,0.0922,6,6,0.8132,12,12,0.2424,3.0,3.0,0.1698,6.0,6.0,0.1951,12.0,12.0,59.3,23,8,14,2002,87,0.022144,0.024312,0.002168,1.700447,9.243393,9.243393,2610.729603,-0.030359,-1.3e-05,12.278075,11183.43,1168.165,7.743999,9.242373,0.022144,0.005415,272,38,35421997979.6472,27.54,1417.0,60728341379.0,0.261538461538462
0,USA-AD-989,China,CN,880320,200210,,0,1,1.0688,1,3,1.584,2,5,-0.2791,3.0,3.0,-0.174,6.0,6.0,-0.1996,12.0,12.0,59.3,1,8,0,2002,88,0.006435,0.00426,-0.002175,1.700447,9.243393,9.243393,2610.729603,-0.030359,-1.3e-05,12.278075,11183.43,1168.165,7.743999,9.242373,0.006435,0.005415,272,38,35421997979.6472,27.54,1417.0,1786468174.0,0.261538461538462
0,USA-AD-989,China,CN,880330,200210,,0,0,,0,1,,0,1,-0.1626,3.0,3.0,-0.2621,6.0,6.0,-0.3318,12.0,12.0,59.3,1,8,0,2002,88,0.0,3.6e-05,3.6e-05,1.700447,9.243393,9.243393,2610.729603,-0.030359,-1.3e-05,12.278075,11183.43,1168.165,7.743999,9.242373,0.0,0.005415,272,38,35421997979.6472,27.54,1417.0,28753814008.0,0.261538461538462
0,USA-AD-990,China,CN,730711,200209,-0.3415,3,3,-0.443,6,6,-0.3814,12,12,1.0736,3.0,3.0,1.5315,5.0,6.0,0.4656,11.0,12.0,55.13,1,7,0,2002,73,0.691477,0.421099,-0.270378,1.700447,9.243393,9.243393,2610.729603,-0.030359,-1.3e-05,12.278075,11183.43,1168.165,7.743999,9.242373,0.691477,0.005415,273,38,35421997979.6472,28.4,1367.0,415633528.0,0.261538461538462
0,USA-AD-990,China,CN,730719,200209,0.0467,3,3,0.1051,6,6,0.2245,12,12,0.0357,3.0,3.0,-0.2931,6.0,6.0,-0.2825,12.0,12.0,55.13,2,7,9,2002,73,0.65706,0.768227,0.111167,1.700447,9.243393,9.243393,2610.729603,-0.030359,-1.3e-05,12.278075,11183.43,1168.165,7.743999,9.242373,0.65706,0.005415,273,38,35421997979.6472,28.4,1367.0,876430230.0,0.261538461538462
