Feature,Interaction Features,Contribution Importance
디지털대응_3,연도,0.05054136803738857
디지털대응_3,정부지원경험_1,0.0438286791471563
디지털대응_3,창업과정어려움_업종선택,0.039200148450696956
디지털대응_3,디지털대응_응답여부,0.0363278911672614
디지털대응_3,직전종사상지위_3,0.027105981480087367
디지털대응_3,연간매출액,0.02509234008543406
디지털대응_3,창업과정어려움_경영방법,0.02384104932826566
디지털대응_3,창업동기_2,0.02205574994179723
디지털대응_3,창업과정어려움_행정절차,0.01876855279202626
디지털대응_3,창업준비활동중요성_동종업종종사경험,0.017849109967106796
디지털대응_3,총종사자,0.017429196351061167
디지털대응_3,정부지원경험_2,0.01616730905753212
디지털대응_3,창업과정어려움_입지선정,0.014411457052334176
디지털대응_3,사업장이전경험,0.013691772136613824
디지털대응_3,창업동기_3,0.013282711758589551
디지털대응_3,창업준비활동중요성_창업교육,0.012965614555435274
디지털대응_3,창업준비기간,0.012196054043582712
디지털대응_3,창업준비활동중요성_시장조사,0.011030202092233042
디지털대응_3,경영애로사항_4,0.010397455571737069
디지털대응_3,창업과정어려움_자금조달,0.010390235697210023
디지털대응_3,임차형태_7,0.010113362191967592
디지털대응_3,창업준비활동중요성_사업계획서작성,0.010094458432310929
디지털대응_3,창업준비활동_사업계획서작성,0.009961729804840148
디지털대응_3,창업과정어려움_인력확보,0.009467087936609072
디지털대응_3,창업준비활동_동종업종종사경험,0.009207173772946792
디지털대응_3,임차형태_1,0.008753583818850717
디지털대응_3,직전종사상지위_1,0.00852347985091474
디지털대응_3,경영애로사항_9,0.008336844883199798
디지털대응_3,직전종사상지위_2,0.008226881327963531
디지털대응_3,경영애로사항_2,0.007594131227430458
디지털대응_3,창업과정어려움_기술확보,0.00730962999780933
디지털대응_3,창업횟수,0.007094054251206378
디지털대응_3,부채현황,0.00694819359670754
디지털대응_3,총창업비용,0.006003733673962409
디지털대응_3,경영애로사항_3,0.005907097166295744
디지털대응_3,창업준비활동_시장조사,0.00584085789696421
디지털대응_3,직전종사상지위_4,0.005762523476517853
디지털대응_3,경영애로사항_1,0.004988628261102996
디지털대응_3,디지털대응_1,0.004538672667951247
디지털대응_3,디지털대응_5,0.004306883623924039
디지털대응_3,임차형태_2,0.002447785326616297
디지털대응_3,임차형태_5,0.002334257287917424
디지털대응_3,디지털대응_2,0.0017556956911679784
디지털대응_3,정부지원경험_3,0.0013253528405889547
디지털대응_3,경영애로사항_6,0.0011650027269369248
디지털대응_3,경영애로사항_8,0.0011228655041817036
디지털대응_3,프랜차이즈가맹점여부,0.0009529654363248142
디지털대응_3,창업동기_4,0.0009065418997177665
디지털대응_3,창업동기_1,0.0008405878452955158
디지털대응_3,디지털대응_6,0.0008232216814503658
디지털대응_3,경영애로사항_5,0.0007820718500178837
디지털대응_3,창업준비활동_창업교육,0.0006228739829031912
디지털대응_3,경영애로사항_7,0.0004895510153633474
디지털대응_3,임차형태_3,0.0004893591657158398
디지털대응_3,디지털대응_4,0.00033643633721334255
디지털대응_3,임차형태_4,3.473101581378114e-05
디지털대응_3,임차형태_6,6.361734906502086e-07
창업동기_2,창업동기_3,0.25315085656194297
창업동기_2,창업동기_1,0.062193345258759816
창업동기_2,창업준비활동_동종업종종사경험,0.030869297463194518
창업동기_2,연간매출액,0.023282616701200663
창업동기_2,디지털대응_3,0.022055749941797223
창업동기_2,창업준비활동중요성_동종업종종사경험,0.021683594971218648
창업동기_2,직전종사상지위_3,0.020168451300584193
창업동기_2,창업과정어려움_인력확보,0.01964905104039215
창업동기_2,창업동기_4,0.018682971001644386
창업동기_2,창업준비활동중요성_시장조사,0.016334571777917743
창업동기_2,경영애로사항_2,0.014123970797067892
창업동기_2,창업과정어려움_업종선택,0.013888055034309534
창업동기_2,총종사자,0.013716929514542595
창업동기_2,연도,0.013578287645367672
창업동기_2,디지털대응_응답여부,0.012601354117583913
창업동기_2,창업준비활동중요성_사업계획서작성,0.012063126614459376
창업동기_2,창업과정어려움_경영방법,0.01103402740811409
창업동기_2,임차형태_7,0.010937340485016335
창업동기_2,정부지원경험_1,0.010718137678911652
창업동기_2,직전종사상지위_1,0.008566081636571927
창업동기_2,임차형태_1,0.007286945671636282
창업동기_2,경영애로사항_3,0.006843017017096477
창업동기_2,창업과정어려움_행정절차,0.005908137182078044
창업동기_2,창업준비기간,0.005516694125980966
창업동기_2,사업장이전경험,0.005207420455989264
창업동기_2,창업과정어려움_기술확보,0.005164043049215368
창업동기_2,정부지원경험_2,0.0051249767066871505
창업동기_2,직전종사상지위_2,0.004541853198884385
창업동기_2,부채현황,0.004389548803796052
창업동기_2,창업과정어려움_자금조달,0.004367232518779254
창업동기_2,창업준비활동_시장조사,0.003827308073498563
창업동기_2,창업준비활동중요성_창업교육,0.0036977936992142312
창업동기_2,경영애로사항_1,0.003193526676017732
창업동기_2,경영애로사항_7,0.0028715695124565356
창업동기_2,경영애로사항_9,0.002858652335824438
창업동기_2,총창업비용,0.0028030914659839825
창업동기_2,창업과정어려움_입지선정,0.0027932117356438356
창업동기_2,창업준비활동_사업계획서작성,0.0026680791570392634
창업동기_2,임차형태_5,0.0023222927380802836
창업동기_2,경영애로사항_4,0.002272202310057184
창업동기_2,직전종사상지위_4,0.0022462881902321876
창업동기_2,임차형태_2,0.0022347363681381564
창업동기_2,경영애로사항_8,0.0020309894152944962
창업동기_2,디지털대응_2,0.0019253522508761833
창업동기_2,창업횟수,0.0019073636013755676
창업동기_2,창업준비활동_창업교육,0.0016583394534358015
창업동기_2,디지털대응_4,0.0014490169935224577
창업동기_2,경영애로사항_5,0.0013080684977984662
창업동기_2,디지털대응_1,0.0011945056333587407
창업동기_2,정부지원경험_3,0.0011379166172172327
창업동기_2,디지털대응_6,0.0011378743266479616
창업동기_2,경영애로사항_6,0.0007447612340450248
창업동기_2,디지털대응_5,0.0005316399598462976
창업동기_2,임차형태_3,0.0005241093311792506
창업동기_2,프랜차이즈가맹점여부,0.0003133025604023066
창업동기_2,임차형태_4,1.6333440829193117e-05
창업동기_2,임차형태_6,9.477598994866172e-06
창업준비활동중요성_동종업종종사경험,직전종사상지위_3,0.030619055793573637
창업준비활동중요성_동종업종종사경험,창업준비활동_동종업종종사경험,0.030560399599461382
창업준비활동중요성_동종업종종사경험,연간매출액,0.02350516010769035
창업준비활동중요성_동종업종종사경험,창업동기_2,0.021683594971218648
창업준비활동중요성_동종업종종사경험,경영애로사항_2,0.021424776038748865
창업준비활동중요성_동종업종종사경험,디지털대응_3,0.017849109967106803
창업준비활동중요성_동종업종종사경험,정부지원경험_1,0.016827610233817052
창업준비활동중요성_동종업종종사경험,총종사자,0.012652612257210955
창업준비활동중요성_동종업종종사경험,연도,0.01160834957624319
창업준비활동중요성_동종업종종사경험,부채현황,0.010540279392563056
창업준비활동중요성_동종업종종사경험,정부지원경험_2,0.009603634099040166
창업준비활동중요성_동종업종종사경험,창업준비활동중요성_창업교육,0.009256734539123892
창업준비활동중요성_동종업종종사경험,직전종사상지위_2,0.009240413108329883
창업준비활동중요성_동종업종종사경험,창업횟수,0.009080338082275327
창업준비활동중요성_동종업종종사경험,경영애로사항_3,0.008784889470194568
창업준비활동중요성_동종업종종사경험,디지털대응_응답여부,0.008218821018456729
창업준비활동중요성_동종업종종사경험,임차형태_1,0.007662776295566564
창업준비활동중요성_동종업종종사경험,창업과정어려움_경영방법,0.007518836771815215
창업준비활동중요성_동종업종종사경험,직전종사상지위_4,0.007034064029328984
창업준비활동중요성_동종업종종사경험,창업준비기간,0.0069427830337351745
창업준비활동중요성_동종업종종사경험,창업과정어려움_인력확보,0.006939259680958778
창업준비활동중요성_동종업종종사경험,창업과정어려움_입지선정,0.0063065385975191995
창업준비활동중요성_동종업종종사경험,창업과정어려움_행정절차,0.005598840947893816
창업준비활동중요성_동종업종종사경험,사업장이전경험,0.005418919007825454
창업준비활동중요성_동종업종종사경험,창업과정어려움_자금조달,0.005383803936791204
창업준비활동중요성_동종업종종사경험,임차형태_7,0.005282823302756324
창업준비활동중요성_동종업종종사경험,직전종사상지위_1,0.005181132093362423
창업준비활동중요성_동종업종종사경험,경영애로사항_1,0.005164204219971552
창업준비활동중요성_동종업종종사경험,창업과정어려움_업종선택,0.004869409944490217
창업준비활동중요성_동종업종종사경험,창업동기_3,0.004811603290549664
창업준비활동중요성_동종업종종사경험,창업준비활동중요성_사업계획서작성,0.004740493315394157
창업준비활동중요성_동종업종종사경험,총창업비용,0.004640484315525872
창업준비활동중요성_동종업종종사경험,창업준비활동중요성_시장조사,0.003911695997060136
창업준비활동중요성_동종업종종사경험,창업준비활동_사업계획서작성,0.0033866634561001033
창업준비활동중요성_동종업종종사경험,정부지원경험_3,0.0033363812721549225
창업준비활동중요성_동종업종종사경험,프랜차이즈가맹점여부,0.00314482399619038
창업준비활동중요성_동종업종종사경험,창업과정어려움_기술확보,0.002974324517289484
창업준비활동중요성_동종업종종사경험,임차형태_2,0.0022832645725214184
창업준비활동중요성_동종업종종사경험,경영애로사항_9,0.001906198418835406
창업준비활동중요성_동종업종종사경험,창업준비활동_시장조사,0.0018213939993328068
창업준비활동중요성_동종업종종사경험,디지털대응_5,0.0017234995233771726
창업준비활동중요성_동종업종종사경험,디지털대응_1,0.0016018708375295516
창업준비활동중요성_동종업종종사경험,경영애로사항_4,0.0011145043584796966
창업준비활동중요성_동종업종종사경험,임차형태_5,0.0010981757523361457
창업준비활동중요성_동종업종종사경험,디지털대응_6,0.0009802113962880128
창업준비활동중요성_동종업종종사경험,경영애로사항_5,0.0006566197872505405
창업준비활동중요성_동종업종종사경험,창업준비활동_창업교육,0.0005112715866815052
창업준비활동중요성_동종업종종사경험,경영애로사항_8,0.0004550239851544711
창업준비활동중요성_동종업종종사경험,디지털대응_4,0.00039300252153912535
창업준비활동중요성_동종업종종사경험,경영애로사항_7,0.000327895703449304
창업준비활동중요성_동종업종종사경험,디지털대응_2,0.000319837290344899
창업준비활동중요성_동종업종종사경험,임차형태_3,0.0003168815370746146
창업준비활동중요성_동종업종종사경험,경영애로사항_6,0.0003088029767663995
창업준비활동중요성_동종업종종사경험,창업동기_4,0.0002855702764203632
창업준비활동중요성_동종업종종사경험,창업동기_1,0.0001876371068583663
창업준비활동중요성_동종업종종사경험,임차형태_4,4.1421808930489923e-05
창업준비활동중요성_동종업종종사경험,임차형태_6,1.631143324272419e-05
정부지원경험_1,정부지원경험_2,0.18456346826288458
정부지원경험_1,정부지원경험_3,0.044914665843909435
정부지원경험_1,디지털대응_3,0.04382867914715632
정부지원경험_1,직전종사상지위_3,0.036399925339708025
정부지원경험_1,창업준비활동_동종업종종사경험,0.02102036737598078
정부지원경험_1,연간매출액,0.019960811787580825
정부지원경험_1,창업과정어려움_경영방법,0.016842093707435626
정부지원경험_1,창업준비활동중요성_동종업종종사경험,0.016827610233817042
정부지원경험_1,경영애로사항_1,0.012969349696761888
정부지원경험_1,창업동기_3,0.012826408477762473
정부지원경험_1,연도,0.011574330775644867
정부지원경험_1,창업동기_2,0.01071813767891165
정부지원경험_1,디지털대응_응답여부,0.010003736573291252
정부지원경험_1,경영애로사항_3,0.008974557641556278
정부지원경험_1,창업과정어려움_업종선택,0.008082804561045367
정부지원경험_1,경영애로사항_2,0.008019805178768706
정부지원경험_1,창업과정어려움_자금조달,0.007111944094057473
정부지원경험_1,창업준비활동_사업계획서작성,0.006882742717110831
정부지원경험_1,창업준비활동중요성_사업계획서작성,0.006403456289600502
정부지원경험_1,창업준비기간,0.006382583988233378
정부지원경험_1,창업과정어려움_행정절차,0.006340977471813908
정부지원경험_1,창업준비활동중요성_시장조사,0.00610290853887872
정부지원경험_1,총종사자,0.005991591704036516
정부지원경험_1,창업과정어려움_기술확보,0.005763126705944529
정부지원경험_1,부채현황,0.005274808990664934
정부지원경험_1,직전종사상지위_2,0.00515673630901
정부지원경험_1,경영애로사항_9,0.005099720824865063
정부지원경험_1,직전종사상지위_1,0.00448186664562245
정부지원경험_1,창업준비활동_시장조사,0.004047922469329097
정부지원경험_1,창업과정어려움_인력확보,0.0038049870712738155
정부지원경험_1,임차형태_1,0.003480884603432493
정부지원경험_1,창업준비활동중요성_창업교육,0.0034029784816533033
정부지원경험_1,총창업비용,0.003300267894582763
정부지원경험_1,창업과정어려움_입지선정,0.0032276836378272128
정부지원경험_1,창업횟수,0.0030243790032650777
정부지원경험_1,디지털대응_1,0.002842722844375407
정부지원경험_1,직전종사상지위_4,0.0027866601014596673
정부지원경험_1,프랜차이즈가맹점여부,0.002366014373292423
정부지원경험_1,창업준비활동_창업교육,0.0022777256227592144
정부지원경험_1,디지털대응_5,0.002156257722116333
정부지원경험_1,임차형태_7,0.0020273181655448614
정부지원경험_1,디지털대응_6,0.0020247929686143537
정부지원경험_1,경영애로사항_4,0.001975503018382812
정부지원경험_1,사업장이전경험,0.0017633523647407967
정부지원경험_1,디지털대응_4,0.0010874621945788337
정부지원경험_1,디지털대응_2,0.001033222451189093
정부지원경험_1,임차형태_5,0.0009420245482792594
정부지원경험_1,임차형태_2,0.0007503131306466566
정부지원경험_1,경영애로사항_5,0.0006237517751200098
정부지원경험_1,경영애로사항_6,0.0004032084535079993
정부지원경험_1,경영애로사항_8,0.0003872267200214557
정부지원경험_1,경영애로사항_7,0.00034019843746253207
정부지원경험_1,창업동기_4,0.0003383337944624673
정부지원경험_1,임차형태_3,0.00027747874279363747
정부지원경험_1,창업동기_1,0.00018901225671265793
정부지원경험_1,임차형태_4,1.65604258418167e-05
정부지원경험_1,임차형태_6,1.0785940933460277e-05
직전종사상지위_3,창업횟수,0.0957515109584701
직전종사상지위_3,직전종사상지위_4,0.07637808517451695
직전종사상지위_3,직전종사상지위_2,0.07584088721639075
직전종사상지위_3,직전종사상지위_1,0.05383646564905249
직전종사상지위_3,정부지원경험_1,0.036399925339708025
직전종사상지위_3,경영애로사항_2,0.030666619560576643
직전종사상지위_3,창업준비활동중요성_동종업종종사경험,0.030619055793573643
직전종사상지위_3,디지털대응_3,0.027105981480087363
직전종사상지위_3,창업동기_2,0.020168451300584183
직전종사상지위_3,사업장이전경험,0.015430660848741137
직전종사상지위_3,연간매출액,0.012666455821500973
직전종사상지위_3,정부지원경험_2,0.012239519447534682
직전종사상지위_3,경영애로사항_3,0.011221349892263926
직전종사상지위_3,창업과정어려움_인력확보,0.01058503366908014
직전종사상지위_3,임차형태_7,0.010411160927460285
직전종사상지위_3,디지털대응_응답여부,0.009043986020536299
직전종사상지위_3,연도,0.008937090920849752
직전종사상지위_3,창업과정어려움_경영방법,0.007860823228841725
직전종사상지위_3,창업준비활동중요성_사업계획서작성,0.006630935814785791
직전종사상지위_3,창업준비활동_동종업종종사경험,0.0060159937391419905
직전종사상지위_3,창업동기_3,0.005286088691942002
직전종사상지위_3,창업준비기간,0.004606192707882062
직전종사상지위_3,창업과정어려움_업종선택,0.004345234745501595
직전종사상지위_3,임차형태_1,0.0042558565883980244
직전종사상지위_3,창업과정어려움_자금조달,0.003948239590122177
직전종사상지위_3,창업준비활동_사업계획서작성,0.003936986153748118
직전종사상지위_3,경영애로사항_9,0.0033273221517461783
직전종사상지위_3,정부지원경험_3,0.0033032502124314676
직전종사상지위_3,총종사자,0.0031756670400768638
직전종사상지위_3,경영애로사항_1,0.003025841568667367
직전종사상지위_3,창업과정어려움_기술확보,0.003020084063390251
직전종사상지위_3,경영애로사항_4,0.0030131353254764528
직전종사상지위_3,창업준비활동중요성_창업교육,0.002711099178261653
직전종사상지위_3,임차형태_2,0.0026359544754855093
직전종사상지위_3,창업준비활동중요성_시장조사,0.002612974175041989
직전종사상지위_3,경영애로사항_8,0.0024400184427269774
직전종사상지위_3,창업과정어려움_입지선정,0.002189258382577958
직전종사상지위_3,부채현황,0.0021042958726518435
직전종사상지위_3,창업동기_1,0.002003491323386785
직전종사상지위_3,임차형태_5,0.0019422678973161438
직전종사상지위_3,총창업비용,0.001937929546932951
직전종사상지위_3,창업준비활동_시장조사,0.0017391726482189147
직전종사상지위_3,창업과정어려움_행정절차,0.0014067187397713015
직전종사상지위_3,경영애로사항_7,0.0012973557075673051
직전종사상지위_3,경영애로사항_6,0.0012726026354715567
직전종사상지위_3,창업준비활동_창업교육,0.0010625599041428535
직전종사상지위_3,디지털대응_4,0.0009645080636157485
직전종사상지위_3,창업동기_4,0.000898196001251877
직전종사상지위_3,임차형태_3,0.0007651861672557483
직전종사상지위_3,디지털대응_6,0.0007534299958807931
직전종사상지위_3,경영애로사항_5,0.0006442022012623711
직전종사상지위_3,디지털대응_1,0.0004544785082908796
직전종사상지위_3,디지털대응_2,0.00045440823112854193
직전종사상지위_3,디지털대응_5,0.00044504668482258936
직전종사상지위_3,프랜차이즈가맹점여부,0.0003388285846854959
직전종사상지위_3,임차형태_6,0.00016349426858450216
직전종사상지위_3,임차형태_4,3.827710796308204e-05
경영애로사항_2,경영애로사항_3,0.08135411546171234
경영애로사항_2,경영애로사항_1,0.07088815909097917
경영애로사항_2,직전종사상지위_3,0.030666619560576633
경영애로사항_2,창업과정어려움_업종선택,0.029226861473530152
경영애로사항_2,경영애로사항_4,0.028750112918853304
경영애로사항_2,디지털대응_응답여부,0.021803459366887892
경영애로사항_2,창업준비활동중요성_동종업종종사경험,0.02142477603874887
경영애로사항_2,연도,0.020568867765282117
경영애로사항_2,직전종사상지위_2,0.019290046509519675
경영애로사항_2,경영애로사항_5,0.01819780669838888
경영애로사항_2,사업장이전경험,0.016255976188709702
경영애로사항_2,경영애로사항_8,0.014662197718419414
경영애로사항_2,창업동기_2,0.014123970797067896
경영애로사항_2,경영애로사항_6,0.013465977432678852
경영애로사항_2,임차형태_1,0.013224351109713851
경영애로사항_2,창업준비활동_창업교육,0.013087094094939538
경영애로사항_2,창업준비활동_동종업종종사경험,0.012171802703230088
경영애로사항_2,창업과정어려움_경영방법,0.01200180976709571
경영애로사항_2,임차형태_7,0.011397893202624233
경영애로사항_2,연간매출액,0.010117518329665303
경영애로사항_2,경영애로사항_7,0.010101917062409713
경영애로사항_2,창업과정어려움_인력확보,0.009612042707247064
경영애로사항_2,창업과정어려움_기술확보,0.008873196504217242
경영애로사항_2,창업준비활동_사업계획서작성,0.008751259634850227
경영애로사항_2,창업과정어려움_행정절차,0.008437365441016169
경영애로사항_2,정부지원경험_1,0.008019805178768708
경영애로사항_2,창업준비기간,0.007696145446753963
경영애로사항_2,디지털대응_3,0.007594131227430455
경영애로사항_2,창업동기_3,0.006699015122302384
경영애로사항_2,총종사자,0.006386159564429492
경영애로사항_2,창업과정어려움_자금조달,0.005789650345193311
경영애로사항_2,창업준비활동_시장조사,0.00576149319607541
경영애로사항_2,직전종사상지위_4,0.005188613441533074
경영애로사항_2,정부지원경험_2,0.0047028308154892584
경영애로사항_2,부채현황,0.004302131717793492
경영애로사항_2,창업준비활동중요성_사업계획서작성,0.0040360919580631925
경영애로사항_2,총창업비용,0.0035727939359609215
경영애로사항_2,창업횟수,0.0034577319809457195
경영애로사항_2,경영애로사항_9,0.00343294690289789
경영애로사항_2,직전종사상지위_1,0.003402823122581482
경영애로사항_2,창업준비활동중요성_창업교육,0.0033022590271462897
경영애로사항_2,임차형태_5,0.003295991755403902
경영애로사항_2,임차형태_2,0.0029505394949826593
경영애로사항_2,창업준비활동중요성_시장조사,0.002813467234693793
경영애로사항_2,디지털대응_1,0.0025971229646333154
경영애로사항_2,창업동기_1,0.0024731877233320544
경영애로사항_2,창업과정어려움_입지선정,0.002444495825818313
경영애로사항_2,디지털대응_4,0.0019098139016410652
경영애로사항_2,창업동기_4,0.0016652965342075954
경영애로사항_2,디지털대응_2,0.0015812958800237656
경영애로사항_2,정부지원경험_3,0.0014018135722757103
경영애로사항_2,디지털대응_5,0.0008495047181385395
경영애로사항_2,프랜차이즈가맹점여부,0.0007200390042328499
경영애로사항_2,디지털대응_6,0.0005632081715452788
경영애로사항_2,임차형태_3,0.00043990333969772606
경영애로사항_2,임차형태_6,0.00010254192659274629
창업준비활동중요성_창업교육,연간매출액,0.04460164419464862
창업준비활동중요성_창업교육,창업과정어려움_경영방법,0.013361292634062594
창업준비활동중요성_창업교육,디지털대응_3,0.012965614555435276
창업준비활동중요성_창업교육,창업준비활동_동종업종종사경험,0.01023118133296971
창업준비활동중요성_창업교육,부채현황,0.009626870029771015
창업준비활동중요성_창업교육,창업준비활동중요성_동종업종종사경험,0.009256734539123896
창업준비활동중요성_창업교육,창업과정어려움_업종선택,0.008459861023904567
창업준비활동중요성_창업교육,창업과정어려움_기술확보,0.008029345841749606
창업준비활동중요성_창업교육,창업과정어려움_입지선정,0.00794212086662252
창업준비활동중요성_창업교육,창업과정어려움_자금조달,0.007716463074798592
창업준비활동중요성_창업교육,창업준비활동중요성_사업계획서작성,0.007287594116462289
창업준비활동중요성_창업교육,창업과정어려움_행정절차,0.007183552038848592
창업준비활동중요성_창업교육,총종사자,0.006133731238454778
창업준비활동중요성_창업교육,연도,0.005898381779687197
창업준비활동중요성_창업교육,총창업비용,0.005469241884171014
창업준비활동중요성_창업교육,임차형태_1,0.0045685454858876064
창업준비활동중요성_창업교육,창업준비기간,0.004546453996634012
창업준비활동중요성_창업교육,창업과정어려움_인력확보,0.004431844674202813
창업준비활동중요성_창업교육,임차형태_7,0.004321482876279968
창업준비활동중요성_창업교육,창업동기_2,0.0036977936992142312
창업준비활동중요성_창업교육,정부지원경험_1,0.0034029784816533024
창업준비활동중요성_창업교육,경영애로사항_2,0.0033022590271462897
창업준비활동중요성_창업교육,창업준비활동_사업계획서작성,0.003029681518821198
창업준비활동중요성_창업교육,창업준비활동중요성_시장조사,0.00277079977166091
창업준비활동중요성_창업교육,직전종사상지위_3,0.0027110991782616518
창업준비활동중요성_창업교육,경영애로사항_3,0.0024394781321869807
창업준비활동중요성_창업교육,경영애로사항_8,0.001829365039103777
창업준비활동중요성_창업교육,창업횟수,0.0017987878190283135
창업준비활동중요성_창업교육,디지털대응_응답여부,0.0016165777323683091
창업준비활동중요성_창업교육,직전종사상지위_2,0.0015285147281645
창업준비활동중요성_창업교육,경영애로사항_9,0.00145575297527466
창업준비활동중요성_창업교육,디지털대응_5,0.0013834192023760255
창업준비활동중요성_창업교육,창업준비활동_창업교육,0.0011068520488446024
창업준비활동중요성_창업교육,경영애로사항_5,0.0010219151321889015
창업준비활동중요성_창업교육,임차형태_5,0.0009798404893810696
창업준비활동중요성_창업교육,프랜차이즈가맹점여부,0.0009635056182940012
창업준비활동중요성_창업교육,사업장이전경험,0.0008979486405332133
창업준비활동중요성_창업교육,경영애로사항_6,0.0007326005576234756
창업준비활동중요성_창업교육,창업준비활동_시장조사,0.0007236364024665168
창업준비활동중요성_창업교육,경영애로사항_4,0.0007196083590438521
창업준비활동중요성_창업교육,창업동기_3,0.0006961192513135974
창업준비활동중요성_창업교육,창업동기_4,0.0006843912024283134
창업준비활동중요성_창업교육,경영애로사항_1,0.0006695541226578865
창업준비활동중요성_창업교육,직전종사상지위_1,0.0006445643865908364
창업준비활동중요성_창업교육,디지털대응_6,0.0006304457638237278
창업준비활동중요성_창업교육,정부지원경험_2,0.0006172479922896779
창업준비활동중요성_창업교육,경영애로사항_7,0.0006122079437038131
창업준비활동중요성_창업교육,임차형태_3,0.0005446286849102265
창업준비활동중요성_창업교육,임차형태_2,0.0005274751693399548
창업준비활동중요성_창업교육,디지털대응_1,0.0004902226624958702
창업준비활동중요성_창업교육,직전종사상지위_4,0.0004007294405978713
창업준비활동중요성_창업교육,디지털대응_2,0.00033499857280189384
창업준비활동중요성_창업교육,디지털대응_4,0.0002895773297774721
창업준비활동중요성_창업교육,창업동기_1,0.0001973868015576143
창업준비활동중요성_창업교육,정부지원경험_3,0.0001774634960371769
창업준비활동중요성_창업교육,임차형태_6,2.4235698017242308e-05
창업준비활동중요성_창업교육,임차형태_4,4.498998161439274e-06
창업과정어려움_업종선택,디지털대응_3,0.03920014845069694
창업과정어려움_업종선택,경영애로사항_2,0.029226861473530156
창업과정어려움_업종선택,창업과정어려움_입지선정,0.02205777937637249
창업과정어려움_업종선택,부채현황,0.01903839045042498
창업과정어려움_업종선택,경영애로사항_3,0.018445955163844674
창업과정어려움_업종선택,연간매출액,0.01609770952156615
창업과정어려움_업종선택,창업동기_2,0.013888055034309532
창업과정어려움_업종선택,디지털대응_응답여부,0.010071463212499467
창업과정어려움_업종선택,연도,0.00986728601917052
창업과정어려움_업종선택,창업준비활동중요성_창업교육,0.008459861023904568
창업과정어려움_업종선택,창업준비기간,0.008254164697521101
창업과정어려움_업종선택,정부지원경험_1,0.008082804561045365
창업과정어려움_업종선택,총종사자,0.007986243568875463
창업과정어려움_업종선택,경영애로사항_1,0.007625440803693509
창업과정어려움_업종선택,창업과정어려움_경영방법,0.007284636148627963
창업과정어려움_업종선택,임차형태_1,0.00711761900882878
창업과정어려움_업종선택,사업장이전경험,0.006229873483355056
창업과정어려움_업종선택,창업동기_3,0.006186661980647302
창업과정어려움_업종선택,총창업비용,0.005853688783820015
창업과정어려움_업종선택,경영애로사항_4,0.005597198086710661
창업과정어려움_업종선택,창업과정어려움_행정절차,0.005507356129513091
창업과정어려움_업종선택,창업준비활동중요성_동종업종종사경험,0.004869409944490218
창업과정어려움_업종선택,창업준비활동_사업계획서작성,0.004706528293816025
창업과정어려움_업종선택,직전종사상지위_2,0.004566083042108689
창업과정어려움_업종선택,직전종사상지위_3,0.004345234745501596
창업과정어려움_업종선택,임차형태_7,0.0042253121448982385
창업과정어려움_업종선택,창업과정어려움_인력확보,0.004163838687765072
창업과정어려움_업종선택,창업과정어려움_기술확보,0.004022577693817831
창업과정어려움_업종선택,창업준비활동_동종업종종사경험,0.003770072153258089
창업과정어려움_업종선택,창업준비활동중요성_사업계획서작성,0.0032388548242225433
창업과정어려움_업종선택,창업과정어려움_자금조달,0.003209395713833208
창업과정어려움_업종선택,창업준비활동_창업교육,0.0031759671245775592
창업과정어려움_업종선택,디지털대응_5,0.00299924832194553
창업과정어려움_업종선택,직전종사상지위_1,0.0029339241285883514
창업과정어려움_업종선택,정부지원경험_2,0.0027030279133126254
창업과정어려움_업종선택,경영애로사항_7,0.0026569705147992647
창업과정어려움_업종선택,창업횟수,0.0025875761815809307
창업과정어려움_업종선택,창업준비활동중요성_시장조사,0.0025272167864844757
창업과정어려움_업종선택,경영애로사항_6,0.0023904812829163968
창업과정어려움_업종선택,경영애로사항_5,0.0022693376707828066
창업과정어려움_업종선택,경영애로사항_9,0.0021682397104689157
창업과정어려움_업종선택,디지털대응_1,0.0018106644937367028
창업과정어려움_업종선택,창업준비활동_시장조사,0.0015965537075909723
창업과정어려움_업종선택,프랜차이즈가맹점여부,0.001590761848006808
창업과정어려움_업종선택,임차형태_2,0.0014349091569608563
창업과정어려움_업종선택,경영애로사항_8,0.001396656281934665
창업과정어려움_업종선택,디지털대응_2,0.0012326999084903455
창업과정어려움_업종선택,디지털대응_4,0.0010056604842543142
창업과정어려움_업종선택,창업동기_1,0.0009749587840369306
창업과정어려움_업종선택,디지털대응_6,0.0009129771607213227
창업과정어려움_업종선택,직전종사상지위_4,0.0008109459300243345
창업과정어려움_업종선택,임차형태_5,0.000640719168395563
창업과정어려움_업종선택,정부지원경험_3,0.0005928955837626718
창업과정어려움_업종선택,창업동기_4,0.00027293419700740346
창업과정어려움_업종선택,임차형태_3,0.00012968569990674762
창업과정어려움_업종선택,임차형태_6,3.0272679499742864e-06
창업과정어려움_경영방법,디지털대응_3,0.023841049328265657
창업과정어려움_경영방법,창업과정어려움_행정절차,0.017897937257766214
창업과정어려움_경영방법,정부지원경험_1,0.016842093707435626
창업과정어려움_경영방법,창업과정어려움_입지선정,0.015038272843517919
창업과정어려움_경영방법,연간매출액,0.014033946480616033
창업과정어려움_경영방법,창업준비활동중요성_창업교육,0.013361292634062594
창업과정어려움_경영방법,경영애로사항_2,0.012001809767095709
창업과정어려움_경영방법,창업동기_2,0.011034027408114088
창업과정어려움_경영방법,연도,0.009829060141391833
창업과정어려움_경영방법,직전종사상지위_3,0.007860823228841723
창업과정어려움_경영방법,창업준비기간,0.007797795969484752
창업과정어려움_경영방법,창업준비활동중요성_동종업종종사경험,0.007518836771815212
창업과정어려움_경영방법,부채현황,0.007420323891004401
창업과정어려움_경영방법,디지털대응_응답여부,0.007316209910630705
창업과정어려움_경영방법,창업과정어려움_업종선택,0.007284636148627963
창업과정어려움_경영방법,창업과정어려움_인력확보,0.007232809481110165
창업과정어려움_경영방법,창업과정어려움_자금조달,0.006756182014154436
창업과정어려움_경영방법,총종사자,0.00647362639666126
창업과정어려움_경영방법,총창업비용,0.005647498914733301
창업과정어려움_경영방법,창업준비활동중요성_시장조사,0.005094458956379263
창업과정어려움_경영방법,경영애로사항_4,0.004735553105763138
창업과정어려움_경영방법,창업준비활동중요성_사업계획서작성,0.0044483767841580635
창업과정어려움_경영방법,창업과정어려움_기술확보,0.00423391244871485
창업과정어려움_경영방법,사업장이전경험,0.004144110257034481
창업과정어려움_경영방법,임차형태_7,0.003978096144952504
창업과정어려움_경영방법,경영애로사항_7,0.0037058689065899717
창업과정어려움_경영방법,경영애로사항_8,0.0036874027963535254
창업과정어려움_경영방법,임차형태_1,0.003562412395178493
창업과정어려움_경영방법,직전종사상지위_2,0.003190459344504195
창업과정어려움_경영방법,창업준비활동_사업계획서작성,0.0029562759375628216
창업과정어려움_경영방법,창업준비활동_동종업종종사경험,0.0027630724407017074
창업과정어려움_경영방법,창업준비활동_창업교육,0.002693249870383076
창업과정어려움_경영방법,직전종사상지위_1,0.00230778253586571
창업과정어려움_경영방법,경영애로사항_3,0.0020985340379861654
창업과정어려움_경영방법,창업횟수,0.0019504943843961864
창업과정어려움_경영방법,프랜차이즈가맹점여부,0.001823660995343992
창업과정어려움_경영방법,창업동기_3,0.0018015523513701772
창업과정어려움_경영방법,경영애로사항_6,0.0015338694569365765
창업과정어려움_경영방법,경영애로사항_5,0.0014603895413939543
창업과정어려움_경영방법,정부지원경험_2,0.001334882125835812
창업과정어려움_경영방법,경영애로사항_9,0.001317349666015112
창업과정어려움_경영방법,경영애로사항_1,0.001292432783753262
창업과정어려움_경영방법,창업동기_4,0.000954990855812583
창업과정어려움_경영방법,임차형태_2,0.0007893011424910284
창업과정어려움_경영방법,창업준비활동_시장조사,0.0007259662984353403
창업과정어려움_경영방법,창업동기_1,0.0006994137286678297
창업과정어려움_경영방법,디지털대응_1,0.0005177104198555647
창업과정어려움_경영방법,디지털대응_4,0.0004605853874511845
창업과정어려움_경영방법,임차형태_5,0.00045467474447096227
창업과정어려움_경영방법,직전종사상지위_4,0.0004173729749476789
창업과정어려움_경영방법,디지털대응_6,0.00041028147869028237
창업과정어려움_경영방법,디지털대응_5,0.00038808234556460903
창업과정어려움_경영방법,디지털대응_2,0.0003865696773351467
창업과정어려움_경영방법,임차형태_3,0.0003765050632879639
창업과정어려움_경영방법,정부지원경험_3,0.0002945010580317788
창업과정어려움_경영방법,임차형태_6,7.544677804273115e-06
창업과정어려움_경영방법,임차형태_4,1.6091082322999176e-06
창업동기_3,창업동기_2,0.25315085656194297
창업동기_3,창업동기_1,0.039019227197893774
창업동기_3,디지털대응_3,0.013282711758589557
창업동기_3,정부지원경험_1,0.012826408477762473
창업동기_3,창업동기_4,0.011810450493603323
창업동기_3,연간매출액,0.01041265441784653
창업동기_3,경영애로사항_2,0.006699015122302385
창업동기_3,창업과정어려움_업종선택,0.006186661980647297
창업동기_3,정부지원경험_2,0.005946966501628386
창업동기_3,직전종사상지위_3,0.005286088691942002
창업동기_3,창업준비활동중요성_동종업종종사경험,0.004811603290549664
창업동기_3,직전종사상지위_1,0.003847932747810387
창업동기_3,창업과정어려움_기술확보,0.0036300536256121
창업동기_3,연도,0.0034504165183171197
창업동기_3,창업준비기간,0.00312800035152974
창업동기_3,총종사자,0.0023673934300304403
창업동기_3,디지털대응_응답여부,0.0023208242520576395
창업동기_3,창업준비활동_시장조사,0.0019657806729457376
창업동기_3,창업과정어려움_인력확보,0.0019399701306134461
창업동기_3,사업장이전경험,0.0018337117620909852
창업동기_3,창업과정어려움_경영방법,0.0018015523513701774
창업동기_3,경영애로사항_3,0.001674496028195933
창업동기_3,경영애로사항_1,0.0015776521061039782
창업동기_3,창업준비활동_동종업종종사경험,0.0014858498479123142
창업동기_3,경영애로사항_7,0.0014623390744727923
창업동기_3,임차형태_2,0.0014090283951454065
창업동기_3,창업준비활동중요성_사업계획서작성,0.0013881951422051488
창업동기_3,직전종사상지위_2,0.0013716818587797288
창업동기_3,창업횟수,0.0012980782420694765
창업동기_3,창업준비활동_사업계획서작성,0.001275588585907256
창업동기_3,임차형태_7,0.0012721595813057047
창업동기_3,창업과정어려움_행정절차,0.0012117756479095327
창업동기_3,창업준비활동_창업교육,0.001174123542261087
창업동기_3,부채현황,0.00115688706101954
창업동기_3,임차형태_1,0.0011263248724083768
창업동기_3,창업준비활동중요성_시장조사,0.001034471409266326
창업동기_3,경영애로사항_4,0.0010116054175180642
창업동기_3,경영애로사항_9,0.000868338793553419
창업동기_3,임차형태_5,0.0007511851810042115
창업동기_3,총창업비용,0.0007113571565294983
창업동기_3,창업준비활동중요성_창업교육,0.0006961192513135971
창업동기_3,디지털대응_4,0.0006147574149110824
창업동기_3,창업과정어려움_자금조달,0.0006084582824632601
창업동기_3,정부지원경험_3,0.0005662077541332949
창업동기_3,창업과정어려움_입지선정,0.000555213732376225
창업동기_3,경영애로사항_6,0.0005296246855972663
창업동기_3,직전종사상지위_4,0.0005281724979595614
창업동기_3,디지털대응_6,0.00036062143377252115
창업동기_3,디지털대응_2,0.00029915489366513277
창업동기_3,디지털대응_1,0.00029564440925504887
창업동기_3,경영애로사항_5,0.0002840188978085717
창업동기_3,프랜차이즈가맹점여부,0.00016960750949154908
창업동기_3,디지털대응_5,0.00015735191218395193
창업동기_3,경영애로사항_8,0.00015246724856797029
창업동기_3,임차형태_3,0.00015053074236634443
창업과정어려움_입지선정,창업과정어려움_업종선택,0.02205777937637249
창업과정어려움_입지선정,연간매출액,0.015078455593066352
창업과정어려움_입지선정,창업과정어려움_경영방법,0.015038272843517915
창업과정어려움_입지선정,디지털대응_3,0.014411457052334178
창업과정어려움_입지선정,창업준비기간,0.01208943110997353
창업과정어려움_입지선정,연도,0.010249767295470488
창업과정어려움_입지선정,창업과정어려움_인력확보,0.009355640973395706
창업과정어려움_입지선정,창업과정어려움_행정절차,0.007970894714331798
창업과정어려움_입지선정,부채현황,0.007968066720973976
창업과정어려움_입지선정,창업준비활동중요성_창업교육,0.00794212086662252
창업과정어려움_입지선정,창업준비활동_사업계획서작성,0.007239055246449729
창업과정어려움_입지선정,총창업비용,0.006900230207763275
창업과정어려움_입지선정,창업과정어려움_자금조달,0.006705928905456372
창업과정어려움_입지선정,창업준비활동중요성_사업계획서작성,0.0065629931475251185
창업과정어려움_입지선정,창업준비활동중요성_동종업종종사경험,0.006306538597519199
창업과정어려움_입지선정,총종사자,0.004390983108678158
창업과정어려움_입지선정,프랜차이즈가맹점여부,0.004221239095707294
창업과정어려움_입지선정,임차형태_1,0.004142249592470883
창업과정어려움_입지선정,창업준비활동중요성_시장조사,0.004010255176697779
창업과정어려움_입지선정,창업준비활동_동종업종종사경험,0.003738287823252068
창업과정어려움_입지선정,창업과정어려움_기술확보,0.0033205045652556953
창업과정어려움_입지선정,정부지원경험_1,0.003227683637827212
창업과정어려움_입지선정,임차형태_7,0.0030821016257956348
창업과정어려움_입지선정,디지털대응_응답여부,0.0030275488022887815
창업과정어려움_입지선정,창업동기_2,0.0027932117356438348
창업과정어려움_입지선정,경영애로사항_2,0.002444495825818314
창업과정어려움_입지선정,직전종사상지위_3,0.002189258382577958
창업과정어려움_입지선정,경영애로사항_9,0.0019219178624261413
창업과정어려움_입지선정,창업횟수,0.0016307496094514445
창업과정어려움_입지선정,임차형태_2,0.0014239161810016233
창업과정어려움_입지선정,경영애로사항_8,0.0012889404304081116
창업과정어려움_입지선정,경영애로사항_6,0.001268609033683368
창업과정어려움_입지선정,직전종사상지위_4,0.0011237155587324745
창업과정어려움_입지선정,창업준비활동_창업교육,0.0011179305342803624
창업과정어려움_입지선정,디지털대응_6,0.0010921005100775426
창업과정어려움_입지선정,경영애로사항_4,0.0009457290032569544
창업과정어려움_입지선정,직전종사상지위_1,0.0009258027665853421
창업과정어려움_입지선정,경영애로사항_1,0.0008751462957578673
창업과정어려움_입지선정,직전종사상지위_2,0.0008545093651509021
창업과정어려움_입지선정,경영애로사항_3,0.0008408422952871616
창업과정어려움_입지선정,임차형태_5,0.0007694696189414287
창업과정어려움_입지선정,사업장이전경험,0.0007327214752794419
창업과정어려움_입지선정,디지털대응_5,0.0007198154395913033
창업과정어려움_입지선정,경영애로사항_5,0.0007059490559208598
창업과정어려움_입지선정,창업동기_3,0.0005552137323762249
창업과정어려움_입지선정,임차형태_3,0.0005527933054970005
창업과정어려움_입지선정,정부지원경험_2,0.0005183706810719358
창업과정어려움_입지선정,디지털대응_4,0.0005141125380156299
창업과정어려움_입지선정,정부지원경험_3,0.00046257986511678573
창업과정어려움_입지선정,경영애로사항_7,0.0003881799034540236
창업과정어려움_입지선정,디지털대응_1,0.00036755821544474525
창업과정어려움_입지선정,창업준비활동_시장조사,0.00028009599137748727
창업과정어려움_입지선정,디지털대응_2,0.0002763791620221435
창업과정어려움_입지선정,창업동기_4,0.00024739397657108945
창업과정어려움_입지선정,창업동기_1,0.00022826125686132242
창업과정어려움_입지선정,임차형태_6,2.054144441115173e-05
창업과정어려움_입지선정,임차형태_4,8.250168795216988e-06
연간매출액,창업준비활동중요성_창업교육,0.044601644194648626
연간매출액,총창업비용,0.027760969882378132
연간매출액,연도,0.026174374106795194
연간매출액,디지털대응_3,0.02509234008543406
연간매출액,부채현황,0.02502723170552071
연간매출액,창업준비활동중요성_동종업종종사경험,0.02350516010769035
연간매출액,창업동기_2,0.023282616701200666
연간매출액,창업준비기간,0.02282549560052912
연간매출액,창업과정어려움_인력확보,0.02082859019760245
연간매출액,정부지원경험_1,0.01996081178758083
연간매출액,총종사자,0.018589554871784788
연간매출액,창업과정어려움_업종선택,0.01609770952156615
연간매출액,창업과정어려움_입지선정,0.01507845559306635
연간매출액,임차형태_7,0.01475687193560853
연간매출액,창업과정어려움_경영방법,0.014033946480616035
연간매출액,경영애로사항_1,0.012782527726396868
연간매출액,창업과정어려움_기술확보,0.012684177046388285
연간매출액,직전종사상지위_3,0.012666455821500971
연간매출액,창업준비활동중요성_사업계획서작성,0.011428048946055747
연간매출액,창업과정어려움_자금조달,0.010757103426322143
연간매출액,창업동기_3,0.01041265441784653
연간매출액,창업준비활동중요성_시장조사,0.01037771725470782
연간매출액,경영애로사항_2,0.010117518329665303
연간매출액,디지털대응_응답여부,0.009959217913337048
연간매출액,창업준비활동_동종업종종사경험,0.00957352034033455
연간매출액,창업과정어려움_행정절차,0.007470303511527067
연간매출액,임차형태_1,0.007072207774184596
연간매출액,직전종사상지위_2,0.005986667655362092
연간매출액,직전종사상지위_1,0.00575839260400401
연간매출액,창업준비활동_사업계획서작성,0.005201367729042124
연간매출액,창업횟수,0.004551950948791488
연간매출액,경영애로사항_3,0.004401184223862765
연간매출액,경영애로사항_8,0.0043354289073794655
연간매출액,창업준비활동_창업교육,0.003912745198012217
연간매출액,직전종사상지위_4,0.0036365306278278746
연간매출액,경영애로사항_9,0.003575054541219299
연간매출액,경영애로사항_6,0.0035554341324769705
연간매출액,정부지원경험_2,0.0030745700288387044
연간매출액,프랜차이즈가맹점여부,0.0028428379970886018
연간매출액,디지털대응_2,0.002648698456369076
연간매출액,디지털대응_6,0.0025609275859300794
연간매출액,경영애로사항_5,0.002468416431454093
연간매출액,사업장이전경험,0.0021537762416891015
연간매출액,임차형태_2,0.002050629805583688
연간매출액,경영애로사항_4,0.0020398892336555693
연간매출액,임차형태_5,0.0018178832645705167
연간매출액,디지털대응_4,0.0017428398742001874
연간매출액,창업준비활동_시장조사,0.0017125949297677676
연간매출액,정부지원경험_3,0.0014451573320448277
연간매출액,경영애로사항_7,0.0013375176614623297
연간매출액,디지털대응_1,0.001030746846958733
연간매출액,임차형태_3,0.0010248873864810862
연간매출액,창업동기_1,0.0009614618973109674
연간매출액,디지털대응_5,0.0006872050468118
연간매출액,창업동기_4,0.000341938700186318
연간매출액,임차형태_6,7.941809679359548e-05
연간매출액,임차형태_4,5.663402207987246e-05
창업과정어려움_행정절차,디지털대응_3,0.01876855279202626
창업과정어려움_행정절차,창업과정어려움_경영방법,0.01789793725776622
창업과정어려움_행정절차,창업준비기간,0.011503321549275147
창업과정어려움_행정절차,부채현황,0.008518596391054872
창업과정어려움_행정절차,경영애로사항_2,0.008437365441016169
창업과정어려움_행정절차,총종사자,0.008341869096631423
창업과정어려움_행정절차,창업과정어려움_입지선정,0.0079708947143318
창업과정어려움_행정절차,창업준비활동중요성_사업계획서작성,0.007776758063500408
창업과정어려움_행정절차,연간매출액,0.007470303511527066
창업과정어려움_행정절차,창업준비활동중요성_창업교육,0.007183552038848594
창업과정어려움_행정절차,창업준비활동_동종업종종사경험,0.0069089800786343025
창업과정어려움_행정절차,정부지원경험_1,0.00634097747181391
창업과정어려움_행정절차,창업동기_2,0.005908137182078046
창업과정어려움_행정절차,총창업비용,0.005630517947393772
창업과정어려움_행정절차,창업준비활동중요성_동종업종종사경험,0.005598840947893817
창업과정어려움_행정절차,창업과정어려움_업종선택,0.005507356129513089
창업과정어려움_행정절차,연도,0.005501899723590338
창업과정어려움_행정절차,사업장이전경험,0.004937796637960043
창업과정어려움_행정절차,창업과정어려움_인력확보,0.004784521684428988
창업과정어려움_행정절차,창업과정어려움_기술확보,0.004433410027706311
창업과정어려움_행정절차,창업과정어려움_자금조달,0.0043985191613888225
창업과정어려움_행정절차,임차형태_7,0.004349641101340967
창업과정어려움_행정절차,창업준비활동중요성_시장조사,0.0037548998272799
창업과정어려움_행정절차,경영애로사항_3,0.003414835520853052
창업과정어려움_행정절차,경영애로사항_1,0.0033661920908455868
창업과정어려움_행정절차,창업준비활동_사업계획서작성,0.0029547896745205754
창업과정어려움_행정절차,디지털대응_응답여부,0.0025548456193484775
창업과정어려움_행정절차,경영애로사항_6,0.002178529273376278
창업과정어려움_행정절차,프랜차이즈가맹점여부,0.002170855120871476
창업과정어려움_행정절차,경영애로사항_4,0.0019447976882185924
창업과정어려움_행정절차,임차형태_5,0.0018066889071719934
창업과정어려움_행정절차,직전종사상지위_4,0.0015901768298979698
창업과정어려움_행정절차,임차형태_1,0.0014923524289928425
창업과정어려움_행정절차,경영애로사항_7,0.0014539762974766551
창업과정어려움_행정절차,경영애로사항_8,0.0014137988233786463
창업과정어려움_행정절차,직전종사상지위_3,0.0014067187397713017
창업과정어려움_행정절차,임차형태_2,0.0013043280547365788
창업과정어려움_행정절차,경영애로사항_9,0.0012783679713921784
창업과정어려움_행정절차,창업횟수,0.0012366177198358831
창업과정어려움_행정절차,창업동기_3,0.0012117756479095322
창업과정어려움_행정절차,경영애로사항_5,0.001191654609860744
창업과정어려움_행정절차,정부지원경험_2,0.001164783332650969
창업과정어려움_행정절차,직전종사상지위_2,0.00107282263378808
창업과정어려움_행정절차,직전종사상지위_1,0.0010357200069558592
창업과정어려움_행정절차,창업동기_1,0.0010127139510612583
창업과정어려움_행정절차,창업준비활동_시장조사,0.0009890085295638374
창업과정어려움_행정절차,창업준비활동_창업교육,0.0007896550204068599
창업과정어려움_행정절차,디지털대응_2,0.0006751972010888916
창업과정어려움_행정절차,디지털대응_6,0.0006009861568191941
창업과정어려움_행정절차,디지털대응_4,0.00046015186932061046
창업과정어려움_행정절차,임차형태_3,0.0004309829346698188
창업과정어려움_행정절차,디지털대응_5,0.00037993698880700426
창업과정어려움_행정절차,디지털대응_1,0.00037103227761065396
창업과정어려움_행정절차,창업동기_4,0.00028649666994830084
창업과정어려움_행정절차,정부지원경험_3,0.00023706163756093972
창업과정어려움_행정절차,임차형태_6,5.6239752163940346e-05
정부지원경험_2,정부지원경험_1,0.18456346826288458
정부지원경험_2,정부지원경험_3,0.028035164453014655
정부지원경험_2,디지털대응_3,0.016167309057532116
정부지원경험_2,직전종사상지위_3,0.012239519447534682
정부지원경험_2,창업준비활동중요성_동종업종종사경험,0.009603634099040168
정부지원경험_2,창업준비활동_동종업종종사경험,0.008169497918506017
정부지원경험_2,창업동기_3,0.005946966501628386
정부지원경험_2,창업과정어려움_자금조달,0.0055054584397055215
정부지원경험_2,창업동기_2,0.0051249767066871505
정부지원경험_2,경영애로사항_2,0.004702830815489259
정부지원경험_2,경영애로사항_3,0.0042907181505652155
정부지원경험_2,디지털대응_응답여부,0.0038160167493479663
정부지원경험_2,경영애로사항_1,0.003754904589157928
정부지원경험_2,연도,0.0032027616511474117
정부지원경험_2,연간매출액,0.003074570028838703
정부지원경험_2,임차형태_1,0.002847457494924015
정부지원경험_2,창업과정어려움_업종선택,0.0027030279133126267
정부지원경험_2,경영애로사항_9,0.0025656324873803292
정부지원경험_2,사업장이전경험,0.002293984443665657
정부지원경험_2,경영애로사항_4,0.002230680292837697
정부지원경험_2,창업준비기간,0.0020882636686147876
정부지원경험_2,부채현황,0.0020874868863638
정부지원경험_2,총창업비용,0.0019939197350794737
정부지원경험_2,직전종사상지위_2,0.0018911400455334424
정부지원경험_2,디지털대응_1,0.0017991059009998505
정부지원경험_2,총종사자,0.0017693497760149775
정부지원경험_2,창업준비활동_시장조사,0.0015750506317811796
정부지원경험_2,창업과정어려움_경영방법,0.0013348821258358124
정부지원경험_2,창업횟수,0.0013251648126369636
정부지원경험_2,창업준비활동중요성_시장조사,0.001243521787037751
정부지원경험_2,창업과정어려움_인력확보,0.0012357363259732292
정부지원경험_2,창업과정어려움_행정절차,0.0011647833326509688
정부지원경험_2,창업준비활동중요성_사업계획서작성,0.0010485824955399929
정부지원경험_2,디지털대응_6,0.0010378833450211378
정부지원경험_2,임차형태_7,0.0008791292022994303
정부지원경험_2,디지털대응_4,0.0008684636683060447
정부지원경험_2,직전종사상지위_4,0.0007566453135084523
정부지원경험_2,창업준비활동_창업교육,0.000733056711253411
정부지원경험_2,창업과정어려움_기술확보,0.0006996657173093514
정부지원경험_2,임차형태_5,0.000675230996849985
정부지원경험_2,창업준비활동중요성_창업교육,0.000617247992289678
정부지원경험_2,경영애로사항_5,0.0006034059530459503
정부지원경험_2,디지털대응_5,0.0006018976311931526
정부지원경험_2,임차형태_2,0.0005188478857668621
정부지원경험_2,창업과정어려움_입지선정,0.000518370681071936
정부지원경험_2,경영애로사항_8,0.0004908339443373484
정부지원경험_2,직전종사상지위_1,0.0004317064527450729
정부지원경험_2,프랜차이즈가맹점여부,0.00029974302642469375
정부지원경험_2,창업준비활동_사업계획서작성,0.0002655264593632948
정부지원경험_2,경영애로사항_7,0.00024214744555031933
정부지원경험_2,경영애로사항_6,0.00016321371424261037
정부지원경험_2,임차형태_3,0.00013359387002596877
정부지원경험_2,디지털대응_2,0.00012566521264099055
정부지원경험_2,창업동기_4,0.00011828610551481443
정부지원경험_2,창업동기_1,4.938884397534828e-05
정부지원경험_2,임차형태_6,4.237980232167363e-07
연도,디지털대응_응답여부,0.06850976578530917
연도,디지털대응_3,0.05054136803738858
연도,연간매출액,0.026174374106795194
연도,경영애로사항_2,0.020568867765282123
연도,창업동기_2,0.013578287645367674
연도,창업준비기간,0.01327824756440862
연도,부채현황,0.01284723172235683
연도,창업준비활동_동종업종종사경험,0.012142260258303072
연도,창업준비활동중요성_동종업종종사경험,0.01160834957624319
연도,정부지원경험_1,0.011574330775644865
연도,창업횟수,0.010622590194749272
연도,총종사자,0.010576638351281888
연도,창업과정어려움_입지선정,0.01024976729547049
연도,창업과정어려움_업종선택,0.00986728601917052
연도,경영애로사항_9,0.00984047937203594
연도,창업과정어려움_경영방법,0.009829060141391828
연도,총창업비용,0.009502243220304235
연도,직전종사상지위_3,0.008937090920849752
연도,경영애로사항_1,0.006155632803687401
연도,창업준비활동중요성_사업계획서작성,0.00592806829182871
연도,창업준비활동중요성_창업교육,0.0058983817796872
연도,경영애로사항_4,0.005663035266823628
연도,경영애로사항_5,0.005563391092744594
연도,창업과정어려움_행정절차,0.005501899723590338
연도,경영애로사항_3,0.005324099933314031
연도,창업준비활동_사업계획서작성,0.005163723617287876
연도,창업과정어려움_자금조달,0.004965350160977611
연도,디지털대응_1,0.004902952104733376
연도,창업준비활동_창업교육,0.004701966279812179
연도,사업장이전경험,0.004641086939578714
연도,디지털대응_2,0.004579917360318594
연도,창업과정어려움_기술확보,0.0044709364099859185
연도,창업과정어려움_인력확보,0.0042956870432887
연도,직전종사상지위_4,0.003837863339948222
연도,직전종사상지위_2,0.0035441449795782947
연도,창업동기_3,0.0034504165183171192
연도,임차형태_1,0.0033375913658709186
연도,정부지원경험_2,0.0032027616511474117
연도,창업준비활동중요성_시장조사,0.003196791051758751
연도,경영애로사항_8,0.0027234082365315626
연도,임차형태_7,0.002650604607187068
연도,정부지원경험_3,0.002644386365848249
연도,경영애로사항_6,0.0019144111862790204
연도,직전종사상지위_1,0.0013619198235979622
연도,임차형태_2,0.0012972138715205872
연도,디지털대응_4,0.0010318709599564837
연도,경영애로사항_7,0.0009318915725789331
연도,디지털대응_5,0.0008247675255382987
연도,프랜차이즈가맹점여부,0.0007899123379724076
연도,창업준비활동_시장조사,0.0007361158101024943
연도,디지털대응_6,0.0006526813427604486
연도,창업동기_1,0.0005631065451051414
연도,임차형태_5,0.0005522562436329201
연도,창업동기_4,0.0004533323270774198
연도,임차형태_3,0.00033139582212648
연도,임차형태_6,2.441183011404863e-06
경영애로사항_3,경영애로사항_2,0.08135411546171233
경영애로사항_3,경영애로사항_1,0.035226509672676175
경영애로사항_3,창업과정어려움_업종선택,0.018445955163844667
경영애로사항_3,직전종사상지위_2,0.012421926558101759
경영애로사항_3,경영애로사항_4,0.012002983888024435
경영애로사항_3,직전종사상지위_3,0.011221349892263924
경영애로사항_3,경영애로사항_5,0.010594262078911778
경영애로사항_3,임차형태_7,0.009790201574301799
경영애로사항_3,사업장이전경험,0.009380586623718032
경영애로사항_3,정부지원경험_1,0.00897455764155628
경영애로사항_3,창업준비활동중요성_동종업종종사경험,0.008784889470194571
경영애로사항_3,창업과정어려움_인력확보,0.007356404885852488
경영애로사항_3,디지털대응_응답여부,0.007352903080066853
경영애로사항_3,창업동기_2,0.006843017017096475
경영애로사항_3,경영애로사항_8,0.006663913976402965
경영애로사항_3,경영애로사항_6,0.00618841554732032
경영애로사항_3,디지털대응_3,0.005907097166295746
경영애로사항_3,경영애로사항_7,0.005602732097592237
경영애로사항_3,창업준비활동_창업교육,0.005562281801700936
경영애로사항_3,연도,0.005324099933314031
경영애로사항_3,창업준비활동_시장조사,0.004711029702919176
경영애로사항_3,연간매출액,0.004401184223862765
경영애로사항_3,직전종사상지위_1,0.004351018293546993
경영애로사항_3,정부지원경험_2,0.0042907181505652155
경영애로사항_3,창업과정어려움_기술확보,0.004290571684384762
경영애로사항_3,총종사자,0.0040274089126848
경영애로사항_3,창업과정어려움_자금조달,0.0039028319304121534
경영애로사항_3,창업준비활동중요성_사업계획서작성,0.003614036956418175
경영애로사항_3,창업준비활동_사업계획서작성,0.003447203180527718
경영애로사항_3,창업과정어려움_행정절차,0.0034148355208530523
경영애로사항_3,임차형태_1,0.003281204503217388
경영애로사항_3,창업준비활동_동종업종종사경험,0.0025833595751193743
경영애로사항_3,창업준비활동중요성_창업교육,0.002439478132186981
경영애로사항_3,직전종사상지위_4,0.0023808260637927653
경영애로사항_3,창업과정어려움_경영방법,0.002098534037986166
경영애로사항_3,임차형태_2,0.002062397116971856
경영애로사항_3,창업동기_3,0.0016744960281959312
경영애로사항_3,임차형태_5,0.0016074897242404258
경영애로사항_3,경영애로사항_9,0.0014669130977247413
경영애로사항_3,창업준비활동중요성_시장조사,0.0014511516499082712
경영애로사항_3,창업준비기간,0.001207976460039167
경영애로사항_3,창업횟수,0.0010837918678738303
경영애로사항_3,부채현황,0.0010220990571839332
경영애로사항_3,총창업비용,0.0008896133720787198
경영애로사항_3,프랜차이즈가맹점여부,0.0008848409607491918
경영애로사항_3,창업과정어려움_입지선정,0.0008408422952871612
경영애로사항_3,디지털대응_2,0.000838527582669791
경영애로사항_3,창업동기_4,0.0007476258499101335
경영애로사항_3,정부지원경험_3,0.0007169882589195378
경영애로사항_3,디지털대응_1,0.0006807842022197428
경영애로사항_3,창업동기_1,0.0005863855877610951
경영애로사항_3,임차형태_3,0.0004886816715278766
경영애로사항_3,디지털대응_5,0.0004066373689496018
경영애로사항_3,디지털대응_4,0.000338903599354337
경영애로사항_3,디지털대응_6,0.0002703190112298236
경영애로사항_3,임차형태_4,2.8008926103367733e-05
경영애로사항_3,임차형태_6,9.076032618472855e-06
임차형태_7,임차형태_1,0.06638149558133881
임차형태_7,임차형태_2,0.015008965211183029
임차형태_7,연간매출액,0.014756871935608535
임차형태_7,임차형태_5,0.012839183060441225
임차형태_7,경영애로사항_2,0.011397893202624226
임차형태_7,창업동기_2,0.010937340485016336
임차형태_7,직전종사상지위_3,0.010411160927460288
임차형태_7,총창업비용,0.010174232808281282
임차형태_7,디지털대응_3,0.010113362191967592
임차형태_7,경영애로사항_3,0.009790201574301797
임차형태_7,창업준비활동중요성_시장조사,0.008609499185588067
임차형태_7,직전종사상지위_2,0.007587398501404054
임차형태_7,창업과정어려움_자금조달,0.006884456604241435
임차형태_7,부채현황,0.006647989717634928
임차형태_7,사업장이전경험,0.006082960572592594
임차형태_7,창업과정어려움_인력확보,0.005842009261459374
임차형태_7,임차형태_3,0.005360220168194765
임차형태_7,창업준비활동중요성_동종업종종사경험,0.005282823302756324
임차형태_7,창업준비기간,0.005006517606690189
임차형태_7,총종사자,0.00448879334515233
임차형태_7,창업과정어려움_행정절차,0.0043496411013409664
임차형태_7,창업준비활동중요성_창업교육,0.004321482876279968
임차형태_7,창업과정어려움_업종선택,0.004225312144898237
임차형태_7,창업과정어려움_경영방법,0.0039780961449525035
임차형태_7,창업과정어려움_기술확보,0.003922762519543097
임차형태_7,디지털대응_응답여부,0.003760312193463517
임차형태_7,경영애로사항_4,0.0033771152238563393
임차형태_7,창업과정어려움_입지선정,0.0030821016257956343
임차형태_7,창업준비활동_사업계획서작성,0.0028935393055826053
임차형태_7,창업준비활동중요성_사업계획서작성,0.0028497420611508385
임차형태_7,연도,0.002650604607187068
임차형태_7,경영애로사항_5,0.0022569784326811684
임차형태_7,직전종사상지위_4,0.0021496532348525446
임차형태_7,창업준비활동_시장조사,0.0021413276849637612
임차형태_7,정부지원경험_1,0.0020273181655448605
임차형태_7,경영애로사항_7,0.0020192114006936032
임차형태_7,경영애로사항_8,0.0017386805096799621
임차형태_7,창업준비활동_동종업종종사경험,0.0016457877190812812
임차형태_7,창업횟수,0.00132440114788906
임차형태_7,창업동기_3,0.0012721595813057057
임차형태_7,경영애로사항_6,0.001239554580107337
임차형태_7,경영애로사항_1,0.001089103117254193
임차형태_7,창업동기_1,0.000967258528275792
임차형태_7,창업준비활동_창업교육,0.0009182239936249956
임차형태_7,직전종사상지위_1,0.0008876997873276226
임차형태_7,정부지원경험_2,0.00087912920229943
임차형태_7,경영애로사항_9,0.0008213030384291618
임차형태_7,프랜차이즈가맹점여부,0.0006391845751127096
임차형태_7,창업동기_4,0.0005123137935823496
임차형태_7,디지털대응_5,0.0005048086070335157
임차형태_7,정부지원경험_3,0.0004586847226039311
임차형태_7,디지털대응_2,0.0003679326674642249
임차형태_7,디지털대응_1,0.0002824178649851587
임차형태_7,디지털대응_6,0.00022290287279046328
임차형태_7,임차형태_4,0.00018951297580356924
임차형태_7,임차형태_6,0.00016523081836757115
임차형태_7,디지털대응_4,2.9948281271526898e-05
임차형태_1,임차형태_7,0.06638149558133881
임차형태_1,임차형태_2,0.029576811910033782
임차형태_1,임차형태_5,0.026171025724126308
임차형태_1,경영애로사항_2,0.013224351109713853
임차형태_1,임차형태_3,0.011159661547538353
임차형태_1,디지털대응_3,0.008753583818850717
임차형태_1,디지털대응_응답여부,0.008337293717461633
임차형태_1,창업준비활동중요성_동종업종종사경험,0.007662776295566563
임차형태_1,창업동기_2,0.007286945671636279
임차형태_1,창업과정어려움_업종선택,0.00711761900882878
임차형태_1,연간매출액,0.007072207774184597
임차형태_1,창업준비활동_사업계획서작성,0.006257510610816441
임차형태_1,총종사자,0.005616193232914324
임차형태_1,창업준비활동_동종업종종사경험,0.005460868391104725
임차형태_1,창업과정어려움_자금조달,0.004920401397725576
임차형태_1,창업준비활동중요성_창업교육,0.0045685454858876064
임차형태_1,직전종사상지위_3,0.0042558565883980244
임차형태_1,창업과정어려움_입지선정,0.004142249592470883
임차형태_1,부채현황,0.0039030654261570734
임차형태_1,창업준비활동중요성_사업계획서작성,0.00386658230748279
임차형태_1,창업과정어려움_경영방법,0.0035624123951784933
임차형태_1,창업과정어려움_인력확보,0.003522008296098859
임차형태_1,정부지원경험_1,0.0034808846034324924
임차형태_1,연도,0.003337591365870918
임차형태_1,경영애로사항_3,0.0032812045032173877
임차형태_1,직전종사상지위_2,0.0032596284097009013
임차형태_1,사업장이전경험,0.002934944797248912
임차형태_1,경영애로사항_4,0.002874811809490857
임차형태_1,정부지원경험_2,0.002847457494924015
임차형태_1,총창업비용,0.0027755525170880175
임차형태_1,창업과정어려움_기술확보,0.0024551428442235756
임차형태_1,창업준비활동_창업교육,0.0019544508728563475
임차형태_1,창업준비기간,0.0019382867172543822
임차형태_1,직전종사상지위_1,0.001842005611134751
임차형태_1,경영애로사항_1,0.0017631764826147006
임차형태_1,디지털대응_5,0.0016996217310944297
임차형태_1,창업준비활동_시장조사,0.0016984945055373664
임차형태_1,경영애로사항_8,0.0015816171802918745
임차형태_1,경영애로사항_9,0.001524247936089238
임차형태_1,창업과정어려움_행정절차,0.0014923524289928423
임차형태_1,창업준비활동중요성_시장조사,0.0014667995913616705
임차형태_1,직전종사상지위_4,0.0012933404025417736
임차형태_1,창업횟수,0.0011654469775500935
임차형태_1,창업동기_3,0.0011263248724083766
임차형태_1,프랜차이즈가맹점여부,0.0009262723102066009
임차형태_1,정부지원경험_3,0.0008173455933070953
임차형태_1,경영애로사항_6,0.0007353723752739646
임차형태_1,경영애로사항_7,0.0006831232037564182
임차형태_1,경영애로사항_5,0.000654854155927801
임차형태_1,디지털대응_6,0.0006449864084883935
임차형태_1,디지털대응_1,0.0006198022856990022
임차형태_1,디지털대응_2,0.0006102584146498315
임차형태_1,임차형태_4,0.0004552913843267933
임차형태_1,임차형태_6,0.00035096532181325233
임차형태_1,디지털대응_4,0.000315255879464685
임차형태_1,창업동기_4,0.0002974998505839684
임차형태_1,창업동기_1,0.0002579853941302278
직전종사상지위_2,직전종사상지위_3,0.07584088721639073
직전종사상지위_2,직전종사상지위_1,0.031165036174556245
직전종사상지위_2,경영애로사항_2,0.019290046509519678
직전종사상지위_2,창업횟수,0.01808520585868172
직전종사상지위_2,직전종사상지위_4,0.015359374030868704
직전종사상지위_2,경영애로사항_3,0.012421926558101759
직전종사상지위_2,창업준비활동중요성_동종업종종사경험,0.00924041310832988
직전종사상지위_2,디지털대응_3,0.008226881327963531
직전종사상지위_2,사업장이전경험,0.00797191873106405
직전종사상지위_2,임차형태_7,0.0075873985014040515
직전종사상지위_2,연간매출액,0.00598666765536209
직전종사상지위_2,정부지원경험_1,0.005156736309009999
직전종사상지위_2,창업준비활동_사업계획서작성,0.004782737006237481
직전종사상지위_2,총종사자,0.004573161543333154
직전종사상지위_2,창업과정어려움_업종선택,0.00456608304210869
직전종사상지위_2,창업동기_2,0.004541853198884385
직전종사상지위_2,창업준비활동_동종업종종사경험,0.0042992459388031794
직전종사상지위_2,경영애로사항_4,0.004065564245326186
직전종사상지위_2,창업준비활동중요성_시장조사,0.003747637804233509
직전종사상지위_2,창업과정어려움_인력확보,0.0035951531451212477
직전종사상지위_2,연도,0.0035441449795782947
직전종사상지위_2,임차형태_1,0.0032596284097009018
직전종사상지위_2,창업과정어려움_경영방법,0.003190459344504193
직전종사상지위_2,디지털대응_응답여부,0.0029299912877542816
직전종사상지위_2,창업준비활동중요성_사업계획서작성,0.002748432915848898
직전종사상지위_2,창업준비활동_창업교육,0.002593056951608303
직전종사상지위_2,총창업비용,0.0023771272919271653
직전종사상지위_2,경영애로사항_1,0.0022798928557442467
직전종사상지위_2,창업준비기간,0.002206049126847984
직전종사상지위_2,부채현황,0.002063922484299469
직전종사상지위_2,정부지원경험_2,0.001891140045533442
직전종사상지위_2,경영애로사항_5,0.0018538705693556502
직전종사상지위_2,창업과정어려움_자금조달,0.0018444109024641088
직전종사상지위_2,창업준비활동중요성_창업교육,0.0015285147281644989
직전종사상지위_2,경영애로사항_6,0.0015107822024893335
직전종사상지위_2,창업동기_3,0.001371681858779729
직전종사상지위_2,창업과정어려움_기술확보,0.0013684333084195367
직전종사상지위_2,임차형태_2,0.0012167136178467314
직전종사상지위_2,임차형태_5,0.0010778843466936643
직전종사상지위_2,창업과정어려움_행정절차,0.0010728226337880801
직전종사상지위_2,창업동기_1,0.001040751283892672
직전종사상지위_2,창업준비활동_시장조사,0.0009961360848344402
직전종사상지위_2,경영애로사항_7,0.000918160546531769
직전종사상지위_2,창업과정어려움_입지선정,0.0008545093651509024
직전종사상지위_2,정부지원경험_3,0.0008410301635710429
직전종사상지위_2,임차형태_3,0.0007316831340082415
직전종사상지위_2,경영애로사항_9,0.0005893888727398317
직전종사상지위_2,경영애로사항_8,0.0005318646684225762
직전종사상지위_2,디지털대응_6,0.00030416306937704825
직전종사상지위_2,창업동기_4,0.0002909875579303108
직전종사상지위_2,프랜차이즈가맹점여부,0.00027671945622831986
직전종사상지위_2,디지털대응_2,0.0002339535758052126
직전종사상지위_2,디지털대응_5,0.00022610401206466378
직전종사상지위_2,디지털대응_1,0.00016653600871747957
직전종사상지위_2,디지털대응_4,8.014407703124413e-05
직전종사상지위_2,임차형태_6,7.989069074559258e-06
창업과정어려움_인력확보,연간매출액,0.020828590197602453
창업과정어려움_인력확보,창업동기_2,0.019649051040392145
창업과정어려움_인력확보,총종사자,0.01425426312460209
창업과정어려움_인력확보,직전종사상지위_3,0.010585033669080134
창업과정어려움_인력확보,창업과정어려움_기술확보,0.010334724456201823
창업과정어려움_인력확보,경영애로사항_2,0.009612042707247064
창업과정어려움_인력확보,디지털대응_3,0.009467087936609072
창업과정어려움_인력확보,창업과정어려움_입지선정,0.009355640973395706
창업과정어려움_인력확보,경영애로사항_3,0.007356404885852486
창업과정어려움_인력확보,창업과정어려움_경영방법,0.0072328094811101645
창업과정어려움_인력확보,창업준비기간,0.007121389632524265
창업과정어려움_인력확보,경영애로사항_1,0.007060647357862776
창업과정어려움_인력확보,창업준비활동중요성_동종업종종사경험,0.006939259680958778
창업과정어려움_인력확보,창업횟수,0.006804110206557163
창업과정어려움_인력확보,임차형태_7,0.005842009261459372
창업과정어려움_인력확보,총창업비용,0.005664491766841626
창업과정어려움_인력확보,부채현황,0.005436159327522572
창업과정어려움_인력확보,창업과정어려움_행정절차,0.004784521684428988
창업과정어려움_인력확보,창업준비활동중요성_창업교육,0.004431844674202814
창업과정어려움_인력확보,연도,0.0042956870432887
창업과정어려움_인력확보,창업과정어려움_업종선택,0.004163838687765072
창업과정어려움_인력확보,창업준비활동_동종업종종사경험,0.004004759771479388
창업과정어려움_인력확보,정부지원경험_1,0.0038049870712738173
창업과정어려움_인력확보,창업과정어려움_자금조달,0.003603114681532631
창업과정어려움_인력확보,직전종사상지위_2,0.0035951531451212486
창업과정어려움_인력확보,임차형태_1,0.0035220082960988595
창업과정어려움_인력확보,디지털대응_응답여부,0.003024296777290213
창업과정어려움_인력확보,창업준비활동중요성_시장조사,0.0028210951498176787
창업과정어려움_인력확보,창업준비활동_사업계획서작성,0.0026224823491675067
창업과정어려움_인력확보,경영애로사항_4,0.0024263497155439877
창업과정어려움_인력확보,직전종사상지위_1,0.0023560887341588835
창업과정어려움_인력확보,창업준비활동중요성_사업계획서작성,0.0022842310068935433
창업과정어려움_인력확보,창업동기_3,0.0019399701306134461
창업과정어려움_인력확보,사업장이전경험,0.0018717117372375827
창업과정어려움_인력확보,창업준비활동_창업교육,0.0017193428379742538
창업과정어려움_인력확보,경영애로사항_6,0.0015158097863958318
창업과정어려움_인력확보,정부지원경험_2,0.0012357363259732294
창업과정어려움_인력확보,경영애로사항_5,0.001202088152318392
창업과정어려움_인력확보,임차형태_2,0.0011841723436854922
창업과정어려움_인력확보,경영애로사항_8,0.0009760648226580044
창업과정어려움_인력확보,경영애로사항_9,0.0008233769318482209
창업과정어려움_인력확보,프랜차이즈가맹점여부,0.0007182898976709761
창업과정어려움_인력확보,창업준비활동_시장조사,0.0006708724420622136
창업과정어려움_인력확보,경영애로사항_7,0.0005880682360670192
창업과정어려움_인력확보,직전종사상지위_4,0.00048695127668390225
창업과정어려움_인력확보,창업동기_4,0.0004216953063620792
창업과정어려움_인력확보,임차형태_5,0.0004196813605014838
창업과정어려움_인력확보,디지털대응_4,0.0003638889035332609
창업과정어려움_인력확보,디지털대응_5,0.0003452671581395802
창업과정어려움_인력확보,임차형태_3,0.0003390364648448895
창업과정어려움_인력확보,정부지원경험_3,0.00027805439121765866
창업과정어려움_인력확보,디지털대응_6,0.0002575801925456141
창업과정어려움_인력확보,디지털대응_2,0.0002460608155985251
창업과정어려움_인력확보,디지털대응_1,0.00017900664709732307
창업과정어려움_인력확보,임차형태_6,0.00010926254584320615
창업과정어려움_인력확보,창업동기_1,8.625769472302917e-05
창업과정어려움_인력확보,임차형태_4,2.751972738081508e-06
창업준비활동중요성_사업계획서작성,창업준비활동_사업계획서작성,0.02929591250125797
창업준비활동중요성_사업계획서작성,창업동기_2,0.01206312661445938
창업준비활동중요성_사업계획서작성,연간매출액,0.011428048946055744
창업준비활동중요성_사업계획서작성,디지털대응_3,0.010094458432310924
창업준비활동중요성_사업계획서작성,창업과정어려움_행정절차,0.0077767580635004115
창업준비활동중요성_사업계획서작성,창업준비활동중요성_창업교육,0.007287594116462288
창업준비활동중요성_사업계획서작성,직전종사상지위_3,0.00663093581478579
창업준비활동중요성_사업계획서작성,창업준비기간,0.006595880093066764
창업준비활동중요성_사업계획서작성,창업과정어려움_입지선정,0.006562993147525119
창업준비활동중요성_사업계획서작성,정부지원경험_1,0.006403456289600504
창업준비활동중요성_사업계획서작성,연도,0.005928068291828713
창업준비활동중요성_사업계획서작성,부채현황,0.005794022427406958
창업준비활동중요성_사업계획서작성,총종사자,0.004816813526298745
창업준비활동중요성_사업계획서작성,창업준비활동중요성_동종업종종사경험,0.004740493315394156
창업준비활동중요성_사업계획서작성,창업과정어려움_경영방법,0.004448376784158064
창업준비활동중요성_사업계획서작성,창업과정어려움_기술확보,0.004255133843826458
창업준비활동중요성_사업계획서작성,총창업비용,0.004152951577648489
창업준비활동중요성_사업계획서작성,경영애로사항_2,0.004036091958063193
창업준비활동중요성_사업계획서작성,임차형태_1,0.0038665823074827883
창업준비활동중요성_사업계획서작성,창업준비활동_동종업종종사경험,0.003689938682781295
창업준비활동중요성_사업계획서작성,경영애로사항_3,0.0036140369564181735
창업준비활동중요성_사업계획서작성,창업과정어려움_업종선택,0.0032388548242225437
창업준비활동중요성_사업계획서작성,프랜차이즈가맹점여부,0.002948075838317822
창업준비활동중요성_사업계획서작성,임차형태_7,0.0028497420611508376
창업준비활동중요성_사업계획서작성,직전종사상지위_2,0.002748432915848898
창업준비활동중요성_사업계획서작성,창업과정어려움_자금조달,0.002708264643827528
창업준비활동중요성_사업계획서작성,사업장이전경험,0.0026610676843815935
창업준비활동중요성_사업계획서작성,창업과정어려움_인력확보,0.002284231006893543
창업준비활동중요성_사업계획서작성,디지털대응_응답여부,0.0022118998644533048
창업준비활동중요성_사업계획서작성,창업준비활동중요성_시장조사,0.00193063265207166
창업준비활동중요성_사업계획서작성,창업준비활동_시장조사,0.0014926448994372495
창업준비활동중요성_사업계획서작성,창업동기_3,0.0013881951422051488
창업준비활동중요성_사업계획서작성,경영애로사항_5,0.0013749500282188847
창업준비활동중요성_사업계획서작성,창업동기_1,0.001319065122761257
창업준비활동중요성_사업계획서작성,경영애로사항_1,0.0011744233077326527
창업준비활동중요성_사업계획서작성,디지털대응_6,0.0011711921053650912
창업준비활동중요성_사업계획서작성,창업횟수,0.0011093120267212943
창업준비활동중요성_사업계획서작성,정부지원경험_2,0.0010485824955399927
창업준비활동중요성_사업계획서작성,경영애로사항_9,0.001042095002690856
창업준비활동중요성_사업계획서작성,임차형태_5,0.0010169529516429446
창업준비활동중요성_사업계획서작성,창업준비활동_창업교육,0.0009948000745467426
창업준비활동중요성_사업계획서작성,직전종사상지위_4,0.0008992884556014447
창업준비활동중요성_사업계획서작성,경영애로사항_8,0.0006939275563091366
창업준비활동중요성_사업계획서작성,직전종사상지위_1,0.0006865180631925756
창업준비활동중요성_사업계획서작성,경영애로사항_4,0.0006576476919468258
창업준비활동중요성_사업계획서작성,임차형태_3,0.0006222711545642239
창업준비활동중요성_사업계획서작성,임차형태_2,0.0005710023627191823
창업준비활동중요성_사업계획서작성,경영애로사항_7,0.0005687534041356619
창업준비활동중요성_사업계획서작성,경영애로사항_6,0.0005036173429183738
창업준비활동중요성_사업계획서작성,디지털대응_5,0.00040443647518986666
창업준비활동중요성_사업계획서작성,디지털대응_2,0.00033572885396473853
창업준비활동중요성_사업계획서작성,디지털대응_4,0.00030630659380249313
창업준비활동중요성_사업계획서작성,창업동기_4,0.000288625350700727
창업준비활동중요성_사업계획서작성,정부지원경험_3,0.0002774777362488578
창업준비활동중요성_사업계획서작성,디지털대응_1,0.00027395210104384657
창업준비활동중요성_사업계획서작성,임차형태_6,1.8240356396843015e-05
경영애로사항_1,경영애로사항_2,0.07088815909097917
경영애로사항_1,경영애로사항_3,0.03522650967267619
경영애로사항_1,경영애로사항_4,0.016286925176342577
경영애로사항_1,정부지원경험_1,0.012969349696761893
경영애로사항_1,연간매출액,0.012782527726396865
경영애로사항_1,경영애로사항_5,0.012650742345218959
경영애로사항_1,경영애로사항_6,0.009164395591995495
경영애로사항_1,경영애로사항_8,0.008911387027388508
경영애로사항_1,창업과정어려움_업종선택,0.00762544080369351
경영애로사항_1,창업과정어려움_인력확보,0.007060647357862775
경영애로사항_1,경영애로사항_7,0.006973648160302586
경영애로사항_1,사업장이전경험,0.0068713962112478145
경영애로사항_1,연도,0.006155632803687399
경영애로사항_1,창업준비활동중요성_동종업종종사경험,0.005164204219971552
경영애로사항_1,총종사자,0.0050406099738291195
경영애로사항_1,디지털대응_3,0.004988628261102999
경영애로사항_1,창업준비기간,0.004515804007402648
경영애로사항_1,창업과정어려움_기술확보,0.004373685100799673
경영애로사항_1,정부지원경험_2,0.0037549045891579285
경영애로사항_1,창업과정어려움_행정절차,0.0033661920908455863
경영애로사항_1,경영애로사항_9,0.0033450137008209507
경영애로사항_1,창업과정어려움_자금조달,0.0031967424790196514
경영애로사항_1,창업동기_2,0.0031935266760177317
경영애로사항_1,디지털대응_응답여부,0.003162773534365949
경영애로사항_1,직전종사상지위_3,0.0030258415686673676
경영애로사항_1,창업준비활동_창업교육,0.002684462868398715
경영애로사항_1,직전종사상지위_2,0.0022798928557442454
경영애로사항_1,창업준비활동_사업계획서작성,0.0019181150696503187
경영애로사항_1,임차형태_1,0.0017631764826147008
경영애로사항_1,창업동기_3,0.0015776521061039786
경영애로사항_1,창업준비활동_동종업종종사경험,0.00143596679173397
경영애로사항_1,임차형태_5,0.0013544218213703352
경영애로사항_1,정부지원경험_3,0.001308783350514367
경영애로사항_1,창업과정어려움_경영방법,0.0012924327837532626
경영애로사항_1,부채현황,0.0011818953073603885
경영애로사항_1,임차형태_2,0.0011756006355270912
경영애로사항_1,창업준비활동중요성_사업계획서작성,0.001174423307732652
경영애로사항_1,직전종사상지위_1,0.0011711130702018822
경영애로사항_1,임차형태_7,0.0010891031172541917
경영애로사항_1,총창업비용,0.0010221024102392256
경영애로사항_1,창업과정어려움_입지선정,0.0008751462957578675
경영애로사항_1,창업준비활동_시장조사,0.0007893590322516935
경영애로사항_1,직전종사상지위_4,0.0007547455259272458
경영애로사항_1,창업횟수,0.0007348226760912237
경영애로사항_1,창업준비활동중요성_시장조사,0.0007013878427969119
경영애로사항_1,창업준비활동중요성_창업교육,0.0006695541226578861
경영애로사항_1,디지털대응_1,0.0005532759257694133
경영애로사항_1,프랜차이즈가맹점여부,0.0003390465790430377
경영애로사항_1,창업동기_4,0.00025559782710227885
경영애로사항_1,디지털대응_6,0.00023242480713846453
경영애로사항_1,디지털대응_4,0.00019996962454945987
경영애로사항_1,창업동기_1,0.00017866764584059918
경영애로사항_1,디지털대응_5,0.00017068145693302495
경영애로사항_1,디지털대응_2,0.00011817506593230774
경영애로사항_1,임차형태_3,7.383698719506989e-05
디지털대응_응답여부,연도,0.06850976578530917
디지털대응_응답여부,디지털대응_3,0.0363278911672614
디지털대응_응답여부,경영애로사항_2,0.021803459366887896
디지털대응_응답여부,창업준비활동_동종업종종사경험,0.014317048832640017
디지털대응_응답여부,창업동기_2,0.012601354117583913
디지털대응_응답여부,경영애로사항_9,0.01160972267931319
디지털대응_응답여부,총종사자,0.010220331235298606
디지털대응_응답여부,창업과정어려움_업종선택,0.010071463212499467
디지털대응_응답여부,정부지원경험_1,0.01000373657329125
디지털대응_응답여부,연간매출액,0.009959217913337053
디지털대응_응답여부,직전종사상지위_3,0.009043986020536299
디지털대응_응답여부,임차형태_1,0.008337293717461633
디지털대응_응답여부,창업준비활동중요성_동종업종종사경험,0.008218821018456725
디지털대응_응답여부,디지털대응_2,0.007467647810375338
디지털대응_응답여부,경영애로사항_3,0.007352903080066853
디지털대응_응답여부,창업횟수,0.00732749950454737
디지털대응_응답여부,창업과정어려움_경영방법,0.007316209910630705
디지털대응_응답여부,디지털대응_1,0.00631838544460505
디지털대응_응답여부,창업준비활동_시장조사,0.005152365024290024
디지털대응_응답여부,창업준비기간,0.005136939493818124
디지털대응_응답여부,디지털대응_4,0.004375264130185702
디지털대응_응답여부,정부지원경험_2,0.0038160167493479663
디지털대응_응답여부,임차형태_7,0.003760312193463517
디지털대응_응답여부,경영애로사항_1,0.0031627735343659493
디지털대응_응답여부,창업과정어려움_입지선정,0.003027548802288782
디지털대응_응답여부,창업과정어려움_인력확보,0.003024296777290213
디지털대응_응답여부,직전종사상지위_2,0.0029299912877542808
디지털대응_응답여부,직전종사상지위_4,0.002888343244178734
디지털대응_응답여부,정부지원경험_3,0.0026399564672017887
디지털대응_응답여부,창업과정어려움_행정절차,0.002554845619348477
디지털대응_응답여부,창업동기_3,0.0023208242520576395
디지털대응_응답여부,총창업비용,0.002309525908766153
디지털대응_응답여부,창업준비활동중요성_사업계획서작성,0.002211899864453305
디지털대응_응답여부,직전종사상지위_1,0.002099131410715633
디지털대응_응답여부,창업준비활동중요성_시장조사,0.0019941428753233246
디지털대응_응답여부,창업준비활동_창업교육,0.0018531425431216142
디지털대응_응답여부,창업과정어려움_자금조달,0.0017949797451880726
디지털대응_응답여부,창업과정어려움_기술확보,0.0016903665132784462
디지털대응_응답여부,창업준비활동중요성_창업교육,0.0016165777323683087
디지털대응_응답여부,창업준비활동_사업계획서작성,0.001502019432551965
디지털대응_응답여부,부채현황,0.0014633194931312577
디지털대응_응답여부,임차형태_5,0.0011783470070730621
디지털대응_응답여부,디지털대응_6,0.0011511878732554624
디지털대응_응답여부,경영애로사항_4,0.0010993342125811979
디지털대응_응답여부,사업장이전경험,0.0010841986677008703
디지털대응_응답여부,경영애로사항_8,0.000842358532960502
디지털대응_응답여부,임차형태_2,0.0008228688471238311
디지털대응_응답여부,창업동기_1,0.0006228947192130879
디지털대응_응답여부,경영애로사항_6,0.0006088448337341212
디지털대응_응답여부,경영애로사항_5,0.0005892439827558388
디지털대응_응답여부,프랜차이즈가맹점여부,0.0005362783703351208
디지털대응_응답여부,경영애로사항_7,0.0004145343770162043
디지털대응_응답여부,임차형태_3,0.0002283015834506996
디지털대응_응답여부,디지털대응_5,0.0002232305726006004
디지털대응_응답여부,창업동기_4,0.00014026881723648877
디지털대응_응답여부,임차형태_4,2.0755094014101412e-05
디지털대응_응답여부,임차형태_6,1.1867524640785554e-05
창업과정어려움_자금조달,연간매출액,0.010757103426322143
창업과정어려움_자금조달,디지털대응_3,0.010390235697210027
창업과정어려움_자금조달,창업준비활동_동종업종종사경험,0.009310142187845837
창업과정어려움_자금조달,창업준비활동중요성_창업교육,0.007716463074798591
창업과정어려움_자금조달,정부지원경험_1,0.007111944094057475
창업과정어려움_자금조달,임차형태_7,0.006884456604241437
창업과정어려움_자금조달,창업과정어려움_경영방법,0.006756182014154436
창업과정어려움_자금조달,창업과정어려움_입지선정,0.006705928905456376
창업과정어려움_자금조달,경영애로사항_2,0.005789650345193311
창업과정어려움_자금조달,정부지원경험_2,0.005505458439705521
창업과정어려움_자금조달,창업준비활동중요성_동종업종종사경험,0.005383803936791202
창업과정어려움_자금조달,총창업비용,0.00514737924135484
창업과정어려움_자금조달,부채현황,0.005107833810053498
창업과정어려움_자금조달,창업준비기간,0.005087714678005081
창업과정어려움_자금조달,연도,0.004965350160977612
창업과정어려움_자금조달,임차형태_1,0.004920401397725576
창업과정어려움_자금조달,창업과정어려움_행정절차,0.004398519161388823
창업과정어려움_자금조달,창업동기_2,0.0043672325187792535
창업과정어려움_자금조달,창업준비활동중요성_시장조사,0.003987104501007982
창업과정어려움_자금조달,직전종사상지위_3,0.003948239590122178
창업과정어려움_자금조달,경영애로사항_3,0.003902831930412152
창업과정어려움_자금조달,총종사자,0.0036725657287556062
창업과정어려움_자금조달,창업과정어려움_인력확보,0.0036031146815326304
창업과정어려움_자금조달,창업과정어려움_업종선택,0.0032093957138332077
창업과정어려움_자금조달,경영애로사항_1,0.00319674247901965
창업과정어려움_자금조달,창업준비활동중요성_사업계획서작성,0.0027082646438275275
창업과정어려움_자금조달,임차형태_2,0.0025328936490174848
창업과정어려움_자금조달,창업준비활동_사업계획서작성,0.0025265325081247013
창업과정어려움_자금조달,경영애로사항_4,0.0023984022532934513
창업과정어려움_자금조달,사업장이전경험,0.0021191145281052653
창업과정어려움_자금조달,창업과정어려움_기술확보,0.0020415699258287743
창업과정어려움_자금조달,직전종사상지위_2,0.0018444109024641088
창업과정어려움_자금조달,디지털대응_응답여부,0.0017949797451880722
창업과정어려움_자금조달,임차형태_5,0.0015421036695367541
창업과정어려움_자금조달,직전종사상지위_1,0.0015352828811744591
창업과정어려움_자금조달,경영애로사항_5,0.001424319561805722
창업과정어려움_자금조달,경영애로사항_8,0.001406894086110873
창업과정어려움_자금조달,창업준비활동_창업교육,0.0012848189481317225
창업과정어려움_자금조달,프랜차이즈가맹점여부,0.001157662227977298
창업과정어려움_자금조달,경영애로사항_9,0.0011509717057634175
창업과정어려움_자금조달,경영애로사항_6,0.0011076475423579988
창업과정어려움_자금조달,경영애로사항_7,0.0010250513465562166
창업과정어려움_자금조달,창업횟수,0.0008792723068262758
창업과정어려움_자금조달,직전종사상지위_4,0.0008079639097093946
창업과정어려움_자금조달,임차형태_3,0.0007481180768805177
창업과정어려움_자금조달,창업동기_3,0.0006084582824632601
창업과정어려움_자금조달,창업준비활동_시장조사,0.000563641245404352
창업과정어려움_자금조달,창업동기_4,0.00043846509709056884
창업과정어려움_자금조달,디지털대응_6,0.00034507430733524656
창업과정어려움_자금조달,디지털대응_2,0.00027117139277076075
창업과정어려움_자금조달,디지털대응_4,0.00026983547461022233
창업과정어려움_자금조달,창업동기_1,0.0002344060492651626
창업과정어려움_자금조달,디지털대응_1,0.00022725052203218549
창업과정어려움_자금조달,정부지원경험_3,0.00020081964428763353
창업과정어려움_자금조달,디지털대응_5,0.00016823596201891907
창업과정어려움_자금조달,임차형태_6,9.258784970106485e-06
창업준비활동중요성_시장조사,창업동기_2,0.016334571777917747
창업준비활동중요성_시장조사,디지털대응_3,0.011030202092233045
창업준비활동중요성_시장조사,연간매출액,0.01037771725470782
창업준비활동중요성_시장조사,임차형태_7,0.008609499185588065
창업준비활동중요성_시장조사,정부지원경험_1,0.006102908538878721
창업준비활동중요성_시장조사,창업과정어려움_경영방법,0.005094458956379265
창업준비활동중요성_시장조사,창업준비기간,0.004927043806929707
창업준비활동중요성_시장조사,창업과정어려움_입지선정,0.004010255176697778
창업준비활동중요성_시장조사,창업과정어려움_자금조달,0.003987104501007982
창업준비활동중요성_시장조사,총창업비용,0.003929215376386447
창업준비활동중요성_시장조사,창업준비활동중요성_동종업종종사경험,0.0039116959970601365
창업준비활동중요성_시장조사,창업과정어려움_행정절차,0.0037548998272798994
창업준비활동중요성_시장조사,직전종사상지위_2,0.00374763780423351
창업준비활동중요성_시장조사,부채현황,0.003506245434628905
창업준비활동중요성_시장조사,창업준비활동_동종업종종사경험,0.0034442062870190865
창업준비활동중요성_시장조사,연도,0.0031967910517587492
창업준비활동중요성_시장조사,창업과정어려움_인력확보,0.0028210951498176787
창업준비활동중요성_시장조사,경영애로사항_2,0.0028134672346937927
창업준비활동중요성_시장조사,창업준비활동_시장조사,0.0027977118292940484
창업준비활동중요성_시장조사,창업준비활동중요성_창업교육,0.00277079977166091
창업준비활동중요성_시장조사,총종사자,0.0027497918971080702
창업준비활동중요성_시장조사,직전종사상지위_3,0.0026129741750419893
창업준비활동중요성_시장조사,창업과정어려움_업종선택,0.0025272167864844757
창업준비활동중요성_시장조사,창업준비활동_사업계획서작성,0.0020360464481352877
창업준비활동중요성_시장조사,창업과정어려움_기술확보,0.002033384301978872
창업준비활동중요성_시장조사,디지털대응_응답여부,0.001994142875323325
창업준비활동중요성_시장조사,창업준비활동중요성_사업계획서작성,0.0019306326520716597
창업준비활동중요성_시장조사,창업동기_4,0.0016642526831848444
창업준비활동중요성_시장조사,경영애로사항_7,0.001560121966973582
창업준비활동중요성_시장조사,사업장이전경험,0.0015491539089147982
창업준비활동중요성_시장조사,임차형태_1,0.0014667995913616708
창업준비활동중요성_시장조사,경영애로사항_3,0.0014511516499082716
창업준비활동중요성_시장조사,디지털대응_6,0.001282206344956782
창업준비활동중요성_시장조사,정부지원경험_2,0.0012435217870377516
창업준비활동중요성_시장조사,창업횟수,0.0012376443622629653
창업준비활동중요성_시장조사,직전종사상지위_1,0.0011261224580606571
창업준비활동중요성_시장조사,창업동기_3,0.001034471409266326
창업준비활동중요성_시장조사,경영애로사항_9,0.00100690819004128
창업준비활동중요성_시장조사,직전종사상지위_4,0.0009106053734497408
창업준비활동중요성_시장조사,경영애로사항_4,0.0008621431386992474
창업준비활동중요성_시장조사,창업준비활동_창업교육,0.0007546298035243835
창업준비활동중요성_시장조사,경영애로사항_1,0.0007013878427969119
창업준비활동중요성_시장조사,경영애로사항_6,0.0006049227187421336
창업준비활동중요성_시장조사,경영애로사항_8,0.0005763671535510972
창업준비활동중요성_시장조사,경영애로사항_5,0.0005495994076990419
창업준비활동중요성_시장조사,임차형태_2,0.0005162354495328466
창업준비활동중요성_시장조사,디지털대응_2,0.000489799406890034
창업준비활동중요성_시장조사,디지털대응_5,0.0004676733409077937
창업준비활동중요성_시장조사,정부지원경험_3,0.00035692142712070003
창업준비활동중요성_시장조사,프랜차이즈가맹점여부,0.00031699043764356794
창업준비활동중요성_시장조사,임차형태_5,0.0002261392386686808
창업준비활동중요성_시장조사,디지털대응_4,0.00019550448485257453
창업준비활동중요성_시장조사,창업동기_1,0.0001766176620514086
창업준비활동중요성_시장조사,임차형태_3,0.00017056399938654193
창업준비활동중요성_시장조사,디지털대응_1,0.00014991633532666056
창업준비활동중요성_시장조사,임차형태_6,1.6523888238122717e-05
창업준비활동중요성_시장조사,임차형태_4,9.759243828533653e-07
직전종사상지위_1,직전종사상지위_3,0.05383646564905249
직전종사상지위_1,직전종사상지위_2,0.03116503617455624
직전종사상지위_1,창업횟수,0.013923813796734349
직전종사상지위_1,직전종사상지위_4,0.01107569013083723
직전종사상지위_1,창업동기_2,0.008566081636571932
직전종사상지위_1,디지털대응_3,0.00852347985091474
직전종사상지위_1,창업준비활동_동종업종종사경험,0.007814518273775788
직전종사상지위_1,연간매출액,0.00575839260400401
직전종사상지위_1,창업준비활동중요성_동종업종종사경험,0.005181132093362423
직전종사상지위_1,정부지원경험_1,0.004481866645622449
직전종사상지위_1,경영애로사항_3,0.004351018293546995
직전종사상지위_1,창업동기_3,0.003847932747810388
직전종사상지위_1,사업장이전경험,0.0036040257737483547
직전종사상지위_1,경영애로사항_2,0.0034028231225814816
직전종사상지위_1,총종사자,0.00335698308499149
직전종사상지위_1,총창업비용,0.0033064597716986706
직전종사상지위_1,창업과정어려움_업종선택,0.00293392412858835
직전종사상지위_1,창업과정어려움_인력확보,0.002356088734158883
직전종사상지위_1,창업과정어려움_경영방법,0.00230778253586571
직전종사상지위_1,부채현황,0.0022614721881866586
직전종사상지위_1,경영애로사항_4,0.002154919110558003
직전종사상지위_1,디지털대응_응답여부,0.0020991314107156314
직전종사상지위_1,임차형태_1,0.001842005611134751
직전종사상지위_1,창업준비기간,0.001704547542014377
직전종사상지위_1,창업과정어려움_자금조달,0.0015352828811744598
직전종사상지위_1,연도,0.001361919823597963
직전종사상지위_1,창업동기_1,0.0012821566064785844
직전종사상지위_1,경영애로사항_1,0.001171113070201882
직전종사상지위_1,창업준비활동중요성_시장조사,0.0011261224580606571
직전종사상지위_1,창업과정어려움_행정절차,0.0010357200069558588
직전종사상지위_1,창업과정어려움_기술확보,0.0009999666704641628
직전종사상지위_1,창업과정어려움_입지선정,0.0009258027665853424
직전종사상지위_1,임차형태_7,0.0008876997873276222
직전종사상지위_1,프랜차이즈가맹점여부,0.0007610587463318552
직전종사상지위_1,경영애로사항_5,0.0007588564525413812
직전종사상지위_1,창업준비활동중요성_사업계획서작성,0.0006865180631925754
직전종사상지위_1,경영애로사항_8,0.0006568777071688401
직전종사상지위_1,창업준비활동중요성_창업교육,0.0006445643865908361
직전종사상지위_1,경영애로사항_6,0.0005963687765318019
직전종사상지위_1,창업준비활동_창업교육,0.0005936562083606989
직전종사상지위_1,창업준비활동_사업계획서작성,0.0005446972858031868
직전종사상지위_1,임차형태_5,0.0005042533245255613
직전종사상지위_1,임차형태_2,0.000491479695717982
직전종사상지위_1,정부지원경험_2,0.00043170645274507317
직전종사상지위_1,경영애로사항_7,0.0003876646783790476
직전종사상지위_1,경영애로사항_9,0.0002485600493284939
직전종사상지위_1,창업동기_4,0.00014699847392238134
직전종사상지위_1,정부지원경험_3,0.00013982597420965847
직전종사상지위_1,임차형태_3,0.00010174814085357509
직전종사상지위_1,디지털대응_6,8.58016034492565e-05
직전종사상지위_1,디지털대응_5,7.708465766009557e-05
직전종사상지위_1,디지털대응_4,6.528978841652632e-05
직전종사상지위_1,창업준비활동_시장조사,5.776536699719485e-05
직전종사상지위_1,디지털대응_1,3.216430231616105e-05
직전종사상지위_1,디지털대응_2,1.2472010088612448e-05
직전종사상지위_1,임차형태_4,4.056541613910434e-06
직전종사상지위_1,임차형태_6,2.1714865813778205e-06
창업과정어려움_기술확보,창업준비활동_동종업종종사경험,0.013086257821136524
창업과정어려움_기술확보,연간매출액,0.012684177046388287
창업과정어려움_기술확보,창업과정어려움_인력확보,0.010334724456201821
창업과정어려움_기술확보,경영애로사항_2,0.008873196504217244
창업과정어려움_기술확보,창업준비활동중요성_창업교육,0.008029345841749608
창업과정어려움_기술확보,디지털대응_3,0.007309629997809331
창업과정어려움_기술확보,창업준비기간,0.005846748446707318
창업과정어려움_기술확보,정부지원경험_1,0.005763126705944528
창업과정어려움_기술확보,창업동기_2,0.005164043049215367
창업과정어려움_기술확보,총창업비용,0.005098604674200532
창업과정어려움_기술확보,부채현황,0.004821493065265363
창업과정어려움_기술확보,연도,0.0044709364099859185
창업과정어려움_기술확보,창업과정어려움_행정절차,0.00443341002770631
창업과정어려움_기술확보,경영애로사항_1,0.004373685100799673
창업과정어려움_기술확보,경영애로사항_3,0.0042905716843847615
창업과정어려움_기술확보,창업준비활동중요성_사업계획서작성,0.004255133843826459
창업과정어려움_기술확보,창업과정어려움_경영방법,0.004233912448714851
창업과정어려움_기술확보,창업과정어려움_업종선택,0.004022577693817831
창업과정어려움_기술확보,총종사자,0.003974849163719342
창업과정어려움_기술확보,임차형태_7,0.0039227625195430976
창업과정어려움_기술확보,창업동기_3,0.0036300536256121015
창업과정어려움_기술확보,창업과정어려움_입지선정,0.003320504565255694
창업과정어려움_기술확보,직전종사상지위_3,0.0030200840633902507
창업과정어려움_기술확보,창업준비활동중요성_동종업종종사경험,0.002974324517289483
창업과정어려움_기술확보,임차형태_1,0.0024551428442235756
창업과정어려움_기술확보,사업장이전경험,0.002380119608292139
창업과정어려움_기술확보,창업횟수,0.002154998037304986
창업과정어려움_기술확보,창업과정어려움_자금조달,0.002041569925828773
창업과정어려움_기술확보,창업준비활동중요성_시장조사,0.002033384301978872
창업과정어려움_기술확보,창업준비활동_사업계획서작성,0.0018344841154957863
창업과정어려움_기술확보,디지털대응_응답여부,0.0016903665132784467
창업과정어려움_기술확보,경영애로사항_8,0.0016013663688036175
창업과정어려움_기술확보,경영애로사항_5,0.0014254040747378135
창업과정어려움_기술확보,프랜차이즈가맹점여부,0.0014180810685927377
창업과정어려움_기술확보,경영애로사항_7,0.0013910626754292533
창업과정어려움_기술확보,직전종사상지위_2,0.0013684333084195374
창업과정어려움_기술확보,경영애로사항_4,0.0012190382374296569
창업과정어려움_기술확보,창업동기_1,0.0010501364385689781
창업과정어려움_기술확보,직전종사상지위_1,0.0009999666704641626
창업과정어려움_기술확보,경영애로사항_6,0.0009021025579540337
창업과정어려움_기술확보,창업준비활동_창업교육,0.00089100428167766
창업과정어려움_기술확보,경영애로사항_9,0.0008627662421889798
창업과정어려움_기술확보,직전종사상지위_4,0.0008383239811272234
창업과정어려움_기술확보,정부지원경험_2,0.0006996657173093514
창업과정어려움_기술확보,창업동기_4,0.0005602736045712966
창업과정어려움_기술확보,창업준비활동_시장조사,0.0005249148091271819
창업과정어려움_기술확보,임차형태_5,0.0005241663263356365
창업과정어려움_기술확보,디지털대응_6,0.0004688515506151815
창업과정어려움_기술확보,임차형태_2,0.0003867725631962225
창업과정어려움_기술확보,디지털대응_5,0.00032119638045821435
창업과정어려움_기술확보,디지털대응_2,0.0002928061498234986
창업과정어려움_기술확보,임차형태_6,0.00027550525202130183
창업과정어려움_기술확보,정부지원경험_3,0.0002487149326964371
창업과정어려움_기술확보,디지털대응_1,0.00023482983083898006
창업과정어려움_기술확보,임차형태_3,0.00016459051700585324
창업과정어려움_기술확보,디지털대응_4,0.0001009609944370061
총종사자,연간매출액,0.018589554871784784
총종사자,디지털대응_3,0.01742919635106117
총종사자,창업과정어려움_인력확보,0.01425426312460209
총종사자,창업동기_2,0.013716929514542595
총종사자,창업준비활동중요성_동종업종종사경험,0.012652612257210953
총종사자,연도,0.010576638351281892
총종사자,디지털대응_응답여부,0.010220331235298606
총종사자,부채현황,0.009966501008404176
총종사자,총창업비용,0.009890008887753713
총종사자,창업준비기간,0.009463155492118371
총종사자,창업과정어려움_행정절차,0.008341869096631422
총종사자,창업과정어려움_업종선택,0.007986243568875461
총종사자,창업과정어려움_경영방법,0.006473626396661262
총종사자,경영애로사항_2,0.0063861595644294925
총종사자,창업준비활동중요성_창업교육,0.00613373123845478
총종사자,정부지원경험_1,0.005991591704036518
총종사자,프랜차이즈가맹점여부,0.005789624042419953
총종사자,임차형태_1,0.0056161932329143235
총종사자,경영애로사항_1,0.005040609973829117
총종사자,창업준비활동중요성_사업계획서작성,0.004816813526298745
총종사자,창업준비활동_사업계획서작성,0.004788642480148406
총종사자,직전종사상지위_2,0.004573161543333154
총종사자,임차형태_7,0.004488793345152332
총종사자,창업과정어려움_입지선정,0.004390983108678157
총종사자,창업준비활동_동종업종종사경험,0.004217437775584148
총종사자,경영애로사항_3,0.004027408912684801
총종사자,창업과정어려움_기술확보,0.003974849163719341
총종사자,창업과정어려움_자금조달,0.0036725657287556054
총종사자,경영애로사항_4,0.003590529160037676
총종사자,직전종사상지위_1,0.0033569830849914913
총종사자,직전종사상지위_3,0.0031756670400768625
총종사자,창업준비활동중요성_시장조사,0.0027497918971080707
총종사자,창업동기_3,0.0023673934300304403
총종사자,사업장이전경험,0.0021503622992989414
총종사자,직전종사상지위_4,0.001976558561552997
총종사자,정부지원경험_2,0.001769349776014977
총종사자,창업횟수,0.0017093200059723943
총종사자,경영애로사항_6,0.0015220110699797668
총종사자,경영애로사항_5,0.0013565738705519988
총종사자,경영애로사항_9,0.0013115818615424457
총종사자,창업준비활동_시장조사,0.0012925132674849443
총종사자,디지털대응_5,0.0012079025267863884
총종사자,정부지원경험_3,0.0011918089520618171
총종사자,디지털대응_6,0.0010848512887277845
총종사자,임차형태_5,0.0009065175227460167
총종사자,경영애로사항_7,0.0009050516445664577
총종사자,임차형태_2,0.000848782111350974
총종사자,디지털대응_1,0.0007288868661964128
총종사자,창업준비활동_창업교육,0.0006578981277365698
총종사자,임차형태_3,0.0005108211013595403
총종사자,경영애로사항_8,0.0005010849408867965
총종사자,창업동기_1,0.0003925141428418317
총종사자,디지털대응_4,0.0003799511766582351
총종사자,디지털대응_2,0.00020019852777334923
총종사자,창업동기_4,0.00019354304314482033
총종사자,임차형태_6,3.836331686994947e-06
창업횟수,직전종사상지위_3,0.0957515109584701
창업횟수,직전종사상지위_4,0.03484160670697749
창업횟수,직전종사상지위_2,0.018085205858681716
창업횟수,직전종사상지위_1,0.013923813796734347
창업횟수,연도,0.010622590194749268
창업횟수,창업준비활동중요성_동종업종종사경험,0.009080338082275326
창업횟수,디지털대응_응답여부,0.00732749950454737
창업횟수,디지털대응_3,0.007094054251206376
창업횟수,창업과정어려움_인력확보,0.006804110206557167
창업횟수,사업장이전경험,0.004991885177654336
창업횟수,연간매출액,0.004551950948791489
창업횟수,경영애로사항_2,0.0034577319809457217
창업횟수,정부지원경험_1,0.0030243790032650772
창업횟수,부채현황,0.0028688575925312106
창업횟수,창업준비기간,0.0027661950132976724
창업횟수,창업과정어려움_업종선택,0.0025875761815809316
창업횟수,창업준비활동_동종업종종사경험,0.0023277808634480828
창업횟수,총창업비용,0.002297024573641551
창업횟수,창업과정어려움_기술확보,0.002154998037304986
창업횟수,창업과정어려움_경영방법,0.0019504943843961862
창업횟수,창업동기_2,0.0019073636013755674
창업횟수,창업준비활동중요성_창업교육,0.0017987878190283142
창업횟수,총종사자,0.001709320005972394
창업횟수,창업과정어려움_입지선정,0.001630749609451445
창업횟수,창업준비활동_사업계획서작성,0.0015583910444311147
창업횟수,경영애로사항_5,0.0014877308086360713
창업횟수,정부지원경험_2,0.0013251648126369633
창업횟수,임차형태_7,0.0013244011478890608
창업횟수,창업동기_3,0.0012980782420694758
창업횟수,창업준비활동중요성_시장조사,0.0012376443622629653
창업횟수,창업과정어려움_행정절차,0.0012366177198358834
창업횟수,임차형태_1,0.0011654469775500937
창업횟수,창업준비활동중요성_사업계획서작성,0.0011093120267212945
창업횟수,경영애로사항_3,0.0010837918678738303
창업횟수,경영애로사항_7,0.001063958524544925
창업횟수,프랜차이즈가맹점여부,0.0010352760465677415
창업횟수,창업준비활동_시장조사,0.0008971468166411508
창업횟수,창업과정어려움_자금조달,0.0008792723068262761
창업횟수,경영애로사항_1,0.0007348226760912238
창업횟수,경영애로사항_9,0.0006404423709008962
창업횟수,창업동기_1,0.0005866955787334888
창업횟수,임차형태_2,0.0005751801693160136
창업횟수,창업준비활동_창업교육,0.0005684677902180924
창업횟수,경영애로사항_6,0.0005090610375834217
창업횟수,임차형태_3,0.00047690805570966134
창업횟수,임차형태_5,0.00044588717516485713
창업횟수,경영애로사항_4,0.0002879385006907156
창업횟수,경영애로사항_8,0.0002775331583572098
창업횟수,정부지원경험_3,0.00026827194109817074
창업횟수,창업동기_4,0.00025467810820453126
창업횟수,디지털대응_1,0.00021735059605728483
창업횟수,디지털대응_5,0.00020910813030873194
창업횟수,디지털대응_4,0.00018094830653187018
창업횟수,디지털대응_2,0.00015254558894529802
창업횟수,디지털대응_6,4.198250685376442e-05
창업횟수,임차형태_6,1.571568086920922e-06
직전종사상지위_4,직전종사상지위_3,0.07637808517451695
직전종사상지위_4,창업횟수,0.03484160670697749
직전종사상지위_4,직전종사상지위_2,0.015359374030868704
직전종사상지위_4,직전종사상지위_1,0.01107569013083723
직전종사상지위_4,창업준비활동중요성_동종업종종사경험,0.007034064029328982
직전종사상지위_4,디지털대응_3,0.005762523476517854
직전종사상지위_4,경영애로사항_2,0.005188613441533074
직전종사상지위_4,연도,0.0038378633399482206
직전종사상지위_4,사업장이전경험,0.003748243387424979
직전종사상지위_4,연간매출액,0.003636530627827875
직전종사상지위_4,창업준비활동_동종업종종사경험,0.003473305778892953
직전종사상지위_4,부채현황,0.0031607618973911325
직전종사상지위_4,디지털대응_응답여부,0.002888343244178734
직전종사상지위_4,정부지원경험_1,0.002786660101459667
직전종사상지위_4,경영애로사항_3,0.0023808260637927666
직전종사상지위_4,창업동기_2,0.0022462881902321876
직전종사상지위_4,임차형태_7,0.0021496532348525446
직전종사상지위_4,총종사자,0.0019765585615529957
직전종사상지위_4,창업과정어려움_행정절차,0.00159017682989797
직전종사상지위_4,총창업비용,0.001357179274056527
직전종사상지위_4,임차형태_1,0.001293340402541773
직전종사상지위_4,경영애로사항_4,0.0012611381062068978
직전종사상지위_4,창업과정어려움_입지선정,0.0011237155587324745
직전종사상지위_4,창업준비활동_사업계획서작성,0.0009947866571438915
직전종사상지위_4,창업준비기간,0.0009343169006477719
직전종사상지위_4,창업준비활동중요성_시장조사,0.0009106053734497407
직전종사상지위_4,창업준비활동중요성_사업계획서작성,0.0008992884556014445
직전종사상지위_4,창업과정어려움_기술확보,0.0008383239811272233
직전종사상지위_4,창업과정어려움_업종선택,0.000810945930024335
직전종사상지위_4,창업과정어려움_자금조달,0.0008079639097093946
직전종사상지위_4,정부지원경험_2,0.0007566453135084521
직전종사상지위_4,경영애로사항_1,0.000754745525927246
직전종사상지위_4,창업준비활동_창업교육,0.0005955550759752975
직전종사상지위_4,경영애로사항_6,0.0005922522331483374
직전종사상지위_4,임차형태_5,0.0005359131914083964
직전종사상지위_4,창업동기_3,0.0005281724979595612
직전종사상지위_4,경영애로사항_5,0.0005078534291756305
직전종사상지위_4,경영애로사항_8,0.000490675946828562
직전종사상지위_4,창업과정어려움_인력확보,0.00048695127668390225
직전종사상지위_4,창업동기_1,0.0004514299969475404
직전종사상지위_4,창업과정어려움_경영방법,0.00041737297494767896
직전종사상지위_4,창업준비활동중요성_창업교육,0.00040072944059787145
직전종사상지위_4,경영애로사항_9,0.0003843939441039163
직전종사상지위_4,임차형태_2,0.0003086401349229224
직전종사상지위_4,창업준비활동_시장조사,0.0002490848983674364
직전종사상지위_4,경영애로사항_7,0.00024463470909961543
직전종사상지위_4,프랜차이즈가맹점여부,0.00017336906464874297
직전종사상지위_4,창업동기_4,0.00011371245480901312
직전종사상지위_4,디지털대응_4,0.00011195446662041058
직전종사상지위_4,디지털대응_5,0.00010355971481694625
직전종사상지위_4,디지털대응_1,7.599118738931366e-05
직전종사상지위_4,디지털대응_2,6.820530981294459e-05
직전종사상지위_4,정부지원경험_3,5.419361517031625e-05
직전종사상지위_4,임차형태_3,4.151161357508633e-05
직전종사상지위_4,임차형태_4,1.2011711790303721e-05
직전종사상지위_4,임차형태_6,1.6815277717268712e-07
사업장이전경험,경영애로사항_2,0.0162559761887097
사업장이전경험,직전종사상지위_3,0.015430660848741142
사업장이전경험,디지털대응_3,0.013691772136613826
사업장이전경험,경영애로사항_3,0.009380586623718034
사업장이전경험,직전종사상지위_2,0.00797191873106405
사업장이전경험,경영애로사항_1,0.00687139621124782
사업장이전경험,창업과정어려움_업종선택,0.00622987348335505
사업장이전경험,임차형태_7,0.006082960572592596
사업장이전경험,창업준비활동중요성_동종업종종사경험,0.005418919007825453
사업장이전경험,창업동기_2,0.005207420455989266
사업장이전경험,창업횟수,0.004991885177654335
사업장이전경험,창업과정어려움_행정절차,0.004937796637960042
사업장이전경험,연도,0.004641086939578715
사업장이전경험,창업과정어려움_경영방법,0.004144110257034478
사업장이전경험,직전종사상지위_4,0.0037482433874249784
사업장이전경험,직전종사상지위_1,0.0036040257737483565
사업장이전경험,경영애로사항_4,0.0030145550590268723
사업장이전경험,임차형태_1,0.0029349447972489115
사업장이전경험,창업준비기간,0.0027618082199513017
사업장이전경험,창업준비활동_동종업종종사경험,0.0027101203789884334
사업장이전경험,창업준비활동중요성_사업계획서작성,0.0026610676843815935
사업장이전경험,부채현황,0.0025770407357591178
사업장이전경험,창업과정어려움_기술확보,0.0023801196082921393
사업장이전경험,경영애로사항_5,0.002341231605001318
사업장이전경험,정부지원경험_2,0.002293984443665656
사업장이전경험,연간매출액,0.002153776241689102
사업장이전경험,총종사자,0.00215036229929894
사업장이전경험,창업과정어려움_자금조달,0.0021191145281052653
사업장이전경험,경영애로사항_9,0.0018907387488259833
사업장이전경험,창업과정어려움_인력확보,0.0018717117372375827
사업장이전경험,창업동기_3,0.001833711762090985
사업장이전경험,정부지원경험_1,0.001763352364740796
사업장이전경험,창업준비활동중요성_시장조사,0.0015491539089147973
사업장이전경험,창업준비활동_사업계획서작성,0.0014847479340000665
사업장이전경험,임차형태_2,0.0014339821330714732
사업장이전경험,창업준비활동_창업교육,0.0014175754029747906
사업장이전경험,임차형태_5,0.001360044410829608
사업장이전경험,경영애로사항_6,0.0013496877962616638
사업장이전경험,경영애로사항_7,0.001309720946173644
사업장이전경험,경영애로사항_8,0.0012860009790147695
사업장이전경험,디지털대응_응답여부,0.0010841986677008703
사업장이전경험,디지털대응_1,0.0009638874383979505
사업장이전경험,창업준비활동중요성_창업교육,0.0008979486405332135
사업장이전경험,창업과정어려움_입지선정,0.0007327214752794423
사업장이전경험,창업동기_1,0.0007278117245197001
사업장이전경험,창업준비활동_시장조사,0.0007137725764667055
사업장이전경험,디지털대응_5,0.0007106610606940182
사업장이전경험,총창업비용,0.0006578283200516474
사업장이전경험,임차형태_3,0.0005845074793529643
사업장이전경험,디지털대응_4,0.00033269705302288276
사업장이전경험,디지털대응_2,0.0003099085839790653
사업장이전경험,프랜차이즈가맹점여부,0.00022645081161083412
사업장이전경험,창업동기_4,0.00017168646373724524
사업장이전경험,디지털대응_6,0.00016603289357581896
사업장이전경험,정부지원경험_3,0.00015086810881245562
사업장이전경험,임차형태_4,1.1843599817961266e-05
사업장이전경험,임차형태_6,1.369343679255297e-06
경영애로사항_4,경영애로사항_2,0.0287501129188533
경영애로사항_4,경영애로사항_1,0.016286925176342587
경영애로사항_4,경영애로사항_3,0.012002983888024437
경영애로사항_4,디지털대응_3,0.01039745557173707
경영애로사항_4,연도,0.005663035266823625
경영애로사항_4,창업과정어려움_업종선택,0.005597198086710661
경영애로사항_4,창업과정어려움_경영방법,0.004735553105763141
경영애로사항_4,직전종사상지위_2,0.004065564245326184
경영애로사항_4,총종사자,0.0035905291600376752
경영애로사항_4,임차형태_7,0.0033771152238563393
경영애로사항_4,경영애로사항_5,0.0033152372801768014
경영애로사항_4,사업장이전경험,0.003014555059026872
경영애로사항_4,직전종사상지위_3,0.0030131353254764506
경영애로사항_4,임차형태_1,0.002874811809490857
경영애로사항_4,창업과정어려움_인력확보,0.0024263497155439864
경영애로사항_4,창업과정어려움_자금조달,0.0023984022532934526
경영애로사항_4,창업동기_2,0.0022722023100571823
경영애로사항_4,경영애로사항_8,0.0022565317296288244
경영애로사항_4,정부지원경험_2,0.002230680292837696
경영애로사항_4,창업준비활동_창업교육,0.0021729220856843315
경영애로사항_4,직전종사상지위_1,0.0021549191105580024
경영애로사항_4,연간매출액,0.002039889233655569
경영애로사항_4,정부지원경험_1,0.0019755030183828117
경영애로사항_4,경영애로사항_7,0.0019539195023248403
경영애로사항_4,창업과정어려움_행정절차,0.0019447976882185922
경영애로사항_4,경영애로사항_6,0.0018004042263302458
경영애로사항_4,직전종사상지위_4,0.0012611381062068978
경영애로사항_4,부채현황,0.001233490080827983
경영애로사항_4,창업과정어려움_기술확보,0.0012190382374296573
경영애로사항_4,프랜차이즈가맹점여부,0.001203159209229738
경영애로사항_4,창업준비활동중요성_동종업종종사경험,0.0011145043584796974
경영애로사항_4,디지털대응_응답여부,0.0010993342125811966
경영애로사항_4,창업동기_3,0.0010116054175180631
경영애로사항_4,임차형태_2,0.0009524293429072746
경영애로사항_4,창업과정어려움_입지선정,0.0009457290032569547
경영애로사항_4,창업준비활동_사업계획서작성,0.000915871777189159
경영애로사항_4,창업준비기간,0.0009141180155527854
경영애로사항_4,총창업비용,0.0008839606198289302
경영애로사항_4,창업준비활동중요성_시장조사,0.0008621431386992476
경영애로사항_4,창업준비활동중요성_창업교육,0.0007196083590438523
경영애로사항_4,임차형태_5,0.0006847444212345877
경영애로사항_4,경영애로사항_9,0.0006604369892921411
경영애로사항_4,창업준비활동_동종업종종사경험,0.0006584125381907391
경영애로사항_4,창업준비활동중요성_사업계획서작성,0.0006576476919468254
경영애로사항_4,창업동기_4,0.0006454388346518645
경영애로사항_4,임차형태_3,0.0004106288162414131
경영애로사항_4,창업동기_1,0.00034883462516156196
경영애로사항_4,정부지원경험_3,0.0003474247601417713
경영애로사항_4,창업횟수,0.0002879385006907156
경영애로사항_4,창업준비활동_시장조사,0.00014925529289438506
경영애로사항_4,디지털대응_1,0.00013531096022185817
경영애로사항_4,디지털대응_6,0.00012294810502403962
경영애로사항_4,디지털대응_4,7.89061983904429e-05
경영애로사항_4,디지털대응_5,6.24167736112857e-05
경영애로사항_4,디지털대응_2,5.075695425558123e-05
경영애로사항_4,임차형태_4,7.234710852714736e-06
경영애로사항_4,임차형태_6,1.636423948563943e-06
창업준비기간,연간매출액,0.022825495600529124
창업준비기간,부채현황,0.013454841893056032
창업준비기간,연도,0.01327824756440862
창업준비기간,디지털대응_3,0.012196054043582712
창업준비기간,창업과정어려움_입지선정,0.012089431109973528
창업준비기간,창업과정어려움_행정절차,0.011503321549275145
창업준비기간,창업준비활동_동종업종종사경험,0.010343638248548278
창업준비기간,총종사자,0.009463155492118371
창업준비기간,총창업비용,0.00875573957804971
창업준비기간,창업과정어려움_업종선택,0.008254164697521103
창업준비기간,창업과정어려움_경영방법,0.0077977959694847535
창업준비기간,경영애로사항_2,0.007696145446753962
창업준비기간,창업과정어려움_인력확보,0.007121389632524268
창업준비기간,창업준비활동중요성_동종업종종사경험,0.006942783033735175
창업준비기간,창업준비활동중요성_사업계획서작성,0.006595880093066762
창업준비기간,정부지원경험_1,0.006382583988233376
창업준비기간,창업과정어려움_기술확보,0.005846748446707319
창업준비기간,창업동기_2,0.005516694125980967
창업준비기간,디지털대응_응답여부,0.005136939493818124
창업준비기간,창업과정어려움_자금조달,0.005087714678005079
창업준비기간,임차형태_7,0.005006517606690189
창업준비기간,창업준비활동중요성_시장조사,0.004927043806929706
창업준비기간,직전종사상지위_3,0.004606192707882064
창업준비기간,창업준비활동중요성_창업교육,0.004546453996634012
창업준비기간,경영애로사항_1,0.004515804007402648
창업준비기간,창업동기_3,0.00312800035152974
창업준비기간,경영애로사항_6,0.0028665832047025095
창업준비기간,창업준비활동_사업계획서작성,0.002853102611284191
창업준비기간,창업횟수,0.002766195013297673
창업준비기간,사업장이전경험,0.002761808219951302
창업준비기간,경영애로사항_5,0.002365544340281102
창업준비기간,직전종사상지위_2,0.002206049126847984
창업준비기간,정부지원경험_2,0.002088263668614788
창업준비기간,임차형태_1,0.0019382867172543826
창업준비기간,경영애로사항_9,0.0017828459871669148
창업준비기간,경영애로사항_7,0.001736780360800737
창업준비기간,직전종사상지위_1,0.0017045475420143774
창업준비기간,프랜차이즈가맹점여부,0.0013812756804251092
창업준비기간,창업동기_4,0.0013742681618299417
창업준비기간,창업준비활동_창업교육,0.0012401921023046062
창업준비기간,경영애로사항_3,0.0012079764600391662
창업준비기간,경영애로사항_8,0.0011727062810124712
창업준비기간,디지털대응_5,0.0010011229415377442
창업준비기간,직전종사상지위_4,0.0009343169006477721
창업준비기간,경영애로사항_4,0.0009141180155527854
창업준비기간,디지털대응_6,0.0008914060876588855
창업준비기간,임차형태_3,0.0008453493968178726
창업준비기간,디지털대응_4,0.0007622398596133013
창업준비기간,임차형태_2,0.0006843387558074791
창업준비기간,임차형태_5,0.0006267712687120162
창업준비기간,디지털대응_2,0.0005051483784018616
창업준비기간,창업준비활동_시장조사,0.0004167308561893994
창업준비기간,정부지원경험_3,0.0003904192424687717
창업준비기간,디지털대응_1,0.00032836347637569104
창업준비기간,창업동기_1,0.00028116915279548634
창업준비기간,임차형태_6,1.1377676842630653e-05
창업동기_1,창업동기_2,0.06219334525875984
창업동기_1,창업동기_3,0.039019227197893774
창업동기_1,경영애로사항_2,0.0024731877233320544
창업동기_1,창업동기_4,0.0024190941117717417
창업동기_1,직전종사상지위_3,0.002003491323386785
창업동기_1,창업준비활동중요성_사업계획서작성,0.001319065122761257
창업동기_1,직전종사상지위_1,0.0012821566064785844
창업동기_1,창업과정어려움_기술확보,0.0010501364385689784
창업동기_1,직전종사상지위_2,0.0010407512838926725
창업동기_1,창업과정어려움_행정절차,0.0010127139510612577
창업동기_1,창업과정어려움_업종선택,0.0009749587840369303
창업동기_1,임차형태_7,0.0009672585282757917
창업동기_1,연간매출액,0.0009614618973109674
창업동기_1,디지털대응_3,0.0008405878452955147
창업동기_1,사업장이전경험,0.0007278117245197
창업동기_1,창업과정어려움_경영방법,0.0006994137286678296
창업동기_1,디지털대응_응답여부,0.0006228947192130883
창업동기_1,창업횟수,0.0005866955787334887
창업동기_1,경영애로사항_3,0.0005863855877610948
창업동기_1,연도,0.0005631065451051418
창업동기_1,경영애로사항_7,0.0004973210615443579
창업동기_1,창업준비활동_시장조사,0.0004734705597674434
창업동기_1,직전종사상지위_4,0.0004514299969475404
창업동기_1,총종사자,0.0003925141428418316
창업동기_1,창업준비활동_사업계획서작성,0.0003841690324600917
창업동기_1,경영애로사항_4,0.000348834625161562
창업동기_1,창업준비활동_창업교육,0.0002888747313341051
창업동기_1,창업준비기간,0.00028116915279548655
창업동기_1,임차형태_1,0.0002579853941302279
창업동기_1,창업준비활동_동종업종종사경험,0.0002483950422588092
창업동기_1,창업과정어려움_자금조달,0.00023440604926516277
창업동기_1,창업과정어려움_입지선정,0.00022826125686132233
창업동기_1,프랜차이즈가맹점여부,0.00022644230100890596
창업동기_1,창업준비활동중요성_창업교육,0.00019738680155761423
창업동기_1,정부지원경험_1,0.0001890122567126581
창업동기_1,창업준비활동중요성_동종업종종사경험,0.00018763710685836658
창업동기_1,총창업비용,0.00017875954306232998
창업동기_1,경영애로사항_1,0.00017866764584059913
창업동기_1,창업준비활동중요성_시장조사,0.00017661766205140858
창업동기_1,경영애로사항_5,0.0001704669129363424
창업동기_1,임차형태_2,0.0001655104551608026
창업동기_1,부채현황,0.00016461586033574853
창업동기_1,임차형태_5,0.00012406166154033845
창업동기_1,창업과정어려움_인력확보,8.62576947230292e-05
창업동기_1,경영애로사항_8,8.539888652589134e-05
창업동기_1,경영애로사항_6,5.679102172368925e-05
창업동기_1,경영애로사항_9,5.098457714992519e-05
창업동기_1,정부지원경험_2,4.938884397534835e-05
창업동기_1,디지털대응_2,4.2100928469461606e-05
창업동기_1,디지털대응_1,3.177514440637359e-05
창업동기_1,임차형태_3,2.8000513587220125e-05
창업동기_1,정부지원경험_3,1.697219034538306e-05
창업동기_1,디지털대응_5,5.2419726877750755e-06
임차형태_2,임차형태_1,0.029576811910033782
임차형태_2,임차형태_7,0.015008965211183029
임차형태_2,임차형태_5,0.00475926803367941
임차형태_2,경영애로사항_2,0.0029505394949826597
임차형태_2,직전종사상지위_3,0.0026359544754855093
임차형태_2,창업과정어려움_자금조달,0.0025328936490174843
임차형태_2,창업준비활동_동종업종종사경험,0.002509545505915002
임차형태_2,디지털대응_3,0.0024477853266162983
임차형태_2,창업준비활동중요성_동종업종종사경험,0.002283264572521419
임차형태_2,창업동기_2,0.0022347363681381547
임차형태_2,경영애로사항_3,0.0020623971169718563
임차형태_2,연간매출액,0.0020506298055836887
임차형태_2,임차형태_3,0.0019757991381098663
임차형태_2,창업과정어려움_업종선택,0.0014349091569608558
임차형태_2,사업장이전경험,0.0014339821330714736
임차형태_2,창업과정어려움_입지선정,0.0014239161810016227
임차형태_2,창업동기_3,0.0014090283951454063
임차형태_2,창업과정어려움_행정절차,0.0013043280547365777
임차형태_2,연도,0.001297213871520587
임차형태_2,직전종사상지위_2,0.0012167136178467316
임차형태_2,창업과정어려움_인력확보,0.0011841723436854924
임차형태_2,경영애로사항_1,0.0011756006355270912
임차형태_2,창업준비활동_사업계획서작성,0.0009537083128901197
임차형태_2,경영애로사항_4,0.0009524293429072742
임차형태_2,부채현황,0.0008672226797798036
임차형태_2,총종사자,0.0008487821113509735
임차형태_2,디지털대응_응답여부,0.0008228688471238313
임차형태_2,창업과정어려움_경영방법,0.0007893011424910284
임차형태_2,경영애로사항_5,0.0007575545189812877
임차형태_2,정부지원경험_1,0.0007503131306466568
임차형태_2,총창업비용,0.0007180627404037608
임차형태_2,창업준비기간,0.000684338755807479
임차형태_2,경영애로사항_6,0.0006151740822869932
임차형태_2,창업횟수,0.0005751801693160136
임차형태_2,창업준비활동중요성_사업계획서작성,0.0005710023627191824
임차형태_2,창업준비활동중요성_창업교육,0.0005274751693399546
임차형태_2,정부지원경험_2,0.0005188478857668622
임차형태_2,창업준비활동중요성_시장조사,0.0005162354495328466
임차형태_2,직전종사상지위_1,0.0004914796957179819
임차형태_2,창업준비활동_시장조사,0.0004772428413693139
임차형태_2,창업과정어려움_기술확보,0.00038677256319622264
임차형태_2,경영애로사항_8,0.0003338389262160031
임차형태_2,직전종사상지위_4,0.00030864013492292266
임차형태_2,경영애로사항_7,0.0002746026442039669
임차형태_2,창업준비활동_창업교육,0.00025516750127710033
임차형태_2,경영애로사항_9,0.00022579777963373595
임차형태_2,정부지원경험_3,0.0001992175609883638
임차형태_2,디지털대응_5,0.00018092201926333366
임차형태_2,창업동기_1,0.0001655104551608028
임차형태_2,임차형태_4,8.893238918330602e-05
임차형태_2,창업동기_4,7.406802563472649e-05
임차형태_2,임차형태_6,7.327641778673223e-05
임차형태_2,디지털대응_1,7.191425057113473e-05
임차형태_2,디지털대응_6,6.047677884330086e-05
임차형태_2,디지털대응_2,3.82326685528864e-05
임차형태_2,프랜차이즈가맹점여부,1.7523974918622572e-05
부채현황,연간매출액,0.025027231705520705
부채현황,창업과정어려움_업종선택,0.01903839045042498
부채현황,창업준비기간,0.013454841893056034
부채현황,연도,0.012847231722356826
부채현황,총창업비용,0.011985101440305696
부채현황,창업준비활동중요성_동종업종종사경험,0.010540279392563055
부채현황,총종사자,0.009966501008404178
부채현황,창업준비활동중요성_창업교육,0.009626870029771016
부채현황,창업과정어려움_행정절차,0.008518596391054872
부채현황,창업과정어려움_입지선정,0.007968066720973976
부채현황,창업과정어려움_경영방법,0.007420323891004399
부채현황,디지털대응_3,0.006948193596707541
부채현황,임차형태_7,0.006647989717634929
부채현황,창업준비활동_동종업종종사경험,0.0065427166765046
부채현황,창업준비활동중요성_사업계획서작성,0.00579402242740696
부채현황,창업과정어려움_인력확보,0.005436159327522572
부채현황,정부지원경험_1,0.005274808990664939
부채현황,창업과정어려움_자금조달,0.005107833810053496
부채현황,창업과정어려움_기술확보,0.004821493065265362
부채현황,창업동기_2,0.0043895488037960515
부채현황,경영애로사항_2,0.004302131717793492
부채현황,임차형태_1,0.003903065426157074
부채현황,프랜차이즈가맹점여부,0.003691173903164728
부채현황,창업준비활동중요성_시장조사,0.0035062454346289048
부채현황,창업준비활동_사업계획서작성,0.003483156791306372
부채현황,직전종사상지위_4,0.0031607618973911334
부채현황,경영애로사항_9,0.0030419083739932685
부채현황,창업횟수,0.002868857592531211
부채현황,사업장이전경험,0.0025770407357591186
부채현황,직전종사상지위_1,0.0022614721881866594
부채현황,직전종사상지위_3,0.002104295872651843
부채현황,정부지원경험_2,0.0020874868863637996
부채현황,직전종사상지위_2,0.0020639224842994687
부채현황,임차형태_5,0.0017729665776563593
부채현황,경영애로사항_5,0.0017490222290105452
부채현황,디지털대응_응답여부,0.0014633194931312574
부채현황,경영애로사항_4,0.001233490080827983
부채현황,경영애로사항_8,0.0011973419960966444
부채현황,경영애로사항_1,0.0011818953073603887
부채현황,창업동기_3,0.00115688706101954
부채현황,경영애로사항_6,0.0010871629279260368
부채현황,경영애로사항_3,0.0010220990571839328
부채현황,창업준비활동_창업교육,0.0010153471923914417
부채현황,디지털대응_6,0.0009480252411825506
부채현황,임차형태_2,0.0008672226797798036
부채현황,경영애로사항_7,0.0008342753085379356
부채현황,창업동기_4,0.0007098968933012155
부채현황,디지털대응_1,0.0006599053722795688
부채현황,임차형태_3,0.0006181867295105774
부채현황,정부지원경험_3,0.0005933840244773353
부채현황,디지털대응_4,0.00038221052826247816
부채현황,디지털대응_5,0.0003316896445729056
부채현황,디지털대응_2,0.00032832388290353207
부채현황,창업준비활동_시장조사,0.00024596117603008704
부채현황,창업동기_1,0.00016461586033574848
부채현황,임차형태_6,3.9806789154599054e-05
부채현황,임차형태_4,3.0149768457810984e-05
창업준비활동_동종업종종사경험,창업동기_2,0.030869297463194514
창업준비활동_동종업종종사경험,창업준비활동중요성_동종업종종사경험,0.030560399599461385
창업준비활동_동종업종종사경험,정부지원경험_1,0.021020367375980776
창업준비활동_동종업종종사경험,디지털대응_응답여부,0.014317048832640015
창업준비활동_동종업종종사경험,창업과정어려움_기술확보,0.01308625782113652
창업준비활동_동종업종종사경험,경영애로사항_2,0.012171802703230086
창업준비활동_동종업종종사경험,연도,0.012142260258303072
창업준비활동_동종업종종사경험,창업준비기간,0.01034363824854828
창업준비활동_동종업종종사경험,창업준비활동중요성_창업교육,0.01023118133296971
창업준비활동_동종업종종사경험,연간매출액,0.009573520340334547
창업준비활동_동종업종종사경험,창업과정어려움_자금조달,0.009310142187845837
창업준비활동_동종업종종사경험,디지털대응_3,0.00920717377294679
창업준비활동_동종업종종사경험,정부지원경험_2,0.008169497918506014
창업준비활동_동종업종종사경험,직전종사상지위_1,0.007814518273775788
창업준비활동_동종업종종사경험,창업과정어려움_행정절차,0.006908980078634302
창업준비활동_동종업종종사경험,부채현황,0.006542716676504598
창업준비활동_동종업종종사경험,직전종사상지위_3,0.0060159937391419905
창업준비활동_동종업종종사경험,임차형태_1,0.005460868391104726
창업준비활동_동종업종종사경험,총창업비용,0.004472355084797611
창업준비활동_동종업종종사경험,직전종사상지위_2,0.004299245938803178
창업준비활동_동종업종종사경험,총종사자,0.004217437775584148
창업준비활동_동종업종종사경험,경영애로사항_5,0.004046724177211641
창업준비활동_동종업종종사경험,창업과정어려움_인력확보,0.004004759771479388
창업준비활동_동종업종종사경험,창업과정어려움_업종선택,0.0037700721532580896
창업준비활동_동종업종종사경험,창업과정어려움_입지선정,0.0037382878232520684
창업준비활동_동종업종종사경험,창업준비활동중요성_사업계획서작성,0.0036899386827812957
창업준비활동_동종업종종사경험,직전종사상지위_4,0.003473305778892952
창업준비활동_동종업종종사경험,창업준비활동중요성_시장조사,0.0034442062870190856
창업준비활동_동종업종종사경험,창업과정어려움_경영방법,0.0027630724407017066
창업준비활동_동종업종종사경험,사업장이전경험,0.002710120378988433
창업준비활동_동종업종종사경험,경영애로사항_3,0.0025833595751193748
창업준비활동_동종업종종사경험,임차형태_2,0.002509545505915002
창업준비활동_동종업종종사경험,창업횟수,0.0023277808634480828
창업준비활동_동종업종종사경험,정부지원경험_3,0.0017186152402982491
창업준비활동_동종업종종사경험,임차형태_7,0.0016457877190812812
창업준비활동_동종업종종사경험,경영애로사항_9,0.0016350197511669177
창업준비활동_동종업종종사경험,디지털대응_4,0.0015620607002876398
창업준비활동_동종업종종사경험,창업동기_3,0.0014858498479123148
창업준비활동_동종업종종사경험,경영애로사항_1,0.0014359667917339695
창업준비활동_동종업종종사경험,디지털대응_6,0.0013448007794913661
창업준비활동_동종업종종사경험,임차형태_3,0.0007333262663986033
창업준비활동_동종업종종사경험,창업준비활동_시장조사,0.000695716400012783
창업준비활동_동종업종종사경험,경영애로사항_4,0.0006584125381907389
창업준비활동_동종업종종사경험,창업준비활동_창업교육,0.0006048208944550565
창업준비활동_동종업종종사경험,창업준비활동_사업계획서작성,0.000578675885920324
창업준비활동_동종업종종사경험,경영애로사항_6,0.0005092985479769154
창업준비활동_동종업종종사경험,디지털대응_1,0.0004337830061466237
창업준비활동_동종업종종사경험,디지털대응_2,0.0004122593127371145
창업준비활동_동종업종종사경험,프랜차이즈가맹점여부,0.00038702183817257327
창업준비활동_동종업종종사경험,디지털대응_5,0.0003705706072782956
창업준비활동_동종업종종사경험,임차형태_5,0.000363612098104877
창업준비활동_동종업종종사경험,경영애로사항_8,0.00035869378703564243
창업준비활동_동종업종종사경험,창업동기_1,0.00024839504225880897
창업준비활동_동종업종종사경험,창업동기_4,0.000100803437513011
창업준비활동_동종업종종사경험,경영애로사항_7,7.206577781480597e-05
창업준비활동_동종업종종사경험,임차형태_6,3.934499673490152e-06
경영애로사항_9,디지털대응_응답여부,0.01160972267931319
경영애로사항_9,연도,0.009840479372035936
경영애로사항_9,디지털대응_3,0.008336844883199801
경영애로사항_9,디지털대응_6,0.005819242344411978
경영애로사항_9,디지털대응_4,0.005113395831791769
경영애로사항_9,정부지원경험_1,0.005099720824865062
경영애로사항_9,디지털대응_5,0.0036028559056830558
경영애로사항_9,연간매출액,0.0035750545412192997
경영애로사항_9,경영애로사항_2,0.0034329469028978894
경영애로사항_9,경영애로사항_1,0.0033450137008209507
경영애로사항_9,직전종사상지위_3,0.00332732215174618
경영애로사항_9,부채현황,0.0030419083739932685
경영애로사항_9,총창업비용,0.002895773970696791
경영애로사항_9,창업동기_2,0.0028586523358244387
경영애로사항_9,정부지원경험_2,0.0025656324873803297
경영애로사항_9,창업과정어려움_업종선택,0.0021682397104689157
경영애로사항_9,창업과정어려움_입지선정,0.0019219178624261403
경영애로사항_9,창업준비활동중요성_동종업종종사경험,0.001906198418835405
경영애로사항_9,사업장이전경험,0.0018907387488259829
경영애로사항_9,창업준비기간,0.0017828459871669132
경영애로사항_9,창업준비활동_동종업종종사경험,0.0016350197511669168
경영애로사항_9,임차형태_1,0.0015242479360892383
경영애로사항_9,경영애로사항_3,0.0014669130977247402
경영애로사항_9,창업준비활동중요성_창업교육,0.001455752975274661
경영애로사항_9,창업준비활동_사업계획서작성,0.0014488738982370568
경영애로사항_9,창업과정어려움_경영방법,0.0013173496660151126
경영애로사항_9,총종사자,0.0013115818615424457
경영애로사항_9,창업과정어려움_행정절차,0.0012783679713921762
경영애로사항_9,창업과정어려움_자금조달,0.0011509717057634177
경영애로사항_9,디지털대응_1,0.0011460948106303578
경영애로사항_9,창업준비활동중요성_사업계획서작성,0.001042095002690856
경영애로사항_9,창업준비활동중요성_시장조사,0.001006908190041279
경영애로사항_9,디지털대응_2,0.000875921582310119
경영애로사항_9,창업동기_3,0.0008683387935534185
경영애로사항_9,창업과정어려움_기술확보,0.0008627662421889793
경영애로사항_9,창업과정어려움_인력확보,0.0008233769318482208
경영애로사항_9,임차형태_7,0.0008213030384291616
경영애로사항_9,경영애로사항_4,0.000660436989292141
경영애로사항_9,창업횟수,0.0006404423709008961
경영애로사항_9,직전종사상지위_2,0.0005893888727398317
경영애로사항_9,경영애로사항_8,0.0005311813882442562
경영애로사항_9,경영애로사항_6,0.00044679160773323037
경영애로사항_9,경영애로사항_5,0.0004174111814427829
경영애로사항_9,직전종사상지위_4,0.0003843939441039166
경영애로사항_9,창업준비활동_창업교육,0.00037220868326016493
경영애로사항_9,정부지원경험_3,0.0002964368098396947
경영애로사항_9,직전종사상지위_1,0.0002485600493284942
경영애로사항_9,임차형태_3,0.00022637812842991433
경영애로사항_9,임차형태_2,0.00022579777963373587
경영애로사항_9,임차형태_5,0.0002111436380121141
경영애로사항_9,경영애로사항_7,0.00020876739708001685
경영애로사항_9,창업준비활동_시장조사,0.000201648245378898
경영애로사항_9,프랜차이즈가맹점여부,0.0001418824576781089
경영애로사항_9,창업동기_4,0.00011527271106104234
경영애로사항_9,창업동기_1,5.098457714992546e-05
경영애로사항_9,임차형태_4,7.441366403979297e-06
경영애로사항_9,임차형태_6,1.875676660823714e-06
경영애로사항_8,경영애로사항_2,0.014662197718419409
경영애로사항_8,경영애로사항_1,0.008911387027388508
경영애로사항_8,경영애로사항_3,0.006663913976402963
경영애로사항_8,연간매출액,0.0043354289073794655
경영애로사항_8,창업과정어려움_경영방법,0.0036874027963535224
경영애로사항_8,연도,0.0027234082365315644
경영애로사항_8,직전종사상지위_3,0.0024400184427269744
경영애로사항_8,경영애로사항_4,0.002256531729628823
경영애로사항_8,창업동기_2,0.0020309894152944962
경영애로사항_8,경영애로사항_5,0.0018400615713764644
경영애로사항_8,창업준비활동중요성_창업교육,0.0018293650391037763
경영애로사항_8,임차형태_7,0.0017386805096799615
경영애로사항_8,창업과정어려움_기술확보,0.0016013663688036175
경영애로사항_8,임차형태_1,0.0015816171802918734
경영애로사항_8,경영애로사항_6,0.0015716715000010097
경영애로사항_8,창업과정어려움_행정절차,0.0014137988233786467
경영애로사항_8,창업과정어려움_자금조달,0.0014068940861108727
경영애로사항_8,창업과정어려움_업종선택,0.0013966562819346655
경영애로사항_8,총창업비용,0.001364370984459716
경영애로사항_8,창업과정어려움_입지선정,0.0012889404304081123
경영애로사항_8,사업장이전경험,0.0012860009790147695
경영애로사항_8,부채현황,0.0011973419960966455
경영애로사항_8,창업준비기간,0.0011727062810124712
경영애로사항_8,디지털대응_3,0.0011228655041817044
경영애로사항_8,창업과정어려움_인력확보,0.0009760648226580039
경영애로사항_8,경영애로사항_7,0.0008781569900088411
경영애로사항_8,디지털대응_응답여부,0.000842358532960502
경영애로사항_8,창업준비활동_창업교육,0.0007011079740499595
경영애로사항_8,창업준비활동중요성_사업계획서작성,0.000693927556309137
경영애로사항_8,직전종사상지위_1,0.00065687770716884
경영애로사항_8,창업준비활동중요성_시장조사,0.0005763671535510972
경영애로사항_8,직전종사상지위_2,0.0005318646684225764
경영애로사항_8,경영애로사항_9,0.0005311813882442561
경영애로사항_8,창업준비활동_사업계획서작성,0.0005201156101006009
경영애로사항_8,총종사자,0.000501084940886796
경영애로사항_8,정부지원경험_2,0.0004908339443373485
경영애로사항_8,직전종사상지위_4,0.0004906759468285625
경영애로사항_8,창업준비활동중요성_동종업종종사경험,0.00045502398515447106
경영애로사항_8,임차형태_5,0.0004150580336455176
경영애로사항_8,정부지원경험_1,0.0003872267200214555
경영애로사항_8,창업준비활동_동종업종종사경험,0.00035869378703564243
경영애로사항_8,임차형태_2,0.0003338389262160028
경영애로사항_8,프랜차이즈가맹점여부,0.00029375567427686225
경영애로사항_8,창업횟수,0.00027753315835721
경영애로사항_8,창업동기_4,0.0001767507214846074
경영애로사항_8,창업동기_3,0.00015246724856797053
경영애로사항_8,임차형태_3,0.00012550916601987108
경영애로사항_8,디지털대응_4,0.00012433059746454292
경영애로사항_8,디지털대응_2,0.00011879299553042776
경영애로사항_8,창업준비활동_시장조사,0.00011162243145861276
경영애로사항_8,정부지원경험_3,0.00010406435161162888
경영애로사항_8,디지털대응_5,9.720803432137834e-05
경영애로사항_8,창업동기_1,8.53988865258913e-05
경영애로사항_8,디지털대응_6,5.972358712469439e-05
경영애로사항_8,디지털대응_1,4.649216756840499e-05
경영애로사항_8,임차형태_6,3.8188332767673654e-08
경영애로사항_7,경영애로사항_2,0.010101917062409713
경영애로사항_7,경영애로사항_1,0.00697364816030258
경영애로사항_7,경영애로사항_3,0.005602732097592236
경영애로사항_7,창업과정어려움_경영방법,0.0037058689065899717
경영애로사항_7,창업동기_2,0.002871569512456535
경영애로사항_7,창업과정어려움_업종선택,0.0026569705147992655
경영애로사항_7,임차형태_7,0.0020192114006936037
경영애로사항_7,경영애로사항_4,0.0019539195023248403
경영애로사항_7,창업준비기간,0.0017367803608007363
경영애로사항_7,창업준비활동중요성_시장조사,0.001560121966973582
경영애로사항_7,창업동기_3,0.0014623390744727932
경영애로사항_7,창업과정어려움_행정절차,0.0014539762974766551
경영애로사항_7,경영애로사항_5,0.0014442091226135574
경영애로사항_7,창업과정어려움_기술확보,0.0013910626754292537
경영애로사항_7,연간매출액,0.0013375176614623292
경영애로사항_7,사업장이전경험,0.0013097209461736439
경영애로사항_7,직전종사상지위_3,0.0012973557075673043
경영애로사항_7,창업횟수,0.0010639585245449245
경영애로사항_7,창업과정어려움_자금조달,0.0010250513465562166
경영애로사항_7,연도,0.0009318915725789328
경영애로사항_7,직전종사상지위_2,0.000918160546531769
경영애로사항_7,총종사자,0.0009050516445664576
경영애로사항_7,경영애로사항_8,0.0008781569900088412
경영애로사항_7,부채현황,0.0008342753085379361
경영애로사항_7,경영애로사항_6,0.0007898823475888776
경영애로사항_7,임차형태_1,0.0006831232037564185
경영애로사항_7,창업준비활동중요성_창업교육,0.0006122079437038128
경영애로사항_7,창업과정어려움_인력확보,0.0005880682360670191
경영애로사항_7,창업준비활동중요성_사업계획서작성,0.0005687534041356623
경영애로사항_7,창업동기_1,0.000497321061544358
경영애로사항_7,디지털대응_3,0.0004895510153633472
경영애로사항_7,총창업비용,0.00044610229304177713
경영애로사항_7,창업준비활동_창업교육,0.00042510946626953124
경영애로사항_7,디지털대응_응답여부,0.00041453437701620405
경영애로사항_7,창업준비활동_사업계획서작성,0.00039493333870329835
경영애로사항_7,창업과정어려움_입지선정,0.00038817990345402367
경영애로사항_7,직전종사상지위_1,0.00038766467837904756
경영애로사항_7,정부지원경험_1,0.0003401984374625322
경영애로사항_7,창업준비활동중요성_동종업종종사경험,0.00032789570344930426
경영애로사항_7,임차형태_5,0.0002782582344280592
경영애로사항_7,임차형태_2,0.00027460264420396706
경영애로사항_7,직전종사상지위_4,0.00024463470909961543
경영애로사항_7,정부지원경험_2,0.0002421474455503194
경영애로사항_7,경영애로사항_9,0.0002087673970800165
경영애로사항_7,창업동기_4,0.00014998241310528162
경영애로사항_7,프랜차이즈가맹점여부,8.45532342314062e-05
경영애로사항_7,임차형태_3,7.642675054189976e-05
경영애로사항_7,창업준비활동_동종업종종사경험,7.2065777814806e-05
경영애로사항_7,정부지원경험_3,5.238532826030309e-05
경영애로사항_7,디지털대응_2,4.476277827917452e-05
경영애로사항_7,창업준비활동_시장조사,3.3594284661914534e-05
경영애로사항_7,디지털대응_4,3.0238239850456232e-05
경영애로사항_7,디지털대응_6,2.927575560931794e-05
경영애로사항_7,디지털대응_5,1.4270864657194193e-05
경영애로사항_7,디지털대응_1,4.868201640920732e-06
경영애로사항_7,임차형태_6,3.620538270600318e-06
경영애로사항_6,경영애로사항_2,0.013465977432678852
경영애로사항_6,경영애로사항_1,0.009164395591995495
경영애로사항_6,경영애로사항_3,0.0061884155473203185
경영애로사항_6,연간매출액,0.0035554341324769713
경영애로사항_6,창업준비기간,0.00286658320470251
경영애로사항_6,창업과정어려움_업종선택,0.0023904812829163976
경영애로사항_6,창업과정어려움_행정절차,0.0021785292733762776
경영애로사항_6,연도,0.0019144111862790217
경영애로사항_6,총창업비용,0.0018653994657871584
경영애로사항_6,경영애로사항_4,0.0018004042263302467
경영애로사항_6,경영애로사항_8,0.0015716715000010102
경영애로사항_6,창업과정어려움_경영방법,0.0015338694569365769
경영애로사항_6,총종사자,0.001522011069979767
경영애로사항_6,창업과정어려움_인력확보,0.0015158097863958323
경영애로사항_6,직전종사상지위_2,0.0015107822024893333
경영애로사항_6,경영애로사항_5,0.001372928852120704
경영애로사항_6,사업장이전경험,0.0013496877962616632
경영애로사항_6,직전종사상지위_3,0.001272602635471557
경영애로사항_6,창업과정어려움_입지선정,0.0012686090336833664
경영애로사항_6,임차형태_7,0.0012395545801073373
경영애로사항_6,디지털대응_3,0.0011650027269369252
경영애로사항_6,창업과정어려움_자금조달,0.001107647542357999
경영애로사항_6,부채현황,0.0010871629279260375
경영애로사항_6,창업과정어려움_기술확보,0.0009021025579540335
경영애로사항_6,창업준비활동_사업계획서작성,0.0008275521846109744
경영애로사항_6,경영애로사항_7,0.0007898823475888775
경영애로사항_6,창업동기_2,0.0007447612340450244
경영애로사항_6,임차형태_1,0.0007353723752739641
경영애로사항_6,창업준비활동중요성_창업교육,0.0007326005576234753
경영애로사항_6,임차형태_2,0.0006151740822869929
경영애로사항_6,디지털대응_응답여부,0.0006088448337341206
경영애로사항_6,창업준비활동중요성_시장조사,0.0006049227187421338
경영애로사항_6,직전종사상지위_1,0.0005963687765318019
경영애로사항_6,직전종사상지위_4,0.0005922522331483373
경영애로사항_6,정부지원경험_3,0.0005712319864543914
경영애로사항_6,창업동기_3,0.0005296246855972662
경영애로사항_6,창업준비활동_동종업종종사경험,0.0005092985479769156
경영애로사항_6,창업횟수,0.0005090610375834217
경영애로사항_6,창업준비활동중요성_사업계획서작성,0.0005036173429183741
경영애로사항_6,경영애로사항_9,0.0004467916077332301
경영애로사항_6,정부지원경험_1,0.0004032084535079989
경영애로사항_6,창업준비활동중요성_동종업종종사경험,0.0003088029767664
경영애로사항_6,창업준비활동_창업교육,0.00020218796259065263
경영애로사항_6,임차형태_5,0.00019185364696997826
경영애로사항_6,정부지원경험_2,0.00016321371424261034
경영애로사항_6,창업동기_4,0.00011000057772802302
경영애로사항_6,디지털대응_4,7.942477486961498e-05
경영애로사항_6,디지털대응_6,6.723539243015657e-05
경영애로사항_6,디지털대응_1,5.7614799211102396e-05
경영애로사항_6,창업동기_1,5.67910217236892e-05
경영애로사항_6,임차형태_3,5.316861909998433e-05
경영애로사항_6,프랜차이즈가맹점여부,5.026301342473501e-05
경영애로사항_6,창업준비활동_시장조사,4.9020463395510564e-05
경영애로사항_6,디지털대응_2,3.229796442524094e-05
경영애로사항_6,디지털대응_5,2.4744163286199668e-05
경영애로사항_6,임차형태_6,1.8011954257293934e-06
총창업비용,연간매출액,0.027760969882378132
총창업비용,부채현황,0.011985101440305698
총창업비용,임차형태_7,0.010174232808281282
총창업비용,총종사자,0.009890008887753713
총창업비용,연도,0.009502243220304237
총창업비용,창업준비기간,0.008755739578049709
총창업비용,창업과정어려움_입지선정,0.006900230207763274
총창업비용,디지털대응_3,0.006003733673962408
총창업비용,창업과정어려움_업종선택,0.005853688783820017
총창업비용,창업과정어려움_인력확보,0.005664491766841625
총창업비용,창업과정어려움_경영방법,0.005647498914733303
총창업비용,창업과정어려움_행정절차,0.005630517947393772
총창업비용,창업준비활동중요성_창업교육,0.005469241884171015
총창업비용,창업과정어려움_자금조달,0.00514737924135484
총창업비용,창업과정어려움_기술확보,0.005098604674200531
총창업비용,창업준비활동중요성_동종업종종사경험,0.004640484315525871
총창업비용,프랜차이즈가맹점여부,0.004537439149416551
총창업비용,창업준비활동_동종업종종사경험,0.004472355084797611
총창업비용,창업준비활동중요성_사업계획서작성,0.004152951577648488
총창업비용,창업준비활동중요성_시장조사,0.003929215376386447
총창업비용,경영애로사항_2,0.0035727939359609215
총창업비용,직전종사상지위_1,0.0033064597716986714
총창업비용,정부지원경험_1,0.003300267894582762
총창업비용,경영애로사항_9,0.0028957739706967915
총창업비용,창업동기_2,0.002803091465983983
총창업비용,임차형태_1,0.0027755525170880166
총창업비용,직전종사상지위_2,0.0023771272919271657
총창업비용,디지털대응_응답여부,0.002309525908766152
총창업비용,창업횟수,0.002297024573641551
총창업비용,정부지원경험_2,0.0019939197350794737
총창업비용,직전종사상지위_3,0.0019379295469329509
총창업비용,경영애로사항_6,0.0018653994657871593
총창업비용,디지털대응_6,0.0018186164090947825
총창업비용,창업준비활동_사업계획서작성,0.0017107199248610461
총창업비용,경영애로사항_8,0.001364370984459716
총창업비용,직전종사상지위_4,0.0013571792740565268
총창업비용,경영애로사항_5,0.0012883068371479863
총창업비용,창업동기_4,0.001240094801959351
총창업비용,경영애로사항_1,0.0010221024102392256
총창업비용,임차형태_5,0.0009660096021489212
총창업비용,경영애로사항_3,0.0008896133720787197
총창업비용,경영애로사항_4,0.0008839606198289301
총창업비용,창업준비활동_창업교육,0.000850823008758059
총창업비용,임차형태_3,0.000812354163507222
총창업비용,창업준비활동_시장조사,0.0007970505979994219
총창업비용,디지털대응_4,0.0007256151263767186
총창업비용,임차형태_2,0.000718062740403761
총창업비용,창업동기_3,0.0007113571565294985
총창업비용,사업장이전경험,0.0006578283200516474
총창업비용,디지털대응_2,0.0006312209251714317
총창업비용,디지털대응_1,0.0005725400277014254
총창업비용,경영애로사항_7,0.0004461022930417771
총창업비용,임차형태_6,0.0003608921344260536
총창업비용,디지털대응_5,0.00034250953131560177
총창업비용,정부지원경험_3,0.0003032914604001714
총창업비용,창업동기_1,0.00017875954306233012
총창업비용,임차형태_4,6.855738138183861e-07
경영애로사항_5,경영애로사항_2,0.018197806698388882
경영애로사항_5,경영애로사항_1,0.01265074234521896
경영애로사항_5,경영애로사항_3,0.010594262078911778
경영애로사항_5,연도,0.005563391092744595
경영애로사항_5,창업준비활동_동종업종종사경험,0.004046724177211642
경영애로사항_5,경영애로사항_4,0.0033152372801768006
경영애로사항_5,연간매출액,0.002468416431454094
경영애로사항_5,창업준비기간,0.002365544340281102
경영애로사항_5,사업장이전경험,0.0023412316050013186
경영애로사항_5,창업과정어려움_업종선택,0.002269337670782806
경영애로사항_5,임차형태_7,0.002256978432681171
경영애로사항_5,창업준비활동_시장조사,0.0019385400748097128
경영애로사항_5,직전종사상지위_2,0.001853870569355649
경영애로사항_5,경영애로사항_8,0.0018400615713764644
경영애로사항_5,부채현황,0.0017490222290105443
경영애로사항_5,창업횟수,0.0014877308086360713
경영애로사항_5,창업과정어려움_경영방법,0.001460389541393954
경영애로사항_5,경영애로사항_7,0.0014442091226135574
경영애로사항_5,창업과정어려움_기술확보,0.001425404074737813
경영애로사항_5,창업과정어려움_자금조달,0.0014243195618057227
경영애로사항_5,창업준비활동중요성_사업계획서작성,0.001374950028218885
경영애로사항_5,경영애로사항_6,0.0013729288521207032
경영애로사항_5,총종사자,0.0013565738705519986
경영애로사항_5,창업동기_2,0.0013080684977984662
경영애로사항_5,총창업비용,0.0012883068371479863
경영애로사항_5,창업과정어려움_인력확보,0.0012020881523183919
경영애로사항_5,창업과정어려움_행정절차,0.0011916546098607447
경영애로사항_5,창업준비활동_사업계획서작성,0.0010409998037885523
경영애로사항_5,창업준비활동중요성_창업교육,0.001021915132188902
경영애로사항_5,창업준비활동_창업교육,0.0009999978718528157
경영애로사항_5,디지털대응_3,0.0007820718500178836
경영애로사항_5,직전종사상지위_1,0.0007588564525413811
경영애로사항_5,임차형태_2,0.0007575545189812874
경영애로사항_5,창업과정어려움_입지선정,0.0007059490559208595
경영애로사항_5,창업준비활동중요성_동종업종종사경험,0.0006566197872505404
경영애로사항_5,임차형태_1,0.0006548541559278014
경영애로사항_5,직전종사상지위_3,0.0006442022012623716
경영애로사항_5,정부지원경험_1,0.0006237517751200099
경영애로사항_5,정부지원경험_2,0.0006034059530459504
경영애로사항_5,디지털대응_응답여부,0.000589243982755839
경영애로사항_5,창업준비활동중요성_시장조사,0.0005495994076990417
경영애로사항_5,직전종사상지위_4,0.0005078534291756305
경영애로사항_5,경영애로사항_9,0.00041741118144278296
경영애로사항_5,프랜차이즈가맹점여부,0.0002888535297911806
경영애로사항_5,창업동기_3,0.00028401889780857193
경영애로사항_5,창업동기_1,0.00017046691293634255
경영애로사항_5,임차형태_5,0.00016805770098520458
경영애로사항_5,디지털대응_2,0.00011729339998057883
경영애로사항_5,임차형태_3,5.9069625424998466e-05
경영애로사항_5,창업동기_4,5.69920758191918e-05
경영애로사항_5,정부지원경험_3,3.644754708090452e-05
경영애로사항_5,디지털대응_6,3.4996957515348085e-05
경영애로사항_5,디지털대응_5,2.8503540305905124e-05
경영애로사항_5,디지털대응_1,1.2802084673082712e-05
경영애로사항_5,디지털대응_4,8.214003449886686e-06
경영애로사항_5,임차형태_6,1.092205583579289e-06
정부지원경험_3,정부지원경험_1,0.044914665843909435
정부지원경험_3,정부지원경험_2,0.02803516445301465
정부지원경험_3,창업준비활동중요성_동종업종종사경험,0.003336381272154923
정부지원경험_3,직전종사상지위_3,0.003303250212431468
정부지원경험_3,연도,0.0026443863658482487
정부지원경험_3,디지털대응_응답여부,0.0026399564672017887
정부지원경험_3,창업준비활동_동종업종종사경험,0.001718615240298249
정부지원경험_3,연간매출액,0.0014451573320448275
정부지원경험_3,경영애로사항_2,0.00140181357227571
정부지원경험_3,디지털대응_3,0.001325352840588955
정부지원경험_3,경영애로사항_1,0.0013087833505143675
정부지원경험_3,총종사자,0.0011918089520618171
정부지원경험_3,창업동기_2,0.0011379166172172306
정부지원경험_3,직전종사상지위_2,0.0008410301635710429
정부지원경험_3,임차형태_1,0.0008173455933070955
정부지원경험_3,경영애로사항_3,0.0007169882589195384
정부지원경험_3,창업준비활동_시장조사,0.0006161116228041688
정부지원경험_3,부채현황,0.0005933840244773348
정부지원경험_3,창업과정어려움_업종선택,0.0005928955837626715
정부지원경험_3,경영애로사항_6,0.0005712319864543915
정부지원경험_3,창업동기_3,0.000566207754133295
정부지원경험_3,창업과정어려움_입지선정,0.0004625798651167858
정부지원경험_3,임차형태_7,0.000458684722603931
정부지원경험_3,창업준비기간,0.00039041924246877187
정부지원경험_3,창업준비활동_창업교육,0.00037667856280916394
정부지원경험_3,창업준비활동중요성_시장조사,0.0003569214271206999
정부지원경험_3,경영애로사항_4,0.00034742476014177113
정부지원경험_3,총창업비용,0.0003032914604001714
정부지원경험_3,경영애로사항_9,0.00029643680983969467
정부지원경험_3,창업과정어려움_경영방법,0.0002945010580317788
정부지원경험_3,창업과정어려움_인력확보,0.0002780543912176587
정부지원경험_3,창업준비활동중요성_사업계획서작성,0.00027747773624885733
정부지원경험_3,디지털대응_5,0.0002747613435425496
정부지원경험_3,창업횟수,0.00026827194109817063
정부지원경험_3,창업준비활동_사업계획서작성,0.0002575449680014915
정부지원경험_3,창업과정어려움_기술확보,0.00024871493269643715
정부지원경험_3,창업과정어려움_행정절차,0.00023706163756093994
정부지원경험_3,창업과정어려움_자금조달,0.0002008196442876336
정부지원경험_3,임차형태_2,0.00019921756098836377
정부지원경험_3,디지털대응_1,0.00018036900810069646
정부지원경험_3,창업준비활동중요성_창업교육,0.000177463496037177
정부지원경험_3,사업장이전경험,0.00015086810881245562
정부지원경험_3,직전종사상지위_1,0.00013982597420965852
정부지원경험_3,경영애로사항_8,0.00010406435161162882
정부지원경험_3,프랜차이즈가맹점여부,9.604773207883756e-05
정부지원경험_3,임차형태_5,7.238948666808742e-05
정부지원경험_3,임차형태_3,6.506637610995286e-05
정부지원경험_3,창업동기_4,6.226662214013111e-05
정부지원경험_3,직전종사상지위_4,5.4193615170316225e-05
정부지원경험_3,경영애로사항_7,5.238532826030311e-05
정부지원경험_3,디지털대응_6,5.032410912151291e-05
정부지원경험_3,디지털대응_2,3.823790241460456e-05
정부지원경험_3,경영애로사항_5,3.644754708090451e-05
정부지원경험_3,창업동기_1,1.6972190345383033e-05
정부지원경험_3,임차형태_6,1.2506307441890365e-07
임차형태_5,임차형태_1,0.02617102572412631
임차형태_5,임차형태_7,0.012839183060441222
임차형태_5,임차형태_2,0.0047592680336794105
임차형태_5,경영애로사항_2,0.0032959917554039033
임차형태_5,디지털대응_3,0.002334257287917425
임차형태_5,창업동기_2,0.002322292738080284
임차형태_5,직전종사상지위_3,0.0019422678973161434
임차형태_5,연간매출액,0.0018178832645705171
임차형태_5,창업과정어려움_행정절차,0.0018066889071719934
임차형태_5,임차형태_3,0.0017991881610564832
임차형태_5,부채현황,0.0017729665776563598
임차형태_5,경영애로사항_3,0.001607489724240426
임차형태_5,창업과정어려움_자금조달,0.0015421036695367537
임차형태_5,사업장이전경험,0.001360044410829608
임차형태_5,경영애로사항_1,0.0013544218213703348
임차형태_5,디지털대응_응답여부,0.0011783470070730615
임차형태_5,창업준비활동중요성_동종업종종사경험,0.0010981757523361464
임차형태_5,직전종사상지위_2,0.001077884346693664
임차형태_5,창업준비활동중요성_사업계획서작성,0.001016952951642944
임차형태_5,창업준비활동중요성_창업교육,0.0009798404893810691
임차형태_5,총창업비용,0.0009660096021489214
임차형태_5,정부지원경험_1,0.0009420245482792594
임차형태_5,총종사자,0.0009065175227460169
임차형태_5,창업동기_4,0.0008387198388499723
임차형태_5,창업과정어려움_입지선정,0.0007694696189414289
임차형태_5,창업동기_3,0.0007511851810042112
임차형태_5,경영애로사항_4,0.0006847444212345875
임차형태_5,정부지원경험_2,0.000675230996849985
임차형태_5,창업과정어려움_업종선택,0.0006407191683955631
임차형태_5,창업준비기간,0.0006267712687120164
임차형태_5,연도,0.00055225624363292
임차형태_5,직전종사상지위_4,0.0005359131914083965
임차형태_5,창업과정어려움_기술확보,0.0005241663263356366
임차형태_5,직전종사상지위_1,0.0005042533245255613
임차형태_5,창업과정어려움_경영방법,0.00045467474447096227
임차형태_5,창업횟수,0.0004458871751648575
임차형태_5,창업과정어려움_인력확보,0.00041968136050148406
임차형태_5,경영애로사항_8,0.0004150580336455173
임차형태_5,창업준비활동_동종업종종사경험,0.000363612098104877
임차형태_5,창업준비활동_사업계획서작성,0.00029967025135833365
임차형태_5,경영애로사항_7,0.0002782582344280589
임차형태_5,창업준비활동중요성_시장조사,0.0002261392386686808
임차형태_5,경영애로사항_9,0.00021114363801211423
임차형태_5,경영애로사항_6,0.0001918536469699782
임차형태_5,경영애로사항_5,0.0001680577009852045
임차형태_5,창업준비활동_창업교육,0.00014689547689665324
임차형태_5,창업동기_1,0.00012406166154033848
임차형태_5,창업준비활동_시장조사,0.00012297496326760243
임차형태_5,임차형태_4,9.126954199679334e-05
임차형태_5,임차형태_6,7.645349349230213e-05
임차형태_5,정부지원경험_3,7.238948666808742e-05
임차형태_5,디지털대응_5,4.7910434025057655e-05
임차형태_5,프랜차이즈가맹점여부,2.084341222559841e-05
임차형태_5,디지털대응_1,1.560968753170298e-05
임차형태_5,디지털대응_2,1.3724419878895695e-05
임차형태_5,디지털대응_4,2.34056557559773e-06
임차형태_5,디지털대응_6,2.3392198115172216e-06
창업준비활동_사업계획서작성,창업준비활동중요성_사업계획서작성,0.029295912501257966
창업준비활동_사업계획서작성,디지털대응_3,0.00996172980484015
창업준비활동_사업계획서작성,경영애로사항_2,0.008751259634850225
창업준비활동_사업계획서작성,창업과정어려움_입지선정,0.00723905524644973
창업준비활동_사업계획서작성,정부지원경험_1,0.00688274271711083
창업준비활동_사업계획서작성,임차형태_1,0.006257510610816442
창업준비활동_사업계획서작성,연간매출액,0.005201367729042123
창업준비활동_사업계획서작성,연도,0.005163723617287874
창업준비활동_사업계획서작성,총종사자,0.004788642480148406
창업준비활동_사업계획서작성,직전종사상지위_2,0.004782737006237481
창업준비활동_사업계획서작성,창업과정어려움_업종선택,0.004706528293816025
창업준비활동_사업계획서작성,직전종사상지위_3,0.003936986153748118
창업준비활동_사업계획서작성,부채현황,0.0034831567913063714
창업준비활동_사업계획서작성,경영애로사항_3,0.0034472031805277185
창업준비활동_사업계획서작성,창업준비활동중요성_동종업종종사경험,0.003386663456100103
창업준비활동_사업계획서작성,창업준비활동중요성_창업교육,0.003029681518821198
창업준비활동_사업계획서작성,창업과정어려움_경영방법,0.002956275937562821
창업준비활동_사업계획서작성,창업과정어려움_행정절차,0.0029547896745205754
창업준비활동_사업계획서작성,임차형태_7,0.0028935393055826058
창업준비활동_사업계획서작성,창업준비기간,0.0028531026112841905
창업준비활동_사업계획서작성,창업동기_2,0.002668079157039263
창업준비활동_사업계획서작성,창업과정어려움_인력확보,0.0026224823491675067
창업준비활동_사업계획서작성,창업과정어려움_자금조달,0.0025265325081247018
창업준비활동_사업계획서작성,창업준비활동중요성_시장조사,0.002036046448135287
창업준비활동_사업계획서작성,경영애로사항_1,0.0019181150696503191
창업준비활동_사업계획서작성,창업과정어려움_기술확보,0.001834484115495786
창업준비활동_사업계획서작성,총창업비용,0.0017107199248610463
창업준비활동_사업계획서작성,창업횟수,0.0015583910444311145
창업준비활동_사업계획서작성,디지털대응_응답여부,0.0015020194325519654
창업준비활동_사업계획서작성,사업장이전경험,0.0014847479340000665
창업준비활동_사업계획서작성,경영애로사항_9,0.0014488738982370568
창업준비활동_사업계획서작성,디지털대응_6,0.001363758054946991
창업준비활동_사업계획서작성,창업동기_3,0.0012755885859072563
창업준비활동_사업계획서작성,경영애로사항_5,0.001040999803788552
창업준비활동_사업계획서작성,직전종사상지위_4,0.000994786657143891
창업준비활동_사업계획서작성,임차형태_2,0.0009537083128901196
창업준비활동_사업계획서작성,경영애로사항_4,0.0009158717771891593
창업준비활동_사업계획서작성,디지털대응_1,0.0008523775081723772
창업준비활동_사업계획서작성,창업준비활동_창업교육,0.0008497881426699302
창업준비활동_사업계획서작성,경영애로사항_6,0.0008275521846109745
창업준비활동_사업계획서작성,창업준비활동_동종업종종사경험,0.0005786758859203241
창업준비활동_사업계획서작성,직전종사상지위_1,0.0005446972858031873
창업준비활동_사업계획서작성,경영애로사항_8,0.0005201156101006007
창업준비활동_사업계획서작성,디지털대응_5,0.000509765370867407
창업준비활동_사업계획서작성,경영애로사항_7,0.0003949333387032982
창업준비활동_사업계획서작성,창업동기_1,0.0003841690324600917
창업준비활동_사업계획서작성,프랜차이즈가맹점여부,0.00032346030461574097
창업준비활동_사업계획서작성,임차형태_5,0.00029967025135833343
창업준비활동_사업계획서작성,정부지원경험_2,0.0002655264593632948
창업준비활동_사업계획서작성,정부지원경험_3,0.0002575449680014911
창업준비활동_사업계획서작성,디지털대응_4,0.0002200665278242295
창업준비활동_사업계획서작성,창업동기_4,4.279178670751155e-05
창업준비활동_사업계획서작성,임차형태_3,3.673634736772464e-05
창업준비활동_사업계획서작성,디지털대응_2,2.8435901432978187e-05
창업준비활동_사업계획서작성,임차형태_4,1.4979055955597364e-05
창업준비활동_사업계획서작성,임차형태_6,1.2244245770545884e-05
창업준비활동_사업계획서작성,창업준비활동_시장조사,6.378362959712213e-06
창업준비활동_시장조사,디지털대응_3,0.00584085789696421
창업준비활동_시장조사,경영애로사항_2,0.005761493196075409
창업준비활동_시장조사,디지털대응_응답여부,0.005152365024290023
창업준비활동_시장조사,경영애로사항_3,0.004711029702919177
창업준비활동_시장조사,정부지원경험_1,0.004047922469329098
창업준비활동_시장조사,창업동기_2,0.003827308073498564
창업준비활동_시장조사,창업준비활동중요성_시장조사,0.0027977118292940497
창업준비활동_시장조사,임차형태_7,0.0021413276849637604
창업준비활동_시장조사,창업동기_3,0.0019657806729457376
창업준비활동_시장조사,경영애로사항_5,0.0019385400748097128
창업준비활동_시장조사,창업준비활동중요성_동종업종종사경험,0.0018213939993328065
창업준비활동_시장조사,직전종사상지위_3,0.0017391726482189156
창업준비활동_시장조사,연간매출액,0.0017125949297677673
창업준비활동_시장조사,임차형태_1,0.0016984945055373664
창업준비활동_시장조사,창업과정어려움_업종선택,0.0015965537075909731
창업준비활동_시장조사,정부지원경험_2,0.0015750506317811798
창업준비활동_시장조사,창업준비활동중요성_사업계획서작성,0.0014926448994372497
창업준비활동_시장조사,총종사자,0.0012925132674849438
창업준비활동_시장조사,직전종사상지위_2,0.0009961360848344402
창업준비활동_시장조사,창업과정어려움_행정절차,0.0009890085295638374
창업준비활동_시장조사,창업횟수,0.0008971468166411507
창업준비활동_시장조사,총창업비용,0.0007970505979994221
창업준비활동_시장조사,경영애로사항_1,0.0007893590322516935
창업준비활동_시장조사,연도,0.0007361158101024941
창업준비활동_시장조사,창업과정어려움_경영방법,0.00072596629843534
창업준비활동_시장조사,창업준비활동중요성_창업교육,0.0007236364024665169
창업준비활동_시장조사,사업장이전경험,0.0007137725764667056
창업준비활동_시장조사,창업준비활동_동종업종종사경험,0.0006957164000127831
창업준비활동_시장조사,창업과정어려움_인력확보,0.0006708724420622134
창업준비활동_시장조사,정부지원경험_3,0.0006161116228041687
창업준비활동_시장조사,창업과정어려움_자금조달,0.000563641245404352
창업준비활동_시장조사,창업과정어려움_기술확보,0.0005249148091271819
창업준비활동_시장조사,임차형태_2,0.00047724284136931386
창업준비활동_시장조사,창업동기_1,0.00047347055976744337
창업준비활동_시장조사,창업준비기간,0.00041673085618939947
창업준비활동_시장조사,창업과정어려움_입지선정,0.0002800959913774872
창업준비활동_시장조사,직전종사상지위_4,0.00024908489836743654
창업준비활동_시장조사,부채현황,0.000245961176030087
창업준비활동_시장조사,경영애로사항_9,0.00020164824537889788
창업준비활동_시장조사,프랜차이즈가맹점여부,0.00019290953725087395
창업준비활동_시장조사,경영애로사항_4,0.00014925529289438485
창업준비활동_시장조사,임차형태_5,0.0001229749632676024
창업준비활동_시장조사,경영애로사항_8,0.00011162243145861281
창업준비활동_시장조사,디지털대응_2,7.908867418570616e-05
창업준비활동_시장조사,직전종사상지위_1,5.776536699719474e-05
창업준비활동_시장조사,임차형태_3,5.6620316383984566e-05
창업준비활동_시장조사,창업동기_4,4.906816239757753e-05
창업준비활동_시장조사,경영애로사항_6,4.902046339551054e-05
창업준비활동_시장조사,경영애로사항_7,3.359428466191452e-05
창업준비활동_시장조사,창업준비활동_사업계획서작성,6.3783629597122105e-06
창업준비활동_시장조사,디지털대응_1,4.324508099986077e-06
창업준비활동_시장조사,디지털대응_5,6.967771503204251e-07
창업준비활동_창업교육,경영애로사항_2,0.013087094094939541
창업준비활동_창업교육,경영애로사항_3,0.005562281801700937
창업준비활동_창업교육,연도,0.004701966279812179
창업준비활동_창업교육,연간매출액,0.003912745198012219
창업준비활동_창업교육,창업과정어려움_업종선택,0.003175967124577559
창업준비활동_창업교육,창업과정어려움_경영방법,0.0026932498703830755
창업준비활동_창업교육,경영애로사항_1,0.002684462868398717
창업준비활동_창업교육,직전종사상지위_2,0.002593056951608303
창업준비활동_창업교육,정부지원경험_1,0.002277725622759213
창업준비활동_창업교육,경영애로사항_4,0.0021729220856843315
창업준비활동_창업교육,임차형태_1,0.001954450872856347
창업준비활동_창업교육,디지털대응_응답여부,0.0018531425431216136
창업준비활동_창업교육,창업과정어려움_인력확보,0.0017193428379742538
창업준비활동_창업교육,창업동기_2,0.0016583394534357993
창업준비활동_창업교육,사업장이전경험,0.0014175754029747908
창업준비활동_창업교육,창업과정어려움_자금조달,0.0012848189481317227
창업준비활동_창업교육,창업준비기간,0.0012401921023046066
창업준비활동_창업교육,창업동기_3,0.0011741235422610872
창업준비활동_창업교육,창업과정어려움_입지선정,0.0011179305342803624
창업준비활동_창업교육,창업준비활동중요성_창업교육,0.0011068520488446024
창업준비활동_창업교육,직전종사상지위_3,0.001062559904142853
창업준비활동_창업교육,부채현황,0.0010153471923914415
창업준비활동_창업교육,경영애로사항_5,0.0009999978718528157
창업준비활동_창업교육,창업준비활동중요성_사업계획서작성,0.0009948000745467428
창업준비활동_창업교육,임차형태_7,0.0009182239936249957
창업준비활동_창업교육,창업과정어려움_기술확보,0.0008910042816776601
창업준비활동_창업교육,총창업비용,0.0008508230087580591
창업준비활동_창업교육,창업준비활동_사업계획서작성,0.0008497881426699302
창업준비활동_창업교육,창업과정어려움_행정절차,0.00078965502040686
창업준비활동_창업교육,창업준비활동중요성_시장조사,0.0007546298035243832
창업준비활동_창업교육,정부지원경험_2,0.0007330567112534109
창업준비활동_창업교육,경영애로사항_8,0.0007011079740499595
창업준비활동_창업교육,총종사자,0.00065789812773657
창업준비활동_창업교육,디지털대응_3,0.0006228739829031916
창업준비활동_창업교육,창업준비활동_동종업종종사경험,0.0006048208944550565
창업준비활동_창업교육,직전종사상지위_4,0.0005955550759752976
창업준비활동_창업교육,직전종사상지위_1,0.0005936562083606988
창업준비활동_창업교육,창업횟수,0.0005684677902180923
창업준비활동_창업교육,창업준비활동중요성_동종업종종사경험,0.0005112715866815057
창업준비활동_창업교육,경영애로사항_7,0.000425109466269531
창업준비활동_창업교육,임차형태_3,0.0004036231509832399
창업준비활동_창업교육,정부지원경험_3,0.000376678562809164
창업준비활동_창업교육,경영애로사항_9,0.00037220868326016504
창업준비활동_창업교육,창업동기_1,0.00028887473133410515
창업준비활동_창업교육,프랜차이즈가맹점여부,0.0002862135386866235
창업준비활동_창업교육,임차형태_2,0.00025516750127710033
창업준비활동_창업교육,디지털대응_1,0.00021193660582747794
창업준비활동_창업교육,경영애로사항_6,0.00020218796259065255
창업준비활동_창업교육,디지털대응_5,0.00015738324852718338
창업준비활동_창업교육,창업동기_4,0.0001512178210273389
창업준비활동_창업교육,임차형태_5,0.00014689547689665319
창업준비활동_창업교육,디지털대응_2,0.00014328825680310562
창업준비활동_창업교육,디지털대응_6,0.0001241553136373289
창업준비활동_창업교육,디지털대응_4,0.00011957981236589039
창업준비활동_창업교육,임차형태_6,5.0341155150096317e-08
창업동기_4,창업동기_2,0.01868297100164439
창업동기_4,창업동기_3,0.011810450493603316
창업동기_4,창업동기_1,0.0024190941117717434
창업동기_4,경영애로사항_2,0.0016652965342075947
창업동기_4,창업준비활동중요성_시장조사,0.0016642526831848444
창업동기_4,창업준비기간,0.0013742681618299415
창업동기_4,총창업비용,0.0012400948019593513
창업동기_4,창업과정어려움_경영방법,0.0009549908558125808
창업동기_4,디지털대응_3,0.000906541899717766
창업동기_4,직전종사상지위_3,0.000898196001251877
창업동기_4,임차형태_5,0.000838719838849972
창업동기_4,경영애로사항_3,0.0007476258499101338
창업동기_4,부채현황,0.0007098968933012151
창업동기_4,창업준비활동중요성_창업교육,0.0006843912024283134
창업동기_4,경영애로사항_4,0.0006454388346518642
창업동기_4,창업과정어려움_기술확보,0.0005602736045712965
창업동기_4,임차형태_7,0.0005123137935823495
창업동기_4,연도,0.0004533323270774199
창업동기_4,창업과정어려움_자금조달,0.0004384650970905695
창업동기_4,창업과정어려움_인력확보,0.00042169530636207946
창업동기_4,연간매출액,0.0003419387001863181
창업동기_4,정부지원경험_1,0.0003383337944624679
창업동기_4,임차형태_1,0.0002974998505839684
창업동기_4,직전종사상지위_2,0.000290987557930311
창업동기_4,창업준비활동중요성_사업계획서작성,0.0002886253507007272
창업동기_4,창업과정어려움_행정절차,0.0002864966699483011
창업동기_4,창업준비활동중요성_동종업종종사경험,0.0002855702764203633
창업동기_4,창업과정어려움_업종선택,0.0002729341970074034
창업동기_4,경영애로사항_1,0.00025559782710227874
창업동기_4,창업횟수,0.00025467810820453115
창업동기_4,창업과정어려움_입지선정,0.00024739397657108923
창업동기_4,총종사자,0.0001935430431448204
창업동기_4,경영애로사항_8,0.0001767507214846074
창업동기_4,사업장이전경험,0.00017168646373724532
창업동기_4,창업준비활동_창업교육,0.00015121782102733898
창업동기_4,경영애로사항_7,0.00014998241310528167
창업동기_4,직전종사상지위_1,0.00014699847392238134
창업동기_4,디지털대응_응답여부,0.00014026881723648894
창업동기_4,정부지원경험_2,0.00011828610551481468
창업동기_4,프랜차이즈가맹점여부,0.00011758534411958158
창업동기_4,경영애로사항_9,0.00011527271106104231
창업동기_4,직전종사상지위_4,0.00011371245480901331
창업동기_4,경영애로사항_6,0.00011000057772802306
창업동기_4,창업준비활동_동종업종종사경험,0.00010080343751301112
창업동기_4,임차형태_3,7.872115846546424e-05
창업동기_4,임차형태_2,7.406802563472645e-05
창업동기_4,디지털대응_6,6.349089258189704e-05
창업동기_4,정부지원경험_3,6.22666221401312e-05
창업동기_4,경영애로사항_5,5.699207581919195e-05
창업동기_4,창업준비활동_시장조사,4.906816239757753e-05
창업동기_4,창업준비활동_사업계획서작성,4.279178670751154e-05
창업동기_4,디지털대응_2,3.666611703437129e-05
창업동기_4,디지털대응_4,2.6789198043724734e-05
창업동기_4,디지털대응_5,1.6649925899836696e-05
창업동기_4,디지털대응_1,1.452359929788457e-05
창업동기_4,임차형태_6,3.985440812510009e-08
디지털대응_6,경영애로사항_9,0.005819242344411978
디지털대응_6,연간매출액,0.002560927585930079
디지털대응_6,정부지원경험_1,0.002024792968614354
디지털대응_6,총창업비용,0.0018186164090947827
디지털대응_6,디지털대응_1,0.001494365378353267
디지털대응_6,창업준비활동_사업계획서작성,0.0013637580549469915
디지털대응_6,창업준비활동_동종업종종사경험,0.0013448007794913661
디지털대응_6,창업준비활동중요성_시장조사,0.0012822063449567825
디지털대응_6,창업준비활동중요성_사업계획서작성,0.001171192105365091
디지털대응_6,디지털대응_응답여부,0.0011511878732554624
디지털대응_6,창업동기_2,0.001137874326647962
디지털대응_6,창업과정어려움_입지선정,0.0010921005100775424
디지털대응_6,총종사자,0.0010848512887277834
디지털대응_6,정부지원경험_2,0.0010378833450211385
디지털대응_6,창업준비활동중요성_동종업종종사경험,0.000980211396288013
디지털대응_6,부채현황,0.0009480252411825504
디지털대응_6,창업과정어려움_업종선택,0.0009129771607213229
디지털대응_6,창업준비기간,0.0008914060876588855
디지털대응_6,디지털대응_2,0.0008564302032134427
디지털대응_6,디지털대응_3,0.0008232216814503656
디지털대응_6,직전종사상지위_3,0.0007534299958807931
디지털대응_6,연도,0.0006526813427604486
디지털대응_6,임차형태_1,0.0006449864084883937
디지털대응_6,창업준비활동중요성_창업교육,0.0006304457638237281
디지털대응_6,창업과정어려움_행정절차,0.000600986156819194
디지털대응_6,경영애로사항_2,0.0005632081715452787
디지털대응_6,창업과정어려움_기술확보,0.00046885155061518127
디지털대응_6,창업과정어려움_경영방법,0.00041028147869028226
디지털대응_6,창업동기_3,0.00036062143377252115
디지털대응_6,창업과정어려움_자금조달,0.00034507430733524635
디지털대응_6,직전종사상지위_2,0.0003041630693770485
디지털대응_6,경영애로사항_3,0.00027031901122982326
디지털대응_6,창업과정어려움_인력확보,0.0002575801925456141
디지털대응_6,경영애로사항_1,0.00023242480713846464
디지털대응_6,디지털대응_4,0.00022846583775589023
디지털대응_6,임차형태_7,0.00022290287279046325
디지털대응_6,사업장이전경험,0.00016603289357581882
디지털대응_6,프랜차이즈가맹점여부,0.00015451495538121147
디지털대응_6,창업준비활동_창업교육,0.0001241553136373289
디지털대응_6,경영애로사항_4,0.00012294810502403968
디지털대응_6,직전종사상지위_1,8.580160344925641e-05
디지털대응_6,경영애로사항_6,6.72353924301565e-05
디지털대응_6,창업동기_4,6.349089258189704e-05
디지털대응_6,임차형태_2,6.047677884330085e-05
디지털대응_6,경영애로사항_8,5.97235871246944e-05
디지털대응_6,정부지원경험_3,5.032410912151292e-05
디지털대응_6,창업횟수,4.1982506853764396e-05
디지털대응_6,임차형태_3,3.6432106499982654e-05
디지털대응_6,경영애로사항_5,3.4996957515348065e-05
디지털대응_6,경영애로사항_7,2.927575560931795e-05
디지털대응_6,디지털대응_5,5.890712472307861e-06
디지털대응_6,임차형태_5,2.339219811517203e-06
디지털대응_6,임차형태_6,1.142675189481496e-06
프랜차이즈가맹점여부,총종사자,0.005789624042419953
프랜차이즈가맹점여부,총창업비용,0.004537439149416551
프랜차이즈가맹점여부,창업과정어려움_입지선정,0.004221239095707296
프랜차이즈가맹점여부,부채현황,0.00369117390316473
프랜차이즈가맹점여부,창업준비활동중요성_동종업종종사경험,0.0031448239961903808
프랜차이즈가맹점여부,창업준비활동중요성_사업계획서작성,0.002948075838317821
프랜차이즈가맹점여부,연간매출액,0.002842837997088601
프랜차이즈가맹점여부,정부지원경험_1,0.002366014373292423
프랜차이즈가맹점여부,창업과정어려움_행정절차,0.0021708551208714766
프랜차이즈가맹점여부,창업과정어려움_경영방법,0.0018236609953439923
프랜차이즈가맹점여부,창업과정어려움_업종선택,0.001590761848006808
프랜차이즈가맹점여부,창업과정어려움_기술확보,0.0014180810685927372
프랜차이즈가맹점여부,창업준비기간,0.0013812756804251094
프랜차이즈가맹점여부,경영애로사항_4,0.0012031592092297378
프랜차이즈가맹점여부,창업과정어려움_자금조달,0.0011576622279772981
프랜차이즈가맹점여부,창업횟수,0.0010352760465677415
프랜차이즈가맹점여부,창업준비활동중요성_창업교육,0.000963505618294001
프랜차이즈가맹점여부,디지털대응_3,0.0009529654363248138
프랜차이즈가맹점여부,임차형태_1,0.0009262723102066008
프랜차이즈가맹점여부,경영애로사항_3,0.0008848409607491918
프랜차이즈가맹점여부,연도,0.0007899123379724076
프랜차이즈가맹점여부,직전종사상지위_1,0.000761058746331855
프랜차이즈가맹점여부,경영애로사항_2,0.00072003900423285
프랜차이즈가맹점여부,창업과정어려움_인력확보,0.0007182898976709763
프랜차이즈가맹점여부,임차형태_7,0.00063918457511271
프랜차이즈가맹점여부,디지털대응_응답여부,0.0005362783703351208
프랜차이즈가맹점여부,디지털대응_2,0.00039718877101522295
프랜차이즈가맹점여부,창업준비활동_동종업종종사경험,0.0003870218381725733
프랜차이즈가맹점여부,경영애로사항_1,0.00033904657904303777
프랜차이즈가맹점여부,직전종사상지위_3,0.0003388285846854971
프랜차이즈가맹점여부,창업준비활동_사업계획서작성,0.0003234603046157412
프랜차이즈가맹점여부,창업준비활동중요성_시장조사,0.0003169904376435681
프랜차이즈가맹점여부,창업동기_2,0.0003133025604023071
프랜차이즈가맹점여부,정부지원경험_2,0.00029974302642469375
프랜차이즈가맹점여부,경영애로사항_8,0.00029375567427686187
프랜차이즈가맹점여부,경영애로사항_5,0.00028885352979118054
프랜차이즈가맹점여부,창업준비활동_창업교육,0.00028621353868662347
프랜차이즈가맹점여부,직전종사상지위_2,0.0002767194562283201
프랜차이즈가맹점여부,사업장이전경험,0.00022645081161083407
프랜차이즈가맹점여부,창업동기_1,0.0002264423010089059
프랜차이즈가맹점여부,창업준비활동_시장조사,0.00019290953725087392
프랜차이즈가맹점여부,직전종사상지위_4,0.00017336906464874305
프랜차이즈가맹점여부,창업동기_3,0.00016960750949154916
프랜차이즈가맹점여부,디지털대응_6,0.00015451495538121166
프랜차이즈가맹점여부,경영애로사항_9,0.00014188245767810903
프랜차이즈가맹점여부,창업동기_4,0.00011758534411958162
프랜차이즈가맹점여부,정부지원경험_3,9.604773207883764e-05
프랜차이즈가맹점여부,경영애로사항_7,8.455323423140626e-05
프랜차이즈가맹점여부,디지털대응_1,7.693321078246057e-05
프랜차이즈가맹점여부,경영애로사항_6,5.026301342473503e-05
프랜차이즈가맹점여부,디지털대응_5,2.4602584882657774e-05
프랜차이즈가맹점여부,임차형태_5,2.084341222559841e-05
프랜차이즈가맹점여부,임차형태_2,1.7523974918622565e-05
프랜차이즈가맹점여부,임차형태_3,1.232375835550355e-05
프랜차이즈가맹점여부,디지털대응_4,8.32923594631659e-06
프랜차이즈가맹점여부,임차형태_6,9.441773870341317e-08
디지털대응_2,디지털대응_응답여부,0.007467647810375336
디지털대응_2,연도,0.004579917360318594
디지털대응_2,연간매출액,0.002648698456369077
디지털대응_2,창업동기_2,0.0019253522508761826
디지털대응_2,디지털대응_3,0.0017556956911679775
디지털대응_2,경영애로사항_2,0.0015812958800237656
디지털대응_2,창업과정어려움_업종선택,0.0012326999084903457
디지털대응_2,정부지원경험_1,0.001033222451189093
디지털대응_2,경영애로사항_9,0.0008759215823101187
디지털대응_2,디지털대응_6,0.0008564302032134426
디지털대응_2,경영애로사항_3,0.0008385275826697908
디지털대응_2,디지털대응_5,0.0007727173341832045
디지털대응_2,창업과정어려움_행정절차,0.0006751972010888917
디지털대응_2,총창업비용,0.0006312209251714318
디지털대응_2,임차형태_1,0.0006102584146498316
디지털대응_2,창업준비기간,0.0005051483784018614
디지털대응_2,창업준비활동중요성_시장조사,0.0004897994068900338
디지털대응_2,직전종사상지위_3,0.0004544082311285418
디지털대응_2,창업준비활동_동종업종종사경험,0.00041225931273711474
디지털대응_2,프랜차이즈가맹점여부,0.00039718877101522295
디지털대응_2,창업과정어려움_경영방법,0.00038656967733514654
디지털대응_2,임차형태_7,0.00036793266746422507
디지털대응_2,창업준비활동중요성_사업계획서작성,0.00033572885396473886
디지털대응_2,창업준비활동중요성_창업교육,0.00033499857280189325
디지털대응_2,부채현황,0.0003283238829035322
디지털대응_2,디지털대응_4,0.00032371357029058504
디지털대응_2,창업준비활동중요성_동종업종종사경험,0.00031983729034489885
디지털대응_2,사업장이전경험,0.00030990858397906553
디지털대응_2,창업동기_3,0.00029915489366513293
디지털대응_2,창업과정어려움_기술확보,0.00029280614982349866
디지털대응_2,창업과정어려움_입지선정,0.0002763791620221441
디지털대응_2,창업과정어려움_자금조달,0.0002711713927707607
디지털대응_2,창업과정어려움_인력확보,0.000246060815598525
디지털대응_2,직전종사상지위_2,0.0002339535758052124
디지털대응_2,총종사자,0.0002001985277733493
디지털대응_2,창업횟수,0.0001525455889452979
디지털대응_2,창업준비활동_창업교육,0.00014328825680310562
디지털대응_2,정부지원경험_2,0.00012566521264099055
디지털대응_2,경영애로사항_8,0.00011879299553042777
디지털대응_2,경영애로사항_1,0.00011817506593230776
디지털대응_2,경영애로사항_5,0.00011729339998057881
디지털대응_2,창업준비활동_시장조사,7.908867418570615e-05
디지털대응_2,직전종사상지위_4,6.82053098129446e-05
디지털대응_2,경영애로사항_4,5.0756954255581204e-05
디지털대응_2,경영애로사항_7,4.4762778279174474e-05
디지털대응_2,창업동기_1,4.21009284694616e-05
디지털대응_2,정부지원경험_3,3.823790241460456e-05
디지털대응_2,임차형태_2,3.8232668552886414e-05
디지털대응_2,창업동기_4,3.666611703437129e-05
디지털대응_2,경영애로사항_6,3.229796442524099e-05
디지털대응_2,창업준비활동_사업계획서작성,2.8435901432978105e-05
디지털대응_2,임차형태_5,1.3724419878895703e-05
디지털대응_2,디지털대응_1,1.2655189513828631e-05
디지털대응_2,직전종사상지위_1,1.247201008861249e-05
디지털대응_2,임차형태_3,1.0675519797979695e-05
디지털대응_1,디지털대응_응답여부,0.00631838544460505
디지털대응_1,연도,0.004902952104733374
디지털대응_1,디지털대응_3,0.004538672667951248
디지털대응_1,디지털대응_5,0.004076576376230506
디지털대응_1,정부지원경험_1,0.002842722844375406
디지털대응_1,경영애로사항_2,0.0025971229646333167
디지털대응_1,창업과정어려움_업종선택,0.0018106644937367022
디지털대응_1,정부지원경험_2,0.0017991059009998503
디지털대응_1,창업준비활동중요성_동종업종종사경험,0.0016018708375295514
디지털대응_1,디지털대응_6,0.001494365378353267
디지털대응_1,창업동기_2,0.0011945056333587409
디지털대응_1,경영애로사항_9,0.0011460948106303576
디지털대응_1,연간매출액,0.0010307468469587329
디지털대응_1,사업장이전경험,0.0009638874383979499
디지털대응_1,창업준비활동_사업계획서작성,0.0008523775081723775
디지털대응_1,총종사자,0.0007288868661964127
디지털대응_1,경영애로사항_3,0.0006807842022197427
디지털대응_1,부채현황,0.0006599053722795692
디지털대응_1,임차형태_1,0.0006198022856990021
디지털대응_1,총창업비용,0.0005725400277014254
디지털대응_1,경영애로사항_1,0.0005532759257694133
디지털대응_1,디지털대응_4,0.0005467452914081284
디지털대응_1,창업과정어려움_경영방법,0.0005177104198555647
디지털대응_1,창업준비활동중요성_창업교육,0.0004902226624958702
디지털대응_1,직전종사상지위_3,0.0004544785082908796
디지털대응_1,창업준비활동_동종업종종사경험,0.0004337830061466239
디지털대응_1,창업과정어려움_행정절차,0.00037103227761065417
디지털대응_1,창업과정어려움_입지선정,0.0003675582154447453
디지털대응_1,창업준비기간,0.000328363476375691
디지털대응_1,창업동기_3,0.00029564440925504887
디지털대응_1,임차형태_7,0.0002824178649851587
디지털대응_1,창업준비활동중요성_사업계획서작성,0.00027395210104384635
디지털대응_1,창업과정어려움_기술확보,0.0002348298308389801
디지털대응_1,창업과정어려움_자금조달,0.00022725052203218549
디지털대응_1,창업횟수,0.00021735059605728485
디지털대응_1,창업준비활동_창업교육,0.00021193660582747786
디지털대응_1,정부지원경험_3,0.0001803690081006964
디지털대응_1,창업과정어려움_인력확보,0.0001790066470973232
디지털대응_1,직전종사상지위_2,0.00016653600871747952
디지털대응_1,창업준비활동중요성_시장조사,0.00014991633532666064
디지털대응_1,경영애로사항_4,0.0001353109602218583
디지털대응_1,프랜차이즈가맹점여부,7.693321078246055e-05
디지털대응_1,직전종사상지위_4,7.599118738931369e-05
디지털대응_1,임차형태_2,7.19142505711347e-05
디지털대응_1,경영애로사항_6,5.76147992111024e-05
디지털대응_1,경영애로사항_8,4.6492167568404954e-05
디지털대응_1,직전종사상지위_1,3.216430231616102e-05
디지털대응_1,창업동기_1,3.177514440637359e-05
디지털대응_1,임차형태_5,1.5609687531702973e-05
디지털대응_1,창업동기_4,1.4523599297884572e-05
디지털대응_1,경영애로사항_5,1.2802084673082714e-05
디지털대응_1,디지털대응_2,1.265518951382861e-05
디지털대응_1,경영애로사항_7,4.86820164092073e-06
디지털대응_1,창업준비활동_시장조사,4.3245080999860765e-06
디지털대응_1,임차형태_3,1.6456923536141292e-06
디지털대응_5,디지털대응_3,0.004306883623924039
디지털대응_5,디지털대응_1,0.004076576376230506
디지털대응_5,경영애로사항_9,0.003602855905683056
디지털대응_5,창업과정어려움_업종선택,0.0029992483219455296
디지털대응_5,정부지원경험_1,0.002156257722116335
디지털대응_5,창업준비활동중요성_동종업종종사경험,0.0017234995233771722
디지털대응_5,임차형태_1,0.00169962173109443
디지털대응_5,창업준비활동중요성_창업교육,0.0013834192023760262
디지털대응_5,총종사자,0.0012079025267863887
디지털대응_5,창업준비기간,0.0010011229415377435
디지털대응_5,경영애로사항_2,0.0008495047181385401
디지털대응_5,연도,0.0008247675255382982
디지털대응_5,디지털대응_2,0.0007727173341832047
디지털대응_5,창업과정어려움_입지선정,0.0007198154395913034
디지털대응_5,사업장이전경험,0.0007106610606940185
디지털대응_5,연간매출액,0.0006872050468118
디지털대응_5,정부지원경험_2,0.0006018976311931524
디지털대응_5,창업동기_2,0.0005316399598462977
디지털대응_5,창업준비활동_사업계획서작성,0.000509765370867407
디지털대응_5,임차형태_7,0.0005048086070335158
디지털대응_5,창업준비활동중요성_시장조사,0.0004676733409077936
디지털대응_5,직전종사상지위_3,0.00044504668482258985
디지털대응_5,경영애로사항_3,0.0004066373689496021
디지털대응_5,창업준비활동중요성_사업계획서작성,0.0004044364751898668
디지털대응_5,창업과정어려움_경영방법,0.0003880823455646089
디지털대응_5,창업과정어려움_행정절차,0.0003799369888070045
디지털대응_5,창업준비활동_동종업종종사경험,0.0003705706072782955
디지털대응_5,창업과정어려움_인력확보,0.0003452671581395802
디지털대응_5,총창업비용,0.0003425095313156016
디지털대응_5,부채현황,0.00033168964457290544
디지털대응_5,창업과정어려움_기술확보,0.0003211963804582144
디지털대응_5,정부지원경험_3,0.0002747613435425495
디지털대응_5,직전종사상지위_2,0.00022610401206466386
디지털대응_5,디지털대응_응답여부,0.00022323057260060047
디지털대응_5,창업횟수,0.00020910813030873175
디지털대응_5,임차형태_2,0.00018092201926333366
디지털대응_5,경영애로사항_1,0.0001706814569330249
디지털대응_5,창업과정어려움_자금조달,0.00016823596201891899
디지털대응_5,창업준비활동_창업교육,0.00015738324852718335
디지털대응_5,창업동기_3,0.00015735191218395198
디지털대응_5,직전종사상지위_4,0.00010355971481694624
디지털대응_5,경영애로사항_8,9.720803432137832e-05
디지털대응_5,디지털대응_4,8.517316531241205e-05
디지털대응_5,직전종사상지위_1,7.708465766009543e-05
디지털대응_5,경영애로사항_4,6.241677361128566e-05
디지털대응_5,임차형태_5,4.791043402505771e-05
디지털대응_5,경영애로사항_5,2.8503540305905117e-05
디지털대응_5,임차형태_3,2.4971792852653687e-05
디지털대응_5,경영애로사항_6,2.4744163286199644e-05
디지털대응_5,프랜차이즈가맹점여부,2.4602584882657808e-05
디지털대응_5,창업동기_4,1.6649925899836666e-05
디지털대응_5,경영애로사항_7,1.4270864657194193e-05
디지털대응_5,디지털대응_6,5.890712472307864e-06
디지털대응_5,창업동기_1,5.24197268777507e-06
디지털대응_5,창업준비활동_시장조사,6.967771503204211e-07
임차형태_3,임차형태_1,0.01115966154753835
임차형태_3,임차형태_7,0.005360220168194766
임차형태_3,임차형태_2,0.001975799138109866
임차형태_3,임차형태_5,0.0017991881610564834
임차형태_3,연간매출액,0.0010248873864810862
임차형태_3,창업준비기간,0.0008453493968178728
임차형태_3,총창업비용,0.0008123541635072224
임차형태_3,직전종사상지위_3,0.000765186167255749
임차형태_3,창업과정어려움_자금조달,0.0007481180768805177
임차형태_3,창업준비활동_동종업종종사경험,0.000733326266398603
임차형태_3,직전종사상지위_2,0.0007316831340082415
임차형태_3,창업준비활동중요성_사업계획서작성,0.0006222711545642239
임차형태_3,부채현황,0.0006181867295105773
임차형태_3,사업장이전경험,0.0005845074793529642
임차형태_3,창업과정어려움_입지선정,0.0005527933054970005
임차형태_3,창업준비활동중요성_창업교육,0.0005446286849102271
임차형태_3,창업동기_2,0.0005241093311792509
임차형태_3,총종사자,0.0005108211013595402
임차형태_3,디지털대응_3,0.0004893591657158401
임차형태_3,경영애로사항_3,0.0004886816715278764
임차형태_3,창업횟수,0.00047690805570966134
임차형태_3,경영애로사항_2,0.000439903339697726
임차형태_3,창업과정어려움_행정절차,0.000430982934669819
임차형태_3,경영애로사항_4,0.00041062881624141323
임차형태_3,창업준비활동_창업교육,0.00040362315098323967
임차형태_3,창업과정어려움_경영방법,0.00037650506328796364
임차형태_3,창업과정어려움_인력확보,0.00033903646484488955
임차형태_3,연도,0.0003313958221264799
임차형태_3,창업준비활동중요성_동종업종종사경험,0.0003168815370746142
임차형태_3,정부지원경험_1,0.0002774787427936375
임차형태_3,디지털대응_응답여부,0.00022830158345069965
임차형태_3,경영애로사항_9,0.0002263781284299143
임차형태_3,창업준비활동중요성_시장조사,0.0001705639993865421
임차형태_3,창업과정어려움_기술확보,0.0001645905170058533
임차형태_3,창업동기_3,0.00015053074236634462
임차형태_3,정부지원경험_2,0.0001335938700259688
임차형태_3,창업과정어려움_업종선택,0.00012968569990674738
임차형태_3,경영애로사항_8,0.00012550916601987116
임차형태_3,직전종사상지위_1,0.00010174814085357495
임차형태_3,창업동기_4,7.872115846546416e-05
임차형태_3,경영애로사항_7,7.642675054189982e-05
임차형태_3,경영애로사항_1,7.383698719507002e-05
임차형태_3,정부지원경험_3,6.506637610995292e-05
임차형태_3,경영애로사항_5,5.9069625424998506e-05
임차형태_3,창업준비활동_시장조사,5.662031638398459e-05
임차형태_3,경영애로사항_6,5.316861909998432e-05
임차형태_3,직전종사상지위_4,4.151161357508628e-05
임차형태_3,디지털대응_4,3.9414183175199895e-05
임차형태_3,창업준비활동_사업계획서작성,3.6736347367724586e-05
임차형태_3,디지털대응_6,3.64321064999826e-05
임차형태_3,창업동기_1,2.800051358722016e-05
임차형태_3,임차형태_4,2.7816060469177154e-05
임차형태_3,디지털대응_5,2.4971792852653704e-05
임차형태_3,임차형태_6,1.9837678019336134e-05
임차형태_3,프랜차이즈가맹점여부,1.2323758355503533e-05
임차형태_3,디지털대응_2,1.067551979797969e-05
임차형태_3,디지털대응_1,1.645692353614136e-06
디지털대응_4,경영애로사항_9,0.005113395831791769
디지털대응_4,디지털대응_응답여부,0.004375264130185701
디지털대응_4,경영애로사항_2,0.0019098139016410652
디지털대응_4,연간매출액,0.0017428398742001872
디지털대응_4,창업준비활동_동종업종종사경험,0.0015620607002876398
디지털대응_4,창업동기_2,0.001449016993522458
디지털대응_4,정부지원경험_1,0.0010874621945788337
디지털대응_4,연도,0.001031870959956484
디지털대응_4,창업과정어려움_업종선택,0.0010056604842543144
디지털대응_4,직전종사상지위_3,0.0009645080636157487
디지털대응_4,정부지원경험_2,0.0008684636683060446
디지털대응_4,창업준비기간,0.0007622398596133014
디지털대응_4,총창업비용,0.0007256151263767185
디지털대응_4,창업동기_3,0.0006147574149110827
디지털대응_4,디지털대응_1,0.0005467452914081284
디지털대응_4,창업과정어려움_입지선정,0.0005141125380156298
디지털대응_4,창업과정어려움_경영방법,0.00046058538745118426
디지털대응_4,창업과정어려움_행정절차,0.0004601518693206097
디지털대응_4,창업준비활동중요성_동종업종종사경험,0.00039300252153912514
디지털대응_4,부채현황,0.0003822105282624781
디지털대응_4,총종사자,0.0003799511766582346
디지털대응_4,창업과정어려움_인력확보,0.0003638889035332607
디지털대응_4,경영애로사항_3,0.0003389035993543374
디지털대응_4,디지털대응_3,0.00033643633721334266
디지털대응_4,사업장이전경험,0.0003326970530228828
디지털대응_4,디지털대응_2,0.00032371357029058504
디지털대응_4,임차형태_1,0.00031525587946468496
디지털대응_4,창업준비활동중요성_사업계획서작성,0.0003063065938024936
디지털대응_4,창업준비활동중요성_창업교육,0.0002895773297774718
디지털대응_4,창업과정어려움_자금조달,0.0002698354746102221
디지털대응_4,디지털대응_6,0.0002284658377558902
디지털대응_4,창업준비활동_사업계획서작성,0.00022006652782422944
디지털대응_4,경영애로사항_1,0.00019996962454945993
디지털대응_4,창업준비활동중요성_시장조사,0.00019550448485257453
디지털대응_4,창업횟수,0.0001809483065318702
디지털대응_4,경영애로사항_8,0.0001243305974645429
디지털대응_4,창업준비활동_창업교육,0.0001195798123658904
디지털대응_4,직전종사상지위_4,0.00011195446662041061
디지털대응_4,창업과정어려움_기술확보,0.00010096099443700615
디지털대응_4,디지털대응_5,8.517316531241211e-05
디지털대응_4,직전종사상지위_2,8.014407703124413e-05
디지털대응_4,경영애로사항_6,7.942477486961501e-05
디지털대응_4,경영애로사항_4,7.89061983904429e-05
디지털대응_4,직전종사상지위_1,6.528978841652636e-05
디지털대응_4,임차형태_3,3.9414183175199915e-05
디지털대응_4,경영애로사항_7,3.0238239850456242e-05
디지털대응_4,임차형태_7,2.9948281271526922e-05
디지털대응_4,창업동기_4,2.6789198043724748e-05
디지털대응_4,프랜차이즈가맹점여부,8.329235946316595e-06
디지털대응_4,경영애로사항_5,8.21400344988668e-06
디지털대응_4,임차형태_5,2.3405655755977294e-06
디지털대응_4,임차형태_6,3.1739019248307466e-07
임차형태_6,총창업비용,0.00036089213442605365
임차형태_6,임차형태_1,0.00035096532181325097
임차형태_6,창업과정어려움_기술확보,0.0002755052520213019
임차형태_6,임차형태_7,0.0001652308183675713
임차형태_6,직전종사상지위_3,0.00016349426858450205
임차형태_6,창업과정어려움_인력확보,0.000109262545843206
임차형태_6,경영애로사항_2,0.00010254192659274628
임차형태_6,연간매출액,7.941809679359555e-05
임차형태_6,임차형태_5,7.645349349230198e-05
임차형태_6,임차형태_2,7.327641778673226e-05
임차형태_6,창업과정어려움_행정절차,5.623975216393977e-05
임차형태_6,부채현황,3.980678915459924e-05
임차형태_6,창업준비활동중요성_창업교육,2.4235698017242274e-05
임차형태_6,창업과정어려움_입지선정,2.0541444411151707e-05
임차형태_6,임차형태_3,1.9837678019336158e-05
임차형태_6,창업준비활동중요성_사업계획서작성,1.8240356396843124e-05
임차형태_6,창업준비활동중요성_시장조사,1.652388823812273e-05
임차형태_6,창업준비활동중요성_동종업종종사경험,1.631143324272406e-05
임차형태_6,창업준비활동_사업계획서작성,1.2244245770545859e-05
임차형태_6,디지털대응_응답여부,1.1867524640785615e-05
임차형태_6,창업준비기간,1.1377676842630741e-05
임차형태_6,정부지원경험_1,1.0785940933460212e-05
임차형태_6,창업동기_2,9.477598994866112e-06
임차형태_6,창업과정어려움_자금조달,9.258784970106397e-06
임차형태_6,경영애로사항_3,9.07603261847281e-06
임차형태_6,직전종사상지위_2,7.98906907455931e-06
임차형태_6,창업과정어려움_경영방법,7.544677804273064e-06
임차형태_6,창업준비활동_동종업종종사경험,3.934499673490182e-06
임차형태_6,총종사자,3.836331686994887e-06
임차형태_6,경영애로사항_7,3.6205382706002787e-06
임차형태_6,창업과정어려움_업종선택,3.0272679499743423e-06
임차형태_6,임차형태_4,2.755162911630521e-06
임차형태_6,연도,2.441183011404861e-06
임차형태_6,직전종사상지위_1,2.171486581377854e-06
임차형태_6,경영애로사항_9,1.8756766608237414e-06
임차형태_6,경영애로사항_6,1.801195425729399e-06
임차형태_6,경영애로사항_4,1.6364239485639306e-06
임차형태_6,창업횟수,1.5715680869208963e-06
임차형태_6,사업장이전경험,1.3693436792553153e-06
임차형태_6,디지털대응_6,1.1426751894815058e-06
임차형태_6,경영애로사항_5,1.0922055835792845e-06
임차형태_6,디지털대응_3,6.361734906502064e-07
임차형태_6,정부지원경험_2,4.237980232167332e-07
임차형태_6,디지털대응_4,3.1739019248306757e-07
임차형태_6,직전종사상지위_4,1.6815277717268566e-07
임차형태_6,정부지원경험_3,1.2506307441890032e-07
임차형태_6,프랜차이즈가맹점여부,9.441773870341156e-08
임차형태_6,창업준비활동_창업교육,5.03411551500953e-08
임차형태_6,창업동기_4,3.9854408125099333e-08
임차형태_6,경영애로사항_8,3.8188332767674157e-08
임차형태_4,임차형태_1,0.0004552913843267938
임차형태_4,임차형태_7,0.0001895129758035688
임차형태_4,임차형태_5,9.126954199679331e-05
임차형태_4,임차형태_2,8.893238918330605e-05
임차형태_4,연간매출액,5.663402207987255e-05
임차형태_4,창업준비활동중요성_동종업종종사경험,4.142180893049017e-05
임차형태_4,직전종사상지위_3,3.827710796308208e-05
임차형태_4,디지털대응_3,3.473101581378113e-05
임차형태_4,부채현황,3.0149768457810974e-05
임차형태_4,경영애로사항_3,2.8008926103367842e-05
임차형태_4,임차형태_3,2.781606046917709e-05
임차형태_4,디지털대응_응답여부,2.0755094014101375e-05
임차형태_4,정부지원경험_1,1.656042584181662e-05
임차형태_4,창업동기_2,1.633344082919339e-05
임차형태_4,창업준비활동_사업계획서작성,1.4979055955597423e-05
임차형태_4,직전종사상지위_4,1.201171179030378e-05
임차형태_4,사업장이전경험,1.1843599817961327e-05
임차형태_4,창업과정어려움_입지선정,8.250168795216988e-06
임차형태_4,경영애로사항_9,7.441366403979291e-06
임차형태_4,경영애로사항_4,7.234710852714731e-06
임차형태_4,창업준비활동중요성_창업교육,4.498998161439263e-06
임차형태_4,직전종사상지위_1,4.056541613910433e-06
임차형태_4,임차형태_6,2.7551629116305196e-06
임차형태_4,창업과정어려움_인력확보,2.7519727380815062e-06
임차형태_4,창업과정어려움_경영방법,1.609108232299927e-06
임차형태_4,창업준비활동중요성_시장조사,9.759243828533573e-07
임차형태_4,총창업비용,6.855738138183857e-07
